VeteranId,AssociateId,Role
0,1,CareGiver
0,2,CareGiver
0,3,Attendant
0,4,Attendant
5,6,Attendant
7,8,CareGiver
7,9,CareGiver
10,11,CareGiver
10,12,Attendant
10,13,Attendant
14,15,CareGiver
14,16,CareGiver
17,18,CareGiver
17,19,CareGiver
17,20,Attendant
17,21,Attendant
22,23,CareGiver
22,24,Attendant
22,25,Attendant
26,27,CareGiver
28,29,CareGiver
28,30,Attendant
28,31,Attendant
28,32,Donor
33,34,CareGiver
33,35,CareGiver
33,36,Attendant
33,37,Attendant
38,39,CareGiver
40,41,CareGiver
40,42,CareGiver
40,43,Attendant
40,44,Attendant
45,46,Attendant
45,47,Attendant
48,49,CareGiver
48,50,Attendant
51,52,CareGiver
51,53,Attendant
51,54,Attendant
55,56,CareGiver
55,57,Attendant
55,58,Attendant
59,60,Attendant
59,61,Donor
62,63,CareGiver
62,64,CareGiver
62,65,Attendant
66,67,CareGiver
66,68,CareGiver
66,69,Donor
70,71,CareGiver
70,72,Attendant
73,74,CareGiver
75,76,CareGiver
75,77,CareGiver
75,78,Attendant
75,79,Attendant
80,81,CareGiver
80,82,CareGiver
80,83,Donor
84,85,CareGiver
84,86,CareGiver
84,87,Attendant
84,88,Attendant
84,89,Donor
90,91,Attendant
90,92,Donor
93,94,Attendant
96,97,CareGiver
96,98,CareGiver
96,99,Attendant
96,100,Donor
101,102,CareGiver
101,103,CareGiver
101,104,Attendant
101,105,Donor
106,107,CareGiver
106,108,Attendant
109,110,Attendant
109,111,Attendant
109,112,Donor
113,114,CareGiver
115,116,CareGiver
115,117,Attendant
115,118,Attendant
115,119,Donor
120,121,Donor
122,20,CareGiver
122,123,CareGiver
122,124,Attendant
122,125,Donor
126,127,CareGiver
126,128,CareGiver
126,129,Attendant
130,131,CareGiver
130,132,Attendant
135,136,CareGiver
135,137,CareGiver
135,138,Attendant
135,64,Attendant
139,140,Attendant
139,141,Donor
142,143,CareGiver
142,144,CareGiver
142,145,Attendant
142,146,Attendant
142,147,Donor
148,149,CareGiver
148,150,CareGiver
148,151,Attendant
148,152,Donor
153,154,Attendant
153,155,Attendant
156,157,CareGiver
156,158,CareGiver
156,159,Attendant
156,160,Attendant
156,161,Donor
162,163,CareGiver
162,164,CareGiver
162,165,Attendant
166,167,Donor
168,169,Attendant
168,170,Attendant
171,172,CareGiver
173,174,CareGiver
173,175,CareGiver
173,176,Attendant
173,177,Attendant
173,178,Donor
179,180,CareGiver
179,181,CareGiver
179,182,Attendant
183,184,Attendant
183,185,Donor
186,187,Attendant
186,188,Donor
189,190,CareGiver
189,191,CareGiver
192,193,Attendant
192,194,Attendant
195,196,CareGiver
195,197,CareGiver
195,198,Attendant
195,199,Attendant
200,201,Attendant
200,202,Attendant
200,203,Donor
204,205,CareGiver
204,206,Donor
207,208,CareGiver
207,209,CareGiver
210,211,CareGiver
210,212,CareGiver
210,213,Attendant
210,214,Donor
215,216,CareGiver
215,217,Attendant
215,218,Attendant
215,219,Donor
220,221,CareGiver
220,222,CareGiver
220,223,Attendant
220,224,Attendant
225,226,CareGiver
228,229,Attendant
230,231,CareGiver
230,232,CareGiver
233,234,CareGiver
233,235,CareGiver
233,236,Attendant
237,238,Attendant
237,239,Donor
240,241,CareGiver
240,242,Donor
243,244,CareGiver
243,245,CareGiver
243,246,Attendant
243,247,Attendant
243,248,Donor
249,250,CareGiver
249,251,Donor
252,253,Attendant
254,255,CareGiver
254,256,Attendant
254,257,Donor
258,259,CareGiver
258,260,Attendant
262,263,CareGiver
262,264,CareGiver
262,265,Attendant
262,266,Attendant
262,267,Donor
268,269,CareGiver
268,270,Attendant
268,271,Donor
272,138,CareGiver
272,273,Donor
274,275,Donor
276,277,Attendant
278,279,Attendant
278,280,Attendant
281,282,Attendant
281,283,Donor
284,285,CareGiver
284,286,CareGiver
284,287,Attendant
284,288,Attendant
289,290,CareGiver
289,291,CareGiver
289,292,Attendant
293,294,CareGiver
293,295,Donor
296,297,CareGiver
296,298,CareGiver
296,299,Attendant
296,300,Attendant
301,302,CareGiver
301,303,CareGiver
301,304,Donor
305,306,CareGiver
305,307,Attendant
305,308,Attendant
309,310,Donor
311,312,CareGiver
311,313,CareGiver
311,314,Attendant
311,315,Attendant
311,316,Donor
317,318,CareGiver
317,319,CareGiver
320,321,CareGiver
320,322,CareGiver
320,323,Attendant
320,324,Attendant
320,325,Donor
327,328,CareGiver
327,329,Attendant
330,331,CareGiver
330,332,CareGiver
333,334,Donor
335,281,CareGiver
335,336,Attendant
335,337,Donor
338,339,Donor
340,341,CareGiver
340,342,CareGiver
340,343,Attendant
340,344,Donor
345,346,CareGiver
345,347,CareGiver
348,349,CareGiver
348,350,CareGiver
348,351,Attendant
352,353,CareGiver
352,354,CareGiver
352,355,Attendant
352,356,Donor
357,358,CareGiver
357,359,CareGiver
360,361,CareGiver
360,362,CareGiver
360,363,Attendant
364,365,CareGiver
364,366,CareGiver
364,367,Donor
368,369,CareGiver
368,370,CareGiver
368,371,Attendant
368,372,Donor
373,374,CareGiver
373,375,Attendant
373,376,Attendant
373,377,Donor
378,379,Attendant
380,381,CareGiver
380,382,Attendant
380,383,Attendant
384,385,CareGiver
386,387,CareGiver
386,388,CareGiver
386,389,Attendant
386,390,Donor
391,392,Donor
393,394,CareGiver
393,395,CareGiver
393,396,Attendant
393,397,Attendant
398,399,CareGiver
398,119,CareGiver
398,400,Donor
401,402,CareGiver
401,403,CareGiver
401,404,Donor
405,100,CareGiver
405,132,Attendant
405,232,Attendant
405,406,Donor
407,408,CareGiver
407,409,Attendant
407,410,Attendant
407,411,Donor
412,244,CareGiver
412,315,Attendant
412,260,Attendant
412,413,Donor
414,415,Attendant
414,416,Attendant
417,418,CareGiver
417,419,Donor
420,421,CareGiver
420,422,Attendant
423,424,Attendant
423,425,Donor
426,427,Attendant
426,428,Donor
429,430,Attendant
429,431,Attendant
429,432,Donor
433,434,CareGiver
433,435,CareGiver
433,436,Attendant
433,437,Attendant
438,439,Donor
440,441,CareGiver
442,443,CareGiver
442,444,CareGiver
442,445,Attendant
447,303,CareGiver
447,448,CareGiver
447,449,Attendant
447,450,Donor
451,452,Attendant
453,454,CareGiver
453,455,Attendant
453,456,Donor
457,115,Attendant
458,459,CareGiver
460,461,CareGiver
462,463,Attendant
462,464,Attendant
462,465,Donor
466,467,CareGiver
466,468,Attendant
469,470,CareGiver
469,471,Attendant
472,473,CareGiver
472,474,CareGiver
475,476,CareGiver
475,477,CareGiver
475,478,Attendant
475,479,Donor
480,481,Attendant
480,482,Attendant
483,484,CareGiver
483,485,Donor
486,287,Attendant
486,487,Donor
489,490,Attendant
491,345,CareGiver
491,492,CareGiver
491,493,Attendant
491,494,Attendant
491,495,Donor
496,497,CareGiver
496,498,Donor
499,500,CareGiver
499,501,CareGiver
499,502,Attendant
499,503,Donor
504,183,Attendant
504,126,Attendant
505,506,CareGiver
505,507,Attendant
505,508,Donor
509,510,CareGiver
509,511,Attendant
509,512,Attendant
509,513,Donor
514,515,CareGiver
514,516,CareGiver
517,290,CareGiver
517,499,CareGiver
517,223,Attendant
517,518,Donor
519,520,Attendant
519,521,Attendant
522,523,CareGiver
522,524,CareGiver
525,526,CareGiver
525,527,CareGiver
525,528,Donor
529,530,CareGiver
529,531,CareGiver
529,532,Attendant
529,533,Donor
534,109,CareGiver
535,536,CareGiver
535,537,CareGiver
535,538,Attendant
535,539,Donor
540,541,CareGiver
540,542,CareGiver
540,543,Attendant
540,544,Donor
545,546,CareGiver
545,547,CareGiver
545,548,Attendant
549,550,Attendant
549,551,Donor
552,553,CareGiver
552,554,CareGiver
552,555,Attendant
557,558,Attendant
557,559,Attendant
557,560,Donor
561,562,CareGiver
564,565,CareGiver
566,567,CareGiver
566,568,Attendant
570,268,CareGiver
570,571,Attendant
570,572,Donor
573,574,CareGiver
573,575,Attendant
573,576,Donor
577,578,Donor
579,580,Donor
581,582,CareGiver
581,583,CareGiver
581,584,Attendant
581,585,Attendant
586,587,CareGiver
586,588,Donor
589,590,Attendant
589,591,Donor
592,593,CareGiver
592,594,CareGiver
595,596,CareGiver
595,597,CareGiver
595,598,Attendant
595,599,Donor
600,601,CareGiver
602,593,CareGiver
602,603,Attendant
602,604,Attendant
602,605,Donor
606,607,CareGiver
606,608,CareGiver
609,610,CareGiver
609,611,Attendant
612,613,CareGiver
612,614,Attendant
612,615,Attendant
616,617,CareGiver
616,618,Attendant
619,620,Attendant
619,621,Attendant
619,622,Donor
623,624,Attendant
623,625,Attendant
626,627,CareGiver
626,628,CareGiver
629,290,Attendant
629,630,Attendant
629,631,Donor
632,633,CareGiver
634,635,CareGiver
634,636,CareGiver
637,638,CareGiver
637,639,CareGiver
640,641,CareGiver
640,642,Attendant
640,643,Donor
644,645,Attendant
647,648,CareGiver
647,649,Attendant
647,650,Attendant
652,26,CareGiver
652,109,CareGiver
652,653,Donor
654,655,CareGiver
654,656,Attendant
654,657,Donor
658,659,CareGiver
658,660,Donor
661,662,CareGiver
661,663,Attendant
661,664,Donor
665,666,CareGiver
665,667,CareGiver
665,668,Donor
669,670,CareGiver
669,671,Attendant
669,393,Attendant
672,673,CareGiver
672,674,CareGiver
672,675,Donor
676,677,CareGiver
676,678,CareGiver
676,679,Attendant
676,680,Attendant
676,681,Donor
682,683,Attendant
682,684,Attendant
682,685,Donor
686,687,CareGiver
686,688,CareGiver
686,689,Donor
690,691,CareGiver
690,692,CareGiver
693,414,CareGiver
693,51,CareGiver
693,565,Attendant
693,694,Donor
696,697,CareGiver
696,698,CareGiver
696,699,Attendant
696,700,Attendant
696,701,Donor
702,703,CareGiver
704,705,Donor
706,707,CareGiver
706,708,CareGiver
706,709,Attendant
710,711,CareGiver
712,713,CareGiver
712,714,CareGiver
712,715,Attendant
712,716,Attendant
712,717,Donor
718,719,CareGiver
718,720,CareGiver
718,721,Attendant
718,722,Donor
723,724,Donor
725,199,CareGiver
725,154,Attendant
725,344,Attendant
725,726,Donor
727,728,CareGiver
727,729,CareGiver
727,730,Donor
731,732,Donor
733,734,CareGiver
733,735,CareGiver
733,736,Attendant
733,737,Attendant
733,738,Donor
739,740,Attendant
741,742,Attendant
741,743,Donor
744,702,Attendant
744,745,Donor
746,747,CareGiver
746,748,CareGiver
749,750,CareGiver
749,751,Attendant
749,752,Attendant
753,754,Donor
755,756,Attendant
755,757,Attendant
755,758,Donor
759,760,CareGiver
761,762,CareGiver
761,763,CareGiver
761,764,Attendant
761,765,Attendant
761,766,Donor
767,768,CareGiver
767,769,CareGiver
767,770,Attendant
767,771,Donor
772,773,CareGiver
772,774,Attendant
772,775,Attendant
776,777,CareGiver
776,778,Attendant
776,779,Attendant
776,780,Donor
781,782,CareGiver
781,350,Attendant
781,783,Donor
784,785,CareGiver
784,367,CareGiver
784,786,Attendant
784,787,Donor
788,789,CareGiver
788,790,Donor
791,792,CareGiver
793,794,CareGiver
793,795,Attendant
793,796,Attendant
797,798,CareGiver
797,799,CareGiver
800,801,Attendant
802,803,Attendant
802,804,Donor
805,806,Attendant
805,807,Donor
808,809,CareGiver
808,810,Attendant
811,812,CareGiver
811,813,CareGiver
811,814,Attendant
811,815,Attendant
816,817,Attendant
816,818,Donor
819,820,CareGiver
819,821,Donor
822,823,CareGiver
822,824,Attendant
822,825,Attendant
826,827,CareGiver
826,828,Donor
829,830,CareGiver
829,831,Attendant
829,832,Attendant
833,834,Attendant
833,835,Attendant
836,837,Attendant
836,838,Donor
839,840,CareGiver
839,841,Donor
842,843,Donor
844,845,CareGiver
844,846,CareGiver
844,847,Donor
848,598,CareGiver
848,849,Donor
850,851,CareGiver
850,852,Attendant
850,853,Attendant
850,854,Donor
855,809,CareGiver
856,163,CareGiver
856,131,CareGiver
856,805,Attendant
857,858,Attendant
857,859,Attendant
860,861,CareGiver
860,862,CareGiver
860,863,Attendant
860,864,Donor
865,866,Attendant
867,868,CareGiver
867,869,CareGiver
867,870,Attendant
867,871,Attendant
867,872,Donor
873,874,CareGiver
873,875,Attendant
873,876,Attendant
877,878,CareGiver
879,880,CareGiver
879,881,CareGiver
879,882,Attendant
879,883,Donor
885,886,Attendant
885,887,Attendant
888,889,CareGiver
888,890,CareGiver
888,891,Attendant
892,711,CareGiver
892,254,CareGiver
892,893,Donor
894,895,CareGiver
894,896,CareGiver
894,897,Attendant
898,899,CareGiver
898,900,Attendant
898,901,Attendant
902,903,CareGiver
902,904,CareGiver
902,905,Attendant
902,906,Donor
907,908,CareGiver
909,910,Attendant
909,911,Attendant
909,912,Donor
913,289,Attendant
913,290,Attendant
915,916,CareGiver
917,918,CareGiver
917,919,CareGiver
917,920,Attendant
917,921,Attendant
917,922,Donor
923,924,CareGiver
923,909,CareGiver
925,926,CareGiver
925,357,Attendant
925,927,Attendant
925,928,Donor
929,930,CareGiver
929,931,CareGiver
929,932,Attendant
929,933,Donor
934,935,CareGiver
934,936,CareGiver
934,937,Attendant
938,939,CareGiver
938,589,CareGiver
938,940,Donor
941,916,CareGiver
941,741,CareGiver
942,943,CareGiver
942,944,Attendant
945,946,Attendant
945,947,Donor
948,949,Attendant
950,951,CareGiver
952,953,CareGiver
952,954,CareGiver
952,955,Attendant
952,956,Attendant
952,957,Donor
958,309,CareGiver
958,216,CareGiver
959,4,CareGiver
959,960,Donor
961,962,Attendant
961,963,Attendant
964,965,CareGiver
964,966,CareGiver
967,968,CareGiver
967,969,Attendant
970,971,CareGiver
970,972,Donor
973,812,CareGiver
973,974,Donor
975,740,Attendant
975,412,Attendant
976,977,Donor
978,411,CareGiver
978,118,CareGiver
978,196,Attendant
978,979,Donor
980,850,CareGiver
980,981,Attendant
980,474,Attendant
982,983,CareGiver
982,984,CareGiver
982,985,Attendant
987,13,CareGiver
987,923,CareGiver
987,988,Attendant
987,989,Donor
990,991,CareGiver
990,992,CareGiver
990,993,Donor
994,995,CareGiver
996,997,CareGiver
998,999,CareGiver
998,1000,CareGiver
998,1001,Attendant
998,1002,Donor
1003,1004,CareGiver
1003,1005,Attendant
1003,1006,Donor
1007,1008,CareGiver
1009,997,Attendant
1010,1011,CareGiver
1010,1012,Attendant
1013,1014,CareGiver
1013,1015,CareGiver
1013,1016,Attendant
1013,183,Attendant
1013,1017,Donor
1018,1019,CareGiver
1018,1020,CareGiver
1018,1021,Attendant
1022,1023,CareGiver
1022,1024,CareGiver
1022,1025,Attendant
1022,1026,Donor
1027,1028,CareGiver
1027,1029,Attendant
1030,1031,CareGiver
1030,1032,CareGiver
1030,1033,Attendant
1030,1034,Attendant
1030,1035,Donor
1036,1037,CareGiver
1036,1038,Attendant
1036,1039,Attendant
1040,460,Attendant
1040,623,Attendant
1041,866,Attendant
1041,1042,Attendant
1043,1044,Attendant
1043,1045,Attendant
1046,1047,Attendant
1046,1048,Donor
1049,1050,CareGiver
1049,1051,Attendant
1049,1052,Attendant
1054,1055,CareGiver
1054,1056,CareGiver
1054,1057,Donor
1058,1059,Donor
1060,1061,CareGiver
1060,1062,Attendant
1063,1064,CareGiver
1063,1065,Attendant
1063,1066,Attendant
1067,1068,CareGiver
1067,1069,Attendant
1067,1070,Attendant
1067,1071,Donor
1072,1073,CareGiver
1072,1074,Attendant
1072,1075,Attendant
1072,1076,Donor
1077,293,CareGiver
1077,618,CareGiver
1077,954,Attendant
1077,707,Attendant
1078,1079,CareGiver
1078,1080,Attendant
1078,1081,Attendant
1082,1083,Donor
1084,1085,Donor
1086,1087,CareGiver
1086,1088,Attendant
1086,1089,Attendant
1090,1091,CareGiver
1090,292,Attendant
1092,1093,CareGiver
1092,1094,Donor
1095,1096,CareGiver
1095,1097,CareGiver
1095,1098,Attendant
1099,1100,CareGiver
1099,1101,Donor
1102,1103,CareGiver
1102,1104,CareGiver
1102,492,Attendant
1102,1105,Donor
1106,609,CareGiver
1106,769,Attendant
1106,49,Attendant
1106,1107,Donor
1108,1109,CareGiver
1108,1110,Donor
1111,1112,CareGiver
1111,1113,CareGiver
1111,1114,Attendant
1111,1115,Attendant
1111,1116,Donor
1117,1079,CareGiver
1117,363,CareGiver
1117,290,Attendant
1117,1118,Donor
1120,86,CareGiver
1120,1121,CareGiver
1122,1123,CareGiver
1122,1124,CareGiver
1125,1126,CareGiver
1125,1127,CareGiver
1125,1128,Attendant
1125,1129,Attendant
1130,1131,CareGiver
1130,1132,Attendant
1130,1133,Attendant
1134,1135,CareGiver
1134,1136,CareGiver
1134,1137,Attendant
1134,1138,Attendant
1139,1140,Donor
1142,75,CareGiver
1142,416,CareGiver
1142,313,Attendant
1142,859,Attendant
1143,1144,CareGiver
1143,1145,Attendant
1146,965,CareGiver
1146,1147,Donor
1148,1149,Donor
1150,123,Attendant
1150,25,Attendant
1150,1151,Donor
1152,1153,CareGiver
1152,1154,CareGiver
1152,1155,Attendant
1152,1156,Attendant
1157,463,CareGiver
1157,294,Attendant
1157,1158,Donor
1159,1160,CareGiver
1159,476,CareGiver
1159,1161,Attendant
1162,1163,Attendant
1164,1165,CareGiver
1164,1166,Attendant
1164,1167,Attendant
1164,1168,Donor
1169,1170,CareGiver
1169,1171,Attendant
1172,770,CareGiver
1172,1173,CareGiver
1172,1174,Donor
1175,1176,CareGiver
1175,1177,CareGiver
1178,1179,CareGiver
1178,1180,CareGiver
1178,1181,Attendant
1178,1182,Attendant
1183,1184,Attendant
1185,1186,CareGiver
1187,1188,CareGiver
1187,1189,CareGiver
1187,1190,Attendant
1191,1192,CareGiver
1191,1193,CareGiver
1191,1194,Attendant
1191,1195,Attendant
1191,1196,Donor
1197,1198,CareGiver
1197,1199,Attendant
1197,1200,Donor
1201,831,CareGiver
1201,64,CareGiver
1201,399,Attendant
1202,1203,CareGiver
1202,1204,CareGiver
1202,1205,Attendant
1206,1207,CareGiver
1206,1208,CareGiver
1206,1209,Attendant
1206,1210,Attendant
1206,1211,Donor
1212,1213,CareGiver
1212,1214,Attendant
1212,1215,Attendant
1212,1216,Donor
1217,323,CareGiver
1217,671,Attendant
1217,1218,Attendant
1219,1179,CareGiver
1219,503,CareGiver
1219,822,Attendant
1219,1220,Donor
1221,1222,CareGiver
1221,1223,CareGiver
1221,1224,Attendant
1221,1225,Attendant
1221,1226,Donor
1227,1228,CareGiver
1227,1229,CareGiver
1230,1231,CareGiver
1230,1232,CareGiver
1230,1233,Donor
1234,1235,CareGiver
1234,1236,CareGiver
1237,1238,CareGiver
1237,1239,CareGiver
1237,1240,Attendant
1237,1241,Attendant
1237,1242,Donor
1243,1244,CareGiver
1245,1246,Attendant
1245,1247,Donor
1248,1249,CareGiver
1248,1250,CareGiver
1248,1251,Attendant
1252,1253,Attendant
1252,1254,Attendant
1252,1255,Donor
1256,1257,CareGiver
1256,1258,Attendant
1256,1259,Attendant
1256,1260,Donor
1261,1262,CareGiver
1261,1263,CareGiver
1261,1264,Attendant
1261,1265,Donor
1266,1208,Attendant
1266,263,Attendant
1266,1267,Donor
1268,1269,CareGiver
1268,1270,CareGiver
1271,1079,Attendant
1271,714,Attendant
1273,64,CareGiver
1273,869,Attendant
1273,1274,Donor
1275,330,Attendant
1275,1276,Donor
1277,1278,CareGiver
1277,1279,Donor
1280,1281,Attendant
1280,1282,Attendant
1283,1284,CareGiver
1283,1285,Donor
1286,1287,CareGiver
1286,1288,CareGiver
1286,1289,Attendant
1286,1290,Attendant
1291,1292,CareGiver
1291,1293,Donor
1294,1295,CareGiver
1296,1297,CareGiver
1296,1298,Attendant
1299,1300,CareGiver
1299,1301,Attendant
1303,437,CareGiver
1303,343,Attendant
1303,918,Attendant
1304,1305,CareGiver
1304,1306,CareGiver
1307,1308,CareGiver
1307,1309,CareGiver
1307,1310,Attendant
1311,1312,Attendant
1311,1313,Donor
1314,1315,CareGiver
1314,1316,CareGiver
1317,231,CareGiver
1317,1201,CareGiver
1317,3,Attendant
1317,1318,Donor
1319,1320,CareGiver
1319,1321,CareGiver
1319,1322,Attendant
1319,1323,Donor
1324,1325,CareGiver
1324,1326,Attendant
1324,1327,Attendant
1329,1330,CareGiver
1329,1331,Attendant
1329,1332,Attendant
1329,1333,Donor
1334,1335,Attendant
1336,628,CareGiver
1336,750,CareGiver
1336,226,Attendant
1336,1337,Donor
1338,1339,Donor
1340,1341,CareGiver
1340,1342,CareGiver
1340,1343,Attendant
1340,1344,Donor
1345,1346,CareGiver
1345,1347,CareGiver
1345,1348,Attendant
1345,1349,Donor
1350,1351,CareGiver
1350,1352,CareGiver
1350,1353,Attendant
1350,1354,Attendant
1350,1355,Donor
1357,1358,Donor
1359,1360,Attendant
1359,1361,Attendant
1362,14,CareGiver
1362,1363,CareGiver
1362,465,Attendant
1362,1364,Attendant
1362,1365,Donor
1366,1367,CareGiver
1366,1368,Attendant
1366,1369,Attendant
1370,1371,CareGiver
1370,1372,CareGiver
1370,1373,Attendant
1370,1374,Attendant
1375,1376,CareGiver
1375,1377,CareGiver
1378,1379,CareGiver
1378,1380,CareGiver
1378,1381,Attendant
1378,1382,Attendant
1378,1383,Donor
1384,230,Attendant
1384,1385,Donor
1386,1387,Donor
1388,1389,Attendant
1388,1390,Attendant
1391,1012,CareGiver
1391,543,Attendant
1391,1144,Attendant
1391,1392,Donor
1393,1394,Attendant
1393,1395,Attendant
1393,1396,Donor
1397,376,Attendant
1398,1399,Attendant
1398,1400,Donor
1401,1173,Attendant
1401,1402,Attendant
1401,1403,Donor
1404,1405,CareGiver
1404,1406,Attendant
1404,1407,Attendant
1404,1408,Donor
1409,226,CareGiver
1409,1410,Attendant
1411,111,CareGiver
1411,1375,CareGiver
1411,993,Attendant
1411,491,Attendant
1411,1412,Donor
1413,1414,Attendant
1413,1415,Attendant
1416,1417,CareGiver
1416,1418,CareGiver
1416,1419,Attendant
1416,1420,Attendant
1416,1421,Donor
1422,1423,CareGiver
1422,1424,Donor
1425,1426,Donor
1427,1428,CareGiver
1427,1429,CareGiver
1427,1430,Attendant
1427,1431,Attendant
1432,1433,CareGiver
1432,1434,CareGiver
1432,1435,Attendant
1432,1436,Attendant
1437,164,Attendant
1437,987,Attendant
1437,1438,Donor
1439,1217,Attendant
1440,1005,Attendant
1440,1297,Attendant
1441,1442,CareGiver
1441,1443,CareGiver
1441,1444,Attendant
1441,1445,Attendant
1441,1446,Donor
1447,1448,CareGiver
1447,1449,CareGiver
1450,901,CareGiver
1450,1451,CareGiver
1450,12,Attendant
1450,1452,Attendant
1453,1454,Attendant
1453,1455,Attendant
1456,1457,CareGiver
1456,1458,CareGiver
1456,1459,Attendant
1460,1035,CareGiver
1460,279,CareGiver
1460,1071,Attendant
1461,1462,CareGiver
1461,1463,Attendant
1461,1464,Attendant
1465,1466,Attendant
1465,1467,Attendant
1465,1468,Donor
1469,1470,Attendant
1471,1472,CareGiver
1471,1473,CareGiver
1471,1474,Attendant
1471,1475,Attendant
1471,1476,Donor
1477,1478,Donor
1480,1481,Attendant
1480,1482,Attendant
1480,1483,Donor
1484,1485,CareGiver
1484,893,CareGiver
1486,1487,Attendant
1486,1488,Donor
1489,1490,Attendant
1491,681,CareGiver
1491,112,CareGiver
1491,1492,Donor
1493,1494,CareGiver
1493,1495,Donor
1496,1497,CareGiver
1496,1498,CareGiver
1496,1499,Attendant
1500,836,CareGiver
1500,891,CareGiver
1501,1154,Attendant
1501,408,Attendant
1502,927,Attendant
1502,730,Attendant
1503,1504,Attendant
1505,1506,CareGiver
1505,1507,CareGiver
1505,1508,Donor
1509,1510,CareGiver
1509,1511,Attendant
1509,1512,Donor
1513,153,CareGiver
1513,1440,Attendant
1514,1515,CareGiver
1514,1516,Attendant
1517,1518,CareGiver
1517,1519,Attendant
1520,1521,CareGiver
1520,1522,CareGiver
1523,1524,Attendant
1523,1525,Attendant
1523,1526,Donor
1527,1528,CareGiver
1527,1529,CareGiver
1530,1531,Attendant
1530,1532,Attendant
1533,1534,CareGiver
1533,1535,CareGiver
1533,1536,Attendant
1537,1538,Attendant
1537,1539,Attendant
1537,1540,Donor
1541,1542,Donor
1544,1545,CareGiver
1544,1546,CareGiver
1544,1547,Attendant
1544,1548,Attendant
1549,1550,CareGiver
1549,1551,Donor
1552,641,CareGiver
1552,1132,CareGiver
1553,1554,Donor
1555,879,CareGiver
1555,3,Attendant
1555,673,Attendant
1555,1556,Donor
1557,1376,CareGiver
1557,1558,Donor
1559,1560,CareGiver
1559,1561,Attendant
1559,1562,Donor
1563,1564,CareGiver
1565,1566,Attendant
1565,1567,Attendant
1569,1570,CareGiver
1569,1571,Attendant
1569,1572,Attendant
1573,1574,Attendant
1573,1575,Attendant
1573,1576,Donor
1577,1578,Attendant
1577,1579,Donor
1580,1505,Attendant
1580,666,Attendant
1580,1581,Donor
1582,1583,CareGiver
1582,1584,Attendant
1582,1585,Donor
1586,1587,CareGiver
1586,1588,CareGiver
1586,1589,Donor
1590,1591,CareGiver
1590,1592,CareGiver
1593,1594,CareGiver
1593,1595,Attendant
1596,1597,Donor
1599,1600,CareGiver
1599,1601,CareGiver
1599,1602,Attendant
1599,1603,Donor
1604,1605,CareGiver
1604,1606,Attendant
1604,1607,Attendant
1608,1609,Attendant
1608,1610,Donor
1611,1612,CareGiver
1611,1613,CareGiver
1611,1614,Attendant
1611,1615,Donor
1616,1617,CareGiver
1616,1366,CareGiver
1616,1618,Attendant
1616,1619,Attendant
1616,1620,Donor
1621,1622,Attendant
1621,1623,Donor
1624,1625,CareGiver
1624,1122,CareGiver
1624,1626,Attendant
1624,1627,Donor
1628,1629,CareGiver
1628,1630,Attendant
1628,1631,Attendant
1632,1633,CareGiver
1635,1636,CareGiver
1635,1637,Attendant
1635,1638,Donor
1639,1640,CareGiver
1641,1642,Donor
1643,1644,Attendant
1643,1645,Attendant
1646,1647,CareGiver
1646,1648,Attendant
1646,1649,Donor
1650,936,CareGiver
1650,1651,Attendant
1650,1652,Donor
1653,1654,Attendant
1653,1655,Attendant
1653,1656,Donor
1657,1658,CareGiver
1657,1659,CareGiver
1657,1660,Attendant
1657,1661,Donor
1662,1663,Donor
1664,1665,Attendant
1664,1666,Attendant
1668,1669,Attendant
1668,1670,Attendant
1668,1671,Donor
1672,1673,Attendant
1672,1674,Attendant
1672,1675,Donor
1676,1479,CareGiver
1676,930,Attendant
1676,1677,Attendant
1678,1679,CareGiver
1678,1680,CareGiver
1678,1681,Attendant
1678,1682,Attendant
1683,1684,CareGiver
1683,1685,CareGiver
1683,1686,Attendant
1687,1688,Attendant
1687,1689,Attendant
1687,1690,Donor
1691,1692,Attendant
1691,1693,Attendant
1694,569,CareGiver
1695,1696,CareGiver
1695,1697,Attendant
1695,1698,Donor
1699,1700,CareGiver
1699,1701,CareGiver
1699,1702,Attendant
1699,1703,Attendant
1704,1705,Attendant
1704,1706,Attendant
1704,1707,Donor
1708,1709,CareGiver
1708,1710,CareGiver
1708,537,Attendant
1708,1711,Attendant
1708,1712,Donor
1713,1714,Attendant
1713,1715,Donor
1716,202,CareGiver
1716,1717,Attendant
1718,1719,Attendant
1718,1720,Donor
1721,1722,CareGiver
1721,1723,CareGiver
1721,1724,Attendant
1725,1374,CareGiver
1725,481,CareGiver
1725,1726,Donor
1727,488,CareGiver
1727,1276,CareGiver
1727,1359,Attendant
1727,1728,Donor
1729,1730,CareGiver
1729,1731,Attendant
1729,1732,Attendant
1733,1734,Attendant
1735,79,CareGiver
1735,1435,CareGiver
1735,1736,Donor
1737,1738,CareGiver
1737,1739,Attendant
1737,1740,Donor
1741,1644,Attendant
1742,1743,Attendant
1742,1744,Attendant
1742,1745,Donor
1746,1747,CareGiver
1746,1748,Donor
1749,82,CareGiver
1749,1090,CareGiver
1749,1424,Attendant
1750,909,CareGiver
1750,1451,CareGiver
1750,1091,Attendant
1750,1751,Donor
1753,1065,CareGiver
1753,1488,CareGiver
1753,1754,Donor
1755,1756,CareGiver
1755,1757,Attendant
1758,221,Attendant
1759,1760,Donor
1761,1762,CareGiver
1761,1763,Attendant
1761,1764,Attendant
1765,1586,CareGiver
1765,1131,Attendant
1765,865,Attendant
1765,1766,Donor
1767,1768,CareGiver
1767,1769,Attendant
1767,1770,Donor
1771,1772,Attendant
1771,1773,Donor
1774,1775,CareGiver
1774,1776,CareGiver
1774,1777,Attendant
1774,1778,Attendant
1779,635,CareGiver
1779,606,CareGiver
1779,314,Attendant
1779,1780,Donor
1781,1424,CareGiver
1781,1782,Donor
1783,1784,CareGiver
1783,1785,CareGiver
1783,1786,Attendant
1783,1787,Donor
1788,468,CareGiver
1788,870,Attendant
1788,1789,Donor
1790,1791,Attendant
1792,1793,CareGiver
1792,1794,Attendant
1792,1795,Donor
1796,289,CareGiver
1797,986,CareGiver
1797,374,Attendant
1797,541,Attendant
1797,1798,Donor
1799,1800,Attendant
1799,1801,Attendant
1799,1802,Donor
1803,1804,CareGiver
1803,1805,CareGiver
1803,1806,Donor
1807,488,CareGiver
1808,1683,Attendant
1808,1001,Attendant
1809,1810,CareGiver
1809,1811,Attendant
1809,1812,Attendant
1809,1813,Donor
1814,1815,CareGiver
1814,1816,Attendant
1814,1817,Donor
1818,1819,CareGiver
1818,1820,Attendant
1821,1822,CareGiver
1821,1823,CareGiver
1821,1824,Attendant
1821,1825,Attendant
1821,1826,Donor
1827,643,CareGiver
1827,1810,Attendant
1827,777,Attendant
1827,1828,Donor
1829,1830,CareGiver
1829,1831,CareGiver
1829,1832,Attendant
1829,1833,Attendant
1834,1212,CareGiver
1834,23,Attendant
1835,1413,CareGiver
1835,1836,Donor
1838,1839,CareGiver
1838,1185,CareGiver
1838,1840,Donor
1841,1842,CareGiver
1841,1843,CareGiver
1841,1844,Attendant
1845,1846,Donor
1847,1848,Attendant
1847,1849,Donor
1850,1851,Donor
1852,1853,Attendant
1854,1855,Attendant
1854,1856,Attendant
1857,1858,CareGiver
1857,1859,CareGiver
1857,1860,Attendant
1857,1861,Attendant
1857,1862,Donor
1863,1864,Donor
1865,1866,CareGiver
1865,1867,Attendant
1865,1868,Attendant
1865,1869,Donor
1870,1871,CareGiver
1870,1872,Attendant
1870,1873,Donor
1874,1875,Attendant
1874,1876,Attendant
1874,1877,Donor
1878,1879,CareGiver
1878,1880,Attendant
1878,1881,Attendant
1878,1882,Donor
1883,1884,CareGiver
1883,1885,Attendant
1883,1886,Attendant
1883,1887,Donor
1888,1889,Attendant
1888,1890,Attendant
1891,1892,CareGiver
1891,1893,CareGiver
1891,1894,Attendant
1895,1896,Attendant
1897,1898,CareGiver
1897,1899,CareGiver
1897,1900,Attendant
1897,1901,Attendant
1897,1902,Donor
1903,1904,Attendant
1905,1906,CareGiver
1905,1907,Attendant
1905,1908,Donor
1909,1910,CareGiver
1909,1911,CareGiver
1909,1912,Attendant
1909,1913,Attendant
1909,1914,Donor
1915,1916,Attendant
1915,1917,Attendant
1915,1918,Donor
1919,1920,CareGiver
1919,1683,CareGiver
1919,1921,Attendant
1919,1922,Attendant
1923,1819,Attendant
1925,1926,CareGiver
1925,601,Attendant
1925,1927,Attendant
1925,1928,Donor
1929,1498,Attendant
1929,719,Attendant
1929,1930,Donor
1931,1932,Attendant
1931,1933,Attendant
1935,1327,Attendant
1935,1083,Attendant
1935,1936,Donor
1937,1938,Attendant
1939,1940,Attendant
1939,1941,Attendant
1942,523,CareGiver
1942,1175,CareGiver
1942,313,Attendant
1943,1944,Attendant
1943,1945,Donor
1946,1367,Attendant
1947,1948,CareGiver
1947,1949,CareGiver
1947,1950,Attendant
1947,1951,Attendant
1952,966,Attendant
1952,751,Attendant
1953,1954,CareGiver
1953,1955,CareGiver
1956,1957,CareGiver
1956,1958,Attendant
1956,1959,Donor
1960,1961,Attendant
1960,1962,Attendant
1963,1964,CareGiver
1963,1965,CareGiver
1966,1967,CareGiver
1966,1968,Attendant
1966,1969,Attendant
1970,1956,CareGiver
1970,1971,CareGiver
1972,1973,CareGiver
1972,1974,Attendant
1972,178,Attendant
1972,1975,Donor
1976,1519,CareGiver
1976,132,CareGiver
1976,154,Attendant
1976,1335,Attendant
1977,1978,CareGiver
1977,1979,Attendant
1977,1980,Attendant
1977,1981,Donor
1982,1983,CareGiver
1984,1985,Attendant
1984,1986,Donor
1987,1988,CareGiver
1987,1989,Donor
1990,1991,CareGiver
1990,1992,CareGiver
1990,1993,Attendant
1990,1994,Attendant
1990,1995,Donor
1996,1262,CareGiver
1996,1340,CareGiver
1996,828,Attendant
1996,1997,Attendant
1998,1999,Attendant
1998,2000,Donor
2001,2002,CareGiver
2001,2003,Attendant
2001,2004,Donor
2005,2006,CareGiver
2005,2007,Attendant
2008,1327,CareGiver
2008,771,Attendant
2008,661,Attendant
2008,2009,Donor
2010,2011,Attendant
2012,2013,Attendant
2014,2015,Attendant
2014,2016,Attendant
2014,2017,Donor
2018,2019,Donor
2021,408,Attendant
2022,2023,CareGiver
2022,2024,Attendant
2022,2025,Donor
2026,2027,Donor
2028,2029,Attendant
2028,2030,Attendant
2028,2031,Donor
2032,345,CareGiver
2033,2034,CareGiver
2033,2035,Attendant
2033,2036,Attendant
2037,2038,Attendant
2037,2039,Attendant
2040,29,Attendant
2040,2041,Attendant
2040,2042,Donor
2043,2044,CareGiver
2043,2045,CareGiver
2043,2046,Attendant
2043,2047,Attendant
2048,2049,CareGiver
2048,1959,Attendant
2050,312,CareGiver
2050,2051,Donor
2052,2053,CareGiver
2052,2054,CareGiver
2055,2056,CareGiver
2055,2057,Attendant
2055,2058,Donor
2059,2060,Attendant
2061,2062,CareGiver
2061,973,Attendant
2061,2063,Attendant
2061,2064,Donor
2065,1714,CareGiver
2065,892,Attendant
2065,1863,Attendant
2065,2066,Donor
2067,2068,CareGiver
2067,521,CareGiver
2067,2069,Donor
2070,1104,CareGiver
2070,2071,Donor
2072,2073,CareGiver
2074,2075,CareGiver
2074,2076,Attendant
2077,1691,Attendant
2077,1430,Attendant
2077,2078,Donor
2079,2080,CareGiver
2079,2081,Attendant
2082,2083,Attendant
2082,2084,Attendant
2085,1551,CareGiver
2085,2086,CareGiver
2085,2087,Attendant
2085,2088,Attendant
2089,431,CareGiver
2089,1965,Attendant
2089,1889,Attendant
2089,2090,Donor
2091,2092,CareGiver
2093,2094,CareGiver
2093,2095,Attendant
2093,2096,Attendant
2097,183,CareGiver
2098,1041,CareGiver
2098,2099,Donor
2100,2101,Attendant
2102,2103,CareGiver
2102,2104,Attendant
2105,2106,Attendant
2105,2107,Attendant
2105,2108,Donor
2109,2110,CareGiver
2109,2111,Donor
2112,2113,CareGiver
2112,2114,CareGiver
2112,2115,Donor
2116,2117,CareGiver
2116,2118,CareGiver
2119,2120,CareGiver
2119,2121,CareGiver
2122,2123,Attendant
2122,730,Attendant
2124,2125,CareGiver
2124,2126,CareGiver
2124,2127,Attendant
2128,1521,CareGiver
2128,1258,CareGiver
2128,11,Attendant
2129,2130,Attendant
2129,2131,Donor
2132,1817,CareGiver
2132,12,Attendant
2132,190,Attendant
2133,747,CareGiver
2133,1235,CareGiver
2133,2134,Donor
2136,2137,CareGiver
2136,2138,Donor
2139,1989,Attendant
2139,2140,Donor
2141,2142,CareGiver
2141,2143,CareGiver
2145,2146,CareGiver
2145,2147,Attendant
2145,2148,Donor
2149,2150,CareGiver
2149,2151,CareGiver
2149,2152,Attendant
2154,1877,CareGiver
2154,2155,Donor
2156,1256,CareGiver
2156,1853,CareGiver
2156,173,Attendant
2157,2158,Attendant
2157,2159,Attendant
2160,2161,CareGiver
2160,2162,Attendant
2160,2163,Attendant
2160,2164,Donor
2165,2166,Donor
2167,2168,CareGiver
2167,2169,Attendant
2167,2170,Donor
2171,2172,CareGiver
2171,912,Attendant
2171,2173,Donor
2174,2175,CareGiver
2174,2176,Attendant
2174,2177,Attendant
2178,514,CareGiver
2178,2024,CareGiver
2178,905,Attendant
2178,750,Attendant
2179,107,CareGiver
2179,1303,CareGiver
2179,2180,Donor
2181,2182,CareGiver
2181,2183,Attendant
2181,2184,Donor
2185,2186,CareGiver
2187,1603,CareGiver
2187,2188,Attendant
2187,2189,Attendant
2190,2191,CareGiver
2190,1486,Attendant
2190,2192,Attendant
2190,2193,Donor
2194,2195,Attendant
2194,1192,Attendant
2196,1084,CareGiver
2196,1741,CareGiver
2196,2197,Donor
2198,2199,CareGiver
2198,2200,CareGiver
2198,2201,Attendant
2198,2202,Attendant
2198,2203,Donor
2204,2205,CareGiver
2204,2206,CareGiver
2204,2207,Attendant
2208,103,CareGiver
2208,285,Attendant
2209,2210,Attendant
2209,2211,Attendant
2209,2212,Donor
2213,113,CareGiver
2213,2214,Donor
2215,267,CareGiver
2216,1279,Attendant
2216,2217,Donor
2218,2219,CareGiver
2218,2220,Donor
2221,2222,CareGiver
2223,1523,Attendant
2223,1017,Attendant
2223,2224,Donor
2225,1184,CareGiver
2225,147,CareGiver
2225,183,Attendant
2225,2226,Donor
2227,2228,Attendant
2227,2229,Attendant
2227,2230,Donor
2231,2232,CareGiver
2231,2233,Donor
2234,2235,CareGiver
2234,2236,Attendant
2234,2237,Attendant
2234,2238,Donor
2239,2240,CareGiver
2239,2241,Attendant
2239,2242,Attendant
2239,2243,Donor
2244,2245,CareGiver
2244,2246,Attendant
2247,931,CareGiver
2247,1577,Attendant
2247,2248,Donor
2249,2250,CareGiver
2249,2251,Attendant
2249,2252,Attendant
2249,2253,Donor
2254,470,CareGiver
2254,1328,CareGiver
2254,2255,Attendant
2254,1406,Attendant
2256,2257,CareGiver
2256,2258,CareGiver
2256,2259,Attendant
2256,2260,Attendant
2261,200,Attendant
2261,599,Attendant
2261,2262,Donor
2263,2264,CareGiver
2263,1677,CareGiver
2265,591,CareGiver
2265,2266,Donor
2267,2268,Attendant
2267,2269,Attendant
2267,2270,Donor
2271,2272,CareGiver
2271,1839,Attendant
2271,1264,Attendant
2271,2273,Donor
2274,514,CareGiver
2274,1952,CareGiver
2274,419,Attendant
2275,1577,CareGiver
2275,2276,Attendant
2275,2064,Attendant
2275,2277,Donor
2278,2279,CareGiver
2278,2280,CareGiver
2278,2281,Attendant
2278,2282,Attendant
2278,2283,Donor
2285,2286,CareGiver
2285,2287,CareGiver
2288,2289,CareGiver
2288,2290,CareGiver
2288,2291,Attendant
2288,2292,Attendant
2293,1605,CareGiver
2293,398,Attendant
2293,2294,Donor
2295,2296,Attendant
2295,2297,Attendant
2298,2299,CareGiver
2298,2300,CareGiver
2298,2301,Donor
2302,2303,CareGiver
2302,2304,Attendant
2302,2305,Attendant
2302,2306,Donor
2307,2308,Attendant
2307,2309,Attendant
2307,2310,Donor
2311,2312,Donor
2313,112,Attendant
2313,964,Attendant
2313,2314,Donor
2315,2316,CareGiver
2315,263,CareGiver
2315,2317,Attendant
2318,983,CareGiver
2318,238,Attendant
2318,2063,Attendant
2319,2320,CareGiver
2319,2321,CareGiver
2319,2322,Attendant
2323,2324,CareGiver
2323,2325,Attendant
2323,2326,Donor
2327,1145,CareGiver
2327,627,CareGiver
2327,2328,Donor
2329,2276,CareGiver
2330,1936,CareGiver
2330,1645,CareGiver
2330,1688,Attendant
2330,2331,Attendant
2332,2333,CareGiver
2332,551,CareGiver
2334,2335,CareGiver
2334,2336,Attendant
2337,2338,CareGiver
2337,2339,CareGiver
2337,2340,Attendant
2337,2341,Donor
2342,2343,CareGiver
2342,2344,CareGiver
2342,2345,Attendant
2342,2346,Attendant
2347,2348,CareGiver
2347,2349,Attendant
2347,2350,Attendant
2347,2351,Donor
2352,2353,Attendant
2352,2354,Attendant
2355,2356,Attendant
2357,2358,Attendant
2359,1313,CareGiver
2359,899,CareGiver
2359,684,Attendant
2359,2360,Attendant
2361,2362,CareGiver
2361,2363,Attendant
2361,2364,Donor
2366,1955,CareGiver
2366,2367,CareGiver
2366,2368,Attendant
2366,2369,Attendant
2370,2371,CareGiver
2370,2372,CareGiver
2370,2373,Attendant
2370,2374,Attendant
2370,2375,Donor
2376,2377,Attendant
2376,2378,Attendant
2376,2379,Donor
2380,2381,Attendant
2380,2382,Donor
2383,2384,CareGiver
2383,2385,Attendant
2383,2386,Attendant
2383,2387,Donor
2388,2389,Attendant
2390,2391,CareGiver
2390,2392,CareGiver
2390,2393,Donor
2394,2299,CareGiver
2394,1251,Attendant
2394,2016,Attendant
2394,2395,Donor
2396,2397,CareGiver
2396,2398,Attendant
2396,2399,Donor
2400,2061,Attendant
2400,450,Attendant
2400,2401,Donor
2402,2403,CareGiver
2402,2404,CareGiver
2402,2405,Attendant
2406,2407,CareGiver
2406,2408,CareGiver
2409,2410,CareGiver
2409,2411,Attendant
2409,2412,Attendant
2413,2414,CareGiver
2413,2415,Donor
2416,2417,CareGiver
2416,1624,CareGiver
2416,2418,Attendant
2416,2419,Attendant
2420,360,CareGiver
2420,15,CareGiver
2421,2422,Donor
2423,2424,CareGiver
2423,2425,CareGiver
2423,2426,Attendant
2427,2428,CareGiver
2427,2429,Attendant
2427,2430,Donor
2431,2432,CareGiver
2431,2433,CareGiver
2431,2434,Attendant
2431,2435,Attendant
2436,220,CareGiver
2436,431,CareGiver
2436,924,Attendant
2437,1668,CareGiver
2437,670,CareGiver
2437,540,Attendant
2437,2063,Attendant
2438,2439,CareGiver
2438,2440,CareGiver
2438,2441,Attendant
2438,2442,Attendant
2443,2444,Attendant
2443,2445,Attendant
2446,1838,CareGiver
2446,1828,CareGiver
2446,1110,Attendant
2446,327,Attendant
2448,2449,CareGiver
2448,2450,Attendant
2448,2451,Donor
2452,1874,Attendant
2452,2453,Donor
2454,108,CareGiver
2454,729,Attendant
2454,2455,Donor
2456,49,CareGiver
2457,361,CareGiver
2458,1643,Attendant
2458,2087,Attendant
2458,2459,Donor
2460,2461,CareGiver
2460,2462,CareGiver
2460,2463,Donor
2464,2465,Attendant
2464,2466,Attendant
2467,2468,Donor
2469,2470,Attendant
2469,2471,Attendant
2469,2472,Donor
2473,2474,Attendant
2475,2476,Attendant
2477,391,CareGiver
2477,1951,CareGiver
2478,5,Attendant
2478,2253,Attendant
2478,2479,Donor
2480,2481,CareGiver
2480,2482,CareGiver
2480,2483,Donor
2484,1949,CareGiver
2484,406,CareGiver
2484,1156,Attendant
2484,1468,Attendant
2485,2486,CareGiver
2485,2487,CareGiver
2485,2488,Attendant
2485,2489,Donor
2490,596,Attendant
2490,2491,Donor
2492,2493,CareGiver
2494,2495,CareGiver
2494,2496,Attendant
2497,2498,CareGiver
2497,2499,CareGiver
2497,2500,Attendant
2497,1382,Attendant
2501,2502,CareGiver
2501,2503,CareGiver
2501,2504,Attendant
2501,2505,Donor
2506,2507,Donor
2508,828,CareGiver
2508,87,Attendant
2508,114,Attendant
2509,2510,CareGiver
2509,2511,CareGiver
2512,2169,CareGiver
2512,90,CareGiver
2512,2220,Attendant
2513,1712,CareGiver
2513,2373,CareGiver
2513,2514,Donor
2515,2516,CareGiver
2515,2517,CareGiver
2515,2518,Attendant
2515,775,Attendant
2515,2519,Donor
2520,2521,CareGiver
2520,2522,Attendant
2520,2523,Attendant
2520,2524,Donor
2525,2526,CareGiver
2525,2527,CareGiver
2525,2528,Attendant
2525,2529,Attendant
2525,2530,Donor
2531,2532,Attendant
2531,2533,Attendant
2531,2534,Donor
2535,2536,CareGiver
2535,2537,Attendant
2535,2538,Donor
2539,2540,Attendant
2541,2542,CareGiver
2541,2543,CareGiver
2541,2544,Attendant
2541,2545,Attendant
2546,2547,Attendant
2546,2548,Donor
2549,1734,Attendant
2549,2550,Donor
2551,2552,Attendant
2553,2554,CareGiver
2553,2555,Attendant
2553,2556,Donor
2557,1674,Attendant
2557,2117,Attendant
2557,2558,Donor
2559,2560,Attendant
2562,2563,CareGiver
2562,2456,Attendant
2564,2565,CareGiver
2564,2566,CareGiver
2564,2567,Attendant
2564,2568,Attendant
2569,2570,CareGiver
2569,2571,Attendant
2569,2572,Donor
2573,2574,CareGiver
2573,2575,Donor
2576,1083,CareGiver
2576,1525,CareGiver
2576,2410,Attendant
2576,2577,Donor
2578,2579,CareGiver
2578,2580,CareGiver
2578,2581,Attendant
2578,2582,Donor
2583,2584,CareGiver
2583,2585,CareGiver
2583,2586,Attendant
2587,823,CareGiver
2587,2528,Attendant
2587,776,Attendant
2588,2589,CareGiver
2588,2590,CareGiver
2588,2591,Donor
2592,2593,CareGiver
2592,2594,Attendant
2592,2595,Attendant
2596,1309,CareGiver
2596,203,Attendant
2597,2598,CareGiver
2597,2599,Attendant
2597,2600,Donor
2601,2602,CareGiver
2601,2603,CareGiver
2601,2604,Attendant
2601,2605,Attendant
2601,2606,Donor
2607,2608,CareGiver
2607,2609,Donor
2610,2588,CareGiver
2610,1390,CareGiver
2610,957,Attendant
2610,2611,Donor
2612,2613,CareGiver
2612,2614,CareGiver
2615,2616,Attendant
2615,2617,Donor
2618,2619,CareGiver
2618,2620,CareGiver
2618,2621,Attendant
2618,2622,Attendant
2618,2623,Donor
2624,2625,CareGiver
2624,2626,Attendant
2624,2627,Attendant
2624,2628,Donor
2629,2630,CareGiver
2629,2631,CareGiver
2629,2632,Attendant
2629,2633,Attendant
2634,2635,CareGiver
2634,2636,Attendant
2634,2637,Attendant
2634,2638,Donor
2639,2640,CareGiver
2639,2641,Attendant
2642,1530,Attendant
2643,2644,Attendant
2645,2646,CareGiver
2645,2647,CareGiver
2645,2648,Attendant
2649,2650,CareGiver
2649,2651,CareGiver
2649,2652,Attendant
2649,2653,Attendant
2649,2654,Donor
2655,2656,CareGiver
2655,2657,Attendant
2655,2658,Donor
2659,623,CareGiver
2659,2537,Attendant
2659,2545,Attendant
2660,2661,CareGiver
2662,2663,CareGiver
2662,2664,Attendant
2662,2665,Attendant
2666,2667,Attendant
2666,2668,Attendant
2669,2670,CareGiver
2669,2671,Attendant
2669,2672,Attendant
2673,2674,CareGiver
2673,2261,Attendant
2675,2676,CareGiver
2675,2677,Donor
2678,133,CareGiver
2678,1518,CareGiver
2678,358,Attendant
2678,2679,Donor
2680,221,Attendant
2680,2681,Donor
2682,1830,CareGiver
2682,2203,CareGiver
2682,263,Attendant
2682,274,Attendant
2683,2684,CareGiver
2683,2685,Attendant
2683,2686,Attendant
2687,2688,CareGiver
2687,2689,Attendant
2687,230,Attendant
2687,2690,Donor
2691,977,Attendant
2692,2693,CareGiver
2692,2694,CareGiver
2692,2695,Attendant
2692,2696,Attendant
2692,2697,Donor
2698,2239,CareGiver
2698,2645,Attendant
2699,2700,Attendant
2699,2701,Attendant
2702,2703,CareGiver
2702,2704,Donor
2705,2706,CareGiver
2705,2707,Attendant
2705,2708,Attendant
2705,2709,Donor
2710,1594,CareGiver
2710,2563,CareGiver
2711,2712,CareGiver
2711,1434,CareGiver
2711,1831,Attendant
2713,2714,CareGiver
2713,2715,CareGiver
2716,2717,CareGiver
2716,2718,Attendant
2716,2719,Attendant
2720,2721,Attendant
2720,2722,Attendant
2723,2264,Attendant
2723,392,Attendant
2724,2725,CareGiver
2724,2726,Attendant
2724,2727,Donor
2728,2729,CareGiver
2728,2730,Attendant
2731,2732,CareGiver
2733,2692,CareGiver
2733,1850,CareGiver
2733,1449,Attendant
2734,2735,CareGiver
2736,2737,CareGiver
2736,2738,CareGiver
2736,2739,Attendant
2736,2740,Attendant
2736,2741,Donor
2742,2743,CareGiver
2742,2744,CareGiver
2742,2745,Donor
2746,2747,CareGiver
2746,2748,CareGiver
2746,2749,Attendant
2746,2750,Attendant
2746,2751,Donor
2752,2753,CareGiver
2752,2754,CareGiver
2755,2756,CareGiver
2755,2757,Attendant
2755,2758,Donor
2759,2760,Attendant
2759,2761,Attendant
2759,2762,Donor
2763,2764,CareGiver
2763,2765,CareGiver
2763,2766,Attendant
2767,2768,CareGiver
2767,2769,CareGiver
2767,2770,Attendant
2771,2772,CareGiver
2771,2773,Attendant
2775,2776,CareGiver
2775,2777,CareGiver
2775,2778,Donor
2779,1876,CareGiver
2779,2780,Donor
2781,1919,CareGiver
2781,924,CareGiver
2781,2156,Attendant
2781,2782,Donor
2783,2784,CareGiver
2783,2785,CareGiver
2783,2786,Attendant
2783,2787,Attendant
2783,2788,Donor
2789,2790,CareGiver
2789,2791,Donor
2793,2794,CareGiver
2793,2795,CareGiver
2796,2797,Donor
2798,2799,Donor
2800,2801,Donor
2802,2803,CareGiver
2802,1992,CareGiver
2804,2805,CareGiver
2804,2806,CareGiver
2804,2807,Attendant
2804,2808,Attendant
2809,715,CareGiver
2809,2810,Donor
2811,2812,Donor
2813,2814,CareGiver
2813,2815,Donor
2816,2817,Attendant
2819,2820,CareGiver
2819,2821,CareGiver
2819,2822,Donor
2823,2824,CareGiver
2825,2826,Attendant
2825,2827,Attendant
2825,2828,Donor
2829,2830,Donor
2831,2832,CareGiver
2831,2833,CareGiver
2831,1984,Attendant
2831,2834,Attendant
2835,2836,Attendant
2835,2837,Attendant
2838,1781,Attendant
2838,809,Attendant
2839,1741,Attendant
2839,2840,Attendant
2839,2841,Donor
2842,2843,CareGiver
2842,2844,Attendant
2842,2845,Attendant
2842,2846,Donor
2847,2848,CareGiver
2847,2849,CareGiver
2847,2850,Attendant
2847,2851,Donor
2852,296,CareGiver
2852,1121,Attendant
2852,1487,Attendant
2852,2853,Donor
2854,917,CareGiver
2854,2855,Attendant
2854,2846,Attendant
2854,2856,Donor
2857,2858,Attendant
2857,2859,Attendant
2860,2201,Attendant
2860,903,Attendant
2860,2861,Donor
2862,823,CareGiver
2862,2863,Donor
2864,1081,CareGiver
2864,1491,Attendant
2865,2866,Attendant
2867,2868,CareGiver
2867,2869,CareGiver
2867,2870,Donor
2871,2872,CareGiver
2871,2873,Attendant
2871,2874,Attendant
2875,2876,Attendant
2877,2878,CareGiver
2879,2880,Attendant
2879,2881,Attendant
2882,2883,CareGiver
2882,2884,CareGiver
2882,2885,Attendant
2886,2887,Attendant
2886,2888,Attendant
2889,1826,CareGiver
2889,1868,CareGiver
2889,227,Attendant
2889,1949,Attendant
2890,2891,Attendant
2890,2892,Attendant
2893,2894,CareGiver
2893,2895,CareGiver
2893,2896,Attendant
2893,2897,Attendant
2893,2898,Donor
2899,2900,Attendant
2901,2902,CareGiver
2901,2903,CareGiver
2901,2904,Attendant
2905,2906,CareGiver
2905,2907,CareGiver
2905,2513,Attendant
2905,2908,Attendant
2905,2909,Donor
2910,2911,CareGiver
2910,750,CareGiver
2910,2912,Attendant
2910,2198,Attendant
2910,2913,Donor
2914,2915,CareGiver
2914,2916,CareGiver
2914,2917,Attendant
2918,2919,CareGiver
2918,2920,CareGiver
2918,2921,Donor
2922,2923,Attendant
2924,2925,Attendant
2924,2926,Attendant
2927,2928,CareGiver
2927,2929,CareGiver
2927,2930,Attendant
2927,2931,Attendant
2932,2933,Attendant
2932,2934,Donor
2935,2936,CareGiver
2935,2937,CareGiver
2938,2414,Attendant
2938,2939,Donor
2940,2941,CareGiver
2940,2942,CareGiver
2943,2944,CareGiver
2943,2945,CareGiver
2943,2946,Attendant
2943,2947,Attendant
2948,1866,CareGiver
2948,1369,CareGiver
2948,1286,Attendant
2949,260,CareGiver
2949,42,Attendant
2949,2950,Donor
2951,2952,CareGiver
2951,899,CareGiver
2951,2953,Donor
2954,2955,CareGiver
2954,2956,Attendant
2954,2957,Attendant
2954,2958,Donor
2959,29,Attendant
2959,2960,Donor
2961,2962,Attendant
2961,2963,Attendant
2961,2964,Donor
2965,2966,CareGiver
2965,2967,Attendant
2965,2968,Attendant
2965,2969,Donor
2970,2971,Attendant
2970,2972,Attendant
2973,1151,Attendant
2974,1156,CareGiver
2974,1368,Attendant
2975,2976,CareGiver
2975,2977,Donor
2978,2979,CareGiver
2978,2980,CareGiver
2981,2982,CareGiver
2981,2983,Attendant
2981,2984,Attendant
2981,2985,Donor
2986,2987,CareGiver
2986,2988,CareGiver
2986,205,Attendant
2986,2989,Donor
2990,2991,CareGiver
2990,2992,CareGiver
2990,2993,Attendant
2994,2019,CareGiver
2994,2148,Attendant
2994,1693,Attendant
2995,2996,CareGiver
2995,2997,CareGiver
2995,2998,Attendant
2995,2999,Donor
3000,1991,CareGiver
3000,1774,Attendant
3000,3001,Donor
3002,3003,CareGiver
3002,3004,Attendant
3005,461,CareGiver
3005,564,CareGiver
3005,3006,Donor
3007,3008,Attendant
3007,3009,Donor
3011,2864,CareGiver
3011,3012,Donor
3013,3014,CareGiver
3013,3015,CareGiver
3013,3016,Attendant
3017,383,Attendant
3017,626,Attendant
3017,3018,Donor
3019,209,CareGiver
3020,1283,CareGiver
3020,1010,CareGiver
3020,2630,Attendant
3021,1830,CareGiver
3021,2620,CareGiver
3022,2097,Attendant
3022,3023,Donor
3024,6,CareGiver
3024,2933,Attendant
3024,3025,Attendant
3026,3027,CareGiver
3026,3028,Attendant
3029,3030,CareGiver
3029,3031,Attendant
3029,3032,Attendant
3029,3033,Donor
3034,3035,CareGiver
3034,3036,CareGiver
3037,3038,CareGiver
3037,3039,CareGiver
3037,3040,Attendant
3041,3042,CareGiver
3041,3043,Donor
3044,1099,CareGiver
3044,2032,Attendant
3045,3046,Donor
3048,98,CareGiver
3048,173,CareGiver
3049,3050,CareGiver
3049,3051,CareGiver
3049,3052,Attendant
3049,3053,Donor
3054,3055,CareGiver
3054,3056,CareGiver
3057,3058,CareGiver
3057,3059,CareGiver
3057,3060,Attendant
3061,3062,CareGiver
3061,3063,Donor
3064,3065,CareGiver
3064,3066,CareGiver
3067,3068,CareGiver
3067,3069,CareGiver
3067,3070,Attendant
3067,3071,Donor
