FacilityId,FacilityName,FacilityType,StreetAddress,CityName,StateCode,Latitude,Longitude
1000000,Newcastle Under Lyme Community Based Outpatient Clinic,CBOC,1 Unit Way,Newcastle Under Lyme,ENG,52.9992951113397,-2.25648442651437
1000001,Birmingham Community Based Outpatient Clinic,CBOC,13 Trinity Crescent,Birmingham,ENG,52.4913751788215,-1.85203500677408
1000002,London Medical Center,VAMC,2 Court Road,London,ENG,51.5209813750509,-0.0428138816299661
1000003,London Community Based Outpatient Clinic,CBOC,32 City Close,London,ENG,51.4636606522978,-0.194741323359447
1000004,London Medical Center,VAMC,10 New Road,London,ENG,51.6362671351641,0.0244366994943203
1000005,London Community Based Outpatient Clinic,CBOC,9 Court Avenue,London,ENG,51.4411210621924,0.106147713355345
1000006,Bloxwich Vet Center,VC,71 Park Lane,Bloxwich,ENG,52.6142781725694,-2.00983209362529
1000007,Birmingham Community Based Outpatient Clinic,CBOC,28 Bank Close,Birmingham,ENG,52.4965882132224,-1.91600442469743
1000008,London Community Based Outpatient Clinic,CBOC,36 Commercial Terrace,London,ENG,51.4616409736067,-0.456066024494254
1000009,City Of London Community Based Outpatient Clinic,CBOC,14 Moor Avenue,City Of London,ENG,51.4335997854435,-0.425263993534607
1000010,Gloucester Medical Center,VAMC,98 Old Green,Gloucester,ENG,51.8655234945415,-2.23934549136816
1000011,Biggleswade Vet Center,VC,23 Hawthorn Road,Biggleswade,ENG,52.0755816251958,-0.27804614458409
1000012,London Vet Center,VC,38 Moor Road,London,ENG,51.5073185118859,-0.417499463217821
1000013,City Of London Medical Center,VAMC,2 Old Place,City Of London,ENG,51.5421112615549,-0.197203606903727
1000014,Letchworth Garden City Community Based Outpatient Clinic,CBOC,6 Willows Road,Letchworth Garden City,ENG,51.9786117316275,-0.226079947825793
1000015,Newport Pagnell Medical Center,VAMC,2 Hill Road,Newport Pagnell,ENG,52.0848262880483,-0.720014200848694
1000016,Charlton Kings Community Based Outpatient Clinic,CBOC,1 Wood Road,Charlton Kings,ENG,51.8814407136333,-2.02923855046666
1000017,Stamford Vet Center,VC,98 Bell Road,Stamford,ENG,52.6504859759386,-0.483337339095998
1000018,City Of London Vet Center,VC,97 River Lane,City Of London,ENG,51.405539871291,-0.0728528604174804
1000019,Brierley Hill Community Based Outpatient Clinic,CBOC,1 Princess Road,Brierley Hill,ENG,52.4929484617446,-2.11651749913109
