ClaimantFn,ClaimantMn,ClaimantLn,ClaimantSSN,ClaimantDoB,Role,VetFn,VetMn,VetLn,VetSSN,VetDoB,VetStreet,VetCity,VetState,VetLat,VetLong,ClaimFromAddress,ClaimFromCity,ClaimFromState,ClaimFromLat,ClaimFromLong,Mileage,TreatmentDate,PreAuthorised,Status,FacilityName,FacilityAddress,FacilityCity,FacilityState,FacilityLat,FacilityLong,ClaimDate
Felipe,D.,Hosea,490-44-4159,1946-12-28,Attendant,Kevin,Julio,Pallett,184-72-6539,1951-10-15,5 Beech Crescent,Hadley,ENG,52.6880108043909,-2.49315563489917,10 Railway Road,Swadlincote,ENG,52.7733707534094,-1.55961916434089,70,2017-01-04,True,Attended,Brierley Hill Community Based Outpatient Clinic,1 Princess Road,Brierley Hill,ENG,52.4929484617446,-2.11651749913109,2017-01-05
Lisa,C.,Kravitz,952-75-4373,1954-03-06,Attendant,Jack,William,Julian,335-13-0935,1949-04-13,4 Chestnut Terrace,London,ENG,51.4607503499943,-0.272068632931232,82 Sea Street,London,ENG,51.5982830691134,-0.151765273387113,16,2017-01-01,True,Attended,London Medical Center,2 Court Road,London,ENG,51.5209813750509,-0.0428138816299661,2017-01-06
A.,D.,Hill,881-46-7873,1949-10-23,CareGiver,B.,L.,Steffey,714-89-1582,1943-07-31,88 Wood Road,Huntingdon,ENG,52.3312124339383,-0.161130366560192,8 School Road,Huntingdon,ENG,52.3287232307138,-0.176063840521383,41,2017-01-06,True,Attended,Biggleswade Vet Center,23 Hawthorn Road,Biggleswade,ENG,52.0755816251958,-0.27804614458409,2017-01-07
Susan,Maureen,Courts,829-66-6457,1963-03-17,CareGiver,Maurice,Brynley,Girling,645-84-4862,1938-12-27,1 Gate Gardens,City Of London,ENG,51.6604579532655,-0.0545277962812377,5 Court Close,City of London,ENG,51.5756982270503,0.062780542438057,10,2017-01-06,True,Attended,London Medical Center,10 New Road,London,ENG,51.6362671351641,0.0244366994943203,2017-01-07
Raymond,R.,Martinez,389-02-3982,1951-10-22,CareGiver,Harold,Andrew,Lopez,338-21-4113,1950-01-10,3 Castle Road,Banbury,ENG,52.0588171894393,-1.3408788604652,8 Court Drive,Oxford,ENG,51.7391742069044,-1.24740353759856,137,2017-01-07,True,Attended,Birmingham Community Based Outpatient Clinic,28 Bank Close,Birmingham,ENG,52.4965882132224,-1.91600442469743,2017-01-09
K.,E.,Lyle,480-12-5513,1960-11-22,Attendant,J.,E.,Kennamer,133-11-2429,1956-11-04,13 Little Mount,London,ENG,51.3036088068454,-0.31988756932934,14 High Drive,London,ENG,51.4825076290885,-0.114578431541856,32,2017-01-03,True,Attended,City Of London Community Based Outpatient Clinic,14 Moor Avenue,City Of London,ENG,51.4335997854435,-0.425263993534607,2017-01-11
Alistair,G.,Tiley,386-57-7155,1939-08-21,,Alistair,G.,Tiley,386-57-7155,1939-08-21,16 Great Green,Cinderford,ENG,51.8259676203675,-2.50015221165994,16 Great Green,Cinderford,ENG,51.8259676203675,-2.50015221165994,26,2017-01-10,True,Attended,Gloucester Medical Center,98 Old Green,Gloucester,ENG,51.8655234945415,-2.23934549136816,2017-01-12
Michele,Christina,McCaig,808-59-6615,1956-01-26,Donor,Christine,Erin,Robinson,490-30-6425,1946-01-20,1 Town Street,London,ENG,51.4157442774841,-0.0771557543489486,2 Long Road,City Of London,ENG,51.6101995918497,-0.206720797455247,11,2017-01-11,True,Attended,City Of London Medical Center,2 Old Place,City Of London,ENG,51.5421112615549,-0.197203606903727,2017-01-12
Thomas,Eric,Sharma,195-73-8781,1953-09-23,Donor,Alistair,G.,Tiley,386-57-7155,1939-08-21,16 Great Green,Cinderford,ENG,51.8259676203675,-2.50015221165994,4 Heath Court,London,ENG,51.5176711840537,-0.139617031127237,214,2017-01-10,True,Attended,Gloucester Medical Center,98 Old Green,Gloucester,ENG,51.8655234945415,-2.23934549136816,2017-01-13
Kay,C.,Aponte,343-28-3940,1950-05-17,Donor,Jack,William,Julian,335-13-0935,1949-04-13,4 Chestnut Terrace,London,ENG,51.4607503499943,-0.272068632931232,5 Heath Way,Thatcham,ENG,51.3938056935815,-1.27537873195039,124,2017-01-01,True,Attended,London Medical Center,2 Court Road,London,ENG,51.5209813750509,-0.0428138816299661,2017-01-14
Ann,D.,Callanan,987-98-9660,1951-09-09,,Ann,D.,Callanan,987-98-9660,1951-09-09,49 Great Lane,City Of London,ENG,51.4083957346282,0.137143866147136,49 Great Lane,City of London,ENG,51.4083957346282,0.137143866147136,56,2017-01-13,True,Attended,City Of London Community Based Outpatient Clinic,14 Moor Avenue,City Of London,ENG,51.4335997854435,-0.425263993534607,2017-01-14
Pamela,Diane,Rankin,387-96-8203,1947-03-13,CareGiver,Ken,Joshua,Leyshon,782-88-2192,1954-08-04,31 Woodlands Crescent,Keynsham,ENG,51.4189956811742,-2.48055351744939,15 Park Close,Keynsham,ENG,51.4164196721773,-2.5097936682489,76,2017-01-12,True,Attended,Gloucester Medical Center,98 Old Green,Gloucester,ENG,51.8655234945415,-2.23934549136816,2017-01-15
Kathryn,Gussie,Redd,564-86-7771,1944-02-10,CareGiver,Philip,L.,Brown,012-21-2632,1944-10-08,71 Church Close,Birmingham,ENG,52.4412292606359,-1.85326961428119,5 Hill Street,Birmingham,ENG,52.4775724503795,-1.9030032435917,5,2017-01-13,True,Attended,Birmingham Community Based Outpatient Clinic,13 Trinity Crescent,Birmingham,ENG,52.4913751788215,-1.85203500677408,2017-01-15
Juan,D.,Paxton,613-15-3118,1947-06-01,,Juan,D.,Paxton,613-15-3118,1947-06-01,14 Bank Hill,London,ENG,51.2825681737308,-0.129664366826386,14 Bank Hill,London,ENG,51.2825681737308,-0.129664366826386,20,2017-01-15,True,Attended,City Of London Vet Center,97 River Lane,City Of London,ENG,51.405539871291,-0.0728528604174804,2017-01-17
Alexander,Matthew,Gough,658-12-5064,1957-01-23,,Alexander,Matthew,Gough,658-12-5064,1957-01-23,15 Hill Road,Clevedon,ENG,51.4393258075449,-2.85741779539291,15 Hill Road,Clevedon,ENG,51.4393258075449,-2.85741779539291,91,2017-01-17,True,Attended,Gloucester Medical Center,98 Old Green,Gloucester,ENG,51.8655234945415,-2.23934549136816,2017-01-19
Dennis,B.,Hall,015-44-4055,1957-02-11,,Dennis,B.,Hall,015-44-4055,1957-02-11,22 Offices Road,London,ENG,51.5121447232322,-0.0158069080584003,22 Offices Road,London,ENG,51.5121447232322,-0.0158069080584003,42,2017-01-18,True,Attended,City Of London Community Based Outpatient Clinic,14 Moor Avenue,City Of London,ENG,51.4335997854435,-0.425263993534607,2017-01-19
Arabella,Theresa,Bohm,130-87-1734,1950-01-03,Attendant,Harold,Andrew,Lopez,338-21-4113,1950-01-10,3 Castle Road,Banbury,ENG,52.0588171894393,-1.3408788604652,3 Farm Road,Banbury,ENG,52.0443455550203,-1.32553563842816,92,2017-01-05,True,Attended,Birmingham Community Based Outpatient Clinic,28 Bank Close,Birmingham,ENG,52.4965882132224,-1.91600442469743,2017-01-21
Mary,Anne,Smith,449-53-6584,1955-07-14,,Mary,Anne,Smith,449-53-6584,1955-07-14,1 Kings Court,Kidsgrove,ENG,53.0873337299491,-2.23630391272778,1 Kings Court,Kidsgrove,ENG,53.0873337299491,-2.23630391272778,14,2017-01-06,True,Attended,Newcastle Under Lyme Community Based Outpatient Clinic,1 Unit Way,Newcastle Under Lyme,ENG,52.9992951113397,-2.25648442651437,2017-01-22
Matthew,Maurice,Gorman,922-72-8275,1951-08-05,,Matthew,Maurice,Gorman,922-72-8275,1951-08-05,7 Woodlands Drive,Letchworth,ENG,51.9855246696021,-0.250622327174439,2 Hill Road,Cheltenham,ENG,51.8762249802669,-2.05558745622174,206,2017-01-21,True,Attended,London Medical Center,2 Court Road,London,ENG,51.5209813750509,-0.0428138816299661,2017-01-22
Peter,T.,Smith,999-68-3572,1958-05-09,,Peter,T.,Smith,999-68-3572,1958-05-09,8 Holly Square,London,ENG,51.5452735117645,-0.28545139480281,8 Holly Square,London,ENG,51.5452735117645,-0.28545139480281,31,2017-01-06,True,Attended,City Of London Vet Center,97 River Lane,City Of London,ENG,51.405539871291,-0.0728528604174804,2017-01-23
Kevin,Robert,Riddle,324-77-8683,1938-05-31,,Kevin,Robert,Riddle,324-77-8683,1938-05-31,2 Green Road,Beckenham,ENG,51.4142923218677,0.00370561179185024,2 Green Road,Beckenham,ENG,51.4142923218677,0.00370561179185024,21,2017-01-19,False,Attended,London Community Based Outpatient Clinic,32 City Close,London,ENG,51.4636606522978,-0.194741323359447,2017-01-23
Kizzy,C.,Utton,603-83-3042,1953-10-03,CareGiver,Michelle,Olwyn,Fritz,077-27-1437,1963-06-25,51 Park Court,London,ENG,51.509759854992,-0.155809664845305,8 Court Drive,City Of London,ENG,51.5515969599379,0.0210439030023409,22,2017-01-21,True,Attended,City Of London Medical Center,2 Old Place,City Of London,ENG,51.5421112615549,-0.197203606903727,2017-01-23
Margaret,I.,Moore,809-47-3269,1962-12-10,Attendant,Jeremy,V.,Wooten,119-72-2478,1936-11-13,29 High Road,City Of London,ENG,51.4991159078081,-0.0555707042779178,2 Higher Grove,City of London,ENG,51.4995713916494,-0.0787528326228782,5,2017-01-08,True,Attended,London Medical Center,2 Court Road,London,ENG,51.5209813750509,-0.0428138816299661,2017-01-24
Leroy,M.,Waudby,904-60-7318,1952-03-22,,Leroy,M.,Waudby,904-60-7318,1952-03-22,1 Hazel Road,Bristol,ENG,51.4721250946572,-2.57682111121894,1 Hazel Road,Bristol,ENG,51.4721250946572,-2.57682111121894,71,2017-01-23,True,Attended,Gloucester Medical Center,98 Old Green,Gloucester,ENG,51.8655234945415,-2.23934549136816,2017-01-24
Harold,Daniel,McKinlay,381-65-3599,1949-04-26,Attendant,David,P.,Stroud,414-24-4626,1952-02-23,37 Shire Road,Stevenage,ENG,51.9027309079699,-0.202658634141327,32 Meadow Gardens,Isleworth,ENG,51.483500874221,-0.348909109977157,44,2017-01-11,True,Attended,London Medical Center,10 New Road,London,ENG,51.6362671351641,0.0244366994943203,2017-01-25
Nadeem,S.,Urquhart,686-89-2625,1959-10-07,Donor,Hector,K.,Sloper,179-73-3566,1954-09-11,9 Park Grove,Stone,ENG,52.9110091263096,-2.16689581934922,1 Marsh Close,Hayes,ENG,51.5158441954192,-0.423301413307744,214,2017-01-21,True,Attended,Birmingham Community Based Outpatient Clinic,28 Bank Close,Birmingham,ENG,52.4965882132224,-1.91600442469743,2017-01-25
Kathleen,J.,Ashman,296-84-0728,1953-02-06,,Kathleen,J.,Ashman,296-84-0728,1953-02-06,86 Station Court,Wolverhampton,ENG,52.5786020438058,-2.13264215086678,86 Station Court,Wolverhampton,ENG,52.5786020438058,-2.13264215086678,13,2017-01-12,True,Attended,Bloxwich Vet Center,71 Park Lane,Bloxwich,ENG,52.6142781725694,-2.00983209362529,2017-01-26
Christopher,M.,Garton,949-99-3592,1948-10-31,CareGiver,Donald,William,Murphy,158-22-8818,1959-06-18,28 Old Road,Leicester,ENG,52.644742683964,-1.13451507091924,34 View Hill,Leicester,ENG,52.6395706164847,-1.15454336019935,65,2017-01-25,True,Attended,Stamford Vet Center,98 Bell Road,Stamford,ENG,52.6504859759386,-0.483337339095998,2017-01-26
Mary,Helen,McDonald,674-39-7859,1952-08-11,CareGiver,Dennis,B.,Hall,015-44-4055,1957-02-11,22 Offices Road,London,ENG,51.5121447232322,-0.0158069080584003,1 Church Road,London,ENG,51.3976964406765,-0.112529730824118,32,2017-01-18,True,Attended,City Of London Community Based Outpatient Clinic,14 Moor Avenue,City Of London,ENG,51.4335997854435,-0.425263993534607,2017-01-27
Leland,A.,Martin,543-90-2536,1955-08-27,,Leland,A.,Martin,543-90-2536,1955-08-27,15 Chapel Lane,City Of London,ENG,51.4194124872557,0.0939014390686634,15 Chapel Lane,City of London,ENG,51.4194124872557,0.0939014390686634,21,2017-01-22,True,Attended,London Medical Center,2 Court Road,London,ENG,51.5209813750509,-0.0428138816299661,2017-01-27
Bruce,T.,Rocha,223-77-8477,1954-09-06,,Bruce,T.,Rocha,223-77-8477,1954-09-06,3 Three Close,Alfreton,ENG,53.1002730581745,-1.39014828646153,3 Three Close,Alfreton,ENG,53.1002730581745,-1.39014828646153,84,2017-01-07,True,Attended,Newcastle Under Lyme Community Based Outpatient Clinic,1 Unit Way,Newcastle Under Lyme,ENG,52.9992951113397,-2.25648442651437,2017-01-28
Kevin,Matthew,Morrison,061-96-0608,1962-02-22,,Kevin,Matthew,Morrison,061-96-0608,1962-02-22,2 Royal Grove,London,ENG,51.5112816015776,-0.139215133948666,2 Royal Grove,London,ENG,51.5112816015776,-0.139215133948666,75,2017-01-24,True,Attended,Letchworth Garden City Community Based Outpatient Clinic,6 Willows Road,Letchworth Garden...,ENG,51.9786117316275,-0.226079947825793,2017-01-28
John,David,Cothran,764-84-5169,1946-10-20,Attendant,Ronald,Ishtiaq,Corlett,488-88-2094,1946-09-08,8 Paddock Road,Alcester,ENG,52.2139894980706,-1.86580999011651,3 Central Street,Worcester,ENG,52.1859431285398,-2.21321571764777,60,2017-01-06,True,Attended,Birmingham Community Based Outpatient Clinic,13 Trinity Crescent,Birmingham,ENG,52.4913751788215,-1.85203500677408,2017-01-29
Mark,Rodney,McBride,932-40-8145,1961-06-30,,Mark,Rodney,McBride,932-40-8145,1961-06-30,46 Elms Avenue,Kettering,ENG,52.3955568786902,-0.724540953527205,46 Elms Avenue,Kettering,ENG,52.3955568786902,-0.724540953527205,67,2017-01-19,True,Attended,Biggleswade Vet Center,23 Hawthorn Road,Biggleswade,ENG,52.0755816251958,-0.27804614458409,2017-01-29
William,J.,Brewster,686-81-5091,1949-10-05,Attendant,William,Kevin,Lutz,712-00-6368,1944-02-08,6 Swan Street,Northampton,ENG,52.251327232236,-0.869114028985052,70 County Crescent,Northampton,ENG,52.2741727092276,-0.901894192629262,72,2017-01-16,True,Attended,Stamford Vet Center,98 Bell Road,Stamford,ENG,52.6504859759386,-0.483337339095998,2017-01-31
Kimberly,V.,Erickson,817-65-2662,1945-05-16,,Kimberly,V.,Erickson,817-65-2662,1945-05-16,3 Heath Close,London,ENG,51.4357757097385,-0.437928241806263,3 Heath Close,London,ENG,51.4357757097385,-0.437928241806263,24,2017-01-24,True,Attended,London Community Based Outpatient Clinic,32 City Close,London,ENG,51.4636606522978,-0.194741323359447,2017-01-31
A.,M.,Garcia,570-60-9886,1949-07-27,Attendant,Jason,S.,Rowland,116-55-9437,1968-02-04,3 Park Drive,Wolverhampton,ENG,52.5749556836068,-2.16091700427763,77 Bank Road,Wolverhampton,ENG,52.5620160726169,-2.19395917693808,13,2017-01-26,True,Attended,Brierley Hill Community Based Outpatient Clinic,1 Princess Road,Brierley Hill,ENG,52.4929484617446,-2.11651749913109,2017-02-01
Dustin,Paul,Elson,678-41-5746,1951-01-13,,Dustin,Paul,Elson,678-41-5746,1951-01-13,5 Forest Crescent,Leighton Buzzard,ENG,51.9040556656099,-0.673981275120221,5 Forest Crescent,Leighton Buzzard,ENG,51.9040556656099,-0.673981275120221,29,2017-01-28,True,Attended,Newport Pagnell Medical Center,2 Hill Road,Newport Pagnell,ENG,52.0848262880483,-0.720014200848694,2017-02-01
Howard,M.,Wilken,601-41-2034,1948-09-25,,Howard,M.,Wilken,601-41-2034,1948-09-25,12 Hill Grove,Nottingham,ENG,52.9510500010067,-1.11957222221905,12 Hill Grove,Nottingham,ENG,52.9510500010067,-1.11957222221905,96,2017-01-30,True,Attended,Stamford Vet Center,98 Bell Road,Stamford,ENG,52.6504859759386,-0.483337339095998,2017-02-01
Alice,Dorethea,Moon,431-66-7827,1970-09-20,CareGiver,Christine,Erin,Robinson,490-30-6425,1946-01-20,1 Town Street,London,ENG,51.4157442774841,-0.0771557543489486,31 Sycamore Street,London,ENG,51.4677932893482,-0.100047949744658,15,2017-01-11,True,Attended,City Of London Medical Center,2 Old Place,City Of London,ENG,51.5421112615549,-0.197203606903727,2017-02-02
M.,T.,Carson,858-59-3931,1953-01-05,CareGiver,David,R.,Kift,053-08-4987,1961-04-19,15 Court Road,Harrow On The Hill,ENG,51.5708529827882,-0.329461200820863,1 Trinity Road,City of London,ENG,51.6693913301758,-0.393414365905148,52,2017-01-20,True,Attended,Letchworth Garden City Community Based Outpatient Clinic,6 Willows Road,Letchworth Garden...,ENG,51.9786117316275,-0.226079947825793,2017-02-02
Breana,M.,Wallington,465-51-9291,1963-12-07,,Breana,M.,Wallington,465-51-9291,1963-12-07,7 Queen Road,Blacon,ENG,53.205055972505,-2.92242580506323,7 Queen Road,Blacon,ENG,53.205055972505,-2.92242580506323,71,2017-02-01,True,Attended,Newcastle Under Lyme Community Based Outpatient Clinic,1 Unit Way,Newcastle Under Lyme,ENG,52.9992951113397,-2.25648442651437,2017-02-02
Nicholas,B.,Wiggett,207-33-3860,1951-07-10,Attendant,Hector,K.,Sloper,179-73-3566,1954-09-11,9 Park Grove,Stone,ENG,52.9110091263096,-2.16689581934922,4 School Road,Winsford,ENG,53.1853358516866,-2.51043407769972,123,2017-01-21,True,Attended,Birmingham Community Based Outpatient Clinic,28 Bank Close,Birmingham,ENG,52.4965882132224,-1.91600442469743,2017-02-03
Molly,Helen,Macready,345-06-7447,1947-06-02,,Molly,Helen,Macready,345-06-7447,1947-06-02,4 Offices Road,Brierley Hill,ENG,52.4820628434015,-2.12081404813166,4 Offices Road,Brierley Hill,ENG,52.4820628434015,-2.12081404813166,20,2017-01-31,True,Attended,Birmingham Community Based Outpatient Clinic,28 Bank Close,Birmingham,ENG,52.4965882132224,-1.91600442469743,2017-02-03
Moyra,Joyce,Bushway,667-21-6547,1941-01-18,Attendant,Henry,Paul,Bastarache,548-41-5717,1954-01-23,19 Vale Way,City Of London,ENG,51.5280656491856,-0.130996245462451,8 New Road,City of London,ENG,51.4341995138826,0.0662823038010935,31,2017-01-23,True,Attended,City Of London Medical Center,2 Old Place,City Of London,ENG,51.5421112615549,-0.197203606903727,2017-02-04
Sherman,Jeffrey,Evans,515-96-5331,1951-08-13,Attendant,Maurice,C.,Santana,885-11-5900,1943-08-25,13 Park Road,London,ENG,51.4812554689366,-0.180726723662895,65 One Road,London,ENG,51.5090584538406,-0.130618126888763,9,2017-01-29,True,Attended,London Medical Center,2 Court Road,London,ENG,51.5209813750509,-0.0428138816299661,2017-02-04
S.,A.,Akhtar,678-47-4016,1954-12-21,,S.,A.,Akhtar,678-47-4016,1954-12-21,46 Sea Road,Coventry,ENG,52.4184721853611,-1.51987458831532,46 Sea Road,Coventry,ENG,52.4184721853611,-1.51987458831532,34,2017-01-31,True,Attended,Birmingham Community Based Outpatient Clinic,13 Trinity Crescent,Birmingham,ENG,52.4913751788215,-1.85203500677408,2017-02-05
Michael,James,Kelly,201-67-4367,1950-08-28,Attendant,Bruno,J.,Bradley,751-57-1210,1942-12-11,37 Rock Walk,London,ENG,51.3757371615084,-0.105228407655941,79 Oak Avenue,London,ENG,51.5830072565817,-0.48694539118366,50,2017-02-02,True,Attended,City Of London Vet Center,97 River Lane,City Of London,ENG,51.405539871291,-0.0728528604174804,2017-02-06
Benny,William,Rogers,530-34-0750,1945-03-29,,Benny,William,Rogers,530-34-0750,1945-03-29,77 Court Gardens,Southam,ENG,52.2581550613023,-1.38497034516941,77 Court Gardens,Southam,ENG,52.2581550613023,-1.38497034516941,59,2017-01-20,True,Attended,Birmingham Community Based Outpatient Clinic,13 Trinity Crescent,Birmingham,ENG,52.4913751788215,-1.85203500677408,2017-02-07
Herman,T.,Wyld,248-56-9674,1950-10-29,,Herman,T.,Wyld,248-56-9674,1950-10-29,3 Hill Road,Southall,ENG,51.4951651512735,-0.383176805699919,3 Hill Road,Southall,ENG,51.4951651512735,-0.383176805699919,49,2017-01-23,True,Attended,London Community Based Outpatient Clinic,9 Court Avenue,London,ENG,51.4411210621924,0.106147713355345,2017-02-07
Bernard,R.,Bartley,268-62-4529,1956-08-03,,Bernard,R.,Bartley,268-62-4529,1956-08-03,46 Broom Road,London,ENG,51.5708900119428,-0.0321526218444475,46 Broom Road,London,ENG,51.5708900119428,-0.0321526218444475,25,2017-02-06,True,Attended,London Community Based Outpatient Clinic,9 Court Avenue,London,ENG,51.4411210621924,0.106147713355345,2017-02-07
P.,E.,Simpson,205-55-4912,1961-01-26,,P.,E.,Simpson,205-55-4912,1961-01-26,2 Station Rise,London,ENG,51.4462319041187,-0.156904144122023,2 Station Rise,London,ENG,51.4462319041187,-0.156904144122023,5,2017-01-10,True,Attended,London Community Based Outpatient Clinic,32 City Close,London,ENG,51.4636606522978,-0.194741323359447,2017-02-08
Stephen,Alan,Rout,109-25-1158,1945-05-18,,Stephen,Alan,Rout,109-25-1158,1945-05-18,72 Marsh Green,London,ENG,51.5259024603899,-0.0879286426449491,72 Marsh Green,London,ENG,51.5259024603899,-0.0879286426449491,23,2017-01-27,True,Attended,London Community Based Outpatient Clinic,9 Court Avenue,London,ENG,51.4411210621924,0.106147713355345,2017-02-08
Elmer,Michael,Lawton,792-11-8958,1958-03-24,,Elmer,Michael,Lawton,792-11-8958,1958-03-24,91 Yew Place,Royal Leamington Spa,ENG,52.2905661721059,-1.52780503838748,91 Yew Place,Royal Leamington Spa,ENG,52.2905661721059,-1.52780503838748,50,2017-01-23,True,Attended,Birmingham Community Based Outpatient Clinic,28 Bank Close,Birmingham,ENG,52.4965882132224,-1.91600442469743,2017-02-09
Georges,A.,Polk,679-98-7733,1951-09-03,CareGiver,Robert,W.,Russell,780-24-4996,1943-07-22,96 End Close,Hinckley,ENG,52.5488547257948,-1.37950712471857,1 Park Way,Birmingham,ENG,52.4753210864705,-1.91479443113509,20,2017-01-24,True,Attended,Brierley Hill Community Based Outpatient Clinic,1 Princess Road,Brierley Hill,ENG,52.4929484617446,-2.11651749913109,2017-02-09
Henry,T.,Stockman,506-49-8154,1946-05-01,,Henry,T.,Stockman,506-49-8154,1946-05-01,12 Park Grove,Hitchin,ENG,51.9489630865673,-0.270008044254045,12 Park Grove,Hitchin,ENG,51.9489630865673,-0.270008044254045,65,2017-01-27,True,Attended,City Of London Medical Center,2 Old Place,City Of London,ENG,51.5421112615549,-0.197203606903727,2017-02-09
Margaret,Roberta,Burns,369-37-3125,1954-05-01,CareGiver,Brett,J.,Duckworth,265-54-7726,1952-01-09,2 Spring Close,City Of London,ENG,51.3975297461165,-0.275917031889315,4 Meadow Hill,City of London,ENG,51.3668215383763,-0.094727811599507,39,2017-02-08,True,Attended,London Community Based Outpatient Clinic,36 Commercial Terrace,London,ENG,51.4616409736067,-0.456066024494254,2017-02-09
Margaret,Elizabeth,Lewis,715-65-7885,1950-01-28,Attendant,Lori,Hazel,Hinton,136-74-7654,1952-04-30,2 High Road,City Of London,ENG,51.3158778552396,-0.102565802376949,9 City Road,City of London,ENG,51.6231466705538,0.167548178297045,26,2017-01-31,True,Attended,London Medical Center,2 Court Road,London,ENG,51.5209813750509,-0.0428138816299661,2017-02-10
David,F.,Finch,464-50-3464,1953-01-06,Attendant,Charles,R.,Winslow,687-41-6338,1967-04-27,2 View Drive,City Of London,ENG,51.5295981406618,-0.0258248972569371,27 High Avenue,City of London,ENG,51.6159108425411,-0.30391258014295,21,2017-01-27,True,Attended,London Vet Center,38 Moor Road,London,ENG,51.5073185118859,-0.417499463217821,2017-02-11
Sean,David,Chapman,830-80-5759,1955-10-19,,Sean,David,Chapman,830-80-5759,1955-10-19,43 Court Road,London,ENG,51.5807808839325,-0.223982591622365,43 Court Road,London,ENG,51.5807808839325,-0.223982591622365,7,2017-01-18,True,Attended,City Of London Medical Center,2 Old Place,City Of London,ENG,51.5421112615549,-0.197203606903727,2017-02-12
Curtis,Nathan,Godber,551-64-7395,1960-10-28,Attendant,William,Kevin,Lutz,712-00-6368,1944-02-08,6 Swan Street,Northampton,ENG,52.251327232236,-0.869114028985052,1 Woodlands Court,Northampton,ENG,52.2655824914292,-0.878453105370328,65,2017-02-08,True,Attended,Newport Pagnell Medical Center,2 Hill Road,Newport Pagnell,ENG,52.0848262880483,-0.720014200848694,2017-02-12
Gene,G.,Aguirre,017-38-2383,1948-05-25,,Gene,G.,Aguirre,017-38-2383,1948-05-25,1 Green Hill,Bristol,ENG,51.4651476568772,-2.51766772385823,1 Green Hill,Bristol,ENG,51.4651476568772,-2.51766772385823,69,2017-02-11,True,Attended,Gloucester Medical Center,98 Old Green,Gloucester,ENG,51.8655234945415,-2.23934549136816,2017-02-12
Dennis,E.,Dummett,528-95-6894,1949-03-05,Donor,David,James,Bone,799-99-7902,1950-03-31,15 Church Road,Dudley,ENG,52.4763590200876,-2.10041228730929,86 Heath Lane,Hayes,ENG,51.5186506104399,-0.425640982001139,233,2017-02-11,True,Attended,Bloxwich Vet Center,71 Park Lane,Bloxwich,ENG,52.6142781725694,-2.00983209362529,2017-02-12
Akhter,Jesus,Hoare,231-74-6858,1952-09-12,,Akhter,Jesus,Hoare,231-74-6858,1952-09-12,7 Wood Road,Corby,ENG,52.5126596526505,-0.691102416450326,7 Wood Road,Corby,ENG,52.5126596526505,-0.691102416450326,30,2017-01-22,True,Attended,Stamford Vet Center,98 Bell Road,Stamford,ENG,52.6504859759386,-0.483337339095998,2017-02-13
Jose,K.,McDonald,460-62-6591,1953-02-05,Donor,Dustin,Paul,Elson,678-41-5746,1951-01-13,5 Forest Crescent,Leighton Buzzard,ENG,51.9040556656099,-0.673981275120221,1 Beech Lane,Nailsea,ENG,51.4331781799272,-2.75813621091093,669,2017-01-28,True,Attended,Newport Pagnell Medical Center,2 Hill Road,Newport Pagnell,ENG,52.0848262880483,-0.720014200848694,2017-02-13
Mark,C.,Starr,112-24-9541,1954-10-19,,Mark,C.,Starr,112-24-9541,1954-10-19,5 Princes Drive,London,ENG,51.6400794713878,-0.408317041672944,5 Princes Drive,London,ENG,51.6400794713878,-0.408317041672944,35,2017-01-31,True,Attended,London Community Based Outpatient Clinic,32 City Close,London,ENG,51.4636606522978,-0.194741323359447,2017-02-14
Bruce,Dennis,Smy,174-73-6419,1960-12-16,CareGiver,George,P.,Wagaman,030-12-4165,1943-09-30,12 Works Road,Watford,ENG,51.6348940061111,-0.398167893851962,27 Beeches Drive,City of London,ENG,51.5527147011052,-0.21928526163514,37,2017-02-13,True,Attended,London Community Based Outpatient Clinic,9 Court Avenue,London,ENG,51.4411210621924,0.106147713355345,2017-02-14
M.,L.,Harvey,227-80-6620,1949-10-24,,M.,L.,Harvey,227-80-6620,1949-10-24,6 Vale Way,City Of London,ENG,51.4973587350271,-0.128224997226848,6 Vale Way,City of London,ENG,51.4973587350271,-0.128224997226848,10,2017-02-03,True,Attended,City Of London Medical Center,2 Old Place,City Of London,ENG,51.5421112615549,-0.197203606903727,2017-02-15
Wayne,E.,Cox,144-99-1155,1947-06-16,,Wayne,E.,Cox,144-99-1155,1947-06-16,18 City Crescent,City Of London,ENG,51.7310762137157,-0.0468720246626326,18 City Crescent,City of London,ENG,51.7310762137157,-0.0468720246626326,17,2017-02-05,True,Attended,London Medical Center,10 New Road,London,ENG,51.6362671351641,0.0244366994943203,2017-02-15
Archie,Stephen,Guinn,501-08-5020,1964-10-10,,Archie,Stephen,Guinn,501-08-5020,1964-10-10,66 Bridge Lane,City Of London,ENG,51.5217149067786,-0.117315928031684,66 Bridge Lane,City of London,ENG,51.5217149067786,-0.117315928031684,30,2017-02-08,True,Attended,London Vet Center,38 Moor Road,London,ENG,51.5073185118859,-0.417499463217821,2017-02-16
Philip,W.,Basharat,454-79-4751,1946-06-02,Attendant,Christopher,J.,Eckard,194-85-4696,1962-11-23,1 Park Avenue,City Of London,ENG,51.5237644376206,-0.137426267727866,9 Sea Green,City of London,ENG,51.6000865816348,-0.260108035191625,60,2017-02-15,True,Attended,Letchworth Garden City Community Based Outpatient Clinic,6 Willows Road,Letchworth Garden...,ENG,51.9786117316275,-0.226079947825793,2017-02-16
F.,S.,Hanif,525-08-0381,1952-08-31,Attendant,Glen,William,Flood,831-69-3352,1940-02-25,4 Park Road,City Of London,ENG,51.463043155444,-0.0991469743040353,4 Broad Road,City of London,ENG,51.4507079728276,-0.155519686722409,16,2017-02-16,True,Attended,City Of London Vet Center,97 River Lane,City Of London,ENG,51.405539871291,-0.0728528604174804,2017-02-17
Mark,T.,Witheridge,191-87-9154,1945-02-19,Donor,Mark,C.,Starr,112-24-9541,1954-10-19,5 Princes Drive,London,ENG,51.6400794713878,-0.408317041672944,9 Woodlands Drive,Walsall,ENG,52.5861690266345,-1.98624510959232,250,2017-01-31,True,Attended,London Community Based Outpatient Clinic,32 City Close,London,ENG,51.4636606522978,-0.194741323359447,2017-02-18
Cheryl,S.,Desborough,223-86-1430,1952-03-27,Attendant,Christopher,Herbert,Winkler,078-40-0233,1953-10-26,50 Jubilee Court,Birmingham,ENG,52.5525431725518,-1.94092347420124,59 Farm Court,Birmingham,ENG,52.478012006406,-1.89885978402229,3,2017-02-14,True,Attended,Birmingham Community Based Outpatient Clinic,28 Bank Close,Birmingham,ENG,52.4965882132224,-1.91600442469743,2017-02-18
Amberly,Hilda,Boyd,315-39-4204,1949-11-30,CareGiver,Anthony,John,Rios,090-73-4393,1951-08-06,9 Isle Street,Northampton,ENG,52.2288230358766,-0.903823719898024,28 Works Street,Northampton,ENG,52.2321666026436,-0.915426293680796,30,2017-02-05,True,Attended,Newport Pagnell Medical Center,2 Hill Road,Newport Pagnell,ENG,52.0848262880483,-0.720014200848694,2017-02-19
S.,D.,Martine,700-05-2931,1956-09-17,CareGiver,Shawn,P.,Deloatch,761-34-1666,1969-01-29,1 Meadow Street,London,ENG,51.5877391842546,-0.285077492896725,69 High Street,London,ENG,51.4190152362663,-0.249799528324322,104,2017-02-16,True,Attended,Biggleswade Vet Center,23 Hawthorn Road,Biggleswade,ENG,52.0755816251958,-0.27804614458409,2017-02-19
William,Kenneth,Haddow,659-93-4420,1939-12-05,,William,Kenneth,Haddow,659-93-4420,1939-12-05,22 New Cottages,Aylesbury,ENG,51.8352125764871,-0.808881648463286,22 New Cottages,Aylesbury,ENG,51.8352125764871,-0.808881648463286,85,2017-01-30,True,Attended,London Community Based Outpatient Clinic,32 City Close,London,ENG,51.4636606522978,-0.194741323359447,2017-02-20
Nicolas,Eric,Rivera,927-79-2429,1947-08-08,,Nicolas,Eric,Rivera,927-79-2429,1947-08-08,3 View Road,City Of London,ENG,51.503224070767,-0.276257076617098,3 View Road,City of London,ENG,51.503224070767,-0.276257076617098,10,2017-02-04,True,Attended,City Of London Medical Center,2 Old Place,City Of London,ENG,51.5421112615549,-0.197203606903727,2017-02-21
Neil,Donald,Cromar,870-16-1241,1946-09-06,,Neil,Donald,Cromar,870-16-1241,1946-09-06,27 Chapel Road,East Leake,ENG,52.8303261577473,-1.18132753177727,27 Chapel Road,East Leake,ENG,52.8303261577473,-1.18132753177727,88,2017-02-04,True,Attended,Birmingham Community Based Outpatient Clinic,28 Bank Close,Birmingham,ENG,52.4965882132224,-1.91600442469743,2017-02-21
Shanelle,,Uddin,131-17-5441,1943-11-12,CareGiver,David,James,Bone,799-99-7902,1950-03-31,15 Church Road,Dudley,ENG,52.4763590200876,-2.10041228730929,17 Farm Drive,Cradley Heath,ENG,52.4753311731117,-2.08651677612421,23,2017-02-11,True,Attended,Bloxwich Vet Center,71 Park Lane,Bloxwich,ENG,52.6142781725694,-2.00983209362529,2017-02-21
Daniel,Edward,Bland,080-89-3844,1941-03-27,,Daniel,Edward,Bland,080-89-3844,1941-03-27,99 End Close,Harringay,ENG,51.5811411113493,-0.103185972466812,99 End Close,Harringay,ENG,51.5811411113493,-0.103185972466812,15,2017-02-06,True,Attended,London Medical Center,10 New Road,London,ENG,51.6362671351641,0.0244366994943203,2017-02-22
Gustavo,Nathan,Broomhead,966-15-5270,1948-07-26,,Gustavo,Nathan,Broomhead,966-15-5270,1948-07-26,2 Yard Street,Leighton Buzzard,ENG,51.9175229695764,-0.664594136663852,2 Yard Street,Leighton Buzzard,ENG,51.9175229695764,-0.664594136663852,27,2017-02-14,True,Attended,Newport Pagnell Medical Center,2 Hill Road,Newport Pagnell,ENG,52.0848262880483,-0.720014200848694,2017-02-23
Carol,K.,Ramirez,694-05-1178,1956-12-31,Donor,Matthew,David,Cutshaw,169-00-1962,1950-02-04,2 Farm Gardens,Harpenden,ENG,51.8164675788512,-0.332162995138237,15 Chase Place,Tamworth,ENG,52.6186380121929,-1.72128646968303,177,2017-02-17,True,Attended,Letchworth Garden City Community Based Outpatient Clinic,6 Willows Road,Letchworth Garden...,ENG,51.9786117316275,-0.226079947825793,2017-02-23
Dean,M.,Horton,419-44-1542,1935-05-11,CareGiver,Matthew,David,Cutshaw,169-00-1962,1950-02-04,2 Farm Gardens,Harpenden,ENG,51.8164675788512,-0.332162995138237,1 Park Road,City of London,ENG,51.7229055055285,0.00218771284948999,46,2017-02-17,True,Attended,Letchworth Garden City Community Based Outpatient Clinic,6 Willows Road,Letchworth Garden...,ENG,51.9786117316275,-0.226079947825793,2017-02-24
Cesar,M.,Mitchell,679-74-9294,1951-05-28,,Cesar,M.,Mitchell,679-74-9294,1951-05-28,19 Boundary Close,City Of London,ENG,51.5046456044089,-0.078480930445887,19 Boundary Close,City of London,ENG,51.5046456044089,-0.078480930445887,38,2017-02-22,True,Attended,London Community Based Outpatient Clinic,36 Commercial Terrace,London,ENG,51.4616409736067,-0.456066024494254,2017-02-25
Michelle,Olwyn,Fritz,077-27-1437,1963-06-25,,Michelle,Olwyn,Fritz,077-27-1437,1963-06-25,51 Park Court,London,ENG,51.509759854992,-0.155809664845305,51 Park Court,London,ENG,51.509759854992,-0.155809664845305,18,2017-02-23,True,Attended,City Of London Vet Center,97 River Lane,City Of London,ENG,51.405539871291,-0.0728528604174804,2017-02-25
Kamran,D.,Stillwell,817-15-0461,1957-01-06,,Kamran,D.,Stillwell,817-15-0461,1957-01-06,3 Holly Road,Northolt,ENG,51.5475052361817,-0.369964781080284,3 Holly Road,Northolt,ENG,51.5475052361817,-0.369964781080284,19,2017-02-24,True,Attended,City Of London Community Based Outpatient Clinic,14 Moor Avenue,City Of London,ENG,51.4335997854435,-0.425263993534607,2017-02-26
Isabel,J.,Stoddart,551-50-8443,1942-12-30,Donor,Donna,Dolores,Barrington,894-42-8955,1948-02-24,69 Oak Street,Milton Keynes,ENG,52.0545282208387,-0.728224137447661,82 Hill Close,London,ENG,51.3654922104673,-0.0622092014883886,131,2017-02-11,True,Attended,Newport Pagnell Medical Center,2 Hill Road,Newport Pagnell,ENG,52.0848262880483,-0.720014200848694,2017-02-27
David,R.,Hooser,832-45-6692,1948-08-04,,David,R.,Hooser,832-45-6692,1948-08-04,96 Quay Road,Watford,ENG,51.6630236619676,-0.412789680395621,47 Block Street,Luton,ENG,51.887780725283,-0.409304235171233,112,2017-02-19,True,Attended,City Of London Community Based Outpatient Clinic,14 Moor Avenue,City Of London,ENG,51.4335997854435,-0.425263993534607,2017-02-27
Robert,R.,Lafferty,764-71-0973,1942-07-23,,Robert,R.,Lafferty,764-71-0973,1942-07-23,1 Floor Road,Coventry,ENG,52.394480487125,-1.53519357865187,1 Floor Road,Coventry,ENG,52.394480487125,-1.53519357865187,34,2017-02-12,True,Attended,Birmingham Community Based Outpatient Clinic,13 Trinity Crescent,Birmingham,ENG,52.4913751788215,-1.85203500677408,2017-02-28
Neil,Donald,Cromar,870-16-1241,1946-09-06,,Neil,Donald,Cromar,870-16-1241,1946-09-06,27 Chapel Road,East Leake,ENG,52.8303261577473,-1.18132753177727,27 Chapel Road,East Leake,ENG,52.8303261577473,-1.18132753177727,73,2017-02-27,True,Attended,Stamford Vet Center,98 Bell Road,Stamford,ENG,52.6504859759386,-0.483337339095998,2017-02-28
Bruce,Dennis,Smy,174-73-6419,1960-12-16,,Bruce,Dennis,Smy,174-73-6419,1960-12-16,27 Beeches Drive,City Of London,ENG,51.5527147011052,-0.21928526163514,27 Beeches Drive,City of London,ENG,51.5527147011052,-0.21928526163514,68,2017-02-25,True,Attended,Letchworth Garden City Community Based Outpatient Clinic,6 Willows Road,Letchworth Garden...,ENG,51.9786117316275,-0.226079947825793,2017-03-01
Marlon,G.,Hairston,523-91-1025,1943-12-21,CareGiver,J.,,Knight,957-94-7020,1942-02-01,21 School Street,London,ENG,51.5627388988215,-0.0614478202181551,42 Unit Gardens,London,ENG,51.5052105430259,-0.113882969971775,7,2017-02-25,True,Missed,London Medical Center,2 Court Road,London,ENG,51.5209813750509,-0.0428138816299661,2017-03-02
Donna,E.,Dunaway,036-38-9156,1955-03-02,,Donna,E.,Dunaway,036-38-9156,1955-03-02,1 Edge Terrace,Ryton,ENG,52.6215071832225,-2.36849488118601,1 Edge Terrace,Ryton,ENG,52.6215071832225,-2.36849488118601,32,2017-01-24,True,Attended,Brierley Hill Community Based Outpatient Clinic,1 Princess Road,Brierley Hill,ENG,52.4929484617446,-2.11651749913109,2017-03-03
Donna,Dolores,Barrington,894-42-8955,1948-02-24,,Donna,Dolores,Barrington,894-42-8955,1948-02-24,69 Oak Street,Milton Keynes,ENG,52.0545282208387,-0.728224137447661,69 Oak Street,Milton Keynes,ENG,52.0545282208387,-0.728224137447661,5,2017-02-11,True,Attended,Newport Pagnell Medical Center,2 Hill Road,Newport Pagnell,ENG,52.0848262880483,-0.720014200848694,2017-03-03
Colin,John,Sylvester,388-84-5494,1957-07-09,Attendant,Allen,David,Sandeman,603-36-2342,1951-11-17,1 Sea Road,City Of London,ENG,51.5359867576877,-0.175553653876005,33 Court Road,City of London,ENG,51.4414216938337,-0.0273196924608943,23,2017-02-23,True,Attended,City Of London Medical Center,2 Old Place,City Of London,ENG,51.5421112615549,-0.197203606903727,2017-03-03
Donald,A.,Garner,470-74-2865,1949-03-07,,Donald,A.,Garner,470-74-2865,1949-03-07,19 Valley Walk,City Of London,ENG,51.5198732551702,-0.0902642290036049,19 Valley Walk,City of London,ENG,51.5198732551702,-0.0902642290036049,18,2017-02-17,True,Attended,City Of London Vet Center,97 River Lane,City Of London,ENG,51.405539871291,-0.0728528604174804,2017-03-04
John,Mark,Galpin,122-53-0114,1968-07-21,,John,Mark,Galpin,122-53-0114,1968-07-21,7 White Road,Battersea,ENG,51.47489139511,-0.14319998760746,7 White Road,Battersea,ENG,51.47489139511,-0.14319998760746,13,2017-02-26,True,Attended,City Of London Vet Center,97 River Lane,City Of London,ENG,51.405539871291,-0.0728528604174804,2017-03-04
John,Lloyd,Nesbit,920-88-9381,1963-05-10,CareGiver,Raul,Earl,Turner,847-00-2523,1955-08-24,22 Land Street,London,ENG,51.4491764924991,-0.102096105064272,7 Wharf Way,London,ENG,51.6201243383038,-0.401768464422641,47,2017-03-02,True,Attended,City Of London Vet Center,97 River Lane,City Of London,ENG,51.405539871291,-0.0728528604174804,2017-03-04
Martha,M.,Booth,752-93-5369,1952-10-06,Attendant,William,C.,Hendrix,416-15-5461,1955-12-11,1 Hills Road,Coventry,ENG,52.4046853619961,-1.45900642910005,1 Industrial Square,Stourbridge,ENG,52.4520301137727,-2.14328146766223,29,2017-02-24,True,Attended,Birmingham Community Based Outpatient Clinic,13 Trinity Crescent,Birmingham,ENG,52.4913751788215,-1.85203500677408,2017-03-05
Robert,Eric,Palmer,220-17-4558,1947-02-05,CareGiver,A.,A.,Blank,552-98-4954,1945-03-29,36 Lower Mews,Wednesbury,ENG,52.5509030825141,-2.02227957910482,2 Old Lane,Birmingham,ENG,52.4725741900984,-1.98550442291906,88,2017-02-12,True,Attended,Newcastle Under Lyme Community Based Outpatient Clinic,1 Unit Way,Newcastle Under Lyme,ENG,52.9992951113397,-2.25648442651437,2017-03-07
Jesse,C.,Odle,296-17-9318,1943-08-14,,Jesse,C.,Odle,296-17-9318,1943-08-14,19 Long Street,City Of London,ENG,51.5290008338012,-0.213103900142501,19 Long Street,City of London,ENG,51.5290008338012,-0.213103900142501,3,2017-02-25,True,Attended,City Of London Medical Center,2 Old Place,City Of London,ENG,51.5421112615549,-0.197203606903727,2017-03-07
Raymond,J.,Collumbell,536-65-7988,1956-03-28,,Raymond,J.,Collumbell,536-65-7988,1956-03-28,99 Palace Road,Luton,ENG,51.8875631543803,-0.40628639673478,99 Palace Road,Luton,ENG,51.8875631543803,-0.40628639673478,58,2017-02-28,True,Attended,London Medical Center,10 New Road,London,ENG,51.6362671351641,0.0244366994943203,2017-03-07
Holly,Alma,Lowth,029-12-3827,1952-07-28,Attendant,Carl,G.,Zavala,579-50-3770,1961-09-16,2 Court Gardens,London,ENG,51.5171682610865,-0.115876786259659,34 Central Street,London,ENG,51.4710866451812,-0.0684428402520018,8,2017-02-15,True,Attended,London Medical Center,2 Court Road,London,ENG,51.5209813750509,-0.0428138816299661,2017-03-08
Mellisa,T.,Gillispie,644-92-4134,1952-01-04,Attendant,James,Jonathan,Hamner,927-74-6038,1951-11-25,1 Gate Avenue,London,ENG,51.4820451125808,-0.12399346944046,77 Broom Lane,London,ENG,51.5340888409156,0.03894968605419,44,2017-02-17,True,Attended,London Community Based Outpatient Clinic,32 City Close,London,ENG,51.4636606522978,-0.194741323359447,2017-03-08
Carol,S.,Potter,947-74-7380,1946-11-28,CareGiver,Bessie,,Bible,896-49-8992,1949-06-17,2 High Drive,Maidenhead,ENG,51.5365494240591,-0.716183589147892,4 Sea Drive,Maidenhead,ENG,51.523970491139,-0.721804101125787,67,2017-02-23,True,Attended,London Medical Center,2 Court Road,London,ENG,51.5209813750509,-0.0428138816299661,2017-03-08
Gonzalo,G.,Owens,893-53-6298,1953-03-18,,Gonzalo,G.,Owens,893-53-6298,1953-03-18,4 Park Street,Letchworth Garden...,ENG,51.9833611781813,-0.253027305880006,4 Park Street,Letchworth Garden...,ENG,51.9833611781813,-0.253027305880006,3,2017-03-01,True,Attended,Letchworth Garden City Community Based Outpatient Clinic,6 Willows Road,Letchworth Garden...,ENG,51.9786117316275,-0.226079947825793,2017-03-08
Charles,,Scothern,552-32-5704,1957-12-27,,Charles,,Scothern,552-32-5704,1957-12-27,3 Field Close,Reading,ENG,51.4767151680068,-1.00895418311513,3 Field Close,Reading,ENG,51.4767151680068,-1.00895418311513,81,2017-03-07,True,Attended,London Community Based Outpatient Clinic,32 City Close,London,ENG,51.4636606522978,-0.194741323359447,2017-03-09
Rochelle,A.,Pinder,928-67-5806,1949-12-23,Donor,Tommy,William,Weathers,225-99-1045,1940-06-29,1 Court Avenue,London,ENG,51.5241636514446,-0.118798211364527,13 Little Crescent,Warwick,ENG,52.2834411492836,-1.57908151157898,339,2017-03-08,True,Attended,City Of London Vet Center,97 River Lane,City Of London,ENG,51.405539871291,-0.0728528604174804,2017-03-10
Raul,Earl,Turner,847-00-2523,1955-08-24,,Raul,Earl,Turner,847-00-2523,1955-08-24,22 Land Street,London,ENG,51.4491764924991,-0.102096105064272,22 Land Street,London,ENG,51.4491764924991,-0.102096105064272,8,2017-03-02,True,Attended,City Of London Vet Center,97 River Lane,City Of London,ENG,51.405539871291,-0.0728528604174804,2017-03-12
Lucia,L.,Walker,436-82-6166,1952-12-24,CareGiver,William,R.,McLaughlin,533-56-2967,1954-01-15,39 Court Lane,London,ENG,51.4869011126198,0.0325642583180493,83 Major Lane,London,ENG,51.5118520823352,-0.134318900030798,9,2017-03-04,True,Attended,London Medical Center,2 Court Road,London,ENG,51.5209813750509,-0.0428138816299661,2017-03-12
Ernesto,Edward,Lindberg,656-54-6172,1957-03-29,,Ernesto,Edward,Lindberg,656-54-6172,1957-03-29,12 Station Close,City Of London,ENG,51.5365803156774,-0.0602820508401347,12 Station Close,City of London,ENG,51.5365803156774,-0.0602820508401347,72,2017-03-06,True,Attended,Letchworth Garden City Community Based Outpatient Clinic,6 Willows Road,Letchworth Garden...,ENG,51.9786117316275,-0.226079947825793,2017-03-12
Phyllis,M.,Magowan,269-37-8687,1952-01-28,Donor,J.,,Knight,957-94-7020,1942-02-01,21 School Street,London,ENG,51.5627388988215,-0.0614478202181551,2 Station Road,London,ENG,51.5077288366005,-0.125246815123266,8,2017-03-07,True,Attended,London Medical Center,2 Court Road,London,ENG,51.5209813750509,-0.0428138816299661,2017-03-12
George,Stephen,Gibbons,989-44-2333,1949-02-02,,George,Stephen,Gibbons,989-44-2333,1949-02-02,1 Coronation Way,Bristol,ENG,51.4894083049034,-2.60095643454155,1 Coronation Way,Bristol,ENG,51.4894083049034,-2.60095643454155,70,2017-03-09,True,Attended,Gloucester Medical Center,98 Old Green,Gloucester,ENG,51.8655234945415,-2.23934549136816,2017-03-12
Ann,Joan,Benson,465-73-8631,1950-10-22,Donor,A.,H.,Williams,762-29-4312,1959-07-04,18 Church Road,Holmes Chapel,ENG,53.199628447396,-2.35326283326532,3 Green Street,Welwyn Garden City,ENG,51.8017883175411,-0.209298889501512,275,2017-03-11,True,Attended,Newcastle Under Lyme Community Based Outpatient Clinic,1 Unit Way,Newcastle Under Lyme,ENG,52.9992951113397,-2.25648442651437,2017-03-12
Joyce,Lori,Aguilar,618-56-1022,1936-07-28,Attendant,Benny,William,Rogers,530-34-0750,1945-03-29,77 Court Gardens,Southam,ENG,52.2581550613023,-1.38497034516941,36 End Street,Birmingham,ENG,52.5377271551317,-1.98720480629244,15,2017-02-14,True,Attended,Birmingham Community Based Outpatient Clinic,13 Trinity Crescent,Birmingham,ENG,52.4913751788215,-1.85203500677408,2017-03-13
Jimmy,K.,Harries,963-33-4089,1954-06-13,,Jimmy,K.,Harries,963-33-4089,1954-06-13,2 University Green,London,ENG,51.4931700735723,-0.388233663663598,2 University Green,London,ENG,51.4931700735723,-0.388233663663598,8,2017-02-20,True,Attended,London Community Based Outpatient Clinic,36 Commercial Terrace,London,ENG,51.4616409736067,-0.456066024494254,2017-03-13
Annie,S.,Warren,194-73-9083,1943-05-26,Donor,Jimmy,K.,Harries,963-33-4089,1954-06-13,2 University Green,London,ENG,51.4931700735723,-0.388233663663598,17 Court Road,Bristol,ENG,51.4892257222563,-2.54883501611218,207,2017-02-20,True,Attended,London Community Based Outpatient Clinic,36 Commercial Terrace,London,ENG,51.4616409736067,-0.456066024494254,2017-03-13
Sharon,Catherine,Meakin,820-35-1093,1940-04-23,Attendant,Paul,James,Tailor,169-21-6538,1947-09-01,1 Mill Road,City Of London,ENG,51.5755138565835,-0.113901218389333,69 Golf Green,City of London,ENG,51.4959937101974,0.277450947627525,48,2017-02-22,True,Attended,City Of London Medical Center,2 Old Place,City Of London,ENG,51.5421112615549,-0.197203606903727,2017-03-13
Christopher,L.,Boutin,665-28-2040,1953-08-16,Attendant,Travis,Neil,Holroyd,278-19-2622,1946-01-02,9 New Road,City Of London,ENG,51.4543521027785,-0.0844229791642828,46 Centre Gardens,City of London,ENG,51.4271623388246,-0.041208709336335,16,2017-03-04,True,Attended,London Community Based Outpatient Clinic,32 City Close,London,ENG,51.4636606522978,-0.194741323359447,2017-03-13
Wendell,James,Jones,782-22-7128,1962-09-01,,Wendell,James,Jones,782-22-7128,1962-09-01,61 Middle Street,Walsall,ENG,52.5821884515036,-1.98447817165485,61 Middle Street,Walsall,ENG,52.5821884515036,-1.98447817165485,6,2017-02-18,True,Attended,Bloxwich Vet Center,71 Park Lane,Bloxwich,ENG,52.6142781725694,-2.00983209362529,2017-03-14
J.,L.,Kitchen,021-07-4676,1960-04-05,,J.,L.,Kitchen,021-07-4676,1960-04-05,62 Bridge Road,City Of London,ENG,51.4891312758821,-0.11177268161582,62 Bridge Road,City of London,ENG,51.4891312758821,-0.11177268161582,14,2017-02-19,True,Attended,City Of London Vet Center,97 River Lane,City Of London,ENG,51.405539871291,-0.0728528604174804,2017-03-14
Pedro,W.,Harrison,791-41-1578,1941-10-11,,Pedro,W.,Harrison,791-41-1578,1941-10-11,33 Park Close,London,ENG,51.4125315593326,-0.405223687197353,33 Park Close,London,ENG,51.4125315593326,-0.405223687197353,4,2017-03-09,True,Attended,City Of London Community Based Outpatient Clinic,14 Moor Avenue,City Of London,ENG,51.4335997854435,-0.425263993534607,2017-03-14
Timothy,John,Smith,340-77-7406,1939-03-19,,Timothy,John,Smith,340-77-7406,1939-03-19,31 Great Way,Stafford,ENG,52.8030350265022,-2.11028642076855,31 Great Way,Stafford,ENG,52.8030350265022,-2.11028642076855,32,2017-03-13,True,Attended,Bloxwich Vet Center,71 Park Lane,Bloxwich,ENG,52.6142781725694,-2.00983209362529,2017-03-14
Kurtis,Charles,Peachey,646-89-4520,1957-12-05,CareGiver,Rosemary,Michelle,Dameron,716-49-9482,1946-11-22,16 Bishops Street,Bridgnorth,ENG,52.5398474532794,-2.4340419792664,7 Mile Crescent,Evesham,ENG,52.080035503484,-1.94440771097335,66,2017-03-13,True,Attended,Birmingham Community Based Outpatient Clinic,28 Bank Close,Birmingham,ENG,52.4965882132224,-1.91600442469743,2017-03-14
John,Kevin,Decker,927-46-1721,1947-08-10,,John,Kevin,Decker,927-46-1721,1947-08-10,1 Old Avenue,London,ENG,51.4992869549076,-0.198604010801792,1 Old Avenue,London,ENG,51.4992869549076,-0.198604010801792,12,2017-02-21,True,Attended,London Community Based Outpatient Clinic,32 City Close,London,ENG,51.4636606522978,-0.194741323359447,2017-03-15
J.,N.,Knight,528-85-6118,1958-02-01,Attendant,Larry,Kirk,Platten,954-79-1137,1953-07-23,31 Park Street,City Of London,ENG,51.4420695434821,-0.148361970230421,65 Higher Road,City of London,ENG,51.6172717478188,0.286943334087162,36,2017-02-22,True,Attended,London Medical Center,2 Court Road,London,ENG,51.5209813750509,-0.0428138816299661,2017-03-15
Terrence,S.,Littlewood,462-79-8994,1943-09-28,,Terrence,S.,Littlewood,462-79-8994,1943-09-28,10 Green Street,City Of London,ENG,51.4463244039387,-0.315348940160822,10 Green Street,City of London,ENG,51.4463244039387,-0.315348940160822,45,2017-03-12,True,Attended,London Medical Center,10 New Road,London,ENG,51.6362671351641,0.0244366994943203,2017-03-15
James,,Pearson,072-56-0727,1957-05-28,,James,,Pearson,072-56-0727,1957-05-28,7 Mills Road,City Of London,ENG,51.4532990327437,0.0888041209024584,7 Mills Road,City of London,ENG,51.4532990327437,0.0888041209024584,51,2017-02-28,True,Attended,City Of London Community Based Outpatient Clinic,14 Moor Avenue,City Of London,ENG,51.4335997854435,-0.425263993534607,2017-03-17
Otis,Jeffrey,Pool,686-83-5830,1942-05-03,,Otis,Jeffrey,Pool,686-83-5830,1942-05-03,4 School Road,London,ENG,51.5264533384575,-0.0186550244241512,4 School Road,London,ENG,51.5264533384575,-0.0186550244241512,91,2017-03-05,True,Attended,Biggleswade Vet Center,23 Hawthorn Road,Biggleswade,ENG,52.0755816251958,-0.27804614458409,2017-03-17
Roger,J.,Westerlund,174-53-6114,1965-07-20,,Roger,J.,Westerlund,174-53-6114,1965-07-20,1 Farm Drive,Faringdon,ENG,51.6619662399189,-1.58966143009695,1 Farm Drive,Faringdon,ENG,51.6619662399189,-1.58966143009695,72,2017-02-16,True,Attended,Gloucester Medical Center,98 Old Green,Gloucester,ENG,51.8655234945415,-2.23934549136816,2017-03-18
Ann,R.,Molina,181-97-5916,1944-05-06,CareGiver,David,R.,Kift,053-08-4987,1961-04-19,15 Court Road,Harrow On The Hill,ENG,51.5708529827882,-0.329461200820863,32 Castle Street,City Of London,ENG,51.4301097524511,-0.165430312244808,28,2017-03-12,True,Attended,London Vet Center,38 Moor Road,London,ENG,51.5073185118859,-0.417499463217821,2017-03-18
Matthew,J.,Peacock,911-56-2246,1953-12-03,Donor,Simon,Ricardo,Emmerson,744-16-3597,1954-08-14,12 Farm Green,Sutton Coldfield,ENG,52.5735435630735,-1.80583143692611,41 Head Crescent,London,ENG,51.4473967490694,0.189414510657269,280,2017-03-17,True,Attended,Brierley Hill Community Based Outpatient Clinic,1 Princess Road,Brierley Hill,ENG,52.4929484617446,-2.11651749913109,2017-03-18
David,A.,Vanstone,932-30-4207,1947-09-25,,David,A.,Vanstone,932-30-4207,1947-09-25,6 Low Road,Dunstable,ENG,51.8754071338033,-0.540014175984067,6 Low Road,Dunstable,ENG,51.8754071338033,-0.540014175984067,60,2017-02-25,True,Attended,London Vet Center,38 Moor Road,London,ENG,51.5073185118859,-0.417499463217821,2017-03-19
Tommy,William,Weathers,225-99-1045,1940-06-29,,Tommy,William,Weathers,225-99-1045,1940-06-29,1 Court Avenue,London,ENG,51.5241636514446,-0.118798211364527,1 Court Avenue,London,ENG,51.5241636514446,-0.118798211364527,19,2017-03-08,True,Attended,City Of London Vet Center,97 River Lane,City Of London,ENG,51.405539871291,-0.0728528604174804,2017-03-19
John,Kevin,Decker,927-46-1721,1947-08-10,CareGiver,William,D.,Cowgill,318-98-9374,1952-05-21,1 Site Road,Hitchin,ENG,51.9575150146306,-0.295130494569195,1 Old Avenue,London,ENG,51.4992869549076,-0.198604010801792,92,2017-03-19,True,Attended,Biggleswade Vet Center,23 Hawthorn Road,Biggleswade,ENG,52.0755816251958,-0.27804614458409,2017-03-20
Ryan,Claude,Stammers,562-91-6761,1952-06-02,Attendant,Martyn,F.,Freeston,604-65-5858,1965-12-28,7 Oak Road,Swadlincote,ENG,52.7793025895834,-1.56426155535608,2 Field Gardens,Swadlincote,ENG,52.7850688572891,-1.56953790398959,70,2017-03-14,True,Attended,Brierley Hill Community Based Outpatient Clinic,1 Princess Road,Brierley Hill,ENG,52.4929484617446,-2.11651749913109,2017-03-21
Mark,C.,Starr,112-24-9541,1954-10-19,,Mark,C.,Starr,112-24-9541,1954-10-19,5 Princes Drive,London,ENG,51.6400794713878,-0.408317041672944,5 Princes Drive,London,ENG,51.6400794713878,-0.408317041672944,26,2017-03-17,True,Attended,City Of London Medical Center,2 Old Place,City Of London,ENG,51.5421112615549,-0.197203606903727,2017-03-21
Erwin,R.,Smith,651-63-1159,1953-07-23,Donor,Raymond,J.,Collumbell,536-65-7988,1956-03-28,99 Palace Road,Luton,ENG,51.8875631543803,-0.40628639673478,25 Industrial Green,Reading,ENG,51.4597669239396,-0.975723401888913,103,2017-02-28,True,Attended,London Medical Center,10 New Road,London,ENG,51.6362671351641,0.0244366994943203,2017-03-22
Mable,L.,Colville,231-58-3672,1958-03-21,CareGiver,Michele,S.,Rakes,118-92-9861,1947-08-17,34 Hill Croft,Shrewsbury,ENG,52.7145819201819,-2.74792807447037,13 Edge Road,Shrewsbury,ENG,52.6956754868152,-2.74044014140634,67,2017-03-10,True,Attended,Newcastle Under Lyme Community Based Outpatient Clinic,1 Unit Way,Newcastle Under Lyme,ENG,52.9992951113397,-2.25648442651437,2017-03-22
Donald,A.,Garner,470-74-2865,1949-03-07,,Donald,A.,Garner,470-74-2865,1949-03-07,19 Valley Walk,City Of London,ENG,51.5198732551702,-0.0902642290036049,19 Valley Walk,City of London,ENG,51.5198732551702,-0.0902642290036049,18,2017-03-18,True,Attended,City Of London Vet Center,97 River Lane,City Of London,ENG,51.405539871291,-0.0728528604174804,2017-03-23
Zachary,James,Flowers,818-38-7372,1960-01-01,CareGiver,Roland,A.,High,868-01-5630,1934-08-29,29 Windmill Close,Tamworth,ENG,52.6265349571853,-1.70162512217989,5 Wood Lane,Birmingham,ENG,52.4809113017663,-1.91869270885578,23,2017-03-02,True,Attended,Bloxwich Vet Center,71 Park Lane,Bloxwich,ENG,52.6142781725694,-2.00983209362529,2017-03-24
Paul,P.,McCabe,578-93-5753,1948-09-17,Attendant,J.,,Knight,957-94-7020,1942-02-01,21 School Street,London,ENG,51.5627388988215,-0.0614478202181551,9 Cross Hill,London,ENG,51.5229590449525,-0.0645781309363133,2,2017-03-07,True,Attended,London Medical Center,2 Court Road,London,ENG,51.5209813750509,-0.0428138816299661,2017-03-24
Gladys,S.,Critchley,251-60-5075,1954-04-07,Attendant,Angeline,P.,Pulfrey,175-11-2324,1952-12-07,69 Hill Road,City Of London,ENG,51.4606855730044,-0.474815112070947,9 Queens Hill,City of London,ENG,51.4935616399904,0.128839904665436,25,2017-03-09,True,Attended,London Medical Center,10 New Road,London,ENG,51.6362671351641,0.0244366994943203,2017-03-24
Fiona,C.,Trejo,742-29-1893,1949-01-24,Attendant,D.,D.,Eldridge,477-60-0108,1952-01-31,18 Fields Road,City Of London,ENG,51.4804548706133,0.00464119100354428,27 Cross Avenue,City of London,ENG,51.5567207105604,0.142777359270729,32,2017-03-17,True,Attended,City Of London Vet Center,97 River Lane,City Of London,ENG,51.405539871291,-0.0728528604174804,2017-03-24
Paul,R.,Aiken,700-98-7032,1967-09-29,,Paul,R.,Aiken,700-98-7032,1967-09-29,3 Farm Street,Telford,ENG,52.6579576006549,-2.40396483787734,3 Farm Street,Telford,ENG,52.6579576006549,-2.40396483787734,38,2017-03-13,True,Attended,Brierley Hill Community Based Outpatient Clinic,1 Princess Road,Brierley Hill,ENG,52.4929484617446,-2.11651749913109,2017-03-25
Dennis,B.,Hall,015-44-4055,1957-02-11,,Dennis,B.,Hall,015-44-4055,1957-02-11,22 Offices Road,London,ENG,51.5121447232322,-0.0158069080584003,22 Offices Road,London,ENG,51.5121447232322,-0.0158069080584003,3,2017-03-18,True,Attended,London Medical Center,2 Court Road,London,ENG,51.5209813750509,-0.0428138816299661,2017-03-25
Jeffrey,O.,Chambers,074-87-5605,1946-10-27,,Jeffrey,O.,Chambers,074-87-5605,1946-10-27,1 Green Broadway,Radlett,ENG,51.6857926415583,-0.318822874118404,1 Green Broadway,Radlett,ENG,51.6857926415583,-0.318822874118404,26,2017-03-18,True,Attended,City Of London Medical Center,2 Old Place,City Of London,ENG,51.5421112615549,-0.197203606903727,2017-03-25
Jaspal,G.,Monroy,715-42-0545,1945-12-01,CareGiver,Louis,George,Smallbone,493-23-1269,1952-06-28,1 Windmill Road,London,ENG,51.5517872168256,-0.224000041559493,3 Hill Lane,London,ENG,51.4981902978539,-0.0849578948999527,35,2017-03-24,True,Attended,City Of London Community Based Outpatient Clinic,14 Moor Avenue,City Of London,ENG,51.4335997854435,-0.425263993534607,2017-03-25
Philip,W.,Basharat,454-79-4751,1946-06-02,Attendant,Christopher,J.,Eckard,194-85-4696,1962-11-23,1 Park Avenue,City Of London,ENG,51.5237644376206,-0.137426267727866,9 Sea Green,City of London,ENG,51.6000865816348,-0.260108035191625,44,2017-03-16,True,Attended,London Community Based Outpatient Clinic,9 Court Avenue,London,ENG,51.4411210621924,0.106147713355345,2017-03-26
John,William,Rodriguez,641-19-8588,1955-03-27,,John,William,Rodriguez,641-19-8588,1955-03-27,47 Village Street,City Of London,ENG,51.4874121780973,-0.097197913855807,47 Village Street,City of London,ENG,51.4874121780973,-0.097197913855807,36,2017-03-21,True,Attended,London Community Based Outpatient Clinic,36 Commercial Terrace,London,ENG,51.4616409736067,-0.456066024494254,2017-03-26
William,R.,Moverley,503-21-8171,1954-07-11,Attendant,Virgil,E.,Russell,157-30-5870,1942-11-27,29 Kiln Road,Bletchley,ENG,51.9878533092288,-0.731692439933486,4 End Close,Bletchley,ENG,51.998017164118,-0.719555469623132,45,2017-03-25,True,Attended,Biggleswade Vet Center,23 Hawthorn Road,Biggleswade,ENG,52.0755816251958,-0.27804614458409,2017-03-26
Mario,T.,Buffin,378-75-4665,1958-09-04,Attendant,S.,A.,Akhtar,678-47-4016,1954-12-21,46 Sea Road,Coventry,ENG,52.4184721853611,-1.51987458831532,13 Lawn Road,Coventry,ENG,52.4313872195657,-1.51454595066018,40,2017-03-26,True,Attended,Birmingham Community Based Outpatient Clinic,28 Bank Close,Birmingham,ENG,52.4965882132224,-1.91600442469743,2017-03-27
Patrick,D.,Critchley,389-84-9381,1946-09-21,,Patrick,D.,Critchley,389-84-9381,1946-09-21,19 Field Crescent,Stoke-On-Trent,ENG,53.0509737047891,-2.17332760749442,19 Field Crescent,Stoke-on-Trent,ENG,53.0509737047891,-2.17332760749442,71,2017-03-19,True,Attended,Bloxwich Vet Center,71 Park Lane,Bloxwich,ENG,52.6142781725694,-2.00983209362529,2017-03-28
Mark,A.,Castanon,083-49-7263,1939-07-21,CareGiver,J.,P.,McCrorie,717-98-8215,1964-06-21,4 Court Avenue,High Wycombe,ENG,51.6292541785377,-0.753996817385591,49 Hill Place,London,ENG,51.6158495929135,-0.0681753439650535,60,2017-03-20,True,Attended,Letchworth Garden City Community Based Outpatient Clinic,6 Willows Road,Letchworth Garden...,ENG,51.9786117316275,-0.226079947825793,2017-03-28
Joan,Anabel,Hundal,982-28-7497,1954-11-08,CareGiver,Jeremy,V.,Wooten,119-72-2478,1936-11-13,29 High Road,City Of London,ENG,51.4991159078081,-0.0555707042779178,6 Bishops Way,City of London,ENG,51.523542675307,-0.12723544951758,8,2017-03-02,True,Attended,London Medical Center,2 Court Road,London,ENG,51.5209813750509,-0.0428138816299661,2017-03-31
Florida,H.,Orford,736-48-7743,1956-05-25,CareGiver,Tom,E.,Maybury,361-90-3980,1954-08-28,5 Park Road,Swindon,ENG,51.5872929422906,-1.73447988742899,3 Dale Street,Swindon,ENG,51.600068861921,-1.782376404131,62,2017-03-28,True,Attended,Gloucester Medical Center,98 Old Green,Gloucester,ENG,51.8655234945415,-2.23934549136816,2017-03-31
Dan,Archibald,Kelley,483-55-7002,1955-08-13,CareGiver,Donald,Robert,Steedman,961-91-7908,1948-11-21,1 Old Road,Halesowen,ENG,52.4650300591127,-2.03771477317176,13 Upper Lane,Halesowen,ENG,52.4476039604015,-2.0546533338982,9,2017-03-23,True,Attended,Brierley Hill Community Based Outpatient Clinic,1 Princess Road,Brierley Hill,ENG,52.4929484617446,-2.11651749913109,2017-04-01
Lucia,L.,Walker,436-82-6166,1952-12-24,CareGiver,William,R.,McLaughlin,533-56-2967,1954-01-15,39 Court Lane,London,ENG,51.4869011126198,0.0325642583180493,83 Major Lane,London,ENG,51.5118520823352,-0.134318900030798,10,2017-03-26,True,Attended,London Community Based Outpatient Clinic,32 City Close,London,ENG,51.4636606522978,-0.194741323359447,2017-04-01
M.,M.,Coffman,663-05-0534,1959-07-06,CareGiver,Gabriel,Eddie,Stoddart,255-35-2520,1959-10-30,1 Church Grove,Cheltenham,ENG,51.9014698705381,-2.08039803628769,1 End Grove,Cheltenham,ENG,51.9073307117733,-2.06399094435658,5,2017-03-01,True,Attended,Charlton Kings Community Based Outpatient Clinic,1 Wood Road,Charlton Kings,ENG,51.8814407136333,-2.02923855046666,2017-04-02
Ricardo,D.,Jenkins,182-11-3162,1934-06-24,,Ricardo,D.,Jenkins,182-11-3162,1934-06-24,92 Willow Crescent,Wroughton,ENG,51.5225807352653,-1.7863743475341,92 Willow Crescent,Wroughton,ENG,51.5225807352653,-1.7863743475341,70,2017-03-14,True,Attended,Gloucester Medical Center,98 Old Green,Gloucester,ENG,51.8655234945415,-2.23934549136816,2017-04-02
Jeffrey,D.,Evans,041-26-0274,1942-09-23,Attendant,Daniel,Judson,Fitz,898-59-4960,1940-03-09,6 New Crescent,Bloxwich,ENG,52.6319262674414,-1.97948693633994,39 Old Road,Rugby,ENG,52.3831926266047,-1.27657366909514,83,2017-03-19,True,Attended,Brierley Hill Community Based Outpatient Clinic,1 Princess Road,Brierley Hill,ENG,52.4929484617446,-2.11651749913109,2017-04-02
Harold,B.,Stanley,022-30-5150,1945-08-18,,Harold,B.,Stanley,022-30-5150,1945-08-18,1 Marsh Street,City Of London,ENG,51.4745307514926,-0.0697426936811077,1 Marsh Street,City of London,ENG,51.4745307514926,-0.0697426936811077,27,2017-03-26,True,Attended,London Medical Center,10 New Road,London,ENG,51.6362671351641,0.0244366994943203,2017-04-02
Ryan,Michael,Minor,933-23-5444,1953-01-13,,Ryan,Michael,Minor,933-23-5444,1953-01-13,2 Clock Road,Welwyn Garden City,ENG,51.8015487534966,-0.206983853126621,2 Clock Road,Welwyn Garden City,ENG,51.8015487534966,-0.206983853126621,47,2017-03-31,True,Attended,London Medical Center,2 Court Road,London,ENG,51.5209813750509,-0.0428138816299661,2017-04-02
George,V.,Scott,264-92-2982,1951-05-28,,George,V.,Scott,264-92-2982,1951-05-28,38 New Road,City Of London,ENG,51.3850413267628,-0.26932931161065,38 New Road,City of London,ENG,51.3850413267628,-0.26932931161065,31,2017-04-01,True,Attended,London Medical Center,2 Court Road,London,ENG,51.5209813750509,-0.0428138816299661,2017-04-02
Dena,Kathryn,Stoner,130-45-7947,1962-09-17,Attendant,George,V.,Scott,264-92-2982,1951-05-28,38 New Road,City Of London,ENG,51.3850413267628,-0.26932931161065,59 Green Road,West Bridgford,ENG,52.9294294059036,-1.14525968850388,248,2017-04-01,True,Attended,London Medical Center,2 Court Road,London,ENG,51.5209813750509,-0.0428138816299661,2017-04-02
Kevin,Robert,Riddle,324-77-8683,1938-05-31,,Kevin,Robert,Riddle,324-77-8683,1938-05-31,2 Green Road,Beckenham,ENG,51.4142923218677,0.00370561179185024,2 Green Road,Beckenham,ENG,51.4142923218677,0.00370561179185024,8,2017-03-19,True,Attended,City Of London Vet Center,97 River Lane,City Of London,ENG,51.405539871291,-0.0728528604174804,2017-04-03
Christopher,E.,Freestone,077-23-0720,1968-08-15,,Christopher,E.,Freestone,077-23-0720,1968-08-15,10 High Road,Carterton,ENG,51.7586925471421,-1.59641867734783,10 High Road,Carterton,ENG,51.7586925471421,-1.59641867734783,47,2017-03-28,True,Attended,Charlton Kings Community Based Outpatient Clinic,1 Wood Road,Charlton Kings,ENG,51.8814407136333,-2.02923855046666,2017-04-03
Jon,Willard,Padam,069-88-7113,1949-02-08,Donor,Matthew,R.,Stock,542-17-4588,1952-06-17,36 Chapel Court,Telford,ENG,52.668530095899,-2.4590316801248,1 Station Road,Chippenham,ENG,51.4670881726944,-2.12163542129116,244,2017-04-01,True,Attended,Newcastle Under Lyme Community Based Outpatient Clinic,1 Unit Way,Newcastle Under Lyme,ENG,52.9992951113397,-2.25648442651437,2017-04-03
Denise,Jeane,Kincer,905-78-6387,1949-09-22,CareGiver,Tanya,Sapna,Daniels,004-19-4318,1952-01-01,7 Link Green,London,ENG,51.5311359300386,-0.354440871040263,27 Great Street,London,ENG,51.4033374349154,-0.259153816800621,23,2017-03-25,True,Attended,London Vet Center,38 Moor Road,London,ENG,51.5073185118859,-0.417499463217821,2017-04-05
Margaret,A.,Shipstone,899-77-8088,1952-08-21,CareGiver,Allen,David,Sandeman,603-36-2342,1951-11-17,1 Sea Road,City Of London,ENG,51.5359867576877,-0.175553653876005,53 Hill Close,City of London,ENG,51.4456370366346,0.0430825506356284,13,2017-04-05,True,Attended,City Of London Vet Center,97 River Lane,City Of London,ENG,51.405539871291,-0.0728528604174804,2017-04-06
Harry,M.,Oldfield,959-06-4738,1954-10-06,CareGiver,Nilesh,E.,Jaap,519-16-4618,1944-11-14,50 Central Close,Northolt,ENG,51.5441442240724,-0.374882613952235,41 Church Rise,London,ENG,51.3308642840707,-0.0681832512157867,45,2017-03-03,True,Attended,London Vet Center,38 Moor Road,London,ENG,51.5073185118859,-0.417499463217821,2017-04-07
Simon,Ricardo,Emmerson,744-16-3597,1954-08-14,,Simon,Ricardo,Emmerson,744-16-3597,1954-08-14,12 Farm Green,Sutton Coldfield,ENG,52.5735435630735,-1.80583143692611,12 Farm Green,Sutton Coldfield,ENG,52.5735435630735,-1.80583143692611,33,2017-03-17,True,Attended,Brierley Hill Community Based Outpatient Clinic,1 Princess Road,Brierley Hill,ENG,52.4929484617446,-2.11651749913109,2017-04-07
Jeffery,Jeremy,Pulfrey,679-27-3406,1964-01-13,Attendant,Kevin,Matthew,Morrison,061-96-0608,1962-02-22,2 Royal Grove,London,ENG,51.5112816015776,-0.139215133948666,32 Hill Road,London,ENG,51.4738725295694,-0.0751903543663534,98,2017-03-08,True,Attended,Biggleswade Vet Center,23 Hawthorn Road,Biggleswade,ENG,52.0755816251958,-0.27804614458409,2017-04-08
Clinton,Gareth,Archer,251-19-8058,1950-02-01,Attendant,Jeffrey,Richard,Moulden,181-89-3306,1948-01-26,1 Farm Way,Chigwell,ENG,51.6159335933083,0.0793331718187417,14 Park Terrace,London,ENG,51.6931696083077,-0.199873684730199,37,2017-03-09,True,Attended,London Vet Center,38 Moor Road,London,ENG,51.5073185118859,-0.417499463217821,2017-04-08
Mike,M.,Barnsdale,465-79-1278,1951-02-23,Attendant,Ann,D.,Callanan,987-98-9660,1951-09-09,49 Great Lane,City Of London,ENG,51.4083957346282,0.137143866147136,71 High Square,London,ENG,51.3985394878334,-0.226026275689012,26,2017-03-19,True,Attended,London Vet Center,38 Moor Road,London,ENG,51.5073185118859,-0.417499463217821,2017-04-08
Kendrick,M.,Bell,286-15-7173,1952-02-14,,Kendrick,M.,Bell,286-15-7173,1952-02-14,1 Bank Road,City Of London,ENG,51.5202393931284,-0.118255993104253,1 Bank Road,City of London,ENG,51.5202393931284,-0.118255993104253,58,2017-03-31,True,Attended,London Community Based Outpatient Clinic,36 Commercial Terrace,London,ENG,51.4616409736067,-0.456066024494254,2017-04-10
Kenneth,W.,Thomas,809-62-1003,1944-06-18,,Kenneth,W.,Thomas,809-62-1003,1944-06-18,10 Elm Close,City Of London,ENG,51.3903401384529,-0.335495784089593,10 Elm Close,City of London,ENG,51.3903401384529,-0.335495784089593,36,2017-03-13,True,Attended,London Medical Center,2 Court Road,London,ENG,51.5209813750509,-0.0428138816299661,2017-04-11
Denise,T.,Miller,895-16-8236,1957-04-02,Attendant,Walter,A.,Williams,013-64-6312,1957-10-11,1 Hill Lane,City Of London,ENG,51.4861659411958,0.212704997801613,1 Garden Road,City of London,ENG,51.5186757455528,-0.0874893440083516,4,2017-04-10,True,Attended,London Medical Center,2 Court Road,London,ENG,51.5209813750509,-0.0428138816299661,2017-04-12
A.,H.,Williams,762-29-4312,1959-07-04,,A.,H.,Williams,762-29-4312,1959-07-04,18 Church Road,Holmes Chapel,ENG,53.199628447396,-2.35326283326532,18 Church Road,Holmes Chapel,ENG,53.199628447396,-2.35326283326532,33,2017-03-11,True,Attended,Newcastle Under Lyme Community Based Outpatient Clinic,1 Unit Way,Newcastle Under Lyme,ENG,52.9992951113397,-2.25648442651437,2017-04-14
William,Joseph,Albers,872-79-6557,1942-11-22,,William,Joseph,Albers,872-79-6557,1942-11-22,29 Side Road,City Of London,ENG,51.5460495695394,-0.0584669635381283,29 Side Road,City of London,ENG,51.5460495695394,-0.0584669635381283,14,2017-03-22,True,Attended,City Of London Medical Center,2 Old Place,City Of London,ENG,51.5421112615549,-0.197203606903727,2017-04-14
J.,E.,Leblanc,796-57-4340,1937-09-07,Attendant,Bessie,,Bible,896-49-8992,1949-06-17,2 High Drive,Maidenhead,ENG,51.5365494240591,-0.716183589147892,13 Heath Lane,Maidenhead,ENG,51.5345537026401,-0.737073252126511,35,2017-03-23,True,Attended,City Of London Community Based Outpatient Clinic,14 Moor Avenue,City Of London,ENG,51.4335997854435,-0.425263993534607,2017-04-14
Joseph,D.,Markley,855-72-0727,1960-09-12,,Joseph,D.,Markley,855-72-0727,1960-09-12,26 Temple Lane,Walsall,ENG,52.565705344366,-2.02597668086345,26 Temple Lane,Walsall,ENG,52.565705344366,-2.02597668086345,72,2017-03-21,True,Attended,Newcastle Under Lyme Community Based Outpatient Clinic,1 Unit Way,Newcastle Under Lyme,ENG,52.9992951113397,-2.25648442651437,2017-04-16
Iluminada,Patricia,Guinn,337-23-7899,1952-11-11,,Iluminada,Patricia,Guinn,337-23-7899,1952-11-11,2 Rose Road,Egham,ENG,51.4273140049223,-0.55176751559543,2 Rose Road,Egham,ENG,51.4273140049223,-0.55176751559543,36,2017-03-30,True,Attended,London Community Based Outpatient Clinic,32 City Close,London,ENG,51.4636606522978,-0.194741323359447,2017-04-16
Matthew,R.,Stock,542-17-4588,1952-06-17,,Matthew,R.,Stock,542-17-4588,1952-06-17,36 Chapel Court,Telford,ENG,52.668530095899,-2.4590316801248,36 Chapel Court,Telford,ENG,52.668530095899,-2.4590316801248,56,2017-04-01,True,Attended,Newcastle Under Lyme Community Based Outpatient Clinic,1 Unit Way,Newcastle Under Lyme,ENG,52.9992951113397,-2.25648442651437,2017-04-16
Robert,Warren,Evans,694-83-3736,1941-03-04,,Robert,Warren,Evans,694-83-3736,1941-03-04,63 Great Close,Brentford,ENG,51.4832827695821,-0.301524727427412,63 Great Close,Brentford,ENG,51.4832827695821,-0.301524727427412,15,2017-03-24,True,Attended,City Of London Community Based Outpatient Clinic,14 Moor Avenue,City Of London,ENG,51.4335997854435,-0.425263993534607,2017-04-17
A.,B.,Maslen,528-77-9008,1958-01-11,,A.,B.,Maslen,528-77-9008,1958-01-11,3 Little Way,Coventry,ENG,52.4010729047865,-1.5097415517821,3 Little Way,Coventry,ENG,52.4010729047865,-1.5097415517821,36,2017-04-01,True,Attended,Birmingham Community Based Outpatient Clinic,13 Trinity Crescent,Birmingham,ENG,52.4913751788215,-1.85203500677408,2017-04-17
James,Robert,Oates,591-19-1845,1940-01-02,Donor,Virgil,E.,Russell,157-30-5870,1942-11-27,29 Kiln Road,Bletchley,ENG,51.9878533092288,-0.731692439933486,30 Oak Street,Nottingham,ENG,52.9527426375977,-1.15042471227641,163,2017-03-25,True,Attended,Biggleswade Vet Center,23 Hawthorn Road,Biggleswade,ENG,52.0755816251958,-0.27804614458409,2017-04-23
Joseph,Hasan,Glynn,165-84-8563,1950-01-09,,Joseph,Hasan,Glynn,165-84-8563,1950-01-09,5 Department Street,London,ENG,51.4441051704165,-0.0704763394647417,5 Department Street,London,ENG,51.4441051704165,-0.0704763394647417,18,2017-03-28,True,Attended,London Community Based Outpatient Clinic,9 Court Avenue,London,ENG,51.4411210621924,0.106147713355345,2017-04-23
Trina,A.,Olszewski,331-64-8511,1952-02-09,,Trina,A.,Olszewski,331-64-8511,1952-02-09,33 Elm Street,London,ENG,51.5348592854154,-0.39063513266687,33 Elm Street,London,ENG,51.5348592854154,-0.39063513266687,44,2017-03-26,True,Attended,London Medical Center,10 New Road,London,ENG,51.6362671351641,0.0244366994943203,2017-04-24
Jennifer,Cynthia,Haney,018-99-7189,1961-10-09,Attendant,Williams,E.,Ireland,370-92-1561,1954-04-04,6 Court Gardens,Newport,WLS,51.5946076229854,-2.98503185130601,1 Farm Road,Newport,WLS,51.6021721546888,-3.02070179241372,88,2017-03-28,True,Attended,Gloucester Medical Center,98 Old Green,Gloucester,ENG,51.8655234945415,-2.23934549136816,2017-04-24
Bessie,,Bible,896-49-8992,1949-06-17,,Bessie,,Bible,896-49-8992,1949-06-17,2 High Drive,Maidenhead,ENG,51.5365494240591,-0.716183589147892,2 High Drive,Maidenhead,ENG,51.5365494240591,-0.716183589147892,33,2017-04-21,True,Attended,City Of London Community Based Outpatient Clinic,14 Moor Avenue,City Of London,ENG,51.4335997854435,-0.425263993534607,2017-04-24
Keith,G.,Olivier,408-28-5760,1955-06-13,,Keith,G.,Olivier,408-28-5760,1955-06-13,3 Market Green,London,ENG,51.511272356474,-0.0481393250488654,3 Market Green,London,ENG,51.511272356474,-0.0481393250488654,16,2017-04-19,True,Attended,City Of London Medical Center,2 Old Place,City Of London,ENG,51.5421112615549,-0.197203606903727,2017-04-27
Dominic,Louis,Reinke,585-79-3434,1953-05-30,,Dominic,Louis,Reinke,585-79-3434,1953-05-30,23 Kings Road,City Of London,ENG,51.5468956636389,0.0777899446430455,23 Kings Road,City of London,ENG,51.5468956636389,0.0777899446430455,17,2017-04-21,True,Attended,London Community Based Outpatient Clinic,9 Court Avenue,London,ENG,51.4411210621924,0.106147713355345,2017-04-27
J.,,Knight,957-94-7020,1942-02-01,,J.,,Knight,957-94-7020,1942-02-01,21 School Street,London,ENG,51.5627388988215,-0.0614478202181551,21 School Street,London,ENG,51.5627388988215,-0.0614478202181551,7,2017-04-07,True,Attended,London Medical Center,2 Court Road,London,ENG,51.5209813750509,-0.0428138816299661,2017-04-29
A.,,Dowie,197-66-0705,1948-09-28,,A.,,Dowie,197-66-0705,1948-09-28,4 Ferry Road,City Of London,ENG,51.4637723018969,-0.0468913510926664,4 Ferry Road,City of London,ENG,51.4637723018969,-0.0468913510926664,19,2017-04-14,True,Attended,City Of London Medical Center,2 Old Place,City Of London,ENG,51.5421112615549,-0.197203606903727,2017-04-29
Viola,E.,Jones,125-52-7111,1954-06-24,Donor,James,J.,Fillion,545-34-9279,1945-03-18,1 Park Street,City Of London,ENG,51.5088767684136,-0.104503236814022,2 Green Walk,City of London,ENG,51.4179133067423,-0.201209364891833,41,2017-04-26,True,Attended,London Medical Center,10 New Road,London,ENG,51.6362671351641,0.0244366994943203,2017-04-29
Wm,Julian,Patten,748-49-8342,1937-12-05,,Wm,Julian,Patten,748-49-8342,1937-12-05,4 High Close,Southall,ENG,51.5088489975865,-0.371163932028158,4 High Close,Southall,ENG,51.5088489975865,-0.371163932028158,11,2017-05-02,False,Attended,London Community Based Outpatient Clinic,36 Commercial Terrace,London,ENG,51.4616409736067,-0.456066024494254,2017-05-03
Sharon,H.,Haddon,885-44-5430,1939-08-13,,Sharon,H.,Haddon,885-44-5430,1939-08-13,20 Castle Road,City Of London,ENG,51.5289701343528,-0.0709983242301694,20 Castle Road,City of London,ENG,51.5289701343528,-0.0709983242301694,20,2017-02-16,True,Attended,City Of London Vet Center,97 River Lane,City Of London,ENG,51.405539871291,-0.0728528604174804,2017-05-04
Andrew,R.,Hackling,620-22-0443,1953-05-12,,Andrew,R.,Hackling,620-22-0443,1953-05-12,99 Kings Road,City Of London,ENG,51.6537635935,-0.0527389987558996,99 Kings Road,City of London,ENG,51.6537635935,-0.0527389987558996,8,2017-04-20,True,Attended,London Medical Center,10 New Road,London,ENG,51.6362671351641,0.0244366994943203,2017-05-11
Jose,David,Smith,873-81-9413,1952-03-05,,Jose,David,Smith,873-81-9413,1952-03-05,58 Green Gardens,City Of London,ENG,51.7149401950411,-0.0622466537857266,58 Green Gardens,City of London,ENG,51.7149401950411,-0.0622466537857266,42,2017-04-12,True,Attended,London Community Based Outpatient Clinic,32 City Close,London,ENG,51.4636606522978,-0.194741323359447,2017-05-12
Molly,Helen,Macready,345-06-7447,1947-06-02,,Molly,Helen,Macready,345-06-7447,1947-06-02,4 Offices Road,Brierley Hill,ENG,52.4820628434015,-2.12081404813166,4 Offices Road,Brierley Hill,ENG,52.4820628434015,-2.12081404813166,2,2017-03-15,True,Attended,Brierley Hill Community Based Outpatient Clinic,1 Princess Road,Brierley Hill,ENG,52.4929484617446,-2.11651749913109,2017-05-15
John,L.,Kerai,949-73-8863,1953-05-31,Attendant,James,J.,Fillion,545-34-9279,1945-03-18,1 Park Street,City Of London,ENG,51.5088767684136,-0.104503236814022,9 Court Street,City of London,ENG,51.6227086714121,-0.294173682640458,32,2017-04-26,True,Attended,London Medical Center,10 New Road,London,ENG,51.6362671351641,0.0244366994943203,2017-05-26
