{"dataList":[{"query":"?- ?v:AE#VATravelVoucher, ?v[AE#hasVoucherClaimant->?c], ?c[AE#hasName->?cn], ?cn[label->?claimantFullName].","resultList":[{"result":[{"key":"?v","val":"VO_09bdbbf1_ce74_4dd1_aa6d_779ec45d547f_1503944377372_0"},{"key":"?c","val":"VO_09bdbbf1_ce74_4dd1_aa6d_779ec45d547f_1503944377372_2"},{"key":"?cn","val":"NO_fb6da4df_4ae1_42e5_8a68_dc27eacc05ef_1503944385110_0"},{"key":"?claimantFullName","val":"Jane Heidi Robinson"}]},{"result":[{"key":"?v","val":"VO_09bdbbf1_ce74_4dd1_aa6d_779ec45d547f_1503944377372_0"},{"key":"?c","val":"VO_09bdbbf1_ce74_4dd1_aa6d_779ec45d547f_1503944377372_2"},{"key":"?cn","val":"VO_09bdbbf1_ce74_4dd1_aa6d_779ec45d547f_1503944377372_1"},{"key":"?claimantFullName","val":"Jane Heidi Robinson"}]}]},{"query":"?- ?v:AE#VATravelVoucher, ?v[AE#hasVoucherClaimant->?c], ?c[AE#hasName->?cn], ?cn[AE#hasFirstName->?claimantFirstName].","resultList":[{"result":[{"key":"?v","val":"VO_09bdbbf1_ce74_4dd1_aa6d_779ec45d547f_1503944377372_0"},{"key":"?c","val":"VO_09bdbbf1_ce74_4dd1_aa6d_779ec45d547f_1503944377372_2"},{"key":"?cn","val":"NO_fb6da4df_4ae1_42e5_8a68_dc27eacc05ef_1503944385110_0"},{"key":"?claimantFirstName","val":"jane"}]}]},{"query":"?- ?v:AE#VATravelVoucher, ?v[AE#hasVoucherClaimant->?c], ?c[AE#hasName->?cn], ?cn[AE#hasLastName->?claimantLastName].","resultList":[{"result":[{"key":"?v","val":"VO_09bdbbf1_ce74_4dd1_aa6d_779ec45d547f_1503944377372_0"},{"key":"?c","val":"VO_09bdbbf1_ce74_4dd1_aa6d_779ec45d547f_1503944377372_2"},{"key":"?cn","val":"NO_fb6da4df_4ae1_42e5_8a68_dc27eacc05ef_1503944385110_0"},{"key":"?claimantLastName","val":"robinson"}]}]},{"query":"?- ?v:AE#VATravelVoucher, ?v[AE#hasVoucherClaimant->?c], ?c[AE#hasSocialSecurityNumber->?s], ?s[label->?claimantSsn].","resultList":[{"result":[{"key":"?v","val":"VO_09bdbbf1_ce74_4dd1_aa6d_779ec45d547f_1503944377372_0"},{"key":"?c","val":"VO_09bdbbf1_ce74_4dd1_aa6d_779ec45d547f_1503944377372_2"},{"key":"?s","val":"VO_09bdbbf1_ce74_4dd1_aa6d_779ec45d547f_1503944377372_12"},{"key":"?claimantSsn","val":"384-61-8555"}]}]},{"query":"?- ?v:AE#VATravelVoucher, ?v[AE#hasVoucherClaimant->?c], ?c[AE#hasLiens->?claimantHasLiens].","resultList":[{"result":[{"key":"?v","val":"VO_09bdbbf1_ce74_4dd1_aa6d_779ec45d547f_1503944377372_0"},{"key":"?c","val":"VO_09bdbbf1_ce74_4dd1_aa6d_779ec45d547f_1503944377372_2"},{"key":"?claimantHasLiens","val":"AE#NoLienReport"}]}]},{"query":"?- ?v:AE#VATravelVoucher, ?v[AE#hasVoucherClaimant->?c], ?c[AE#hasDeclaredBankruptcy->?claimantHasDeclaredBankruptcy].","resultList":[{"result":[{"key":"?v","val":"VO_09bdbbf1_ce74_4dd1_aa6d_779ec45d547f_1503944377372_0"},{"key":"?c","val":"VO_09bdbbf1_ce74_4dd1_aa6d_779ec45d547f_1503944377372_2"},{"key":"?claimantHasDeclaredBankruptcy","val":"AE#NoBankruptcyReport"}]}]},{"query":"?- ?v:AE#VATravelVoucher, ?v[AE#hasVoucherClaimant->?c], ?c[AE#hasArrestRecord->?claimantHasArrestRecord].","resultList":[{"result":[{"key":"?v","val":"VO_09bdbbf1_ce74_4dd1_aa6d_779ec45d547f_1503944377372_0"},{"key":"?c","val":"VO_09bdbbf1_ce74_4dd1_aa6d_779ec45d547f_1503944377372_2"},{"key":"?claimantHasArrestRecord","val":"AE#NoArrestRecord"}]}]},{"query":"?- ?v:AE#VATravelVoucher, ?v[AE#hasVoucherClaimant->?c], ?c[AE#hasCriminalRecord->?claimantHasCriminalRecord].","resultList":[{"result":[{"key":"?v","val":"VO_09bdbbf1_ce74_4dd1_aa6d_779ec45d547f_1503944377372_0"},{"key":"?c","val":"VO_09bdbbf1_ce74_4dd1_aa6d_779ec45d547f_1503944377372_2"},{"key":"?claimantHasCriminalRecord","val":"AE#NoCriminalRecord"}]}]},{"query":"?- ?v:AE#VATravelVoucher, ?v[AE#hasVoucherBeneficiary->?b], ?b[AE#hasName->?cn], ?cn[label->?beneficiaryFullName].","resultList":[{"result":[{"key":"?v","val":"VO_09bdbbf1_ce74_4dd1_aa6d_779ec45d547f_1503944377372_0"},{"key":"?b","val":"VO_09bdbbf1_ce74_4dd1_aa6d_779ec45d547f_1503944377372_11"},{"key":"?cn","val":"VO_09bdbbf1_ce74_4dd1_aa6d_779ec45d547f_1503944377372_10"},{"key":"?beneficiaryFullName","val":"Jane Heidi Robinson"}]},{"result":[{"key":"?v","val":"VO_09bdbbf1_ce74_4dd1_aa6d_779ec45d547f_1503944377372_0"},{"key":"?b","val":"VO_09bdbbf1_ce74_4dd1_aa6d_779ec45d547f_1503944377372_11"},{"key":"?cn","val":"NO_f6c2b5e7_5917_452a_804d_e25d205474d9_1503944383219_0"},{"key":"?beneficiaryFullName","val":"Jane Heidi Robinson"}]}]},{"query":"?- ?v:AE#VATravelVoucher, ?v[AE#hasVoucherBeneficiary->?b], ?b[AE#hasName->?cn], ?cn[AE#hasFirstName->?beneficiaryFirstName].","resultList":[{"result":[{"key":"?v","val":"VO_09bdbbf1_ce74_4dd1_aa6d_779ec45d547f_1503944377372_0"},{"key":"?b","val":"VO_09bdbbf1_ce74_4dd1_aa6d_779ec45d547f_1503944377372_11"},{"key":"?cn","val":"NO_f6c2b5e7_5917_452a_804d_e25d205474d9_1503944383219_0"},{"key":"?beneficiaryFirstName","val":"jane"}]}]},{"query":"?- ?v:AE#VATravelVoucher, ?v[AE#hasVoucherBeneficiary->?b], ?b[AE#hasName->?cn], ?cn[AE#hasLastName->?beneficiaryLastName].","resultList":[{"result":[{"key":"?v","val":"VO_09bdbbf1_ce74_4dd1_aa6d_779ec45d547f_1503944377372_0"},{"key":"?b","val":"VO_09bdbbf1_ce74_4dd1_aa6d_779ec45d547f_1503944377372_11"},{"key":"?cn","val":"NO_f6c2b5e7_5917_452a_804d_e25d205474d9_1503944383219_0"},{"key":"?beneficiaryLastName","val":"robinson"}]}]},{"query":"?- ?v:AE#VATravelVoucher, ?v[AE#hasVoucherBeneficiary->?b], ?b[AE#hasSocialSecurityNumber->?s], ?s[label->?beneficiarySsn].","resultList":[{"result":[{"key":"?v","val":"VO_09bdbbf1_ce74_4dd1_aa6d_779ec45d547f_1503944377372_0"},{"key":"?b","val":"VO_09bdbbf1_ce74_4dd1_aa6d_779ec45d547f_1503944377372_11"},{"key":"?s","val":"VO_09bdbbf1_ce74_4dd1_aa6d_779ec45d547f_1503944377372_9"},{"key":"?beneficiarySsn","val":"384-61-8555"}]}]},{"query":"?- ?v:AE#VATravelVoucher, ?v[AE#hasVoucherBeneficiary->?b], ?b[AE#hasLiens->?beneficiaryHasLiens].","resultList":[{"result":[{"key":"?v","val":"VO_09bdbbf1_ce74_4dd1_aa6d_779ec45d547f_1503944377372_0"},{"key":"?b","val":"VO_09bdbbf1_ce74_4dd1_aa6d_779ec45d547f_1503944377372_11"},{"key":"?beneficiaryHasLiens","val":"AE#NoLienReport"}]}]},{"query":"?- ?v:AE#VATravelVoucher, ?v[AE#hasVoucherBeneficiary->?b], ?b[AE#hasDeclaredBankruptcy->?beneficiaryHasDeclaredBankruptcy].","resultList":[{"result":[{"key":"?v","val":"VO_09bdbbf1_ce74_4dd1_aa6d_779ec45d547f_1503944377372_0"},{"key":"?b","val":"VO_09bdbbf1_ce74_4dd1_aa6d_779ec45d547f_1503944377372_11"},{"key":"?beneficiaryHasDeclaredBankruptcy","val":"AE#NoBankruptcyReport"}]}]},{"query":"?- ?v:AE#VATravelVoucher, ?v[AE#hasVoucherBeneficiary->?b], ?b[AE#hasArrestRecord->?beneficiaryHasArrestRecord].","resultList":[{"result":[{"key":"?v","val":"VO_09bdbbf1_ce74_4dd1_aa6d_779ec45d547f_1503944377372_0"},{"key":"?b","val":"VO_09bdbbf1_ce74_4dd1_aa6d_779ec45d547f_1503944377372_11"},{"key":"?beneficiaryHasArrestRecord","val":"AE#NoArrestRecord"}]}]},{"query":"?- ?v:AE#VATravelVoucher, ?v[AE#hasVoucherBeneficiary->?b], ?b[AE#hasCriminalRecord->?beneficiaryHasCriminalRecord].","resultList":[{"result":[{"key":"?v","val":"VO_09bdbbf1_ce74_4dd1_aa6d_779ec45d547f_1503944377372_0"},{"key":"?b","val":"VO_09bdbbf1_ce74_4dd1_aa6d_779ec45d547f_1503944377372_11"},{"key":"?beneficiaryHasCriminalRecord","val":"AE#NoCriminalRecord"}]}]},{"query":"?- ?t:AE#Travelling, ?t[AE#hasPath->?p], ?p[AE#hasDistance->?d], ?d[AE#numericValue->?expectedDistanceValue], ?d[AE#hasUnitOfMeasure->?unitOfDistanceMeasure].","resultList":[{"result":[{"key":"?t","val":"VO_09bdbbf1_ce74_4dd1_aa6d_779ec45d547f_1503944377372_6"},{"key":"?p","val":"ES_75381532_e538_40d4_88f4_5f30e94b2e40_1503944405057_4"},{"key":"?d","val":"ES_75381532_e538_40d4_88f4_5f30e94b2e40_1503944405057_0"},{"key":"?expectedDistanceValue","val":"20280.4003677915898151695728302001953125"},{"key":"?unitOfDistanceMeasure","val":"meters"}]}]},{"query":"?- ?t:AE#Travelling, ?t[AE#hasPath->?p], ?p[AE#hasExpectedTravelTime->?d], ?d[AE#numericValue->?expectedTimeValue], ?d[AE#hasUnitOfMeasure->?unitOfTimeMeasure].","resultList":[{"result":[{"key":"?t","val":"VO_09bdbbf1_ce74_4dd1_aa6d_779ec45d547f_1503944377372_6"},{"key":"?p","val":"ES_75381532_e538_40d4_88f4_5f30e94b2e40_1503944405057_4"},{"key":"?d","val":"ES_75381532_e538_40d4_88f4_5f30e94b2e40_1503944405057_2"},{"key":"?expectedTimeValue","val":"15.09631057851947844028472900390625"},{"key":"?unitOfTimeMeasure","val":"minutes"}]}]},{"query":"?- ?t:AE#Travelling, ?t[AE#hasDestination->?d], ?d[label->?destinationFullAddress].","resultList":[{"result":[{"key":"?t","val":"VO_09bdbbf1_ce74_4dd1_aa6d_779ec45d547f_1503944377372_7"},{"key":"?d","val":"VO_09bdbbf1_ce74_4dd1_aa6d_779ec45d547f_1503944377372_8"},{"key":"?destinationFullAddress","val":"2790 Truxton Road, Suite 130, San Diego, CA 92106"}]},{"result":[{"key":"?t","val":"VO_09bdbbf1_ce74_4dd1_aa6d_779ec45d547f_1503944377372_6"},{"key":"?d","val":"VO_09bdbbf1_ce74_4dd1_aa6d_779ec45d547f_1503944377372_5"},{"key":"?destinationFullAddress","val":"278 Mountainview Drive San Diego, CA 92126"}]}]},{"query":"?- ?t:AE#Travelling, ?t[AE#hasDestination->?d], ?d[AE#hasStreet->?s], ?s[label->?destinationStreetName], ?d[AE#hasCity->?c], ?c[label->?destinationCity], ?d[AE#hasState->?st], ?st[label->?destinationState], ?d[AE#hasZipcode->?destinationZipCode].","resultList":[{"result":[{"key":"?t","val":"VO_09bdbbf1_ce74_4dd1_aa6d_779ec45d547f_1503944377372_7"},{"key":"?d","val":"VO_09bdbbf1_ce74_4dd1_aa6d_779ec45d547f_1503944377372_8"},{"key":"?s","val":"NO_2f26df61_c623_4891_bf35_0db847c608f6_1503944387152_id5"},{"key":"?destinationStreetName","val":"2790 Truxton Road"},{"key":"?c","val":"NO_2f26df61_c623_4891_bf35_0db847c608f6_1503944387152_id11"},{"key":"?destinationCity","val":"San Diego"},{"key":"?st","val":"NO_2f26df61_c623_4891_bf35_0db847c608f6_1503944387152_id13"},{"key":"?destinationState","val":"CA"},{"key":"?destinationZipCode","val":"92106"}]},{"result":[{"key":"?t","val":"VO_09bdbbf1_ce74_4dd1_aa6d_779ec45d547f_1503944377372_6"},{"key":"?d","val":"VO_09bdbbf1_ce74_4dd1_aa6d_779ec45d547f_1503944377372_5"},{"key":"?s","val":"NO_1dda9b14_31e3_44a7_bf1b_70b5cf395cc1_1503944389116_id3"},{"key":"?destinationStreetName","val":"278 Mountainview Drive"},{"key":"?c","val":"NO_1dda9b14_31e3_44a7_bf1b_70b5cf395cc1_1503944389116_id9"},{"key":"?destinationCity","val":"San Diego"},{"key":"?st","val":"NO_1dda9b14_31e3_44a7_bf1b_70b5cf395cc1_1503944389116_id11"},{"key":"?destinationState","val":"CA"},{"key":"?destinationZipCode","val":"92126"}]}]},{"query":"?- ?t:AE#Travelling, ?t[AE#hasOrigin->?d], ?d[label->?originFullAddress].","resultList":[{"result":[{"key":"?t","val":"VO_09bdbbf1_ce74_4dd1_aa6d_779ec45d547f_1503944377372_7"},{"key":"?d","val":"VO_09bdbbf1_ce74_4dd1_aa6d_779ec45d547f_1503944377372_3"},{"key":"?originFullAddress","val":"278 Mountainview Drive San Diego, CA 92126"}]},{"result":[{"key":"?t","val":"VO_09bdbbf1_ce74_4dd1_aa6d_779ec45d547f_1503944377372_6"},{"key":"?d","val":"VO_09bdbbf1_ce74_4dd1_aa6d_779ec45d547f_1503944377372_8"},{"key":"?originFullAddress","val":"2790 Truxton Road, Suite 130, San Diego, CA 92106"}]}]},{"query":"?- ?t:AE#Travelling, ?t[AE#hasOrigin->?d], ?d[AE#hasStreet->?s], ?s[label->?originStreetName], ?d[AE#hasCity->?c], ?c[label->?originCity], ?d[AE#hasState->?st], ?st[label->?originState], ?d[AE#hasZipcode->?originZipCode].","resultList":[{"result":[{"key":"?t","val":"VO_09bdbbf1_ce74_4dd1_aa6d_779ec45d547f_1503944377372_7"},{"key":"?d","val":"VO_09bdbbf1_ce74_4dd1_aa6d_779ec45d547f_1503944377372_3"},{"key":"?s","val":"NO_54bc3baf_1d0b_4c27_b869_988c15c6588f_1503944391339_id3"},{"key":"?originStreetName","val":"278 Mountainview Drive"},{"key":"?c","val":"NO_54bc3baf_1d0b_4c27_b869_988c15c6588f_1503944391339_id9"},{"key":"?originCity","val":"San Diego"},{"key":"?st","val":"NO_54bc3baf_1d0b_4c27_b869_988c15c6588f_1503944391339_id11"},{"key":"?originState","val":"CA"},{"key":"?originZipCode","val":"92126"}]},{"result":[{"key":"?t","val":"VO_09bdbbf1_ce74_4dd1_aa6d_779ec45d547f_1503944377372_6"},{"key":"?d","val":"VO_09bdbbf1_ce74_4dd1_aa6d_779ec45d547f_1503944377372_8"},{"key":"?s","val":"NO_2f26df61_c623_4891_bf35_0db847c608f6_1503944387152_id5"},{"key":"?originStreetName","val":"2790 Truxton Road"},{"key":"?c","val":"NO_2f26df61_c623_4891_bf35_0db847c608f6_1503944387152_id11"},{"key":"?originCity","val":"San Diego"},{"key":"?st","val":"NO_2f26df61_c623_4891_bf35_0db847c608f6_1503944387152_id13"},{"key":"?originState","val":"CA"},{"key":"?originZipCode","val":"92106"}]}]},{"query":"?- ?t:AE#Travelling, ?t[AE#hasPath->?p], ?p[AE#hasStartRegion->?s], ?s[AE#hasLatitude->?originLatitude], ?s[AE#hasLongitude->?originLongitude].","resultList":[{"result":[{"key":"?t","val":"VO_09bdbbf1_ce74_4dd1_aa6d_779ec45d547f_1503944377372_6"},{"key":"?p","val":"ES_75381532_e538_40d4_88f4_5f30e94b2e40_1503944405057_4"},{"key":"?s","val":"ES_75381532_e538_40d4_88f4_5f30e94b2e40_1503944405057_3"},{"key":"?originLatitude","val":"32.74051839275188058309140615165233612060546875"},{"key":"?originLongitude","val":"-117.2130215001728856805129908025264739990234375"}]}]},{"query":"?- ?t:AE#Travelling, ?t[AE#hasPath->?p], ?p[AE#hasEndRegion->?e], ?e[AE#hasLatitude->?destinationLatitude], ?e[AE#hasLongitude->?destinationLongitude].","resultList":[{"result":[{"key":"?t","val":"VO_09bdbbf1_ce74_4dd1_aa6d_779ec45d547f_1503944377372_6"},{"key":"?p","val":"ES_75381532_e538_40d4_88f4_5f30e94b2e40_1503944405057_4"},{"key":"?e","val":"ES_75381532_e538_40d4_88f4_5f30e94b2e40_1503944405057_1"},{"key":"?destinationLatitude","val":"32.6483734927119115809546201489865779876708984375"},{"key":"?destinationLongitude","val":"-117.079831109999389582299045287072658538818359375"}]}]}]}
