{"dataList":[{"query":"?- ?v:AE#VATravelVoucher, ?v[AE#hasVoucherClaimant->?c], ?c[AE#hasName->?cn], ?cn[label->?claimantFullName].","resultList":[{"result":[{"key":"?v","val":"VO_0c263cf6_92cc_4ff5_a180_81494ae4916b_1503944130078_0"},{"key":"?c","val":"VO_0c263cf6_92cc_4ff5_a180_81494ae4916b_1503944130078_2"},{"key":"?cn","val":"NO_01b630ba_53fc_421c_a42f_be3a446eba1e_1503944138831_0"},{"key":"?claimantFullName","val":"Robert Daniel Shaffer"}]},{"result":[{"key":"?v","val":"VO_0c263cf6_92cc_4ff5_a180_81494ae4916b_1503944130078_0"},{"key":"?c","val":"VO_0c263cf6_92cc_4ff5_a180_81494ae4916b_1503944130078_2"},{"key":"?cn","val":"VO_0c263cf6_92cc_4ff5_a180_81494ae4916b_1503944130078_1"},{"key":"?claimantFullName","val":"Robert Daniel Shaffer"}]}]},{"query":"?- ?v:AE#VATravelVoucher, ?v[AE#hasVoucherClaimant->?c], ?c[AE#hasName->?cn], ?cn[AE#hasFirstName->?claimantFirstName].","resultList":[{"result":[{"key":"?v","val":"VO_0c263cf6_92cc_4ff5_a180_81494ae4916b_1503944130078_0"},{"key":"?c","val":"VO_0c263cf6_92cc_4ff5_a180_81494ae4916b_1503944130078_2"},{"key":"?cn","val":"NO_01b630ba_53fc_421c_a42f_be3a446eba1e_1503944138831_0"},{"key":"?claimantFirstName","val":"robert"}]}]},{"query":"?- ?v:AE#VATravelVoucher, ?v[AE#hasVoucherClaimant->?c], ?c[AE#hasName->?cn], ?cn[AE#hasLastName->?claimantLastName].","resultList":[{"result":[{"key":"?v","val":"VO_0c263cf6_92cc_4ff5_a180_81494ae4916b_1503944130078_0"},{"key":"?c","val":"VO_0c263cf6_92cc_4ff5_a180_81494ae4916b_1503944130078_2"},{"key":"?cn","val":"NO_01b630ba_53fc_421c_a42f_be3a446eba1e_1503944138831_0"},{"key":"?claimantLastName","val":"shaffer"}]}]},{"query":"?- ?v:AE#VATravelVoucher, ?v[AE#hasVoucherClaimant->?c], ?c[AE#hasSocialSecurityNumber->?s], ?s[label->?claimantSsn].","resultList":[{"result":[{"key":"?v","val":"VO_0c263cf6_92cc_4ff5_a180_81494ae4916b_1503944130078_0"},{"key":"?c","val":"VO_0c263cf6_92cc_4ff5_a180_81494ae4916b_1503944130078_2"},{"key":"?s","val":"VO_0c263cf6_92cc_4ff5_a180_81494ae4916b_1503944130078_12"},{"key":"?claimantSsn","val":"331-60-7960"}]}]},{"query":"?- ?v:AE#VATravelVoucher, ?v[AE#hasVoucherClaimant->?c], ?c[AE#hasLiens->?claimantHasLiens].","resultList":[{"result":[{"key":"?v","val":"VO_0c263cf6_92cc_4ff5_a180_81494ae4916b_1503944130078_0"},{"key":"?c","val":"VO_0c263cf6_92cc_4ff5_a180_81494ae4916b_1503944130078_2"},{"key":"?claimantHasLiens","val":"AE#UnknownLienReport"}]}]},{"query":"?- ?v:AE#VATravelVoucher, ?v[AE#hasVoucherClaimant->?c], ?c[AE#hasDeclaredBankruptcy->?claimantHasDeclaredBankruptcy].","resultList":[{"result":[{"key":"?v","val":"VO_0c263cf6_92cc_4ff5_a180_81494ae4916b_1503944130078_0"},{"key":"?c","val":"VO_0c263cf6_92cc_4ff5_a180_81494ae4916b_1503944130078_2"},{"key":"?claimantHasDeclaredBankruptcy","val":"AE#NoBankruptcyReport"}]}]},{"query":"?- ?v:AE#VATravelVoucher, ?v[AE#hasVoucherClaimant->?c], ?c[AE#hasArrestRecord->?claimantHasArrestRecord].","resultList":[{"result":[{"key":"?v","val":"VO_0c263cf6_92cc_4ff5_a180_81494ae4916b_1503944130078_0"},{"key":"?c","val":"VO_0c263cf6_92cc_4ff5_a180_81494ae4916b_1503944130078_2"},{"key":"?claimantHasArrestRecord","val":"AE#NoArrestRecord"}]}]},{"query":"?- ?v:AE#VATravelVoucher, ?v[AE#hasVoucherClaimant->?c], ?c[AE#hasCriminalRecord->?claimantHasCriminalRecord].","resultList":[{"result":[{"key":"?v","val":"VO_0c263cf6_92cc_4ff5_a180_81494ae4916b_1503944130078_0"},{"key":"?c","val":"VO_0c263cf6_92cc_4ff5_a180_81494ae4916b_1503944130078_2"},{"key":"?claimantHasCriminalRecord","val":"AE#NoCriminalRecord"}]}]},{"query":"?- ?v:AE#VATravelVoucher, ?v[AE#hasVoucherBeneficiary->?b], ?b[AE#hasName->?cn], ?cn[label->?beneficiaryFullName].","resultList":[{"result":[{"key":"?v","val":"VO_0c263cf6_92cc_4ff5_a180_81494ae4916b_1503944130078_0"},{"key":"?b","val":"VO_0c263cf6_92cc_4ff5_a180_81494ae4916b_1503944130078_11"},{"key":"?cn","val":"VO_0c263cf6_92cc_4ff5_a180_81494ae4916b_1503944130078_10"},{"key":"?beneficiaryFullName","val":"Jonathan Eric Guerra"}]},{"result":[{"key":"?v","val":"VO_0c263cf6_92cc_4ff5_a180_81494ae4916b_1503944130078_0"},{"key":"?b","val":"VO_0c263cf6_92cc_4ff5_a180_81494ae4916b_1503944130078_11"},{"key":"?cn","val":"NO_0111c248_1dd4_428c_81cb_541b9cdf6c03_1503944136566_0"},{"key":"?beneficiaryFullName","val":"Jonathan Eric Guerra"}]}]},{"query":"?- ?v:AE#VATravelVoucher, ?v[AE#hasVoucherBeneficiary->?b], ?b[AE#hasName->?cn], ?cn[AE#hasFirstName->?beneficiaryFirstName].","resultList":[{"result":[{"key":"?v","val":"VO_0c263cf6_92cc_4ff5_a180_81494ae4916b_1503944130078_0"},{"key":"?b","val":"VO_0c263cf6_92cc_4ff5_a180_81494ae4916b_1503944130078_11"},{"key":"?cn","val":"NO_0111c248_1dd4_428c_81cb_541b9cdf6c03_1503944136566_0"},{"key":"?beneficiaryFirstName","val":"jonathan"}]}]},{"query":"?- ?v:AE#VATravelVoucher, ?v[AE#hasVoucherBeneficiary->?b], ?b[AE#hasName->?cn], ?cn[AE#hasLastName->?beneficiaryLastName].","resultList":[{"result":[{"key":"?v","val":"VO_0c263cf6_92cc_4ff5_a180_81494ae4916b_1503944130078_0"},{"key":"?b","val":"VO_0c263cf6_92cc_4ff5_a180_81494ae4916b_1503944130078_11"},{"key":"?cn","val":"NO_0111c248_1dd4_428c_81cb_541b9cdf6c03_1503944136566_0"},{"key":"?beneficiaryLastName","val":"guerra"}]}]},{"query":"?- ?v:AE#VATravelVoucher, ?v[AE#hasVoucherBeneficiary->?b], ?b[AE#hasSocialSecurityNumber->?s], ?s[label->?beneficiarySsn].","resultList":[{"result":[{"key":"?v","val":"VO_0c263cf6_92cc_4ff5_a180_81494ae4916b_1503944130078_0"},{"key":"?b","val":"VO_0c263cf6_92cc_4ff5_a180_81494ae4916b_1503944130078_11"},{"key":"?s","val":"VO_0c263cf6_92cc_4ff5_a180_81494ae4916b_1503944130078_9"},{"key":"?beneficiarySsn","val":"815-02-7024"}]}]},{"query":"?- ?v:AE#VATravelVoucher, ?v[AE#hasVoucherBeneficiary->?b], ?b[AE#hasLiens->?beneficiaryHasLiens].","resultList":[{"result":[{"key":"?v","val":"VO_0c263cf6_92cc_4ff5_a180_81494ae4916b_1503944130078_0"},{"key":"?b","val":"VO_0c263cf6_92cc_4ff5_a180_81494ae4916b_1503944130078_11"},{"key":"?beneficiaryHasLiens","val":"AE#NoLienReport"}]}]},{"query":"?- ?v:AE#VATravelVoucher, ?v[AE#hasVoucherBeneficiary->?b], ?b[AE#hasDeclaredBankruptcy->?beneficiaryHasDeclaredBankruptcy].","resultList":[{"result":[{"key":"?v","val":"VO_0c263cf6_92cc_4ff5_a180_81494ae4916b_1503944130078_0"},{"key":"?b","val":"VO_0c263cf6_92cc_4ff5_a180_81494ae4916b_1503944130078_11"},{"key":"?beneficiaryHasDeclaredBankruptcy","val":"AE#NoBankruptcyReport"}]}]},{"query":"?- ?v:AE#VATravelVoucher, ?v[AE#hasVoucherBeneficiary->?b], ?b[AE#hasArrestRecord->?beneficiaryHasArrestRecord].","resultList":[{"result":[{"key":"?v","val":"VO_0c263cf6_92cc_4ff5_a180_81494ae4916b_1503944130078_0"},{"key":"?b","val":"VO_0c263cf6_92cc_4ff5_a180_81494ae4916b_1503944130078_11"},{"key":"?beneficiaryHasArrestRecord","val":"AE#NoArrestRecord"}]}]},{"query":"?- ?v:AE#VATravelVoucher, ?v[AE#hasVoucherBeneficiary->?b], ?b[AE#hasCriminalRecord->?beneficiaryHasCriminalRecord].","resultList":[{"result":[{"key":"?v","val":"VO_0c263cf6_92cc_4ff5_a180_81494ae4916b_1503944130078_0"},{"key":"?b","val":"VO_0c263cf6_92cc_4ff5_a180_81494ae4916b_1503944130078_11"},{"key":"?beneficiaryHasCriminalRecord","val":"AE#NoCriminalRecord"}]}]},{"query":"?- ?t:AE#Travelling, ?t[AE#hasPath->?p], ?p[AE#hasDistance->?d], ?d[AE#numericValue->?expectedDistanceValue], ?d[AE#hasUnitOfMeasure->?unitOfDistanceMeasure].","resultList":[{"result":[{"key":"?t","val":"VO_0c263cf6_92cc_4ff5_a180_81494ae4916b_1503944130078_6"},{"key":"?p","val":"ES_5f2aa067_a3ac_438b_898a_81c2b34ca236_1503944159181_4"},{"key":"?d","val":"ES_5f2aa067_a3ac_438b_898a_81c2b34ca236_1503944159181_0"},{"key":"?expectedDistanceValue","val":"8678.18399626895916298963129520416259765625"},{"key":"?unitOfDistanceMeasure","val":"meters"}]}]},{"query":"?- ?t:AE#Travelling, ?t[AE#hasPath->?p], ?p[AE#hasExpectedTravelTime->?d], ?d[AE#numericValue->?expectedTimeValue], ?d[AE#hasUnitOfMeasure->?unitOfTimeMeasure].","resultList":[{"result":[{"key":"?t","val":"VO_0c263cf6_92cc_4ff5_a180_81494ae4916b_1503944130078_6"},{"key":"?p","val":"ES_5f2aa067_a3ac_438b_898a_81c2b34ca236_1503944159181_4"},{"key":"?d","val":"ES_5f2aa067_a3ac_438b_898a_81c2b34ca236_1503944159181_2"},{"key":"?expectedTimeValue","val":"9.55588896875269711017608642578125"},{"key":"?unitOfTimeMeasure","val":"minutes"}]}]},{"query":"?- ?t:AE#Travelling, ?t[AE#hasDestination->?d], ?d[label->?destinationFullAddress].","resultList":[{"result":[{"key":"?t","val":"VO_0c263cf6_92cc_4ff5_a180_81494ae4916b_1503944130078_7"},{"key":"?d","val":"VO_0c263cf6_92cc_4ff5_a180_81494ae4916b_1503944130078_8"},{"key":"?destinationFullAddress","val":"2790 Truxton Road, Suite 130, San Diego, CA 92106"}]},{"result":[{"key":"?t","val":"VO_0c263cf6_92cc_4ff5_a180_81494ae4916b_1503944130078_6"},{"key":"?d","val":"VO_0c263cf6_92cc_4ff5_a180_81494ae4916b_1503944130078_5"},{"key":"?destinationFullAddress","val":"2570 Burgener Blvd, San Diego, CA 92110"}]}]},{"query":"?- ?t:AE#Travelling, ?t[AE#hasDestination->?d], ?d[AE#hasStreet->?s], ?s[label->?destinationStreetName], ?d[AE#hasCity->?c], ?c[label->?destinationCity], ?d[AE#hasState->?st], ?st[label->?destinationState], ?d[AE#hasZipcode->?destinationZipCode].","resultList":[{"result":[{"key":"?t","val":"VO_0c263cf6_92cc_4ff5_a180_81494ae4916b_1503944130078_7"},{"key":"?d","val":"VO_0c263cf6_92cc_4ff5_a180_81494ae4916b_1503944130078_8"},{"key":"?s","val":"NO_8ae0dd3f_60ac_40a4_93b1_745cb91a5f04_1503944140981_id5"},{"key":"?destinationStreetName","val":"2790 Truxton Road"},{"key":"?c","val":"NO_8ae0dd3f_60ac_40a4_93b1_745cb91a5f04_1503944140981_id11"},{"key":"?destinationCity","val":"San Diego"},{"key":"?st","val":"NO_8ae0dd3f_60ac_40a4_93b1_745cb91a5f04_1503944140981_id13"},{"key":"?destinationState","val":"CA"},{"key":"?destinationZipCode","val":"92106"}]},{"result":[{"key":"?t","val":"VO_0c263cf6_92cc_4ff5_a180_81494ae4916b_1503944130078_6"},{"key":"?d","val":"VO_0c263cf6_92cc_4ff5_a180_81494ae4916b_1503944130078_5"},{"key":"?s","val":"NO_a18bfb78_e01b_412d_8b0d_b3f1802ded5c_1503944143196_id3"},{"key":"?destinationStreetName","val":"2570 Burgener Blvd"},{"key":"?c","val":"NO_a18bfb78_e01b_412d_8b0d_b3f1802ded5c_1503944143196_id9"},{"key":"?destinationCity","val":"San Diego"},{"key":"?st","val":"NO_a18bfb78_e01b_412d_8b0d_b3f1802ded5c_1503944143196_id11"},{"key":"?destinationState","val":"CA"},{"key":"?destinationZipCode","val":"92110"}]}]},{"query":"?- ?t:AE#Travelling, ?t[AE#hasOrigin->?d], ?d[label->?originFullAddress].","resultList":[{"result":[{"key":"?t","val":"VO_0c263cf6_92cc_4ff5_a180_81494ae4916b_1503944130078_7"},{"key":"?d","val":"VO_0c263cf6_92cc_4ff5_a180_81494ae4916b_1503944130078_3"},{"key":"?originFullAddress","val":"927 Euclid Ave San Diego, CA 92114"}]},{"result":[{"key":"?t","val":"VO_0c263cf6_92cc_4ff5_a180_81494ae4916b_1503944130078_6"},{"key":"?d","val":"VO_0c263cf6_92cc_4ff5_a180_81494ae4916b_1503944130078_8"},{"key":"?originFullAddress","val":"2790 Truxton Road, Suite 130, San Diego, CA 92106"}]}]},{"query":"?- ?t:AE#Travelling, ?t[AE#hasOrigin->?d], ?d[AE#hasStreet->?s], ?s[label->?originStreetName], ?d[AE#hasCity->?c], ?c[label->?originCity], ?d[AE#hasState->?st], ?st[label->?originState], ?d[AE#hasZipcode->?originZipCode].","resultList":[{"result":[{"key":"?t","val":"VO_0c263cf6_92cc_4ff5_a180_81494ae4916b_1503944130078_7"},{"key":"?d","val":"VO_0c263cf6_92cc_4ff5_a180_81494ae4916b_1503944130078_3"},{"key":"?s","val":"NO_6d83dfb8_9cfc_4f5c_990b_4779c4127022_1503944145480_id3"},{"key":"?originStreetName","val":"927 Euclid Ave"},{"key":"?c","val":"NO_6d83dfb8_9cfc_4f5c_990b_4779c4127022_1503944145480_id9"},{"key":"?originCity","val":"San Diego"},{"key":"?st","val":"NO_6d83dfb8_9cfc_4f5c_990b_4779c4127022_1503944145480_id11"},{"key":"?originState","val":"CA"},{"key":"?originZipCode","val":"92114"}]},{"result":[{"key":"?t","val":"VO_0c263cf6_92cc_4ff5_a180_81494ae4916b_1503944130078_6"},{"key":"?d","val":"VO_0c263cf6_92cc_4ff5_a180_81494ae4916b_1503944130078_8"},{"key":"?s","val":"NO_8ae0dd3f_60ac_40a4_93b1_745cb91a5f04_1503944140981_id5"},{"key":"?originStreetName","val":"2790 Truxton Road"},{"key":"?c","val":"NO_8ae0dd3f_60ac_40a4_93b1_745cb91a5f04_1503944140981_id11"},{"key":"?originCity","val":"San Diego"},{"key":"?st","val":"NO_8ae0dd3f_60ac_40a4_93b1_745cb91a5f04_1503944140981_id13"},{"key":"?originState","val":"CA"},{"key":"?originZipCode","val":"92106"}]}]},{"query":"?- ?t:AE#Travelling, ?t[AE#hasPath->?p], ?p[AE#hasStartRegion->?s], ?s[AE#hasLatitude->?originLatitude], ?s[AE#hasLongitude->?originLongitude].","resultList":[{"result":[{"key":"?t","val":"VO_0c263cf6_92cc_4ff5_a180_81494ae4916b_1503944130078_6"},{"key":"?p","val":"ES_5f2aa067_a3ac_438b_898a_81c2b34ca236_1503944159181_4"},{"key":"?s","val":"ES_5f2aa067_a3ac_438b_898a_81c2b34ca236_1503944159181_3"},{"key":"?originLatitude","val":"32.74051839275188058309140615165233612060546875"},{"key":"?originLongitude","val":"-117.2130215001728856805129908025264739990234375"}]}]},{"query":"?- ?t:AE#Travelling, ?t[AE#hasPath->?p], ?p[AE#hasEndRegion->?e], ?e[AE#hasLatitude->?destinationLatitude], ?e[AE#hasLongitude->?destinationLongitude].","resultList":[{"result":[{"key":"?t","val":"VO_0c263cf6_92cc_4ff5_a180_81494ae4916b_1503944130078_6"},{"key":"?p","val":"ES_5f2aa067_a3ac_438b_898a_81c2b34ca236_1503944159181_4"},{"key":"?e","val":"ES_5f2aa067_a3ac_438b_898a_81c2b34ca236_1503944159181_1"},{"key":"?destinationLatitude","val":"32.7883046128167023880450869910418987274169921875"},{"key":"?destinationLongitude","val":"-117.1916134765709074372352915816009044647216796875"}]}]}]}
