{"dataList":[{"query":"?- ?v:AE#VATravelVoucher, ?v[AE#hasVoucherClaimant->?c], ?c[AE#hasName->?cn], ?cn[label->?claimantFullName].","resultList":[{"result":[{"key":"?v","val":"VO_02985b60_98d7_4868_8aa3_99cf8424757f_1503940964313_0"},{"key":"?c","val":"VO_02985b60_98d7_4868_8aa3_99cf8424757f_1503940964313_2"},{"key":"?cn","val":"NO_1c05d714_d2f0_44d3_92a2_130c04b86390_1503940971915_0"},{"key":"?claimantFullName","val":"Dawn L. Tully"}]},{"result":[{"key":"?v","val":"VO_02985b60_98d7_4868_8aa3_99cf8424757f_1503940964313_0"},{"key":"?c","val":"VO_02985b60_98d7_4868_8aa3_99cf8424757f_1503940964313_2"},{"key":"?cn","val":"VO_02985b60_98d7_4868_8aa3_99cf8424757f_1503940964313_1"},{"key":"?claimantFullName","val":"Dawn L. Tully"}]}]},{"query":"?- ?v:AE#VATravelVoucher, ?v[AE#hasVoucherClaimant->?c], ?c[AE#hasName->?cn], ?cn[AE#hasFirstName->?claimantFirstName].","resultList":[{"result":[{"key":"?v","val":"VO_02985b60_98d7_4868_8aa3_99cf8424757f_1503940964313_0"},{"key":"?c","val":"VO_02985b60_98d7_4868_8aa3_99cf8424757f_1503940964313_2"},{"key":"?cn","val":"NO_1c05d714_d2f0_44d3_92a2_130c04b86390_1503940971915_0"},{"key":"?claimantFirstName","val":"dawn"}]}]},{"query":"?- ?v:AE#VATravelVoucher, ?v[AE#hasVoucherClaimant->?c], ?c[AE#hasName->?cn], ?cn[AE#hasLastName->?claimantLastName].","resultList":[{"result":[{"key":"?v","val":"VO_02985b60_98d7_4868_8aa3_99cf8424757f_1503940964313_0"},{"key":"?c","val":"VO_02985b60_98d7_4868_8aa3_99cf8424757f_1503940964313_2"},{"key":"?cn","val":"NO_1c05d714_d2f0_44d3_92a2_130c04b86390_1503940971915_0"},{"key":"?claimantLastName","val":"tully"}]}]},{"query":"?- ?v:AE#VATravelVoucher, ?v[AE#hasVoucherClaimant->?c], ?c[AE#hasSocialSecurityNumber->?s], ?s[label->?claimantSsn].","resultList":[{"result":[{"key":"?v","val":"VO_02985b60_98d7_4868_8aa3_99cf8424757f_1503940964313_0"},{"key":"?c","val":"VO_02985b60_98d7_4868_8aa3_99cf8424757f_1503940964313_2"},{"key":"?s","val":"VO_02985b60_98d7_4868_8aa3_99cf8424757f_1503940964313_12"},{"key":"?claimantSsn","val":"045-98-5984"}]}]},{"query":"?- ?v:AE#VATravelVoucher, ?v[AE#hasVoucherClaimant->?c], ?c[AE#hasLiens->?claimantHasLiens].","resultList":[{"result":[{"key":"?v","val":"VO_02985b60_98d7_4868_8aa3_99cf8424757f_1503940964313_0"},{"key":"?c","val":"VO_02985b60_98d7_4868_8aa3_99cf8424757f_1503940964313_2"},{"key":"?claimantHasLiens","val":"AE#NoLienReport"}]}]},{"query":"?- ?v:AE#VATravelVoucher, ?v[AE#hasVoucherClaimant->?c], ?c[AE#hasDeclaredBankruptcy->?claimantHasDeclaredBankruptcy].","resultList":[{"result":[{"key":"?v","val":"VO_02985b60_98d7_4868_8aa3_99cf8424757f_1503940964313_0"},{"key":"?c","val":"VO_02985b60_98d7_4868_8aa3_99cf8424757f_1503940964313_2"},{"key":"?claimantHasDeclaredBankruptcy","val":"AE#NoBankruptcyReport"}]}]},{"query":"?- ?v:AE#VATravelVoucher, ?v[AE#hasVoucherClaimant->?c], ?c[AE#hasArrestRecord->?claimantHasArrestRecord].","resultList":[{"result":[{"key":"?v","val":"VO_02985b60_98d7_4868_8aa3_99cf8424757f_1503940964313_0"},{"key":"?c","val":"VO_02985b60_98d7_4868_8aa3_99cf8424757f_1503940964313_2"},{"key":"?claimantHasArrestRecord","val":"AE#NoArrestRecord"}]}]},{"query":"?- ?v:AE#VATravelVoucher, ?v[AE#hasVoucherClaimant->?c], ?c[AE#hasCriminalRecord->?claimantHasCriminalRecord].","resultList":[{"result":[{"key":"?v","val":"VO_02985b60_98d7_4868_8aa3_99cf8424757f_1503940964313_0"},{"key":"?c","val":"VO_02985b60_98d7_4868_8aa3_99cf8424757f_1503940964313_2"},{"key":"?claimantHasCriminalRecord","val":"AE#NoCriminalRecord"}]}]},{"query":"?- ?v:AE#VATravelVoucher, ?v[AE#hasVoucherBeneficiary->?b], ?b[AE#hasName->?cn], ?cn[label->?beneficiaryFullName].","resultList":[{"result":[{"key":"?v","val":"VO_02985b60_98d7_4868_8aa3_99cf8424757f_1503940964313_0"},{"key":"?b","val":"VO_02985b60_98d7_4868_8aa3_99cf8424757f_1503940964313_11"},{"key":"?cn","val":"VO_02985b60_98d7_4868_8aa3_99cf8424757f_1503940964313_10"},{"key":"?beneficiaryFullName","val":"Kenneth M. Asbury"}]},{"result":[{"key":"?v","val":"VO_02985b60_98d7_4868_8aa3_99cf8424757f_1503940964313_0"},{"key":"?b","val":"VO_02985b60_98d7_4868_8aa3_99cf8424757f_1503940964313_11"},{"key":"?cn","val":"NO_4e3fd605_da22_4f61_aeec_9259d1b6c7d5_1503940970017_0"},{"key":"?beneficiaryFullName","val":"Kenneth M. Asbury"}]}]},{"query":"?- ?v:AE#VATravelVoucher, ?v[AE#hasVoucherBeneficiary->?b], ?b[AE#hasName->?cn], ?cn[AE#hasFirstName->?beneficiaryFirstName].","resultList":[{"result":[{"key":"?v","val":"VO_02985b60_98d7_4868_8aa3_99cf8424757f_1503940964313_0"},{"key":"?b","val":"VO_02985b60_98d7_4868_8aa3_99cf8424757f_1503940964313_11"},{"key":"?cn","val":"NO_4e3fd605_da22_4f61_aeec_9259d1b6c7d5_1503940970017_0"},{"key":"?beneficiaryFirstName","val":"kenneth"}]}]},{"query":"?- ?v:AE#VATravelVoucher, ?v[AE#hasVoucherBeneficiary->?b], ?b[AE#hasName->?cn], ?cn[AE#hasLastName->?beneficiaryLastName].","resultList":[{"result":[{"key":"?v","val":"VO_02985b60_98d7_4868_8aa3_99cf8424757f_1503940964313_0"},{"key":"?b","val":"VO_02985b60_98d7_4868_8aa3_99cf8424757f_1503940964313_11"},{"key":"?cn","val":"NO_4e3fd605_da22_4f61_aeec_9259d1b6c7d5_1503940970017_0"},{"key":"?beneficiaryLastName","val":"asbury"}]}]},{"query":"?- ?v:AE#VATravelVoucher, ?v[AE#hasVoucherBeneficiary->?b], ?b[AE#hasSocialSecurityNumber->?s], ?s[label->?beneficiarySsn].","resultList":[{"result":[{"key":"?v","val":"VO_02985b60_98d7_4868_8aa3_99cf8424757f_1503940964313_0"},{"key":"?b","val":"VO_02985b60_98d7_4868_8aa3_99cf8424757f_1503940964313_11"},{"key":"?s","val":"VO_02985b60_98d7_4868_8aa3_99cf8424757f_1503940964313_9"},{"key":"?beneficiarySsn","val":"264-40-3302"}]}]},{"query":"?- ?v:AE#VATravelVoucher, ?v[AE#hasVoucherBeneficiary->?b], ?b[AE#hasLiens->?beneficiaryHasLiens].","resultList":[{"result":[{"key":"?v","val":"VO_02985b60_98d7_4868_8aa3_99cf8424757f_1503940964313_0"},{"key":"?b","val":"VO_02985b60_98d7_4868_8aa3_99cf8424757f_1503940964313_11"},{"key":"?beneficiaryHasLiens","val":"AE#UnknownLienReport"}]}]},{"query":"?- ?v:AE#VATravelVoucher, ?v[AE#hasVoucherBeneficiary->?b], ?b[AE#hasDeclaredBankruptcy->?beneficiaryHasDeclaredBankruptcy].","resultList":[{"result":[{"key":"?v","val":"VO_02985b60_98d7_4868_8aa3_99cf8424757f_1503940964313_0"},{"key":"?b","val":"VO_02985b60_98d7_4868_8aa3_99cf8424757f_1503940964313_11"},{"key":"?beneficiaryHasDeclaredBankruptcy","val":"AE#NoBankruptcyReport"}]}]},{"query":"?- ?v:AE#VATravelVoucher, ?v[AE#hasVoucherBeneficiary->?b], ?b[AE#hasArrestRecord->?beneficiaryHasArrestRecord].","resultList":[{"result":[{"key":"?v","val":"VO_02985b60_98d7_4868_8aa3_99cf8424757f_1503940964313_0"},{"key":"?b","val":"VO_02985b60_98d7_4868_8aa3_99cf8424757f_1503940964313_11"},{"key":"?beneficiaryHasArrestRecord","val":"AE#NoArrestRecord"}]}]},{"query":"?- ?v:AE#VATravelVoucher, ?v[AE#hasVoucherBeneficiary->?b], ?b[AE#hasCriminalRecord->?beneficiaryHasCriminalRecord].","resultList":[{"result":[{"key":"?v","val":"VO_02985b60_98d7_4868_8aa3_99cf8424757f_1503940964313_0"},{"key":"?b","val":"VO_02985b60_98d7_4868_8aa3_99cf8424757f_1503940964313_11"},{"key":"?beneficiaryHasCriminalRecord","val":"AE#NoCriminalRecord"}]}]},{"query":"?- ?t:AE#Travelling, ?t[AE#hasPath->?p], ?p[AE#hasDistance->?d], ?d[AE#numericValue->?expectedDistanceValue], ?d[AE#hasUnitOfMeasure->?unitOfDistanceMeasure].","resultList":[{"result":[{"key":"?t","val":"VO_02985b60_98d7_4868_8aa3_99cf8424757f_1503940964313_6"},{"key":"?p","val":"ES_d10f1578_49a7_4fdf_8b1f_71d69b6687fe_1503940992546_4"},{"key":"?d","val":"ES_d10f1578_49a7_4fdf_8b1f_71d69b6687fe_1503940992546_0"},{"key":"?expectedDistanceValue","val":"16150.848137405961097101680934429168701171875"},{"key":"?unitOfDistanceMeasure","val":"meters"}]}]},{"query":"?- ?t:AE#Travelling, ?t[AE#hasPath->?p], ?p[AE#hasExpectedTravelTime->?d], ?d[AE#numericValue->?expectedTimeValue], ?d[AE#hasUnitOfMeasure->?unitOfTimeMeasure].","resultList":[{"result":[{"key":"?t","val":"VO_02985b60_98d7_4868_8aa3_99cf8424757f_1503940964313_6"},{"key":"?p","val":"ES_d10f1578_49a7_4fdf_8b1f_71d69b6687fe_1503940992546_4"},{"key":"?d","val":"ES_d10f1578_49a7_4fdf_8b1f_71d69b6687fe_1503940992546_2"},{"key":"?expectedTimeValue","val":"11.29778241156600415706634521484375"},{"key":"?unitOfTimeMeasure","val":"minutes"}]}]},{"query":"?- ?t:AE#Travelling, ?t[AE#hasDestination->?d], ?d[label->?destinationFullAddress].","resultList":[{"result":[{"key":"?t","val":"VO_02985b60_98d7_4868_8aa3_99cf8424757f_1503940964313_7"},{"key":"?d","val":"VO_02985b60_98d7_4868_8aa3_99cf8424757f_1503940964313_8"},{"key":"?destinationFullAddress","val":"2790 Truxton Road, Suite 130, San Diego, CA 92106"}]},{"result":[{"key":"?t","val":"VO_02985b60_98d7_4868_8aa3_99cf8424757f_1503940964313_6"},{"key":"?d","val":"VO_02985b60_98d7_4868_8aa3_99cf8424757f_1503940964313_5"},{"key":"?destinationFullAddress","val":"150 Fifth Street San Diego, CA 92114"}]}]},{"query":"?- ?t:AE#Travelling, ?t[AE#hasDestination->?d], ?d[AE#hasStreet->?s], ?s[label->?destinationStreetName], ?d[AE#hasCity->?c], ?c[label->?destinationCity], ?d[AE#hasState->?st], ?st[label->?destinationState], ?d[AE#hasZipcode->?destinationZipCode].","resultList":[{"result":[{"key":"?t","val":"VO_02985b60_98d7_4868_8aa3_99cf8424757f_1503940964313_7"},{"key":"?d","val":"VO_02985b60_98d7_4868_8aa3_99cf8424757f_1503940964313_8"},{"key":"?s","val":"NO_e7fe4a9e_f36b_4a01_bd75_c0eb2ac163e6_1503940973926_id5"},{"key":"?destinationStreetName","val":"2790 Truxton Road"},{"key":"?c","val":"NO_e7fe4a9e_f36b_4a01_bd75_c0eb2ac163e6_1503940973926_id11"},{"key":"?destinationCity","val":"San Diego"},{"key":"?st","val":"NO_e7fe4a9e_f36b_4a01_bd75_c0eb2ac163e6_1503940973926_id13"},{"key":"?destinationState","val":"CA"},{"key":"?destinationZipCode","val":"92106"}]},{"result":[{"key":"?t","val":"VO_02985b60_98d7_4868_8aa3_99cf8424757f_1503940964313_6"},{"key":"?d","val":"VO_02985b60_98d7_4868_8aa3_99cf8424757f_1503940964313_5"},{"key":"?s","val":"NO_d0a4a8f4_0367_4ad0_ab3c_dffd63e1680e_1503940975811_id3"},{"key":"?destinationStreetName","val":"150 Fifth Street"},{"key":"?c","val":"NO_d0a4a8f4_0367_4ad0_ab3c_dffd63e1680e_1503940975811_id9"},{"key":"?destinationCity","val":"San Diego"},{"key":"?st","val":"NO_d0a4a8f4_0367_4ad0_ab3c_dffd63e1680e_1503940975811_id11"},{"key":"?destinationState","val":"CA"},{"key":"?destinationZipCode","val":"92114"}]}]},{"query":"?- ?t:AE#Travelling, ?t[AE#hasOrigin->?d], ?d[label->?originFullAddress].","resultList":[{"result":[{"key":"?t","val":"VO_02985b60_98d7_4868_8aa3_99cf8424757f_1503940964313_7"},{"key":"?d","val":"VO_02985b60_98d7_4868_8aa3_99cf8424757f_1503940964313_3"},{"key":"?originFullAddress","val":"3343 43rd St, San Diego, CA 92105"}]},{"result":[{"key":"?t","val":"VO_02985b60_98d7_4868_8aa3_99cf8424757f_1503940964313_6"},{"key":"?d","val":"VO_02985b60_98d7_4868_8aa3_99cf8424757f_1503940964313_8"},{"key":"?originFullAddress","val":"2790 Truxton Road, Suite 130, San Diego, CA 92106"}]}]},{"query":"?- ?t:AE#Travelling, ?t[AE#hasOrigin->?d], ?d[AE#hasStreet->?s], ?s[label->?originStreetName], ?d[AE#hasCity->?c], ?c[label->?originCity], ?d[AE#hasState->?st], ?st[label->?originState], ?d[AE#hasZipcode->?originZipCode].","resultList":[{"result":[{"key":"?t","val":"VO_02985b60_98d7_4868_8aa3_99cf8424757f_1503940964313_7"},{"key":"?d","val":"VO_02985b60_98d7_4868_8aa3_99cf8424757f_1503940964313_3"},{"key":"?s","val":"NO_50536ce5_5588_41dd_ba05_255618b83474_1503940977845_id3"},{"key":"?originStreetName","val":"3343 43rd St"},{"key":"?c","val":"NO_50536ce5_5588_41dd_ba05_255618b83474_1503940977845_id9"},{"key":"?originCity","val":"San Diego"},{"key":"?st","val":"NO_50536ce5_5588_41dd_ba05_255618b83474_1503940977845_id11"},{"key":"?originState","val":"CA"},{"key":"?originZipCode","val":"92105"}]},{"result":[{"key":"?t","val":"VO_02985b60_98d7_4868_8aa3_99cf8424757f_1503940964313_6"},{"key":"?d","val":"VO_02985b60_98d7_4868_8aa3_99cf8424757f_1503940964313_8"},{"key":"?s","val":"NO_e7fe4a9e_f36b_4a01_bd75_c0eb2ac163e6_1503940973926_id5"},{"key":"?originStreetName","val":"2790 Truxton Road"},{"key":"?c","val":"NO_e7fe4a9e_f36b_4a01_bd75_c0eb2ac163e6_1503940973926_id11"},{"key":"?originCity","val":"San Diego"},{"key":"?st","val":"NO_e7fe4a9e_f36b_4a01_bd75_c0eb2ac163e6_1503940973926_id13"},{"key":"?originState","val":"CA"},{"key":"?originZipCode","val":"92106"}]}]},{"query":"?- ?t:AE#Travelling, ?t[AE#hasPath->?p], ?p[AE#hasStartRegion->?s], ?s[AE#hasLatitude->?originLatitude], ?s[AE#hasLongitude->?originLongitude].","resultList":[{"result":[{"key":"?t","val":"VO_02985b60_98d7_4868_8aa3_99cf8424757f_1503940964313_6"},{"key":"?p","val":"ES_d10f1578_49a7_4fdf_8b1f_71d69b6687fe_1503940992546_4"},{"key":"?s","val":"ES_d10f1578_49a7_4fdf_8b1f_71d69b6687fe_1503940992546_3"},{"key":"?originLatitude","val":"32.74051839275188058309140615165233612060546875"},{"key":"?originLongitude","val":"-117.2130215001728856805129908025264739990234375"}]}]},{"query":"?- ?t:AE#Travelling, ?t[AE#hasPath->?p], ?p[AE#hasEndRegion->?e], ?e[AE#hasLatitude->?destinationLatitude], ?e[AE#hasLongitude->?destinationLongitude].","resultList":[{"result":[{"key":"?t","val":"VO_02985b60_98d7_4868_8aa3_99cf8424757f_1503940964313_6"},{"key":"?p","val":"ES_d10f1578_49a7_4fdf_8b1f_71d69b6687fe_1503940992546_4"},{"key":"?e","val":"ES_d10f1578_49a7_4fdf_8b1f_71d69b6687fe_1503940992546_1"},{"key":"?destinationLatitude","val":"32.72617345619732276418289984576404094696044921875"},{"key":"?destinationLongitude","val":"-117.0724592852043457469335407949984073638916015625"}]}]}]}
