{"dataList":[{"query":"?- ?v:AE#VATravelVoucher, ?v[AE#hasVoucherClaimant->?c], ?c[AE#hasName->?cn], ?cn[label->?claimantFullName].","resultList":[{"result":[{"key":"?v","val":"VO_0e9e22bc_355e_4052_b976_d49afd7def7e_1503939387468_0"},{"key":"?c","val":"VO_0e9e22bc_355e_4052_b976_d49afd7def7e_1503939387468_2"},{"key":"?cn","val":"VO_0e9e22bc_355e_4052_b976_d49afd7def7e_1503939387468_1"},{"key":"?claimantFullName","val":"Vincent J. Pilkington"}]},{"result":[{"key":"?v","val":"VO_0e9e22bc_355e_4052_b976_d49afd7def7e_1503939387468_0"},{"key":"?c","val":"VO_0e9e22bc_355e_4052_b976_d49afd7def7e_1503939387468_2"},{"key":"?cn","val":"NO_03fbcb44_6437_41b2_b6d5_7481ff88fb3c_1503939395946_0"},{"key":"?claimantFullName","val":"Vincent J. Pilkington"}]}]},{"query":"?- ?v:AE#VATravelVoucher, ?v[AE#hasVoucherClaimant->?c], ?c[AE#hasName->?cn], ?cn[AE#hasFirstName->?claimantFirstName].","resultList":[{"result":[{"key":"?v","val":"VO_0e9e22bc_355e_4052_b976_d49afd7def7e_1503939387468_0"},{"key":"?c","val":"VO_0e9e22bc_355e_4052_b976_d49afd7def7e_1503939387468_2"},{"key":"?cn","val":"NO_03fbcb44_6437_41b2_b6d5_7481ff88fb3c_1503939395946_0"},{"key":"?claimantFirstName","val":"vincent"}]}]},{"query":"?- ?v:AE#VATravelVoucher, ?v[AE#hasVoucherClaimant->?c], ?c[AE#hasName->?cn], ?cn[AE#hasLastName->?claimantLastName].","resultList":[{"result":[{"key":"?v","val":"VO_0e9e22bc_355e_4052_b976_d49afd7def7e_1503939387468_0"},{"key":"?c","val":"VO_0e9e22bc_355e_4052_b976_d49afd7def7e_1503939387468_2"},{"key":"?cn","val":"NO_03fbcb44_6437_41b2_b6d5_7481ff88fb3c_1503939395946_0"},{"key":"?claimantLastName","val":"pilkington"}]}]},{"query":"?- ?v:AE#VATravelVoucher, ?v[AE#hasVoucherClaimant->?c], ?c[AE#hasSocialSecurityNumber->?s], ?s[label->?claimantSsn].","resultList":[{"result":[{"key":"?v","val":"VO_0e9e22bc_355e_4052_b976_d49afd7def7e_1503939387468_0"},{"key":"?c","val":"VO_0e9e22bc_355e_4052_b976_d49afd7def7e_1503939387468_2"},{"key":"?s","val":"VO_0e9e22bc_355e_4052_b976_d49afd7def7e_1503939387468_12"},{"key":"?claimantSsn","val":"814-16-5195"}]}]},{"query":"?- ?v:AE#VATravelVoucher, ?v[AE#hasVoucherClaimant->?c], ?c[AE#hasLiens->?claimantHasLiens].","resultList":[{"result":[{"key":"?v","val":"VO_0e9e22bc_355e_4052_b976_d49afd7def7e_1503939387468_0"},{"key":"?c","val":"VO_0e9e22bc_355e_4052_b976_d49afd7def7e_1503939387468_2"},{"key":"?claimantHasLiens","val":"AE#NoLienReport"}]}]},{"query":"?- ?v:AE#VATravelVoucher, ?v[AE#hasVoucherClaimant->?c], ?c[AE#hasDeclaredBankruptcy->?claimantHasDeclaredBankruptcy].","resultList":[{"result":[{"key":"?v","val":"VO_0e9e22bc_355e_4052_b976_d49afd7def7e_1503939387468_0"},{"key":"?c","val":"VO_0e9e22bc_355e_4052_b976_d49afd7def7e_1503939387468_2"},{"key":"?claimantHasDeclaredBankruptcy","val":"AE#NoBankruptcyReport"}]}]},{"query":"?- ?v:AE#VATravelVoucher, ?v[AE#hasVoucherClaimant->?c], ?c[AE#hasArrestRecord->?claimantHasArrestRecord].","resultList":[{"result":[{"key":"?v","val":"VO_0e9e22bc_355e_4052_b976_d49afd7def7e_1503939387468_0"},{"key":"?c","val":"VO_0e9e22bc_355e_4052_b976_d49afd7def7e_1503939387468_2"},{"key":"?claimantHasArrestRecord","val":"AE#NoArrestRecord"}]}]},{"query":"?- ?v:AE#VATravelVoucher, ?v[AE#hasVoucherClaimant->?c], ?c[AE#hasCriminalRecord->?claimantHasCriminalRecord].","resultList":[{"result":[{"key":"?v","val":"VO_0e9e22bc_355e_4052_b976_d49afd7def7e_1503939387468_0"},{"key":"?c","val":"VO_0e9e22bc_355e_4052_b976_d49afd7def7e_1503939387468_2"},{"key":"?claimantHasCriminalRecord","val":"AE#NoCriminalRecord"}]}]},{"query":"?- ?v:AE#VATravelVoucher, ?v[AE#hasVoucherBeneficiary->?b], ?b[AE#hasName->?cn], ?cn[label->?beneficiaryFullName].","resultList":[{"result":[{"key":"?v","val":"VO_0e9e22bc_355e_4052_b976_d49afd7def7e_1503939387468_0"},{"key":"?b","val":"VO_0e9e22bc_355e_4052_b976_d49afd7def7e_1503939387468_11"},{"key":"?cn","val":"VO_0e9e22bc_355e_4052_b976_d49afd7def7e_1503939387468_10"},{"key":"?beneficiaryFullName","val":"Vincent J. Pilkington"}]},{"result":[{"key":"?v","val":"VO_0e9e22bc_355e_4052_b976_d49afd7def7e_1503939387468_0"},{"key":"?b","val":"VO_0e9e22bc_355e_4052_b976_d49afd7def7e_1503939387468_11"},{"key":"?cn","val":"NO_267018af_5460_4bb3_815e_a53c26d49e86_1503939393849_0"},{"key":"?beneficiaryFullName","val":"Vincent J. Pilkington"}]}]},{"query":"?- ?v:AE#VATravelVoucher, ?v[AE#hasVoucherBeneficiary->?b], ?b[AE#hasName->?cn], ?cn[AE#hasFirstName->?beneficiaryFirstName].","resultList":[{"result":[{"key":"?v","val":"VO_0e9e22bc_355e_4052_b976_d49afd7def7e_1503939387468_0"},{"key":"?b","val":"VO_0e9e22bc_355e_4052_b976_d49afd7def7e_1503939387468_11"},{"key":"?cn","val":"NO_267018af_5460_4bb3_815e_a53c26d49e86_1503939393849_0"},{"key":"?beneficiaryFirstName","val":"vincent"}]}]},{"query":"?- ?v:AE#VATravelVoucher, ?v[AE#hasVoucherBeneficiary->?b], ?b[AE#hasName->?cn], ?cn[AE#hasLastName->?beneficiaryLastName].","resultList":[{"result":[{"key":"?v","val":"VO_0e9e22bc_355e_4052_b976_d49afd7def7e_1503939387468_0"},{"key":"?b","val":"VO_0e9e22bc_355e_4052_b976_d49afd7def7e_1503939387468_11"},{"key":"?cn","val":"NO_267018af_5460_4bb3_815e_a53c26d49e86_1503939393849_0"},{"key":"?beneficiaryLastName","val":"pilkington"}]}]},{"query":"?- ?v:AE#VATravelVoucher, ?v[AE#hasVoucherBeneficiary->?b], ?b[AE#hasSocialSecurityNumber->?s], ?s[label->?beneficiarySsn].","resultList":[{"result":[{"key":"?v","val":"VO_0e9e22bc_355e_4052_b976_d49afd7def7e_1503939387468_0"},{"key":"?b","val":"VO_0e9e22bc_355e_4052_b976_d49afd7def7e_1503939387468_11"},{"key":"?s","val":"VO_0e9e22bc_355e_4052_b976_d49afd7def7e_1503939387468_9"},{"key":"?beneficiarySsn","val":"814-16-5195"}]}]},{"query":"?- ?v:AE#VATravelVoucher, ?v[AE#hasVoucherBeneficiary->?b], ?b[AE#hasLiens->?beneficiaryHasLiens].","resultList":[{"result":[{"key":"?v","val":"VO_0e9e22bc_355e_4052_b976_d49afd7def7e_1503939387468_0"},{"key":"?b","val":"VO_0e9e22bc_355e_4052_b976_d49afd7def7e_1503939387468_11"},{"key":"?beneficiaryHasLiens","val":"AE#NoLienReport"}]}]},{"query":"?- ?v:AE#VATravelVoucher, ?v[AE#hasVoucherBeneficiary->?b], ?b[AE#hasDeclaredBankruptcy->?beneficiaryHasDeclaredBankruptcy].","resultList":[{"result":[{"key":"?v","val":"VO_0e9e22bc_355e_4052_b976_d49afd7def7e_1503939387468_0"},{"key":"?b","val":"VO_0e9e22bc_355e_4052_b976_d49afd7def7e_1503939387468_11"},{"key":"?beneficiaryHasDeclaredBankruptcy","val":"AE#NoBankruptcyReport"}]}]},{"query":"?- ?v:AE#VATravelVoucher, ?v[AE#hasVoucherBeneficiary->?b], ?b[AE#hasArrestRecord->?beneficiaryHasArrestRecord].","resultList":[{"result":[{"key":"?v","val":"VO_0e9e22bc_355e_4052_b976_d49afd7def7e_1503939387468_0"},{"key":"?b","val":"VO_0e9e22bc_355e_4052_b976_d49afd7def7e_1503939387468_11"},{"key":"?beneficiaryHasArrestRecord","val":"AE#NoArrestRecord"}]}]},{"query":"?- ?v:AE#VATravelVoucher, ?v[AE#hasVoucherBeneficiary->?b], ?b[AE#hasCriminalRecord->?beneficiaryHasCriminalRecord].","resultList":[{"result":[{"key":"?v","val":"VO_0e9e22bc_355e_4052_b976_d49afd7def7e_1503939387468_0"},{"key":"?b","val":"VO_0e9e22bc_355e_4052_b976_d49afd7def7e_1503939387468_11"},{"key":"?beneficiaryHasCriminalRecord","val":"AE#NoCriminalRecord"}]}]},{"query":"?- ?t:AE#Travelling, ?t[AE#hasPath->?p], ?p[AE#hasDistance->?d], ?d[AE#numericValue->?expectedDistanceValue], ?d[AE#hasUnitOfMeasure->?unitOfDistanceMeasure].","resultList":[{"result":[{"key":"?t","val":"VO_0e9e22bc_355e_4052_b976_d49afd7def7e_1503939387468_6"},{"key":"?p","val":"ES_12ccc7d9_7174_4185_a0de_c4928de00606_1503939418328_4"},{"key":"?d","val":"ES_12ccc7d9_7174_4185_a0de_c4928de00606_1503939418328_0"},{"key":"?expectedDistanceValue","val":"15327.5277994302959996275603771209716796875"},{"key":"?unitOfDistanceMeasure","val":"meters"}]}]},{"query":"?- ?t:AE#Travelling, ?t[AE#hasPath->?p], ?p[AE#hasExpectedTravelTime->?d], ?d[AE#numericValue->?expectedTimeValue], ?d[AE#hasUnitOfMeasure->?unitOfTimeMeasure].","resultList":[{"result":[{"key":"?t","val":"VO_0e9e22bc_355e_4052_b976_d49afd7def7e_1503939387468_6"},{"key":"?p","val":"ES_12ccc7d9_7174_4185_a0de_c4928de00606_1503939418328_4"},{"key":"?d","val":"ES_12ccc7d9_7174_4185_a0de_c4928de00606_1503939418328_2"},{"key":"?expectedTimeValue","val":"14.11142564029432833194732666015625"},{"key":"?unitOfTimeMeasure","val":"minutes"}]}]},{"query":"?- ?t:AE#Travelling, ?t[AE#hasDestination->?d], ?d[label->?destinationFullAddress].","resultList":[{"result":[{"key":"?t","val":"VO_0e9e22bc_355e_4052_b976_d49afd7def7e_1503939387468_7"},{"key":"?d","val":"VO_0e9e22bc_355e_4052_b976_d49afd7def7e_1503939387468_8"},{"key":"?destinationFullAddress","val":"2790 Truxton Road, Suite 130, San Diego, CA 92106"}]},{"result":[{"key":"?t","val":"VO_0e9e22bc_355e_4052_b976_d49afd7def7e_1503939387468_6"},{"key":"?d","val":"VO_0e9e22bc_355e_4052_b976_d49afd7def7e_1503939387468_5"},{"key":"?destinationFullAddress","val":"8 N. Piper St. San Diego, CA 92115"}]}]},{"query":"?- ?t:AE#Travelling, ?t[AE#hasDestination->?d], ?d[AE#hasStreet->?s], ?s[label->?destinationStreetName], ?d[AE#hasCity->?c], ?c[label->?destinationCity], ?d[AE#hasState->?st], ?st[label->?destinationState], ?d[AE#hasZipcode->?destinationZipCode].","resultList":[{"result":[{"key":"?t","val":"VO_0e9e22bc_355e_4052_b976_d49afd7def7e_1503939387468_7"},{"key":"?d","val":"VO_0e9e22bc_355e_4052_b976_d49afd7def7e_1503939387468_8"},{"key":"?s","val":"NO_8c615fe9_e1e8_49be_902d_3b59ee692992_1503939398105_id5"},{"key":"?destinationStreetName","val":"2790 Truxton Road"},{"key":"?c","val":"NO_8c615fe9_e1e8_49be_902d_3b59ee692992_1503939398105_id11"},{"key":"?destinationCity","val":"San Diego"},{"key":"?st","val":"NO_8c615fe9_e1e8_49be_902d_3b59ee692992_1503939398105_id13"},{"key":"?destinationState","val":"CA"},{"key":"?destinationZipCode","val":"92106"}]},{"result":[{"key":"?t","val":"VO_0e9e22bc_355e_4052_b976_d49afd7def7e_1503939387468_6"},{"key":"?d","val":"VO_0e9e22bc_355e_4052_b976_d49afd7def7e_1503939387468_5"},{"key":"?s","val":"NO_9a0b0ba0_b145_46fb_a243_39a213453044_1503939400111_id3"},{"key":"?destinationStreetName","val":"8 N. Piper St."},{"key":"?c","val":"NO_9a0b0ba0_b145_46fb_a243_39a213453044_1503939400111_id9"},{"key":"?destinationCity","val":"San Diego"},{"key":"?st","val":"NO_9a0b0ba0_b145_46fb_a243_39a213453044_1503939400111_id11"},{"key":"?destinationState","val":"CA"},{"key":"?destinationZipCode","val":"92115"}]}]},{"query":"?- ?t:AE#Travelling, ?t[AE#hasOrigin->?d], ?d[label->?originFullAddress].","resultList":[{"result":[{"key":"?t","val":"VO_0e9e22bc_355e_4052_b976_d49afd7def7e_1503939387468_7"},{"key":"?d","val":"VO_0e9e22bc_355e_4052_b976_d49afd7def7e_1503939387468_3"},{"key":"?originFullAddress","val":"8 N. Piper St. San Diego, CA 92115"}]},{"result":[{"key":"?t","val":"VO_0e9e22bc_355e_4052_b976_d49afd7def7e_1503939387468_6"},{"key":"?d","val":"VO_0e9e22bc_355e_4052_b976_d49afd7def7e_1503939387468_8"},{"key":"?originFullAddress","val":"2790 Truxton Road, Suite 130, San Diego, CA 92106"}]}]},{"query":"?- ?t:AE#Travelling, ?t[AE#hasOrigin->?d], ?d[AE#hasStreet->?s], ?s[label->?originStreetName], ?d[AE#hasCity->?c], ?c[label->?originCity], ?d[AE#hasState->?st], ?st[label->?originState], ?d[AE#hasZipcode->?originZipCode].","resultList":[{"result":[{"key":"?t","val":"VO_0e9e22bc_355e_4052_b976_d49afd7def7e_1503939387468_7"},{"key":"?d","val":"VO_0e9e22bc_355e_4052_b976_d49afd7def7e_1503939387468_3"},{"key":"?s","val":"NO_c9b7f74d_864e_40e2_9d43_458db4c14a37_1503939402272_id3"},{"key":"?originStreetName","val":"8 N. Piper St."},{"key":"?c","val":"NO_c9b7f74d_864e_40e2_9d43_458db4c14a37_1503939402272_id9"},{"key":"?originCity","val":"San Diego"},{"key":"?st","val":"NO_c9b7f74d_864e_40e2_9d43_458db4c14a37_1503939402272_id11"},{"key":"?originState","val":"CA"},{"key":"?originZipCode","val":"92115"}]},{"result":[{"key":"?t","val":"VO_0e9e22bc_355e_4052_b976_d49afd7def7e_1503939387468_6"},{"key":"?d","val":"VO_0e9e22bc_355e_4052_b976_d49afd7def7e_1503939387468_8"},{"key":"?s","val":"NO_8c615fe9_e1e8_49be_902d_3b59ee692992_1503939398105_id5"},{"key":"?originStreetName","val":"2790 Truxton Road"},{"key":"?c","val":"NO_8c615fe9_e1e8_49be_902d_3b59ee692992_1503939398105_id11"},{"key":"?originCity","val":"San Diego"},{"key":"?st","val":"NO_8c615fe9_e1e8_49be_902d_3b59ee692992_1503939398105_id13"},{"key":"?originState","val":"CA"},{"key":"?originZipCode","val":"92106"}]}]},{"query":"?- ?t:AE#Travelling, ?t[AE#hasPath->?p], ?p[AE#hasStartRegion->?s], ?s[AE#hasLatitude->?originLatitude], ?s[AE#hasLongitude->?originLongitude].","resultList":[{"result":[{"key":"?t","val":"VO_0e9e22bc_355e_4052_b976_d49afd7def7e_1503939387468_6"},{"key":"?p","val":"ES_12ccc7d9_7174_4185_a0de_c4928de00606_1503939418328_4"},{"key":"?s","val":"ES_12ccc7d9_7174_4185_a0de_c4928de00606_1503939418328_3"},{"key":"?originLatitude","val":"32.74051839275188058309140615165233612060546875"},{"key":"?originLongitude","val":"-117.2130215001728856805129908025264739990234375"}]}]},{"query":"?- ?t:AE#Travelling, ?t[AE#hasPath->?p], ?p[AE#hasEndRegion->?e], ?e[AE#hasLatitude->?destinationLatitude], ?e[AE#hasLongitude->?destinationLongitude].","resultList":[{"result":[{"key":"?t","val":"VO_0e9e22bc_355e_4052_b976_d49afd7def7e_1503939387468_6"},{"key":"?p","val":"ES_12ccc7d9_7174_4185_a0de_c4928de00606_1503939418328_4"},{"key":"?e","val":"ES_12ccc7d9_7174_4185_a0de_c4928de00606_1503939418328_1"},{"key":"?destinationLatitude","val":"32.758559999999988576746545732021331787109375"},{"key":"?destinationLongitude","val":"-117.08818999999999732608557678759098052978515625"}]}]}]}
