{"dataList":[{"query":"?- ?v:AE#VATravelVoucher, ?v[AE#hasVoucherClaimant->?c], ?c[AE#hasName->?cn], ?cn[label->?claimantFullName].","resultList":[{"result":[{"key":"?v","val":"VO_0a669c4f_fc79_41cb_8691_ec6fb27d8f2e_1503943970765_0"},{"key":"?c","val":"VO_0a669c4f_fc79_41cb_8691_ec6fb27d8f2e_1503943970765_2"},{"key":"?cn","val":"NO_75c156c0_07d0_4774_b40e_e9307bcf6605_1503943978976_0"},{"key":"?claimantFullName","val":"Philip K. Mistry"}]},{"result":[{"key":"?v","val":"VO_0a669c4f_fc79_41cb_8691_ec6fb27d8f2e_1503943970765_0"},{"key":"?c","val":"VO_0a669c4f_fc79_41cb_8691_ec6fb27d8f2e_1503943970765_2"},{"key":"?cn","val":"VO_0a669c4f_fc79_41cb_8691_ec6fb27d8f2e_1503943970765_1"},{"key":"?claimantFullName","val":"Philip K. Mistry"}]}]},{"query":"?- ?v:AE#VATravelVoucher, ?v[AE#hasVoucherClaimant->?c], ?c[AE#hasName->?cn], ?cn[AE#hasFirstName->?claimantFirstName].","resultList":[{"result":[{"key":"?v","val":"VO_0a669c4f_fc79_41cb_8691_ec6fb27d8f2e_1503943970765_0"},{"key":"?c","val":"VO_0a669c4f_fc79_41cb_8691_ec6fb27d8f2e_1503943970765_2"},{"key":"?cn","val":"NO_75c156c0_07d0_4774_b40e_e9307bcf6605_1503943978976_0"},{"key":"?claimantFirstName","val":"philip"}]}]},{"query":"?- ?v:AE#VATravelVoucher, ?v[AE#hasVoucherClaimant->?c], ?c[AE#hasName->?cn], ?cn[AE#hasLastName->?claimantLastName].","resultList":[{"result":[{"key":"?v","val":"VO_0a669c4f_fc79_41cb_8691_ec6fb27d8f2e_1503943970765_0"},{"key":"?c","val":"VO_0a669c4f_fc79_41cb_8691_ec6fb27d8f2e_1503943970765_2"},{"key":"?cn","val":"NO_75c156c0_07d0_4774_b40e_e9307bcf6605_1503943978976_0"},{"key":"?claimantLastName","val":"mistry"}]}]},{"query":"?- ?v:AE#VATravelVoucher, ?v[AE#hasVoucherClaimant->?c], ?c[AE#hasSocialSecurityNumber->?s], ?s[label->?claimantSsn].","resultList":[{"result":[{"key":"?v","val":"VO_0a669c4f_fc79_41cb_8691_ec6fb27d8f2e_1503943970765_0"},{"key":"?c","val":"VO_0a669c4f_fc79_41cb_8691_ec6fb27d8f2e_1503943970765_2"},{"key":"?s","val":"VO_0a669c4f_fc79_41cb_8691_ec6fb27d8f2e_1503943970765_12"},{"key":"?claimantSsn","val":"430-90-7376"}]}]},{"query":"?- ?v:AE#VATravelVoucher, ?v[AE#hasVoucherClaimant->?c], ?c[AE#hasLiens->?claimantHasLiens].","resultList":[{"result":[{"key":"?v","val":"VO_0a669c4f_fc79_41cb_8691_ec6fb27d8f2e_1503943970765_0"},{"key":"?c","val":"VO_0a669c4f_fc79_41cb_8691_ec6fb27d8f2e_1503943970765_2"},{"key":"?claimantHasLiens","val":"AE#NoLienReport"}]}]},{"query":"?- ?v:AE#VATravelVoucher, ?v[AE#hasVoucherClaimant->?c], ?c[AE#hasDeclaredBankruptcy->?claimantHasDeclaredBankruptcy].","resultList":[{"result":[{"key":"?v","val":"VO_0a669c4f_fc79_41cb_8691_ec6fb27d8f2e_1503943970765_0"},{"key":"?c","val":"VO_0a669c4f_fc79_41cb_8691_ec6fb27d8f2e_1503943970765_2"},{"key":"?claimantHasDeclaredBankruptcy","val":"AE#NoBankruptcyReport"}]}]},{"query":"?- ?v:AE#VATravelVoucher, ?v[AE#hasVoucherClaimant->?c], ?c[AE#hasArrestRecord->?claimantHasArrestRecord].","resultList":[{"result":[{"key":"?v","val":"VO_0a669c4f_fc79_41cb_8691_ec6fb27d8f2e_1503943970765_0"},{"key":"?c","val":"VO_0a669c4f_fc79_41cb_8691_ec6fb27d8f2e_1503943970765_2"},{"key":"?claimantHasArrestRecord","val":"AE#NoArrestRecord"}]}]},{"query":"?- ?v:AE#VATravelVoucher, ?v[AE#hasVoucherClaimant->?c], ?c[AE#hasCriminalRecord->?claimantHasCriminalRecord].","resultList":[{"result":[{"key":"?v","val":"VO_0a669c4f_fc79_41cb_8691_ec6fb27d8f2e_1503943970765_0"},{"key":"?c","val":"VO_0a669c4f_fc79_41cb_8691_ec6fb27d8f2e_1503943970765_2"},{"key":"?claimantHasCriminalRecord","val":"AE#NoCriminalRecord"}]}]},{"query":"?- ?v:AE#VATravelVoucher, ?v[AE#hasVoucherBeneficiary->?b], ?b[AE#hasName->?cn], ?cn[label->?beneficiaryFullName].","resultList":[{"result":[{"key":"?v","val":"VO_0a669c4f_fc79_41cb_8691_ec6fb27d8f2e_1503943970765_0"},{"key":"?b","val":"VO_0a669c4f_fc79_41cb_8691_ec6fb27d8f2e_1503943970765_11"},{"key":"?cn","val":"NO_31ab4ce1_566c_40bb_9cbc_22326acfa14e_1503943976694_0"},{"key":"?beneficiaryFullName","val":"Philip K. Mistry"}]},{"result":[{"key":"?v","val":"VO_0a669c4f_fc79_41cb_8691_ec6fb27d8f2e_1503943970765_0"},{"key":"?b","val":"VO_0a669c4f_fc79_41cb_8691_ec6fb27d8f2e_1503943970765_11"},{"key":"?cn","val":"VO_0a669c4f_fc79_41cb_8691_ec6fb27d8f2e_1503943970765_10"},{"key":"?beneficiaryFullName","val":"Philip K. Mistry"}]}]},{"query":"?- ?v:AE#VATravelVoucher, ?v[AE#hasVoucherBeneficiary->?b], ?b[AE#hasName->?cn], ?cn[AE#hasFirstName->?beneficiaryFirstName].","resultList":[{"result":[{"key":"?v","val":"VO_0a669c4f_fc79_41cb_8691_ec6fb27d8f2e_1503943970765_0"},{"key":"?b","val":"VO_0a669c4f_fc79_41cb_8691_ec6fb27d8f2e_1503943970765_11"},{"key":"?cn","val":"NO_31ab4ce1_566c_40bb_9cbc_22326acfa14e_1503943976694_0"},{"key":"?beneficiaryFirstName","val":"philip"}]}]},{"query":"?- ?v:AE#VATravelVoucher, ?v[AE#hasVoucherBeneficiary->?b], ?b[AE#hasName->?cn], ?cn[AE#hasLastName->?beneficiaryLastName].","resultList":[{"result":[{"key":"?v","val":"VO_0a669c4f_fc79_41cb_8691_ec6fb27d8f2e_1503943970765_0"},{"key":"?b","val":"VO_0a669c4f_fc79_41cb_8691_ec6fb27d8f2e_1503943970765_11"},{"key":"?cn","val":"NO_31ab4ce1_566c_40bb_9cbc_22326acfa14e_1503943976694_0"},{"key":"?beneficiaryLastName","val":"mistry"}]}]},{"query":"?- ?v:AE#VATravelVoucher, ?v[AE#hasVoucherBeneficiary->?b], ?b[AE#hasSocialSecurityNumber->?s], ?s[label->?beneficiarySsn].","resultList":[{"result":[{"key":"?v","val":"VO_0a669c4f_fc79_41cb_8691_ec6fb27d8f2e_1503943970765_0"},{"key":"?b","val":"VO_0a669c4f_fc79_41cb_8691_ec6fb27d8f2e_1503943970765_11"},{"key":"?s","val":"VO_0a669c4f_fc79_41cb_8691_ec6fb27d8f2e_1503943970765_9"},{"key":"?beneficiarySsn","val":"430-90-7376"}]}]},{"query":"?- ?v:AE#VATravelVoucher, ?v[AE#hasVoucherBeneficiary->?b], ?b[AE#hasLiens->?beneficiaryHasLiens].","resultList":[{"result":[{"key":"?v","val":"VO_0a669c4f_fc79_41cb_8691_ec6fb27d8f2e_1503943970765_0"},{"key":"?b","val":"VO_0a669c4f_fc79_41cb_8691_ec6fb27d8f2e_1503943970765_11"},{"key":"?beneficiaryHasLiens","val":"AE#NoLienReport"}]}]},{"query":"?- ?v:AE#VATravelVoucher, ?v[AE#hasVoucherBeneficiary->?b], ?b[AE#hasDeclaredBankruptcy->?beneficiaryHasDeclaredBankruptcy].","resultList":[{"result":[{"key":"?v","val":"VO_0a669c4f_fc79_41cb_8691_ec6fb27d8f2e_1503943970765_0"},{"key":"?b","val":"VO_0a669c4f_fc79_41cb_8691_ec6fb27d8f2e_1503943970765_11"},{"key":"?beneficiaryHasDeclaredBankruptcy","val":"AE#NoBankruptcyReport"}]}]},{"query":"?- ?v:AE#VATravelVoucher, ?v[AE#hasVoucherBeneficiary->?b], ?b[AE#hasArrestRecord->?beneficiaryHasArrestRecord].","resultList":[{"result":[{"key":"?v","val":"VO_0a669c4f_fc79_41cb_8691_ec6fb27d8f2e_1503943970765_0"},{"key":"?b","val":"VO_0a669c4f_fc79_41cb_8691_ec6fb27d8f2e_1503943970765_11"},{"key":"?beneficiaryHasArrestRecord","val":"AE#NoArrestRecord"}]}]},{"query":"?- ?v:AE#VATravelVoucher, ?v[AE#hasVoucherBeneficiary->?b], ?b[AE#hasCriminalRecord->?beneficiaryHasCriminalRecord].","resultList":[{"result":[{"key":"?v","val":"VO_0a669c4f_fc79_41cb_8691_ec6fb27d8f2e_1503943970765_0"},{"key":"?b","val":"VO_0a669c4f_fc79_41cb_8691_ec6fb27d8f2e_1503943970765_11"},{"key":"?beneficiaryHasCriminalRecord","val":"AE#NoCriminalRecord"}]}]},{"query":"?- ?t:AE#Travelling, ?t[AE#hasPath->?p], ?p[AE#hasDistance->?d], ?d[AE#numericValue->?expectedDistanceValue], ?d[AE#hasUnitOfMeasure->?unitOfDistanceMeasure].","resultList":[{"result":[{"key":"?t","val":"VO_0a669c4f_fc79_41cb_8691_ec6fb27d8f2e_1503943970765_6"},{"key":"?p","val":"ES_e431d330_4541_4094_85fe_a0263a5682b3_1503943999242_4"},{"key":"?d","val":"ES_e431d330_4541_4094_85fe_a0263a5682b3_1503943999242_0"},{"key":"?expectedDistanceValue","val":"12294.64653635783542995341122150421142578125"},{"key":"?unitOfDistanceMeasure","val":"meters"}]}]},{"query":"?- ?t:AE#Travelling, ?t[AE#hasPath->?p], ?p[AE#hasExpectedTravelTime->?d], ?d[AE#numericValue->?expectedTimeValue], ?d[AE#hasUnitOfMeasure->?unitOfTimeMeasure].","resultList":[{"result":[{"key":"?t","val":"VO_0a669c4f_fc79_41cb_8691_ec6fb27d8f2e_1503943970765_6"},{"key":"?p","val":"ES_e431d330_4541_4094_85fe_a0263a5682b3_1503943999242_4"},{"key":"?d","val":"ES_e431d330_4541_4094_85fe_a0263a5682b3_1503943999242_2"},{"key":"?expectedTimeValue","val":"11.954993310500867664813995361328125"},{"key":"?unitOfTimeMeasure","val":"minutes"}]}]},{"query":"?- ?t:AE#Travelling, ?t[AE#hasDestination->?d], ?d[label->?destinationFullAddress].","resultList":[{"result":[{"key":"?t","val":"VO_0a669c4f_fc79_41cb_8691_ec6fb27d8f2e_1503943970765_7"},{"key":"?d","val":"VO_0a669c4f_fc79_41cb_8691_ec6fb27d8f2e_1503943970765_8"},{"key":"?destinationFullAddress","val":"2790 Truxton Road, Suite 130, San Diego, CA 92106"}]},{"result":[{"key":"?t","val":"VO_0a669c4f_fc79_41cb_8691_ec6fb27d8f2e_1503943970765_6"},{"key":"?d","val":"VO_0a669c4f_fc79_41cb_8691_ec6fb27d8f2e_1503943970765_5"},{"key":"?destinationFullAddress","val":"3224 N Mountain View Dr, San Diego, CA 92116"}]}]},{"query":"?- ?t:AE#Travelling, ?t[AE#hasDestination->?d], ?d[AE#hasStreet->?s], ?s[label->?destinationStreetName], ?d[AE#hasCity->?c], ?c[label->?destinationCity], ?d[AE#hasState->?st], ?st[label->?destinationState], ?d[AE#hasZipcode->?destinationZipCode].","resultList":[{"result":[{"key":"?t","val":"VO_0a669c4f_fc79_41cb_8691_ec6fb27d8f2e_1503943970765_7"},{"key":"?d","val":"VO_0a669c4f_fc79_41cb_8691_ec6fb27d8f2e_1503943970765_8"},{"key":"?s","val":"NO_2cb890f4_becc_44f8_919f_e3a78b7d6447_1503943981216_id5"},{"key":"?destinationStreetName","val":"2790 Truxton Road"},{"key":"?c","val":"NO_2cb890f4_becc_44f8_919f_e3a78b7d6447_1503943981216_id11"},{"key":"?destinationCity","val":"San Diego"},{"key":"?st","val":"NO_2cb890f4_becc_44f8_919f_e3a78b7d6447_1503943981216_id13"},{"key":"?destinationState","val":"CA"},{"key":"?destinationZipCode","val":"92106"}]},{"result":[{"key":"?t","val":"VO_0a669c4f_fc79_41cb_8691_ec6fb27d8f2e_1503943970765_6"},{"key":"?d","val":"VO_0a669c4f_fc79_41cb_8691_ec6fb27d8f2e_1503943970765_5"},{"key":"?s","val":"NO_39a44e5f_a083_4590_9323_fa9ab29ff5cd_1503943983536_id3"},{"key":"?destinationStreetName","val":"3224 N Mountain View Dr"},{"key":"?c","val":"NO_39a44e5f_a083_4590_9323_fa9ab29ff5cd_1503943983536_id9"},{"key":"?destinationCity","val":"San Diego"},{"key":"?st","val":"NO_39a44e5f_a083_4590_9323_fa9ab29ff5cd_1503943983536_id11"},{"key":"?destinationState","val":"CA"},{"key":"?destinationZipCode","val":"92116"}]}]},{"query":"?- ?t:AE#Travelling, ?t[AE#hasOrigin->?d], ?d[label->?originFullAddress].","resultList":[{"result":[{"key":"?t","val":"VO_0a669c4f_fc79_41cb_8691_ec6fb27d8f2e_1503943970765_7"},{"key":"?d","val":"VO_0a669c4f_fc79_41cb_8691_ec6fb27d8f2e_1503943970765_3"},{"key":"?originFullAddress","val":"3224 N Mountain View Dr, San Diego, CA 92116"}]},{"result":[{"key":"?t","val":"VO_0a669c4f_fc79_41cb_8691_ec6fb27d8f2e_1503943970765_6"},{"key":"?d","val":"VO_0a669c4f_fc79_41cb_8691_ec6fb27d8f2e_1503943970765_8"},{"key":"?originFullAddress","val":"2790 Truxton Road, Suite 130, San Diego, CA 92106"}]}]},{"query":"?- ?t:AE#Travelling, ?t[AE#hasOrigin->?d], ?d[AE#hasStreet->?s], ?s[label->?originStreetName], ?d[AE#hasCity->?c], ?c[label->?originCity], ?d[AE#hasState->?st], ?st[label->?originState], ?d[AE#hasZipcode->?originZipCode].","resultList":[{"result":[{"key":"?t","val":"VO_0a669c4f_fc79_41cb_8691_ec6fb27d8f2e_1503943970765_7"},{"key":"?d","val":"VO_0a669c4f_fc79_41cb_8691_ec6fb27d8f2e_1503943970765_3"},{"key":"?s","val":"NO_d10f9a34_526b_4fd1_94da_aae706e783d3_1503943985641_id3"},{"key":"?originStreetName","val":"3224 N Mountain View Dr"},{"key":"?c","val":"NO_d10f9a34_526b_4fd1_94da_aae706e783d3_1503943985641_id9"},{"key":"?originCity","val":"San Diego"},{"key":"?st","val":"NO_d10f9a34_526b_4fd1_94da_aae706e783d3_1503943985641_id11"},{"key":"?originState","val":"CA"},{"key":"?originZipCode","val":"92116"}]},{"result":[{"key":"?t","val":"VO_0a669c4f_fc79_41cb_8691_ec6fb27d8f2e_1503943970765_6"},{"key":"?d","val":"VO_0a669c4f_fc79_41cb_8691_ec6fb27d8f2e_1503943970765_8"},{"key":"?s","val":"NO_2cb890f4_becc_44f8_919f_e3a78b7d6447_1503943981216_id5"},{"key":"?originStreetName","val":"2790 Truxton Road"},{"key":"?c","val":"NO_2cb890f4_becc_44f8_919f_e3a78b7d6447_1503943981216_id11"},{"key":"?originCity","val":"San Diego"},{"key":"?st","val":"NO_2cb890f4_becc_44f8_919f_e3a78b7d6447_1503943981216_id13"},{"key":"?originState","val":"CA"},{"key":"?originZipCode","val":"92106"}]}]},{"query":"?- ?t:AE#Travelling, ?t[AE#hasPath->?p], ?p[AE#hasStartRegion->?s], ?s[AE#hasLatitude->?originLatitude], ?s[AE#hasLongitude->?originLongitude].","resultList":[{"result":[{"key":"?t","val":"VO_0a669c4f_fc79_41cb_8691_ec6fb27d8f2e_1503943970765_6"},{"key":"?p","val":"ES_e431d330_4541_4094_85fe_a0263a5682b3_1503943999242_4"},{"key":"?s","val":"ES_e431d330_4541_4094_85fe_a0263a5682b3_1503943999242_3"},{"key":"?originLatitude","val":"32.74051839275188058309140615165233612060546875"},{"key":"?originLongitude","val":"-117.2130215001728856805129908025264739990234375"}]}]},{"query":"?- ?t:AE#Travelling, ?t[AE#hasPath->?p], ?p[AE#hasEndRegion->?e], ?e[AE#hasLatitude->?destinationLatitude], ?e[AE#hasLongitude->?destinationLongitude].","resultList":[{"result":[{"key":"?t","val":"VO_0a669c4f_fc79_41cb_8691_ec6fb27d8f2e_1503943970765_6"},{"key":"?p","val":"ES_e431d330_4541_4094_85fe_a0263a5682b3_1503943999242_4"},{"key":"?e","val":"ES_e431d330_4541_4094_85fe_a0263a5682b3_1503943999242_1"},{"key":"?destinationLatitude","val":"32.7687656214437055268717813305556774139404296875"},{"key":"?destinationLongitude","val":"-117.1243793565704294223905890248715877532958984375"}]}]}]}
