{"dataList":[{"query":"?- ?v:AE#VATravelVoucher, ?v[AE#hasVoucherClaimant->?c], ?c[AE#hasName->?cn], ?cn[label->?claimantFullName].","resultList":[{"result":[{"key":"?v","val":"VO_083a4f27_51d9_4bea_96d5_ae9d52ea391b_1503944599528_0"},{"key":"?c","val":"VO_083a4f27_51d9_4bea_96d5_ae9d52ea391b_1503944599528_2"},{"key":"?cn","val":"NO_a1b7974d_6ee3_42d8_ba56_c8b742f0c17b_1503944607319_0"},{"key":"?claimantFullName","val":"Paul R. Chestnut"}]},{"result":[{"key":"?v","val":"VO_083a4f27_51d9_4bea_96d5_ae9d52ea391b_1503944599528_0"},{"key":"?c","val":"VO_083a4f27_51d9_4bea_96d5_ae9d52ea391b_1503944599528_2"},{"key":"?cn","val":"VO_083a4f27_51d9_4bea_96d5_ae9d52ea391b_1503944599528_1"},{"key":"?claimantFullName","val":"Paul R. Chestnut"}]}]},{"query":"?- ?v:AE#VATravelVoucher, ?v[AE#hasVoucherClaimant->?c], ?c[AE#hasName->?cn], ?cn[AE#hasFirstName->?claimantFirstName].","resultList":[{"result":[{"key":"?v","val":"VO_083a4f27_51d9_4bea_96d5_ae9d52ea391b_1503944599528_0"},{"key":"?c","val":"VO_083a4f27_51d9_4bea_96d5_ae9d52ea391b_1503944599528_2"},{"key":"?cn","val":"NO_a1b7974d_6ee3_42d8_ba56_c8b742f0c17b_1503944607319_0"},{"key":"?claimantFirstName","val":"paul"}]}]},{"query":"?- ?v:AE#VATravelVoucher, ?v[AE#hasVoucherClaimant->?c], ?c[AE#hasName->?cn], ?cn[AE#hasLastName->?claimantLastName].","resultList":[{"result":[{"key":"?v","val":"VO_083a4f27_51d9_4bea_96d5_ae9d52ea391b_1503944599528_0"},{"key":"?c","val":"VO_083a4f27_51d9_4bea_96d5_ae9d52ea391b_1503944599528_2"},{"key":"?cn","val":"NO_a1b7974d_6ee3_42d8_ba56_c8b742f0c17b_1503944607319_0"},{"key":"?claimantLastName","val":"chestnut"}]}]},{"query":"?- ?v:AE#VATravelVoucher, ?v[AE#hasVoucherClaimant->?c], ?c[AE#hasSocialSecurityNumber->?s], ?s[label->?claimantSsn].","resultList":[{"result":[{"key":"?v","val":"VO_083a4f27_51d9_4bea_96d5_ae9d52ea391b_1503944599528_0"},{"key":"?c","val":"VO_083a4f27_51d9_4bea_96d5_ae9d52ea391b_1503944599528_2"},{"key":"?s","val":"VO_083a4f27_51d9_4bea_96d5_ae9d52ea391b_1503944599528_12"},{"key":"?claimantSsn","val":"367-28-0229"}]}]},{"query":"?- ?v:AE#VATravelVoucher, ?v[AE#hasVoucherClaimant->?c], ?c[AE#hasLiens->?claimantHasLiens].","resultList":[{"result":[{"key":"?v","val":"VO_083a4f27_51d9_4bea_96d5_ae9d52ea391b_1503944599528_0"},{"key":"?c","val":"VO_083a4f27_51d9_4bea_96d5_ae9d52ea391b_1503944599528_2"},{"key":"?claimantHasLiens","val":"AE#NoLienReport"}]}]},{"query":"?- ?v:AE#VATravelVoucher, ?v[AE#hasVoucherClaimant->?c], ?c[AE#hasDeclaredBankruptcy->?claimantHasDeclaredBankruptcy].","resultList":[{"result":[{"key":"?v","val":"VO_083a4f27_51d9_4bea_96d5_ae9d52ea391b_1503944599528_0"},{"key":"?c","val":"VO_083a4f27_51d9_4bea_96d5_ae9d52ea391b_1503944599528_2"},{"key":"?claimantHasDeclaredBankruptcy","val":"AE#NoBankruptcyReport"}]}]},{"query":"?- ?v:AE#VATravelVoucher, ?v[AE#hasVoucherClaimant->?c], ?c[AE#hasArrestRecord->?claimantHasArrestRecord].","resultList":[{"result":[{"key":"?v","val":"VO_083a4f27_51d9_4bea_96d5_ae9d52ea391b_1503944599528_0"},{"key":"?c","val":"VO_083a4f27_51d9_4bea_96d5_ae9d52ea391b_1503944599528_2"},{"key":"?claimantHasArrestRecord","val":"AE#NoArrestRecord"}]}]},{"query":"?- ?v:AE#VATravelVoucher, ?v[AE#hasVoucherClaimant->?c], ?c[AE#hasCriminalRecord->?claimantHasCriminalRecord].","resultList":[{"result":[{"key":"?v","val":"VO_083a4f27_51d9_4bea_96d5_ae9d52ea391b_1503944599528_0"},{"key":"?c","val":"VO_083a4f27_51d9_4bea_96d5_ae9d52ea391b_1503944599528_2"},{"key":"?claimantHasCriminalRecord","val":"AE#NoCriminalRecord"}]}]},{"query":"?- ?v:AE#VATravelVoucher, ?v[AE#hasVoucherBeneficiary->?b], ?b[AE#hasName->?cn], ?cn[label->?beneficiaryFullName].","resultList":[{"result":[{"key":"?v","val":"VO_083a4f27_51d9_4bea_96d5_ae9d52ea391b_1503944599528_0"},{"key":"?b","val":"VO_083a4f27_51d9_4bea_96d5_ae9d52ea391b_1503944599528_11"},{"key":"?cn","val":"VO_083a4f27_51d9_4bea_96d5_ae9d52ea391b_1503944599528_10"},{"key":"?beneficiaryFullName","val":"Paul R. Chestnut"}]},{"result":[{"key":"?v","val":"VO_083a4f27_51d9_4bea_96d5_ae9d52ea391b_1503944599528_0"},{"key":"?b","val":"VO_083a4f27_51d9_4bea_96d5_ae9d52ea391b_1503944599528_11"},{"key":"?cn","val":"NO_b4bf65ea_a7a1_4169_94d1_d35045d23847_1503944605395_0"},{"key":"?beneficiaryFullName","val":"Paul R. Chestnut"}]}]},{"query":"?- ?v:AE#VATravelVoucher, ?v[AE#hasVoucherBeneficiary->?b], ?b[AE#hasName->?cn], ?cn[AE#hasFirstName->?beneficiaryFirstName].","resultList":[{"result":[{"key":"?v","val":"VO_083a4f27_51d9_4bea_96d5_ae9d52ea391b_1503944599528_0"},{"key":"?b","val":"VO_083a4f27_51d9_4bea_96d5_ae9d52ea391b_1503944599528_11"},{"key":"?cn","val":"NO_b4bf65ea_a7a1_4169_94d1_d35045d23847_1503944605395_0"},{"key":"?beneficiaryFirstName","val":"paul"}]}]},{"query":"?- ?v:AE#VATravelVoucher, ?v[AE#hasVoucherBeneficiary->?b], ?b[AE#hasName->?cn], ?cn[AE#hasLastName->?beneficiaryLastName].","resultList":[{"result":[{"key":"?v","val":"VO_083a4f27_51d9_4bea_96d5_ae9d52ea391b_1503944599528_0"},{"key":"?b","val":"VO_083a4f27_51d9_4bea_96d5_ae9d52ea391b_1503944599528_11"},{"key":"?cn","val":"NO_b4bf65ea_a7a1_4169_94d1_d35045d23847_1503944605395_0"},{"key":"?beneficiaryLastName","val":"chestnut"}]}]},{"query":"?- ?v:AE#VATravelVoucher, ?v[AE#hasVoucherBeneficiary->?b], ?b[AE#hasSocialSecurityNumber->?s], ?s[label->?beneficiarySsn].","resultList":[{"result":[{"key":"?v","val":"VO_083a4f27_51d9_4bea_96d5_ae9d52ea391b_1503944599528_0"},{"key":"?b","val":"VO_083a4f27_51d9_4bea_96d5_ae9d52ea391b_1503944599528_11"},{"key":"?s","val":"VO_083a4f27_51d9_4bea_96d5_ae9d52ea391b_1503944599528_9"},{"key":"?beneficiarySsn","val":"367-28-0229"}]}]},{"query":"?- ?v:AE#VATravelVoucher, ?v[AE#hasVoucherBeneficiary->?b], ?b[AE#hasLiens->?beneficiaryHasLiens].","resultList":[{"result":[{"key":"?v","val":"VO_083a4f27_51d9_4bea_96d5_ae9d52ea391b_1503944599528_0"},{"key":"?b","val":"VO_083a4f27_51d9_4bea_96d5_ae9d52ea391b_1503944599528_11"},{"key":"?beneficiaryHasLiens","val":"AE#NoLienReport"}]}]},{"query":"?- ?v:AE#VATravelVoucher, ?v[AE#hasVoucherBeneficiary->?b], ?b[AE#hasDeclaredBankruptcy->?beneficiaryHasDeclaredBankruptcy].","resultList":[{"result":[{"key":"?v","val":"VO_083a4f27_51d9_4bea_96d5_ae9d52ea391b_1503944599528_0"},{"key":"?b","val":"VO_083a4f27_51d9_4bea_96d5_ae9d52ea391b_1503944599528_11"},{"key":"?beneficiaryHasDeclaredBankruptcy","val":"AE#NoBankruptcyReport"}]}]},{"query":"?- ?v:AE#VATravelVoucher, ?v[AE#hasVoucherBeneficiary->?b], ?b[AE#hasArrestRecord->?beneficiaryHasArrestRecord].","resultList":[{"result":[{"key":"?v","val":"VO_083a4f27_51d9_4bea_96d5_ae9d52ea391b_1503944599528_0"},{"key":"?b","val":"VO_083a4f27_51d9_4bea_96d5_ae9d52ea391b_1503944599528_11"},{"key":"?beneficiaryHasArrestRecord","val":"AE#NoArrestRecord"}]}]},{"query":"?- ?v:AE#VATravelVoucher, ?v[AE#hasVoucherBeneficiary->?b], ?b[AE#hasCriminalRecord->?beneficiaryHasCriminalRecord].","resultList":[{"result":[{"key":"?v","val":"VO_083a4f27_51d9_4bea_96d5_ae9d52ea391b_1503944599528_0"},{"key":"?b","val":"VO_083a4f27_51d9_4bea_96d5_ae9d52ea391b_1503944599528_11"},{"key":"?beneficiaryHasCriminalRecord","val":"AE#NoCriminalRecord"}]}]},{"query":"?- ?t:AE#Travelling, ?t[AE#hasPath->?p], ?p[AE#hasDistance->?d], ?d[AE#numericValue->?expectedDistanceValue], ?d[AE#hasUnitOfMeasure->?unitOfDistanceMeasure].","resultList":[{"result":[{"key":"?t","val":"VO_083a4f27_51d9_4bea_96d5_ae9d52ea391b_1503944599528_6"},{"key":"?p","val":"ES_d24780a2_c835_4401_8aa3_ac7b5324313f_1503944625945_4"},{"key":"?d","val":"ES_d24780a2_c835_4401_8aa3_ac7b5324313f_1503944625945_0"},{"key":"?expectedDistanceValue","val":"19568.88331110844228533096611499786376953125"},{"key":"?unitOfDistanceMeasure","val":"meters"}]}]},{"query":"?- ?t:AE#Travelling, ?t[AE#hasPath->?p], ?p[AE#hasExpectedTravelTime->?d], ?d[AE#numericValue->?expectedTimeValue], ?d[AE#hasUnitOfMeasure->?unitOfTimeMeasure].","resultList":[{"result":[{"key":"?t","val":"VO_083a4f27_51d9_4bea_96d5_ae9d52ea391b_1503944599528_6"},{"key":"?p","val":"ES_d24780a2_c835_4401_8aa3_ac7b5324313f_1503944625945_4"},{"key":"?d","val":"ES_d24780a2_c835_4401_8aa3_ac7b5324313f_1503944625945_2"},{"key":"?expectedTimeValue","val":"14.69264681800268590450286865234375"},{"key":"?unitOfTimeMeasure","val":"minutes"}]}]},{"query":"?- ?t:AE#Travelling, ?t[AE#hasDestination->?d], ?d[label->?destinationFullAddress].","resultList":[{"result":[{"key":"?t","val":"VO_083a4f27_51d9_4bea_96d5_ae9d52ea391b_1503944599528_7"},{"key":"?d","val":"VO_083a4f27_51d9_4bea_96d5_ae9d52ea391b_1503944599528_8"},{"key":"?destinationFullAddress","val":"2790 Truxton Road, Suite 130, San Diego, CA 92106"}]},{"result":[{"key":"?t","val":"VO_083a4f27_51d9_4bea_96d5_ae9d52ea391b_1503944599528_6"},{"key":"?d","val":"VO_083a4f27_51d9_4bea_96d5_ae9d52ea391b_1503944599528_5"},{"key":"?destinationFullAddress","val":"4818 68th St, San Diego, CA 92115"}]}]},{"query":"?- ?t:AE#Travelling, ?t[AE#hasDestination->?d], ?d[AE#hasStreet->?s], ?s[label->?destinationStreetName], ?d[AE#hasCity->?c], ?c[label->?destinationCity], ?d[AE#hasState->?st], ?st[label->?destinationState], ?d[AE#hasZipcode->?destinationZipCode].","resultList":[{"result":[{"key":"?t","val":"VO_083a4f27_51d9_4bea_96d5_ae9d52ea391b_1503944599528_7"},{"key":"?d","val":"VO_083a4f27_51d9_4bea_96d5_ae9d52ea391b_1503944599528_8"},{"key":"?s","val":"NO_389ce898_9f12_4c71_88f8_e9ad7d8f861a_1503944609248_id5"},{"key":"?destinationStreetName","val":"2790 Truxton Road"},{"key":"?c","val":"NO_389ce898_9f12_4c71_88f8_e9ad7d8f861a_1503944609248_id11"},{"key":"?destinationCity","val":"San Diego"},{"key":"?st","val":"NO_389ce898_9f12_4c71_88f8_e9ad7d8f861a_1503944609248_id13"},{"key":"?destinationState","val":"CA"},{"key":"?destinationZipCode","val":"92106"}]},{"result":[{"key":"?t","val":"VO_083a4f27_51d9_4bea_96d5_ae9d52ea391b_1503944599528_6"},{"key":"?d","val":"VO_083a4f27_51d9_4bea_96d5_ae9d52ea391b_1503944599528_5"},{"key":"?s","val":"NO_1f97ff7f_ba82_4f68_9360_6fec1efeb981_1503944611318_id3"},{"key":"?destinationStreetName","val":"4818 68th St"},{"key":"?c","val":"NO_1f97ff7f_ba82_4f68_9360_6fec1efeb981_1503944611318_id9"},{"key":"?destinationCity","val":"San Diego"},{"key":"?st","val":"NO_1f97ff7f_ba82_4f68_9360_6fec1efeb981_1503944611318_id11"},{"key":"?destinationState","val":"CA"},{"key":"?destinationZipCode","val":"92115"}]}]},{"query":"?- ?t:AE#Travelling, ?t[AE#hasOrigin->?d], ?d[label->?originFullAddress].","resultList":[{"result":[{"key":"?t","val":"VO_083a4f27_51d9_4bea_96d5_ae9d52ea391b_1503944599528_7"},{"key":"?d","val":"VO_083a4f27_51d9_4bea_96d5_ae9d52ea391b_1503944599528_3"},{"key":"?originFullAddress","val":"4818 68th St, San Diego, CA 92115"}]},{"result":[{"key":"?t","val":"VO_083a4f27_51d9_4bea_96d5_ae9d52ea391b_1503944599528_6"},{"key":"?d","val":"VO_083a4f27_51d9_4bea_96d5_ae9d52ea391b_1503944599528_8"},{"key":"?originFullAddress","val":"2790 Truxton Road, Suite 130, San Diego, CA 92106"}]}]},{"query":"?- ?t:AE#Travelling, ?t[AE#hasOrigin->?d], ?d[AE#hasStreet->?s], ?s[label->?originStreetName], ?d[AE#hasCity->?c], ?c[label->?originCity], ?d[AE#hasState->?st], ?st[label->?originState], ?d[AE#hasZipcode->?originZipCode].","resultList":[{"result":[{"key":"?t","val":"VO_083a4f27_51d9_4bea_96d5_ae9d52ea391b_1503944599528_7"},{"key":"?d","val":"VO_083a4f27_51d9_4bea_96d5_ae9d52ea391b_1503944599528_3"},{"key":"?s","val":"NO_2d377fb1_a758_4ccc_845f_8174058efba5_1503944613371_id3"},{"key":"?originStreetName","val":"4818 68th St"},{"key":"?c","val":"NO_2d377fb1_a758_4ccc_845f_8174058efba5_1503944613371_id9"},{"key":"?originCity","val":"San Diego"},{"key":"?st","val":"NO_2d377fb1_a758_4ccc_845f_8174058efba5_1503944613371_id11"},{"key":"?originState","val":"CA"},{"key":"?originZipCode","val":"92115"}]},{"result":[{"key":"?t","val":"VO_083a4f27_51d9_4bea_96d5_ae9d52ea391b_1503944599528_6"},{"key":"?d","val":"VO_083a4f27_51d9_4bea_96d5_ae9d52ea391b_1503944599528_8"},{"key":"?s","val":"NO_389ce898_9f12_4c71_88f8_e9ad7d8f861a_1503944609248_id5"},{"key":"?originStreetName","val":"2790 Truxton Road"},{"key":"?c","val":"NO_389ce898_9f12_4c71_88f8_e9ad7d8f861a_1503944609248_id11"},{"key":"?originCity","val":"San Diego"},{"key":"?st","val":"NO_389ce898_9f12_4c71_88f8_e9ad7d8f861a_1503944609248_id13"},{"key":"?originState","val":"CA"},{"key":"?originZipCode","val":"92106"}]}]},{"query":"?- ?t:AE#Travelling, ?t[AE#hasPath->?p], ?p[AE#hasStartRegion->?s], ?s[AE#hasLatitude->?originLatitude], ?s[AE#hasLongitude->?originLongitude].","resultList":[{"result":[{"key":"?t","val":"VO_083a4f27_51d9_4bea_96d5_ae9d52ea391b_1503944599528_6"},{"key":"?p","val":"ES_d24780a2_c835_4401_8aa3_ac7b5324313f_1503944625945_4"},{"key":"?s","val":"ES_d24780a2_c835_4401_8aa3_ac7b5324313f_1503944625945_3"},{"key":"?originLatitude","val":"32.74051839275188058309140615165233612060546875"},{"key":"?originLongitude","val":"-117.2130215001728856805129908025264739990234375"}]}]},{"query":"?- ?t:AE#Travelling, ?t[AE#hasPath->?p], ?p[AE#hasEndRegion->?e], ?e[AE#hasLatitude->?destinationLatitude], ?e[AE#hasLongitude->?destinationLongitude].","resultList":[{"result":[{"key":"?t","val":"VO_083a4f27_51d9_4bea_96d5_ae9d52ea391b_1503944599528_6"},{"key":"?p","val":"ES_d24780a2_c835_4401_8aa3_ac7b5324313f_1503944625945_4"},{"key":"?e","val":"ES_d24780a2_c835_4401_8aa3_ac7b5324313f_1503944625945_1"},{"key":"?destinationLatitude","val":"32.7661923039125184686781722120940685272216796875"},{"key":"?destinationLongitude","val":"-117.0511351833628594931724364869296550750732421875"}]}]}]}
