{"dataList":[{"query":"?- ?v:AE#VATravelVoucher, ?v[AE#hasVoucherClaimant->?c], ?c[AE#hasName->?cn], ?cn[label->?claimantFullName].","resultList":[{"result":[{"key":"?v","val":"VO_1eedb756_27fc_49ce_b7ff_f5831acff377_1503942247875_0"},{"key":"?c","val":"VO_1eedb756_27fc_49ce_b7ff_f5831acff377_1503942247875_2"},{"key":"?cn","val":"NO_861f1d80_26e6_4570_9f3b_bc1cf9ddc117_1503942255467_0"},{"key":"?claimantFullName","val":"Mark B. Foskett"}]},{"result":[{"key":"?v","val":"VO_1eedb756_27fc_49ce_b7ff_f5831acff377_1503942247875_0"},{"key":"?c","val":"VO_1eedb756_27fc_49ce_b7ff_f5831acff377_1503942247875_2"},{"key":"?cn","val":"VO_1eedb756_27fc_49ce_b7ff_f5831acff377_1503942247875_1"},{"key":"?claimantFullName","val":"Mark B. Foskett"}]}]},{"query":"?- ?v:AE#VATravelVoucher, ?v[AE#hasVoucherClaimant->?c], ?c[AE#hasName->?cn], ?cn[AE#hasFirstName->?claimantFirstName].","resultList":[{"result":[{"key":"?v","val":"VO_1eedb756_27fc_49ce_b7ff_f5831acff377_1503942247875_0"},{"key":"?c","val":"VO_1eedb756_27fc_49ce_b7ff_f5831acff377_1503942247875_2"},{"key":"?cn","val":"NO_861f1d80_26e6_4570_9f3b_bc1cf9ddc117_1503942255467_0"},{"key":"?claimantFirstName","val":"mark"}]}]},{"query":"?- ?v:AE#VATravelVoucher, ?v[AE#hasVoucherClaimant->?c], ?c[AE#hasName->?cn], ?cn[AE#hasLastName->?claimantLastName].","resultList":[{"result":[{"key":"?v","val":"VO_1eedb756_27fc_49ce_b7ff_f5831acff377_1503942247875_0"},{"key":"?c","val":"VO_1eedb756_27fc_49ce_b7ff_f5831acff377_1503942247875_2"},{"key":"?cn","val":"NO_861f1d80_26e6_4570_9f3b_bc1cf9ddc117_1503942255467_0"},{"key":"?claimantLastName","val":"foskett"}]}]},{"query":"?- ?v:AE#VATravelVoucher, ?v[AE#hasVoucherClaimant->?c], ?c[AE#hasSocialSecurityNumber->?s], ?s[label->?claimantSsn].","resultList":[{"result":[{"key":"?v","val":"VO_1eedb756_27fc_49ce_b7ff_f5831acff377_1503942247875_0"},{"key":"?c","val":"VO_1eedb756_27fc_49ce_b7ff_f5831acff377_1503942247875_2"},{"key":"?s","val":"VO_1eedb756_27fc_49ce_b7ff_f5831acff377_1503942247875_12"},{"key":"?claimantSsn","val":"135-15-5376"}]}]},{"query":"?- ?v:AE#VATravelVoucher, ?v[AE#hasVoucherClaimant->?c], ?c[AE#hasLiens->?claimantHasLiens].","resultList":[{"result":[{"key":"?v","val":"VO_1eedb756_27fc_49ce_b7ff_f5831acff377_1503942247875_0"},{"key":"?c","val":"VO_1eedb756_27fc_49ce_b7ff_f5831acff377_1503942247875_2"},{"key":"?claimantHasLiens","val":"AE#UnknownLienReport"}]}]},{"query":"?- ?v:AE#VATravelVoucher, ?v[AE#hasVoucherClaimant->?c], ?c[AE#hasDeclaredBankruptcy->?claimantHasDeclaredBankruptcy].","resultList":[{"result":[{"key":"?v","val":"VO_1eedb756_27fc_49ce_b7ff_f5831acff377_1503942247875_0"},{"key":"?c","val":"VO_1eedb756_27fc_49ce_b7ff_f5831acff377_1503942247875_2"},{"key":"?claimantHasDeclaredBankruptcy","val":"AE#UnknownBankruptcyReport"}]}]},{"query":"?- ?v:AE#VATravelVoucher, ?v[AE#hasVoucherClaimant->?c], ?c[AE#hasArrestRecord->?claimantHasArrestRecord].","resultList":[{"result":[{"key":"?v","val":"VO_1eedb756_27fc_49ce_b7ff_f5831acff377_1503942247875_0"},{"key":"?c","val":"VO_1eedb756_27fc_49ce_b7ff_f5831acff377_1503942247875_2"},{"key":"?claimantHasArrestRecord","val":"AE#NoArrestRecord"}]}]},{"query":"?- ?v:AE#VATravelVoucher, ?v[AE#hasVoucherClaimant->?c], ?c[AE#hasCriminalRecord->?claimantHasCriminalRecord].","resultList":[{"result":[{"key":"?v","val":"VO_1eedb756_27fc_49ce_b7ff_f5831acff377_1503942247875_0"},{"key":"?c","val":"VO_1eedb756_27fc_49ce_b7ff_f5831acff377_1503942247875_2"},{"key":"?claimantHasCriminalRecord","val":"AE#NoCriminalRecord"}]}]},{"query":"?- ?v:AE#VATravelVoucher, ?v[AE#hasVoucherBeneficiary->?b], ?b[AE#hasName->?cn], ?cn[label->?beneficiaryFullName].","resultList":[{"result":[{"key":"?v","val":"VO_1eedb756_27fc_49ce_b7ff_f5831acff377_1503942247875_0"},{"key":"?b","val":"VO_1eedb756_27fc_49ce_b7ff_f5831acff377_1503942247875_11"},{"key":"?cn","val":"VO_1eedb756_27fc_49ce_b7ff_f5831acff377_1503942247875_10"},{"key":"?beneficiaryFullName","val":"Philip K. Mistry"}]},{"result":[{"key":"?v","val":"VO_1eedb756_27fc_49ce_b7ff_f5831acff377_1503942247875_0"},{"key":"?b","val":"VO_1eedb756_27fc_49ce_b7ff_f5831acff377_1503942247875_11"},{"key":"?cn","val":"NO_7a895472_5c93_415a_a12b_85ff051f1c17_1503942253559_0"},{"key":"?beneficiaryFullName","val":"Philip K. Mistry"}]}]},{"query":"?- ?v:AE#VATravelVoucher, ?v[AE#hasVoucherBeneficiary->?b], ?b[AE#hasName->?cn], ?cn[AE#hasFirstName->?beneficiaryFirstName].","resultList":[{"result":[{"key":"?v","val":"VO_1eedb756_27fc_49ce_b7ff_f5831acff377_1503942247875_0"},{"key":"?b","val":"VO_1eedb756_27fc_49ce_b7ff_f5831acff377_1503942247875_11"},{"key":"?cn","val":"NO_7a895472_5c93_415a_a12b_85ff051f1c17_1503942253559_0"},{"key":"?beneficiaryFirstName","val":"philip"}]}]},{"query":"?- ?v:AE#VATravelVoucher, ?v[AE#hasVoucherBeneficiary->?b], ?b[AE#hasName->?cn], ?cn[AE#hasLastName->?beneficiaryLastName].","resultList":[{"result":[{"key":"?v","val":"VO_1eedb756_27fc_49ce_b7ff_f5831acff377_1503942247875_0"},{"key":"?b","val":"VO_1eedb756_27fc_49ce_b7ff_f5831acff377_1503942247875_11"},{"key":"?cn","val":"NO_7a895472_5c93_415a_a12b_85ff051f1c17_1503942253559_0"},{"key":"?beneficiaryLastName","val":"mistry"}]}]},{"query":"?- ?v:AE#VATravelVoucher, ?v[AE#hasVoucherBeneficiary->?b], ?b[AE#hasSocialSecurityNumber->?s], ?s[label->?beneficiarySsn].","resultList":[{"result":[{"key":"?v","val":"VO_1eedb756_27fc_49ce_b7ff_f5831acff377_1503942247875_0"},{"key":"?b","val":"VO_1eedb756_27fc_49ce_b7ff_f5831acff377_1503942247875_11"},{"key":"?s","val":"VO_1eedb756_27fc_49ce_b7ff_f5831acff377_1503942247875_9"},{"key":"?beneficiarySsn","val":"430-90-7376"}]}]},{"query":"?- ?v:AE#VATravelVoucher, ?v[AE#hasVoucherBeneficiary->?b], ?b[AE#hasLiens->?beneficiaryHasLiens].","resultList":[{"result":[{"key":"?v","val":"VO_1eedb756_27fc_49ce_b7ff_f5831acff377_1503942247875_0"},{"key":"?b","val":"VO_1eedb756_27fc_49ce_b7ff_f5831acff377_1503942247875_11"},{"key":"?beneficiaryHasLiens","val":"AE#NoLienReport"}]}]},{"query":"?- ?v:AE#VATravelVoucher, ?v[AE#hasVoucherBeneficiary->?b], ?b[AE#hasDeclaredBankruptcy->?beneficiaryHasDeclaredBankruptcy].","resultList":[{"result":[{"key":"?v","val":"VO_1eedb756_27fc_49ce_b7ff_f5831acff377_1503942247875_0"},{"key":"?b","val":"VO_1eedb756_27fc_49ce_b7ff_f5831acff377_1503942247875_11"},{"key":"?beneficiaryHasDeclaredBankruptcy","val":"AE#NoBankruptcyReport"}]}]},{"query":"?- ?v:AE#VATravelVoucher, ?v[AE#hasVoucherBeneficiary->?b], ?b[AE#hasArrestRecord->?beneficiaryHasArrestRecord].","resultList":[{"result":[{"key":"?v","val":"VO_1eedb756_27fc_49ce_b7ff_f5831acff377_1503942247875_0"},{"key":"?b","val":"VO_1eedb756_27fc_49ce_b7ff_f5831acff377_1503942247875_11"},{"key":"?beneficiaryHasArrestRecord","val":"AE#NoArrestRecord"}]}]},{"query":"?- ?v:AE#VATravelVoucher, ?v[AE#hasVoucherBeneficiary->?b], ?b[AE#hasCriminalRecord->?beneficiaryHasCriminalRecord].","resultList":[{"result":[{"key":"?v","val":"VO_1eedb756_27fc_49ce_b7ff_f5831acff377_1503942247875_0"},{"key":"?b","val":"VO_1eedb756_27fc_49ce_b7ff_f5831acff377_1503942247875_11"},{"key":"?beneficiaryHasCriminalRecord","val":"AE#NoCriminalRecord"}]}]},{"query":"?- ?t:AE#Travelling, ?t[AE#hasPath->?p], ?p[AE#hasDistance->?d], ?d[AE#numericValue->?expectedDistanceValue], ?d[AE#hasUnitOfMeasure->?unitOfDistanceMeasure].","resultList":[{"result":[{"key":"?t","val":"VO_1eedb756_27fc_49ce_b7ff_f5831acff377_1503942247875_6"},{"key":"?p","val":"ES_e7bc58df_dc7a_4c5a_b070_6ef3b569a658_1503942273890_4"},{"key":"?d","val":"ES_e7bc58df_dc7a_4c5a_b070_6ef3b569a658_1503942273890_0"},{"key":"?expectedDistanceValue","val":"8771.6112570495461113750934600830078125"},{"key":"?unitOfDistanceMeasure","val":"meters"}]}]},{"query":"?- ?t:AE#Travelling, ?t[AE#hasPath->?p], ?p[AE#hasExpectedTravelTime->?d], ?d[AE#numericValue->?expectedTimeValue], ?d[AE#hasUnitOfMeasure->?unitOfTimeMeasure].","resultList":[{"result":[{"key":"?t","val":"VO_1eedb756_27fc_49ce_b7ff_f5831acff377_1503942247875_6"},{"key":"?p","val":"ES_e7bc58df_dc7a_4c5a_b070_6ef3b569a658_1503942273890_4"},{"key":"?d","val":"ES_e7bc58df_dc7a_4c5a_b070_6ef3b569a658_1503942273890_2"},{"key":"?expectedTimeValue","val":"9.606476986664347350597381591796875"},{"key":"?unitOfTimeMeasure","val":"minutes"}]}]},{"query":"?- ?t:AE#Travelling, ?t[AE#hasDestination->?d], ?d[label->?destinationFullAddress].","resultList":[{"result":[{"key":"?t","val":"VO_1eedb756_27fc_49ce_b7ff_f5831acff377_1503942247875_7"},{"key":"?d","val":"VO_1eedb756_27fc_49ce_b7ff_f5831acff377_1503942247875_8"},{"key":"?destinationFullAddress","val":"2790 Truxton Road, Suite 130, San Diego, CA 92106"}]},{"result":[{"key":"?t","val":"VO_1eedb756_27fc_49ce_b7ff_f5831acff377_1503942247875_6"},{"key":"?d","val":"VO_1eedb756_27fc_49ce_b7ff_f5831acff377_1503942247875_5"},{"key":"?destinationFullAddress","val":"819 Shadow Brook St. San Diego, CA 92117"}]}]},{"query":"?- ?t:AE#Travelling, ?t[AE#hasDestination->?d], ?d[AE#hasStreet->?s], ?s[label->?destinationStreetName], ?d[AE#hasCity->?c], ?c[label->?destinationCity], ?d[AE#hasState->?st], ?st[label->?destinationState], ?d[AE#hasZipcode->?destinationZipCode].","resultList":[{"result":[{"key":"?t","val":"VO_1eedb756_27fc_49ce_b7ff_f5831acff377_1503942247875_7"},{"key":"?d","val":"VO_1eedb756_27fc_49ce_b7ff_f5831acff377_1503942247875_8"},{"key":"?s","val":"NO_386c746c_c90b_4341_ae04_772c1833e507_1503942257464_id5"},{"key":"?destinationStreetName","val":"2790 Truxton Road"},{"key":"?c","val":"NO_386c746c_c90b_4341_ae04_772c1833e507_1503942257464_id11"},{"key":"?destinationCity","val":"San Diego"},{"key":"?st","val":"NO_386c746c_c90b_4341_ae04_772c1833e507_1503942257464_id13"},{"key":"?destinationState","val":"CA"},{"key":"?destinationZipCode","val":"92106"}]},{"result":[{"key":"?t","val":"VO_1eedb756_27fc_49ce_b7ff_f5831acff377_1503942247875_6"},{"key":"?d","val":"VO_1eedb756_27fc_49ce_b7ff_f5831acff377_1503942247875_5"},{"key":"?s","val":"NO_548b4549_325a_42a5_b08f_e8ced6b4291b_1503942259546_id3"},{"key":"?destinationStreetName","val":"819 Shadow Brook St."},{"key":"?c","val":"NO_548b4549_325a_42a5_b08f_e8ced6b4291b_1503942259546_id9"},{"key":"?destinationCity","val":"San Diego"},{"key":"?st","val":"NO_548b4549_325a_42a5_b08f_e8ced6b4291b_1503942259546_id11"},{"key":"?destinationState","val":"CA"},{"key":"?destinationZipCode","val":"92117"}]}]},{"query":"?- ?t:AE#Travelling, ?t[AE#hasOrigin->?d], ?d[label->?originFullAddress].","resultList":[{"result":[{"key":"?t","val":"VO_1eedb756_27fc_49ce_b7ff_f5831acff377_1503942247875_7"},{"key":"?d","val":"VO_1eedb756_27fc_49ce_b7ff_f5831acff377_1503942247875_3"},{"key":"?originFullAddress","val":"2135 Burgener Blvd, San Diego, CA 92110"}]},{"result":[{"key":"?t","val":"VO_1eedb756_27fc_49ce_b7ff_f5831acff377_1503942247875_6"},{"key":"?d","val":"VO_1eedb756_27fc_49ce_b7ff_f5831acff377_1503942247875_8"},{"key":"?originFullAddress","val":"2790 Truxton Road, Suite 130, San Diego, CA 92106"}]}]},{"query":"?- ?t:AE#Travelling, ?t[AE#hasOrigin->?d], ?d[AE#hasStreet->?s], ?s[label->?originStreetName], ?d[AE#hasCity->?c], ?c[label->?originCity], ?d[AE#hasState->?st], ?st[label->?originState], ?d[AE#hasZipcode->?originZipCode].","resultList":[{"result":[{"key":"?t","val":"VO_1eedb756_27fc_49ce_b7ff_f5831acff377_1503942247875_7"},{"key":"?d","val":"VO_1eedb756_27fc_49ce_b7ff_f5831acff377_1503942247875_3"},{"key":"?s","val":"NO_27293579_be52_40e6_abf9_fe4c6ce7fccf_1503942261449_id3"},{"key":"?originStreetName","val":"2135 Burgener Blvd"},{"key":"?c","val":"NO_27293579_be52_40e6_abf9_fe4c6ce7fccf_1503942261449_id9"},{"key":"?originCity","val":"San Diego"},{"key":"?st","val":"NO_27293579_be52_40e6_abf9_fe4c6ce7fccf_1503942261449_id11"},{"key":"?originState","val":"CA"},{"key":"?originZipCode","val":"92110"}]},{"result":[{"key":"?t","val":"VO_1eedb756_27fc_49ce_b7ff_f5831acff377_1503942247875_6"},{"key":"?d","val":"VO_1eedb756_27fc_49ce_b7ff_f5831acff377_1503942247875_8"},{"key":"?s","val":"NO_386c746c_c90b_4341_ae04_772c1833e507_1503942257464_id5"},{"key":"?originStreetName","val":"2790 Truxton Road"},{"key":"?c","val":"NO_386c746c_c90b_4341_ae04_772c1833e507_1503942257464_id11"},{"key":"?originCity","val":"San Diego"},{"key":"?st","val":"NO_386c746c_c90b_4341_ae04_772c1833e507_1503942257464_id13"},{"key":"?originState","val":"CA"},{"key":"?originZipCode","val":"92106"}]}]},{"query":"?- ?t:AE#Travelling, ?t[AE#hasPath->?p], ?p[AE#hasStartRegion->?s], ?s[AE#hasLatitude->?originLatitude], ?s[AE#hasLongitude->?originLongitude].","resultList":[{"result":[{"key":"?t","val":"VO_1eedb756_27fc_49ce_b7ff_f5831acff377_1503942247875_6"},{"key":"?p","val":"ES_e7bc58df_dc7a_4c5a_b070_6ef3b569a658_1503942273890_4"},{"key":"?s","val":"ES_e7bc58df_dc7a_4c5a_b070_6ef3b569a658_1503942273890_3"},{"key":"?originLatitude","val":"32.74051839275188058309140615165233612060546875"},{"key":"?originLongitude","val":"-117.2130215001728856805129908025264739990234375"}]}]},{"query":"?- ?t:AE#Travelling, ?t[AE#hasPath->?p], ?p[AE#hasEndRegion->?e], ?e[AE#hasLatitude->?destinationLatitude], ?e[AE#hasLongitude->?destinationLongitude].","resultList":[{"result":[{"key":"?t","val":"VO_1eedb756_27fc_49ce_b7ff_f5831acff377_1503942247875_6"},{"key":"?p","val":"ES_e7bc58df_dc7a_4c5a_b070_6ef3b569a658_1503942273890_4"},{"key":"?e","val":"ES_e7bc58df_dc7a_4c5a_b070_6ef3b569a658_1503942273890_1"},{"key":"?destinationLatitude","val":"32.79662300000001096123014576733112335205078125"},{"key":"?destinationLongitude","val":"-117.197813600000017686397768557071685791015625"}]}]}]}
