{"dataList":[{"query":"?- ?v:AE#VATravelVoucher, ?v[AE#hasVoucherClaimant->?c], ?c[AE#hasName->?cn], ?cn[label->?claimantFullName].","resultList":[{"result":[{"key":"?v","val":"VO_1ac6fc91_e53e_4558_84ba_a860fa65ef29_1503939626858_0"},{"key":"?c","val":"VO_1ac6fc91_e53e_4558_84ba_a860fa65ef29_1503939626858_2"},{"key":"?cn","val":"NO_35373d8d_1f2a_44f6_9c53_2b42639ff11c_1503939636347_0"},{"key":"?claimantFullName","val":"Douglas Neil Staton"}]},{"result":[{"key":"?v","val":"VO_1ac6fc91_e53e_4558_84ba_a860fa65ef29_1503939626858_0"},{"key":"?c","val":"VO_1ac6fc91_e53e_4558_84ba_a860fa65ef29_1503939626858_2"},{"key":"?cn","val":"VO_1ac6fc91_e53e_4558_84ba_a860fa65ef29_1503939626858_1"},{"key":"?claimantFullName","val":"Douglas Neil Staton"}]}]},{"query":"?- ?v:AE#VATravelVoucher, ?v[AE#hasVoucherClaimant->?c], ?c[AE#hasName->?cn], ?cn[AE#hasFirstName->?claimantFirstName].","resultList":[{"result":[{"key":"?v","val":"VO_1ac6fc91_e53e_4558_84ba_a860fa65ef29_1503939626858_0"},{"key":"?c","val":"VO_1ac6fc91_e53e_4558_84ba_a860fa65ef29_1503939626858_2"},{"key":"?cn","val":"NO_35373d8d_1f2a_44f6_9c53_2b42639ff11c_1503939636347_0"},{"key":"?claimantFirstName","val":"douglas"}]}]},{"query":"?- ?v:AE#VATravelVoucher, ?v[AE#hasVoucherClaimant->?c], ?c[AE#hasName->?cn], ?cn[AE#hasLastName->?claimantLastName].","resultList":[{"result":[{"key":"?v","val":"VO_1ac6fc91_e53e_4558_84ba_a860fa65ef29_1503939626858_0"},{"key":"?c","val":"VO_1ac6fc91_e53e_4558_84ba_a860fa65ef29_1503939626858_2"},{"key":"?cn","val":"NO_35373d8d_1f2a_44f6_9c53_2b42639ff11c_1503939636347_0"},{"key":"?claimantLastName","val":"staton"}]}]},{"query":"?- ?v:AE#VATravelVoucher, ?v[AE#hasVoucherClaimant->?c], ?c[AE#hasSocialSecurityNumber->?s], ?s[label->?claimantSsn].","resultList":[{"result":[{"key":"?v","val":"VO_1ac6fc91_e53e_4558_84ba_a860fa65ef29_1503939626858_0"},{"key":"?c","val":"VO_1ac6fc91_e53e_4558_84ba_a860fa65ef29_1503939626858_2"},{"key":"?s","val":"VO_1ac6fc91_e53e_4558_84ba_a860fa65ef29_1503939626858_12"},{"key":"?claimantSsn","val":"180-31-3778"}]}]},{"query":"?- ?v:AE#VATravelVoucher, ?v[AE#hasVoucherClaimant->?c], ?c[AE#hasLiens->?claimantHasLiens].","resultList":[{"result":[{"key":"?v","val":"VO_1ac6fc91_e53e_4558_84ba_a860fa65ef29_1503939626858_0"},{"key":"?c","val":"VO_1ac6fc91_e53e_4558_84ba_a860fa65ef29_1503939626858_2"},{"key":"?claimantHasLiens","val":"AE#NoLienReport"}]}]},{"query":"?- ?v:AE#VATravelVoucher, ?v[AE#hasVoucherClaimant->?c], ?c[AE#hasDeclaredBankruptcy->?claimantHasDeclaredBankruptcy].","resultList":[{"result":[{"key":"?v","val":"VO_1ac6fc91_e53e_4558_84ba_a860fa65ef29_1503939626858_0"},{"key":"?c","val":"VO_1ac6fc91_e53e_4558_84ba_a860fa65ef29_1503939626858_2"},{"key":"?claimantHasDeclaredBankruptcy","val":"AE#NoBankruptcyReport"}]}]},{"query":"?- ?v:AE#VATravelVoucher, ?v[AE#hasVoucherClaimant->?c], ?c[AE#hasArrestRecord->?claimantHasArrestRecord].","resultList":[{"result":[{"key":"?v","val":"VO_1ac6fc91_e53e_4558_84ba_a860fa65ef29_1503939626858_0"},{"key":"?c","val":"VO_1ac6fc91_e53e_4558_84ba_a860fa65ef29_1503939626858_2"},{"key":"?claimantHasArrestRecord","val":"AE#NoArrestRecord"}]}]},{"query":"?- ?v:AE#VATravelVoucher, ?v[AE#hasVoucherClaimant->?c], ?c[AE#hasCriminalRecord->?claimantHasCriminalRecord].","resultList":[{"result":[{"key":"?v","val":"VO_1ac6fc91_e53e_4558_84ba_a860fa65ef29_1503939626858_0"},{"key":"?c","val":"VO_1ac6fc91_e53e_4558_84ba_a860fa65ef29_1503939626858_2"},{"key":"?claimantHasCriminalRecord","val":"AE#NoCriminalRecord"}]}]},{"query":"?- ?v:AE#VATravelVoucher, ?v[AE#hasVoucherBeneficiary->?b], ?b[AE#hasName->?cn], ?cn[label->?beneficiaryFullName].","resultList":[{"result":[{"key":"?v","val":"VO_1ac6fc91_e53e_4558_84ba_a860fa65ef29_1503939626858_0"},{"key":"?b","val":"VO_1ac6fc91_e53e_4558_84ba_a860fa65ef29_1503939626858_11"},{"key":"?cn","val":"VO_1ac6fc91_e53e_4558_84ba_a860fa65ef29_1503939626858_10"},{"key":"?beneficiaryFullName","val":"Adolph W. Enticott"}]},{"result":[{"key":"?v","val":"VO_1ac6fc91_e53e_4558_84ba_a860fa65ef29_1503939626858_0"},{"key":"?b","val":"VO_1ac6fc91_e53e_4558_84ba_a860fa65ef29_1503939626858_11"},{"key":"?cn","val":"NO_3bcdb480_2d67_4c2f_a1cb_0d6665e96f82_1503939634119_0"},{"key":"?beneficiaryFullName","val":"Adolph W. Enticott"}]}]},{"query":"?- ?v:AE#VATravelVoucher, ?v[AE#hasVoucherBeneficiary->?b], ?b[AE#hasName->?cn], ?cn[AE#hasFirstName->?beneficiaryFirstName].","resultList":[{"result":[{"key":"?v","val":"VO_1ac6fc91_e53e_4558_84ba_a860fa65ef29_1503939626858_0"},{"key":"?b","val":"VO_1ac6fc91_e53e_4558_84ba_a860fa65ef29_1503939626858_11"},{"key":"?cn","val":"NO_3bcdb480_2d67_4c2f_a1cb_0d6665e96f82_1503939634119_0"},{"key":"?beneficiaryFirstName","val":"adolph"}]}]},{"query":"?- ?v:AE#VATravelVoucher, ?v[AE#hasVoucherBeneficiary->?b], ?b[AE#hasName->?cn], ?cn[AE#hasLastName->?beneficiaryLastName].","resultList":[{"result":[{"key":"?v","val":"VO_1ac6fc91_e53e_4558_84ba_a860fa65ef29_1503939626858_0"},{"key":"?b","val":"VO_1ac6fc91_e53e_4558_84ba_a860fa65ef29_1503939626858_11"},{"key":"?cn","val":"NO_3bcdb480_2d67_4c2f_a1cb_0d6665e96f82_1503939634119_0"},{"key":"?beneficiaryLastName","val":"enticott"}]}]},{"query":"?- ?v:AE#VATravelVoucher, ?v[AE#hasVoucherBeneficiary->?b], ?b[AE#hasSocialSecurityNumber->?s], ?s[label->?beneficiarySsn].","resultList":[{"result":[{"key":"?v","val":"VO_1ac6fc91_e53e_4558_84ba_a860fa65ef29_1503939626858_0"},{"key":"?b","val":"VO_1ac6fc91_e53e_4558_84ba_a860fa65ef29_1503939626858_11"},{"key":"?s","val":"VO_1ac6fc91_e53e_4558_84ba_a860fa65ef29_1503939626858_9"},{"key":"?beneficiarySsn","val":"845-66-6582"}]}]},{"query":"?- ?v:AE#VATravelVoucher, ?v[AE#hasVoucherBeneficiary->?b], ?b[AE#hasLiens->?beneficiaryHasLiens].","resultList":[{"result":[{"key":"?v","val":"VO_1ac6fc91_e53e_4558_84ba_a860fa65ef29_1503939626858_0"},{"key":"?b","val":"VO_1ac6fc91_e53e_4558_84ba_a860fa65ef29_1503939626858_11"},{"key":"?beneficiaryHasLiens","val":"AE#NoLienReport"}]}]},{"query":"?- ?v:AE#VATravelVoucher, ?v[AE#hasVoucherBeneficiary->?b], ?b[AE#hasDeclaredBankruptcy->?beneficiaryHasDeclaredBankruptcy].","resultList":[{"result":[{"key":"?v","val":"VO_1ac6fc91_e53e_4558_84ba_a860fa65ef29_1503939626858_0"},{"key":"?b","val":"VO_1ac6fc91_e53e_4558_84ba_a860fa65ef29_1503939626858_11"},{"key":"?beneficiaryHasDeclaredBankruptcy","val":"AE#NoBankruptcyReport"}]}]},{"query":"?- ?v:AE#VATravelVoucher, ?v[AE#hasVoucherBeneficiary->?b], ?b[AE#hasArrestRecord->?beneficiaryHasArrestRecord].","resultList":[{"result":[{"key":"?v","val":"VO_1ac6fc91_e53e_4558_84ba_a860fa65ef29_1503939626858_0"},{"key":"?b","val":"VO_1ac6fc91_e53e_4558_84ba_a860fa65ef29_1503939626858_11"},{"key":"?beneficiaryHasArrestRecord","val":"AE#NoArrestRecord"}]}]},{"query":"?- ?v:AE#VATravelVoucher, ?v[AE#hasVoucherBeneficiary->?b], ?b[AE#hasCriminalRecord->?beneficiaryHasCriminalRecord].","resultList":[{"result":[{"key":"?v","val":"VO_1ac6fc91_e53e_4558_84ba_a860fa65ef29_1503939626858_0"},{"key":"?b","val":"VO_1ac6fc91_e53e_4558_84ba_a860fa65ef29_1503939626858_11"},{"key":"?beneficiaryHasCriminalRecord","val":"AE#NoCriminalRecord"}]}]},{"query":"?- ?t:AE#Travelling, ?t[AE#hasPath->?p], ?p[AE#hasDistance->?d], ?d[AE#numericValue->?expectedDistanceValue], ?d[AE#hasUnitOfMeasure->?unitOfDistanceMeasure].","resultList":[{"result":[{"key":"?t","val":"VO_1ac6fc91_e53e_4558_84ba_a860fa65ef29_1503939626858_6"},{"key":"?p","val":"ES_2da16b3c_5407_4015_bcfa_0e391e4cda81_1503939656586_4"},{"key":"?d","val":"ES_2da16b3c_5407_4015_bcfa_0e391e4cda81_1503939656586_0"},{"key":"?expectedDistanceValue","val":"27178.77959363286572624929249286651611328125"},{"key":"?unitOfDistanceMeasure","val":"meters"}]}]},{"query":"?- ?t:AE#Travelling, ?t[AE#hasPath->?p], ?p[AE#hasExpectedTravelTime->?d], ?d[AE#numericValue->?expectedTimeValue], ?d[AE#hasUnitOfMeasure->?unitOfTimeMeasure].","resultList":[{"result":[{"key":"?t","val":"VO_1ac6fc91_e53e_4558_84ba_a860fa65ef29_1503939626858_6"},{"key":"?p","val":"ES_2da16b3c_5407_4015_bcfa_0e391e4cda81_1503939656586_4"},{"key":"?d","val":"ES_2da16b3c_5407_4015_bcfa_0e391e4cda81_1503939656586_2"},{"key":"?expectedTimeValue","val":"17.396198290516622364521026611328125"},{"key":"?unitOfTimeMeasure","val":"minutes"}]}]},{"query":"?- ?t:AE#Travelling, ?t[AE#hasDestination->?d], ?d[label->?destinationFullAddress].","resultList":[{"result":[{"key":"?t","val":"VO_1ac6fc91_e53e_4558_84ba_a860fa65ef29_1503939626858_7"},{"key":"?d","val":"VO_1ac6fc91_e53e_4558_84ba_a860fa65ef29_1503939626858_8"},{"key":"?destinationFullAddress","val":"2790 Truxton Road, Suite 130, San Diego, CA 92106"}]},{"result":[{"key":"?t","val":"VO_1ac6fc91_e53e_4558_84ba_a860fa65ef29_1503939626858_6"},{"key":"?d","val":"VO_1ac6fc91_e53e_4558_84ba_a860fa65ef29_1503939626858_5"},{"key":"?destinationFullAddress","val":"582 E. Mayfair Ave. San Diego, CA 92154"}]}]},{"query":"?- ?t:AE#Travelling, ?t[AE#hasDestination->?d], ?d[AE#hasStreet->?s], ?s[label->?destinationStreetName], ?d[AE#hasCity->?c], ?c[label->?destinationCity], ?d[AE#hasState->?st], ?st[label->?destinationState], ?d[AE#hasZipcode->?destinationZipCode].","resultList":[{"result":[{"key":"?t","val":"VO_1ac6fc91_e53e_4558_84ba_a860fa65ef29_1503939626858_7"},{"key":"?d","val":"VO_1ac6fc91_e53e_4558_84ba_a860fa65ef29_1503939626858_8"},{"key":"?s","val":"NO_f3b3c99b_69b2_40c1_8936_611d71e7af9d_1503939638373_id5"},{"key":"?destinationStreetName","val":"2790 Truxton Road"},{"key":"?c","val":"NO_f3b3c99b_69b2_40c1_8936_611d71e7af9d_1503939638373_id11"},{"key":"?destinationCity","val":"San Diego"},{"key":"?st","val":"NO_f3b3c99b_69b2_40c1_8936_611d71e7af9d_1503939638373_id13"},{"key":"?destinationState","val":"CA"},{"key":"?destinationZipCode","val":"92106"}]},{"result":[{"key":"?t","val":"VO_1ac6fc91_e53e_4558_84ba_a860fa65ef29_1503939626858_6"},{"key":"?d","val":"VO_1ac6fc91_e53e_4558_84ba_a860fa65ef29_1503939626858_5"},{"key":"?s","val":"NO_36bde056_bc13_4b1f_b4ac_225c3fc1f6e2_1503939640625_id3"},{"key":"?destinationStreetName","val":"582 E. Mayfair Ave."},{"key":"?c","val":"NO_36bde056_bc13_4b1f_b4ac_225c3fc1f6e2_1503939640625_id9"},{"key":"?destinationCity","val":"San Diego"},{"key":"?st","val":"NO_36bde056_bc13_4b1f_b4ac_225c3fc1f6e2_1503939640625_id11"},{"key":"?destinationState","val":"CA"},{"key":"?destinationZipCode","val":"92154"}]}]},{"query":"?- ?t:AE#Travelling, ?t[AE#hasOrigin->?d], ?d[label->?originFullAddress].","resultList":[{"result":[{"key":"?t","val":"VO_1ac6fc91_e53e_4558_84ba_a860fa65ef29_1503939626858_7"},{"key":"?d","val":"VO_1ac6fc91_e53e_4558_84ba_a860fa65ef29_1503939626858_3"},{"key":"?originFullAddress","val":"2621 Arnott St, San Diego, CA 92110"}]},{"result":[{"key":"?t","val":"VO_1ac6fc91_e53e_4558_84ba_a860fa65ef29_1503939626858_6"},{"key":"?d","val":"VO_1ac6fc91_e53e_4558_84ba_a860fa65ef29_1503939626858_8"},{"key":"?originFullAddress","val":"2790 Truxton Road, Suite 130, San Diego, CA 92106"}]}]},{"query":"?- ?t:AE#Travelling, ?t[AE#hasOrigin->?d], ?d[AE#hasStreet->?s], ?s[label->?originStreetName], ?d[AE#hasCity->?c], ?c[label->?originCity], ?d[AE#hasState->?st], ?st[label->?originState], ?d[AE#hasZipcode->?originZipCode].","resultList":[{"result":[{"key":"?t","val":"VO_1ac6fc91_e53e_4558_84ba_a860fa65ef29_1503939626858_7"},{"key":"?d","val":"VO_1ac6fc91_e53e_4558_84ba_a860fa65ef29_1503939626858_3"},{"key":"?s","val":"NO_2c4e9e2b_88bf_47c2_a67f_d150662e3039_1503939642801_id3"},{"key":"?originStreetName","val":"2621 Arnott St"},{"key":"?c","val":"NO_2c4e9e2b_88bf_47c2_a67f_d150662e3039_1503939642801_id9"},{"key":"?originCity","val":"San Diego"},{"key":"?st","val":"NO_2c4e9e2b_88bf_47c2_a67f_d150662e3039_1503939642801_id11"},{"key":"?originState","val":"CA"},{"key":"?originZipCode","val":"92110"}]},{"result":[{"key":"?t","val":"VO_1ac6fc91_e53e_4558_84ba_a860fa65ef29_1503939626858_6"},{"key":"?d","val":"VO_1ac6fc91_e53e_4558_84ba_a860fa65ef29_1503939626858_8"},{"key":"?s","val":"NO_f3b3c99b_69b2_40c1_8936_611d71e7af9d_1503939638373_id5"},{"key":"?originStreetName","val":"2790 Truxton Road"},{"key":"?c","val":"NO_f3b3c99b_69b2_40c1_8936_611d71e7af9d_1503939638373_id11"},{"key":"?originCity","val":"San Diego"},{"key":"?st","val":"NO_f3b3c99b_69b2_40c1_8936_611d71e7af9d_1503939638373_id13"},{"key":"?originState","val":"CA"},{"key":"?originZipCode","val":"92106"}]}]},{"query":"?- ?t:AE#Travelling, ?t[AE#hasPath->?p], ?p[AE#hasStartRegion->?s], ?s[AE#hasLatitude->?originLatitude], ?s[AE#hasLongitude->?originLongitude].","resultList":[{"result":[{"key":"?t","val":"VO_1ac6fc91_e53e_4558_84ba_a860fa65ef29_1503939626858_6"},{"key":"?p","val":"ES_2da16b3c_5407_4015_bcfa_0e391e4cda81_1503939656586_4"},{"key":"?s","val":"ES_2da16b3c_5407_4015_bcfa_0e391e4cda81_1503939656586_3"},{"key":"?originLatitude","val":"32.74051839275188058309140615165233612060546875"},{"key":"?originLongitude","val":"-117.2130215001728856805129908025264739990234375"}]}]},{"query":"?- ?t:AE#Travelling, ?t[AE#hasPath->?p], ?p[AE#hasEndRegion->?e], ?e[AE#hasLatitude->?destinationLatitude], ?e[AE#hasLongitude->?destinationLongitude].","resultList":[{"result":[{"key":"?t","val":"VO_1ac6fc91_e53e_4558_84ba_a860fa65ef29_1503939626858_6"},{"key":"?p","val":"ES_2da16b3c_5407_4015_bcfa_0e391e4cda81_1503939656586_4"},{"key":"?e","val":"ES_2da16b3c_5407_4015_bcfa_0e391e4cda81_1503939656586_1"},{"key":"?destinationLatitude","val":"32.57044510000008585848263464868068695068359375"},{"key":"?destinationLongitude","val":"-117.08426109999999198407749645411968231201171875"}]}]}]}
