{"dataList":[{"query":"?- ?v:AE#VATravelVoucher, ?v[AE#hasVoucherClaimant->?c], ?c[AE#hasName->?cn], ?cn[label->?claimantFullName].","resultList":[{"result":[{"key":"?v","val":"VO_14a57600_d779_4a92_9d2b_97bafb1158e7_1503939728765_0"},{"key":"?c","val":"VO_14a57600_d779_4a92_9d2b_97bafb1158e7_1503939728765_2"},{"key":"?cn","val":"NO_9e7fad71_b27a_4f5f_9b78_ab73b46d8be7_1503939737716_0"},{"key":"?claimantFullName","val":"Frances S. Bryd"}]},{"result":[{"key":"?v","val":"VO_14a57600_d779_4a92_9d2b_97bafb1158e7_1503939728765_0"},{"key":"?c","val":"VO_14a57600_d779_4a92_9d2b_97bafb1158e7_1503939728765_2"},{"key":"?cn","val":"VO_14a57600_d779_4a92_9d2b_97bafb1158e7_1503939728765_1"},{"key":"?claimantFullName","val":"Frances S. Bryd"}]}]},{"query":"?- ?v:AE#VATravelVoucher, ?v[AE#hasVoucherClaimant->?c], ?c[AE#hasName->?cn], ?cn[AE#hasFirstName->?claimantFirstName].","resultList":[{"result":[{"key":"?v","val":"VO_14a57600_d779_4a92_9d2b_97bafb1158e7_1503939728765_0"},{"key":"?c","val":"VO_14a57600_d779_4a92_9d2b_97bafb1158e7_1503939728765_2"},{"key":"?cn","val":"NO_9e7fad71_b27a_4f5f_9b78_ab73b46d8be7_1503939737716_0"},{"key":"?claimantFirstName","val":"frances"}]}]},{"query":"?- ?v:AE#VATravelVoucher, ?v[AE#hasVoucherClaimant->?c], ?c[AE#hasName->?cn], ?cn[AE#hasLastName->?claimantLastName].","resultList":[{"result":[{"key":"?v","val":"VO_14a57600_d779_4a92_9d2b_97bafb1158e7_1503939728765_0"},{"key":"?c","val":"VO_14a57600_d779_4a92_9d2b_97bafb1158e7_1503939728765_2"},{"key":"?cn","val":"NO_9e7fad71_b27a_4f5f_9b78_ab73b46d8be7_1503939737716_0"},{"key":"?claimantLastName","val":"bryd"}]}]},{"query":"?- ?v:AE#VATravelVoucher, ?v[AE#hasVoucherClaimant->?c], ?c[AE#hasSocialSecurityNumber->?s], ?s[label->?claimantSsn].","resultList":[{"result":[{"key":"?v","val":"VO_14a57600_d779_4a92_9d2b_97bafb1158e7_1503939728765_0"},{"key":"?c","val":"VO_14a57600_d779_4a92_9d2b_97bafb1158e7_1503939728765_2"},{"key":"?s","val":"VO_14a57600_d779_4a92_9d2b_97bafb1158e7_1503939728765_12"},{"key":"?claimantSsn","val":"093-01-6932"}]}]},{"query":"?- ?v:AE#VATravelVoucher, ?v[AE#hasVoucherClaimant->?c], ?c[AE#hasLiens->?claimantHasLiens].","resultList":[{"result":[{"key":"?v","val":"VO_14a57600_d779_4a92_9d2b_97bafb1158e7_1503939728765_0"},{"key":"?c","val":"VO_14a57600_d779_4a92_9d2b_97bafb1158e7_1503939728765_2"},{"key":"?claimantHasLiens","val":"AE#NoLienReport"}]}]},{"query":"?- ?v:AE#VATravelVoucher, ?v[AE#hasVoucherClaimant->?c], ?c[AE#hasDeclaredBankruptcy->?claimantHasDeclaredBankruptcy].","resultList":[{"result":[{"key":"?v","val":"VO_14a57600_d779_4a92_9d2b_97bafb1158e7_1503939728765_0"},{"key":"?c","val":"VO_14a57600_d779_4a92_9d2b_97bafb1158e7_1503939728765_2"},{"key":"?claimantHasDeclaredBankruptcy","val":"AE#NoBankruptcyReport"}]}]},{"query":"?- ?v:AE#VATravelVoucher, ?v[AE#hasVoucherClaimant->?c], ?c[AE#hasArrestRecord->?claimantHasArrestRecord].","resultList":[{"result":[{"key":"?v","val":"VO_14a57600_d779_4a92_9d2b_97bafb1158e7_1503939728765_0"},{"key":"?c","val":"VO_14a57600_d779_4a92_9d2b_97bafb1158e7_1503939728765_2"},{"key":"?claimantHasArrestRecord","val":"AE#NoArrestRecord"}]}]},{"query":"?- ?v:AE#VATravelVoucher, ?v[AE#hasVoucherClaimant->?c], ?c[AE#hasCriminalRecord->?claimantHasCriminalRecord].","resultList":[{"result":[{"key":"?v","val":"VO_14a57600_d779_4a92_9d2b_97bafb1158e7_1503939728765_0"},{"key":"?c","val":"VO_14a57600_d779_4a92_9d2b_97bafb1158e7_1503939728765_2"},{"key":"?claimantHasCriminalRecord","val":"AE#NoCriminalRecord"}]}]},{"query":"?- ?v:AE#VATravelVoucher, ?v[AE#hasVoucherBeneficiary->?b], ?b[AE#hasName->?cn], ?cn[label->?beneficiaryFullName].","resultList":[{"result":[{"key":"?v","val":"VO_14a57600_d779_4a92_9d2b_97bafb1158e7_1503939728765_0"},{"key":"?b","val":"VO_14a57600_d779_4a92_9d2b_97bafb1158e7_1503939728765_11"},{"key":"?cn","val":"VO_14a57600_d779_4a92_9d2b_97bafb1158e7_1503939728765_10"},{"key":"?beneficiaryFullName","val":"James Jason Bear"}]},{"result":[{"key":"?v","val":"VO_14a57600_d779_4a92_9d2b_97bafb1158e7_1503939728765_0"},{"key":"?b","val":"VO_14a57600_d779_4a92_9d2b_97bafb1158e7_1503939728765_11"},{"key":"?cn","val":"NO_6e5215fb_b6fc_4831_9b29_b62ab0ac925e_1503939735456_0"},{"key":"?beneficiaryFullName","val":"James Jason Bear"}]}]},{"query":"?- ?v:AE#VATravelVoucher, ?v[AE#hasVoucherBeneficiary->?b], ?b[AE#hasName->?cn], ?cn[AE#hasFirstName->?beneficiaryFirstName].","resultList":[{"result":[{"key":"?v","val":"VO_14a57600_d779_4a92_9d2b_97bafb1158e7_1503939728765_0"},{"key":"?b","val":"VO_14a57600_d779_4a92_9d2b_97bafb1158e7_1503939728765_11"},{"key":"?cn","val":"NO_6e5215fb_b6fc_4831_9b29_b62ab0ac925e_1503939735456_0"},{"key":"?beneficiaryFirstName","val":"james"}]}]},{"query":"?- ?v:AE#VATravelVoucher, ?v[AE#hasVoucherBeneficiary->?b], ?b[AE#hasName->?cn], ?cn[AE#hasLastName->?beneficiaryLastName].","resultList":[{"result":[{"key":"?v","val":"VO_14a57600_d779_4a92_9d2b_97bafb1158e7_1503939728765_0"},{"key":"?b","val":"VO_14a57600_d779_4a92_9d2b_97bafb1158e7_1503939728765_11"},{"key":"?cn","val":"NO_6e5215fb_b6fc_4831_9b29_b62ab0ac925e_1503939735456_0"},{"key":"?beneficiaryLastName","val":"bear"}]}]},{"query":"?- ?v:AE#VATravelVoucher, ?v[AE#hasVoucherBeneficiary->?b], ?b[AE#hasSocialSecurityNumber->?s], ?s[label->?beneficiarySsn].","resultList":[{"result":[{"key":"?v","val":"VO_14a57600_d779_4a92_9d2b_97bafb1158e7_1503939728765_0"},{"key":"?b","val":"VO_14a57600_d779_4a92_9d2b_97bafb1158e7_1503939728765_11"},{"key":"?s","val":"VO_14a57600_d779_4a92_9d2b_97bafb1158e7_1503939728765_9"},{"key":"?beneficiarySsn","val":"200-38-9496"}]}]},{"query":"?- ?v:AE#VATravelVoucher, ?v[AE#hasVoucherBeneficiary->?b], ?b[AE#hasLiens->?beneficiaryHasLiens].","resultList":[{"result":[{"key":"?v","val":"VO_14a57600_d779_4a92_9d2b_97bafb1158e7_1503939728765_0"},{"key":"?b","val":"VO_14a57600_d779_4a92_9d2b_97bafb1158e7_1503939728765_11"},{"key":"?beneficiaryHasLiens","val":"AE#NoLienReport"}]}]},{"query":"?- ?v:AE#VATravelVoucher, ?v[AE#hasVoucherBeneficiary->?b], ?b[AE#hasDeclaredBankruptcy->?beneficiaryHasDeclaredBankruptcy].","resultList":[{"result":[{"key":"?v","val":"VO_14a57600_d779_4a92_9d2b_97bafb1158e7_1503939728765_0"},{"key":"?b","val":"VO_14a57600_d779_4a92_9d2b_97bafb1158e7_1503939728765_11"},{"key":"?beneficiaryHasDeclaredBankruptcy","val":"AE#NoBankruptcyReport"}]}]},{"query":"?- ?v:AE#VATravelVoucher, ?v[AE#hasVoucherBeneficiary->?b], ?b[AE#hasArrestRecord->?beneficiaryHasArrestRecord].","resultList":[{"result":[{"key":"?v","val":"VO_14a57600_d779_4a92_9d2b_97bafb1158e7_1503939728765_0"},{"key":"?b","val":"VO_14a57600_d779_4a92_9d2b_97bafb1158e7_1503939728765_11"},{"key":"?beneficiaryHasArrestRecord","val":"AE#NoArrestRecord"}]}]},{"query":"?- ?v:AE#VATravelVoucher, ?v[AE#hasVoucherBeneficiary->?b], ?b[AE#hasCriminalRecord->?beneficiaryHasCriminalRecord].","resultList":[{"result":[{"key":"?v","val":"VO_14a57600_d779_4a92_9d2b_97bafb1158e7_1503939728765_0"},{"key":"?b","val":"VO_14a57600_d779_4a92_9d2b_97bafb1158e7_1503939728765_11"},{"key":"?beneficiaryHasCriminalRecord","val":"AE#NoCriminalRecord"}]}]},{"query":"?- ?t:AE#Travelling, ?t[AE#hasPath->?p], ?p[AE#hasDistance->?d], ?d[AE#numericValue->?expectedDistanceValue], ?d[AE#hasUnitOfMeasure->?unitOfDistanceMeasure].","resultList":[{"result":[{"key":"?t","val":"VO_14a57600_d779_4a92_9d2b_97bafb1158e7_1503939728765_6"},{"key":"?p","val":"ES_c3d56eb4_e366_4da9_b3bc_a958a905a770_1503939758636_4"},{"key":"?d","val":"ES_c3d56eb4_e366_4da9_b3bc_a958a905a770_1503939758636_0"},{"key":"?expectedDistanceValue","val":"21299.5785010429899557493627071380615234375"},{"key":"?unitOfDistanceMeasure","val":"meters"}]}]},{"query":"?- ?t:AE#Travelling, ?t[AE#hasPath->?p], ?p[AE#hasExpectedTravelTime->?d], ?d[AE#numericValue->?expectedTimeValue], ?d[AE#hasUnitOfMeasure->?unitOfTimeMeasure].","resultList":[{"result":[{"key":"?t","val":"VO_14a57600_d779_4a92_9d2b_97bafb1158e7_1503939728765_6"},{"key":"?p","val":"ES_c3d56eb4_e366_4da9_b3bc_a958a905a770_1503939758636_4"},{"key":"?d","val":"ES_c3d56eb4_e366_4da9_b3bc_a958a905a770_1503939758636_2"},{"key":"?expectedTimeValue","val":"17.978996973834000527858734130859375"},{"key":"?unitOfTimeMeasure","val":"minutes"}]}]},{"query":"?- ?t:AE#Travelling, ?t[AE#hasDestination->?d], ?d[label->?destinationFullAddress].","resultList":[{"result":[{"key":"?t","val":"VO_14a57600_d779_4a92_9d2b_97bafb1158e7_1503939728765_7"},{"key":"?d","val":"VO_14a57600_d779_4a92_9d2b_97bafb1158e7_1503939728765_8"},{"key":"?destinationFullAddress","val":"2790 Truxton Road, Suite 130, San Diego, CA 92106"}]},{"result":[{"key":"?t","val":"VO_14a57600_d779_4a92_9d2b_97bafb1158e7_1503939728765_6"},{"key":"?d","val":"VO_14a57600_d779_4a92_9d2b_97bafb1158e7_1503939728765_5"},{"key":"?destinationFullAddress","val":"218 Pineknoll Court San Diego, CA 92114"}]}]},{"query":"?- ?t:AE#Travelling, ?t[AE#hasDestination->?d], ?d[AE#hasStreet->?s], ?s[label->?destinationStreetName], ?d[AE#hasCity->?c], ?c[label->?destinationCity], ?d[AE#hasState->?st], ?st[label->?destinationState], ?d[AE#hasZipcode->?destinationZipCode].","resultList":[{"result":[{"key":"?t","val":"VO_14a57600_d779_4a92_9d2b_97bafb1158e7_1503939728765_7"},{"key":"?d","val":"VO_14a57600_d779_4a92_9d2b_97bafb1158e7_1503939728765_8"},{"key":"?s","val":"NO_984e0fd2_0a18_4ab9_a190_597223639859_1503939740008_id5"},{"key":"?destinationStreetName","val":"2790 Truxton Road"},{"key":"?c","val":"NO_984e0fd2_0a18_4ab9_a190_597223639859_1503939740008_id11"},{"key":"?destinationCity","val":"San Diego"},{"key":"?st","val":"NO_984e0fd2_0a18_4ab9_a190_597223639859_1503939740008_id13"},{"key":"?destinationState","val":"CA"},{"key":"?destinationZipCode","val":"92106"}]},{"result":[{"key":"?t","val":"VO_14a57600_d779_4a92_9d2b_97bafb1158e7_1503939728765_6"},{"key":"?d","val":"VO_14a57600_d779_4a92_9d2b_97bafb1158e7_1503939728765_5"},{"key":"?s","val":"NO_71e72e23_1fbf_420c_895b_64587eb8be49_1503939742248_id3"},{"key":"?destinationStreetName","val":"218 Pineknoll Court"},{"key":"?c","val":"NO_71e72e23_1fbf_420c_895b_64587eb8be49_1503939742248_id9"},{"key":"?destinationCity","val":"San Diego"},{"key":"?st","val":"NO_71e72e23_1fbf_420c_895b_64587eb8be49_1503939742248_id11"},{"key":"?destinationState","val":"CA"},{"key":"?destinationZipCode","val":"92114"}]}]},{"query":"?- ?t:AE#Travelling, ?t[AE#hasOrigin->?d], ?d[label->?originFullAddress].","resultList":[{"result":[{"key":"?t","val":"VO_14a57600_d779_4a92_9d2b_97bafb1158e7_1503939728765_7"},{"key":"?d","val":"VO_14a57600_d779_4a92_9d2b_97bafb1158e7_1503939728765_3"},{"key":"?originFullAddress","val":"59 Strawberry Street San Diego, CA 92117"}]},{"result":[{"key":"?t","val":"VO_14a57600_d779_4a92_9d2b_97bafb1158e7_1503939728765_6"},{"key":"?d","val":"VO_14a57600_d779_4a92_9d2b_97bafb1158e7_1503939728765_8"},{"key":"?originFullAddress","val":"2790 Truxton Road, Suite 130, San Diego, CA 92106"}]}]},{"query":"?- ?t:AE#Travelling, ?t[AE#hasOrigin->?d], ?d[AE#hasStreet->?s], ?s[label->?originStreetName], ?d[AE#hasCity->?c], ?c[label->?originCity], ?d[AE#hasState->?st], ?st[label->?originState], ?d[AE#hasZipcode->?originZipCode].","resultList":[{"result":[{"key":"?t","val":"VO_14a57600_d779_4a92_9d2b_97bafb1158e7_1503939728765_7"},{"key":"?d","val":"VO_14a57600_d779_4a92_9d2b_97bafb1158e7_1503939728765_3"},{"key":"?s","val":"NO_311fca42_9447_4a0b_af85_869dbacc045e_1503939744433_id3"},{"key":"?originStreetName","val":"59 Strawberry Street"},{"key":"?c","val":"NO_311fca42_9447_4a0b_af85_869dbacc045e_1503939744433_id9"},{"key":"?originCity","val":"San Diego"},{"key":"?st","val":"NO_311fca42_9447_4a0b_af85_869dbacc045e_1503939744433_id11"},{"key":"?originState","val":"CA"},{"key":"?originZipCode","val":"92117"}]},{"result":[{"key":"?t","val":"VO_14a57600_d779_4a92_9d2b_97bafb1158e7_1503939728765_6"},{"key":"?d","val":"VO_14a57600_d779_4a92_9d2b_97bafb1158e7_1503939728765_8"},{"key":"?s","val":"NO_984e0fd2_0a18_4ab9_a190_597223639859_1503939740008_id5"},{"key":"?originStreetName","val":"2790 Truxton Road"},{"key":"?c","val":"NO_984e0fd2_0a18_4ab9_a190_597223639859_1503939740008_id11"},{"key":"?originCity","val":"San Diego"},{"key":"?st","val":"NO_984e0fd2_0a18_4ab9_a190_597223639859_1503939740008_id13"},{"key":"?originState","val":"CA"},{"key":"?originZipCode","val":"92106"}]}]},{"query":"?- ?t:AE#Travelling, ?t[AE#hasPath->?p], ?p[AE#hasStartRegion->?s], ?s[AE#hasLatitude->?originLatitude], ?s[AE#hasLongitude->?originLongitude].","resultList":[{"result":[{"key":"?t","val":"VO_14a57600_d779_4a92_9d2b_97bafb1158e7_1503939728765_6"},{"key":"?p","val":"ES_c3d56eb4_e366_4da9_b3bc_a958a905a770_1503939758636_4"},{"key":"?s","val":"ES_c3d56eb4_e366_4da9_b3bc_a958a905a770_1503939758636_3"},{"key":"?originLatitude","val":"32.74051839275188058309140615165233612060546875"},{"key":"?originLongitude","val":"-117.2130215001728856805129908025264739990234375"}]}]},{"query":"?- ?t:AE#Travelling, ?t[AE#hasPath->?p], ?p[AE#hasEndRegion->?e], ?e[AE#hasLatitude->?destinationLatitude], ?e[AE#hasLongitude->?destinationLongitude].","resultList":[{"result":[{"key":"?t","val":"VO_14a57600_d779_4a92_9d2b_97bafb1158e7_1503939728765_6"},{"key":"?p","val":"ES_c3d56eb4_e366_4da9_b3bc_a958a905a770_1503939758636_4"},{"key":"?e","val":"ES_c3d56eb4_e366_4da9_b3bc_a958a905a770_1503939758636_1"},{"key":"?destinationLatitude","val":"32.70333010000007334383553825318813323974609375"},{"key":"?destinationLongitude","val":"-117.0296501999999918552930466830730438232421875"}]}]}]}
