{"dataList":[{"query":"?- ?v:AE#VATravelVoucher, ?v[AE#hasVoucherClaimant->?c], ?c[AE#hasName->?cn], ?cn[label->?claimantFullName].","resultList":[{"result":[{"key":"?v","val":"VO_13c06981_2ca0_4ccc_b62e_b0ef3db778e6_1503940049813_0"},{"key":"?c","val":"VO_13c06981_2ca0_4ccc_b62e_b0ef3db778e6_1503940049813_2"},{"key":"?cn","val":"NO_5af891ff_822d_4c70_9761_f207bff46d8d_1503940057689_0"},{"key":"?claimantFullName","val":"Tammy Janet Blackall"}]},{"result":[{"key":"?v","val":"VO_13c06981_2ca0_4ccc_b62e_b0ef3db778e6_1503940049813_0"},{"key":"?c","val":"VO_13c06981_2ca0_4ccc_b62e_b0ef3db778e6_1503940049813_2"},{"key":"?cn","val":"VO_13c06981_2ca0_4ccc_b62e_b0ef3db778e6_1503940049813_1"},{"key":"?claimantFullName","val":"Tammy Janet Blackall"}]}]},{"query":"?- ?v:AE#VATravelVoucher, ?v[AE#hasVoucherClaimant->?c], ?c[AE#hasName->?cn], ?cn[AE#hasFirstName->?claimantFirstName].","resultList":[{"result":[{"key":"?v","val":"VO_13c06981_2ca0_4ccc_b62e_b0ef3db778e6_1503940049813_0"},{"key":"?c","val":"VO_13c06981_2ca0_4ccc_b62e_b0ef3db778e6_1503940049813_2"},{"key":"?cn","val":"NO_5af891ff_822d_4c70_9761_f207bff46d8d_1503940057689_0"},{"key":"?claimantFirstName","val":"tammy"}]}]},{"query":"?- ?v:AE#VATravelVoucher, ?v[AE#hasVoucherClaimant->?c], ?c[AE#hasName->?cn], ?cn[AE#hasLastName->?claimantLastName].","resultList":[{"result":[{"key":"?v","val":"VO_13c06981_2ca0_4ccc_b62e_b0ef3db778e6_1503940049813_0"},{"key":"?c","val":"VO_13c06981_2ca0_4ccc_b62e_b0ef3db778e6_1503940049813_2"},{"key":"?cn","val":"NO_5af891ff_822d_4c70_9761_f207bff46d8d_1503940057689_0"},{"key":"?claimantLastName","val":"blackall"}]}]},{"query":"?- ?v:AE#VATravelVoucher, ?v[AE#hasVoucherClaimant->?c], ?c[AE#hasSocialSecurityNumber->?s], ?s[label->?claimantSsn].","resultList":[{"result":[{"key":"?v","val":"VO_13c06981_2ca0_4ccc_b62e_b0ef3db778e6_1503940049813_0"},{"key":"?c","val":"VO_13c06981_2ca0_4ccc_b62e_b0ef3db778e6_1503940049813_2"},{"key":"?s","val":"VO_13c06981_2ca0_4ccc_b62e_b0ef3db778e6_1503940049813_12"},{"key":"?claimantSsn","val":"751-33-1712"}]}]},{"query":"?- ?v:AE#VATravelVoucher, ?v[AE#hasVoucherClaimant->?c], ?c[AE#hasLiens->?claimantHasLiens].","resultList":[{"result":[{"key":"?v","val":"VO_13c06981_2ca0_4ccc_b62e_b0ef3db778e6_1503940049813_0"},{"key":"?c","val":"VO_13c06981_2ca0_4ccc_b62e_b0ef3db778e6_1503940049813_2"},{"key":"?claimantHasLiens","val":"AE#NoLienReport"}]}]},{"query":"?- ?v:AE#VATravelVoucher, ?v[AE#hasVoucherClaimant->?c], ?c[AE#hasDeclaredBankruptcy->?claimantHasDeclaredBankruptcy].","resultList":[{"result":[{"key":"?v","val":"VO_13c06981_2ca0_4ccc_b62e_b0ef3db778e6_1503940049813_0"},{"key":"?c","val":"VO_13c06981_2ca0_4ccc_b62e_b0ef3db778e6_1503940049813_2"},{"key":"?claimantHasDeclaredBankruptcy","val":"AE#NoBankruptcyReport"}]}]},{"query":"?- ?v:AE#VATravelVoucher, ?v[AE#hasVoucherClaimant->?c], ?c[AE#hasArrestRecord->?claimantHasArrestRecord].","resultList":[{"result":[{"key":"?v","val":"VO_13c06981_2ca0_4ccc_b62e_b0ef3db778e6_1503940049813_0"},{"key":"?c","val":"VO_13c06981_2ca0_4ccc_b62e_b0ef3db778e6_1503940049813_2"},{"key":"?claimantHasArrestRecord","val":"AE#NoArrestRecord"}]}]},{"query":"?- ?v:AE#VATravelVoucher, ?v[AE#hasVoucherClaimant->?c], ?c[AE#hasCriminalRecord->?claimantHasCriminalRecord].","resultList":[{"result":[{"key":"?v","val":"VO_13c06981_2ca0_4ccc_b62e_b0ef3db778e6_1503940049813_0"},{"key":"?c","val":"VO_13c06981_2ca0_4ccc_b62e_b0ef3db778e6_1503940049813_2"},{"key":"?claimantHasCriminalRecord","val":"AE#NoCriminalRecord"}]}]},{"query":"?- ?v:AE#VATravelVoucher, ?v[AE#hasVoucherBeneficiary->?b], ?b[AE#hasName->?cn], ?cn[label->?beneficiaryFullName].","resultList":[{"result":[{"key":"?v","val":"VO_13c06981_2ca0_4ccc_b62e_b0ef3db778e6_1503940049813_0"},{"key":"?b","val":"VO_13c06981_2ca0_4ccc_b62e_b0ef3db778e6_1503940049813_11"},{"key":"?cn","val":"VO_13c06981_2ca0_4ccc_b62e_b0ef3db778e6_1503940049813_10"},{"key":"?beneficiaryFullName","val":"Muhammad Aaron Leone"}]},{"result":[{"key":"?v","val":"VO_13c06981_2ca0_4ccc_b62e_b0ef3db778e6_1503940049813_0"},{"key":"?b","val":"VO_13c06981_2ca0_4ccc_b62e_b0ef3db778e6_1503940049813_11"},{"key":"?cn","val":"NO_cb8f7f2a_fdc1_4b99_a905_6adc3e5227a3_1503940055737_0"},{"key":"?beneficiaryFullName","val":"Muhammad Aaron Leone"}]}]},{"query":"?- ?v:AE#VATravelVoucher, ?v[AE#hasVoucherBeneficiary->?b], ?b[AE#hasName->?cn], ?cn[AE#hasFirstName->?beneficiaryFirstName].","resultList":[{"result":[{"key":"?v","val":"VO_13c06981_2ca0_4ccc_b62e_b0ef3db778e6_1503940049813_0"},{"key":"?b","val":"VO_13c06981_2ca0_4ccc_b62e_b0ef3db778e6_1503940049813_11"},{"key":"?cn","val":"NO_cb8f7f2a_fdc1_4b99_a905_6adc3e5227a3_1503940055737_0"},{"key":"?beneficiaryFirstName","val":"muhammad_aaron"}]}]},{"query":"?- ?v:AE#VATravelVoucher, ?v[AE#hasVoucherBeneficiary->?b], ?b[AE#hasName->?cn], ?cn[AE#hasLastName->?beneficiaryLastName].","resultList":[{"result":[{"key":"?v","val":"VO_13c06981_2ca0_4ccc_b62e_b0ef3db778e6_1503940049813_0"},{"key":"?b","val":"VO_13c06981_2ca0_4ccc_b62e_b0ef3db778e6_1503940049813_11"},{"key":"?cn","val":"NO_cb8f7f2a_fdc1_4b99_a905_6adc3e5227a3_1503940055737_0"},{"key":"?beneficiaryLastName","val":"leone"}]}]},{"query":"?- ?v:AE#VATravelVoucher, ?v[AE#hasVoucherBeneficiary->?b], ?b[AE#hasSocialSecurityNumber->?s], ?s[label->?beneficiarySsn].","resultList":[{"result":[{"key":"?v","val":"VO_13c06981_2ca0_4ccc_b62e_b0ef3db778e6_1503940049813_0"},{"key":"?b","val":"VO_13c06981_2ca0_4ccc_b62e_b0ef3db778e6_1503940049813_11"},{"key":"?s","val":"VO_13c06981_2ca0_4ccc_b62e_b0ef3db778e6_1503940049813_9"},{"key":"?beneficiarySsn","val":"522-88-8231"}]}]},{"query":"?- ?v:AE#VATravelVoucher, ?v[AE#hasVoucherBeneficiary->?b], ?b[AE#hasLiens->?beneficiaryHasLiens].","resultList":[{"result":[{"key":"?v","val":"VO_13c06981_2ca0_4ccc_b62e_b0ef3db778e6_1503940049813_0"},{"key":"?b","val":"VO_13c06981_2ca0_4ccc_b62e_b0ef3db778e6_1503940049813_11"},{"key":"?beneficiaryHasLiens","val":"AE#UnknownLienReport"}]}]},{"query":"?- ?v:AE#VATravelVoucher, ?v[AE#hasVoucherBeneficiary->?b], ?b[AE#hasDeclaredBankruptcy->?beneficiaryHasDeclaredBankruptcy].","resultList":[{"result":[{"key":"?v","val":"VO_13c06981_2ca0_4ccc_b62e_b0ef3db778e6_1503940049813_0"},{"key":"?b","val":"VO_13c06981_2ca0_4ccc_b62e_b0ef3db778e6_1503940049813_11"},{"key":"?beneficiaryHasDeclaredBankruptcy","val":"AE#UnknownBankruptcyReport"}]}]},{"query":"?- ?v:AE#VATravelVoucher, ?v[AE#hasVoucherBeneficiary->?b], ?b[AE#hasArrestRecord->?beneficiaryHasArrestRecord].","resultList":[{"result":[{"key":"?v","val":"VO_13c06981_2ca0_4ccc_b62e_b0ef3db778e6_1503940049813_0"},{"key":"?b","val":"VO_13c06981_2ca0_4ccc_b62e_b0ef3db778e6_1503940049813_11"},{"key":"?beneficiaryHasArrestRecord","val":"AE#NoArrestRecord"}]}]},{"query":"?- ?v:AE#VATravelVoucher, ?v[AE#hasVoucherBeneficiary->?b], ?b[AE#hasCriminalRecord->?beneficiaryHasCriminalRecord].","resultList":[{"result":[{"key":"?v","val":"VO_13c06981_2ca0_4ccc_b62e_b0ef3db778e6_1503940049813_0"},{"key":"?b","val":"VO_13c06981_2ca0_4ccc_b62e_b0ef3db778e6_1503940049813_11"},{"key":"?beneficiaryHasCriminalRecord","val":"AE#NoCriminalRecord"}]}]},{"query":"?- ?t:AE#Travelling, ?t[AE#hasPath->?p], ?p[AE#hasDistance->?d], ?d[AE#numericValue->?expectedDistanceValue], ?d[AE#hasUnitOfMeasure->?unitOfDistanceMeasure].","resultList":[{"result":[{"key":"?t","val":"VO_13c06981_2ca0_4ccc_b62e_b0ef3db778e6_1503940049813_6"},{"key":"?p","val":"ES_750204b0_da5d_4247_a6c5_eb0c58990f61_1503940076769_4"},{"key":"?d","val":"ES_750204b0_da5d_4247_a6c5_eb0c58990f61_1503940076769_0"},{"key":"?expectedDistanceValue","val":"8771.6112570495461113750934600830078125"},{"key":"?unitOfDistanceMeasure","val":"meters"}]}]},{"query":"?- ?t:AE#Travelling, ?t[AE#hasPath->?p], ?p[AE#hasExpectedTravelTime->?d], ?d[AE#numericValue->?expectedTimeValue], ?d[AE#hasUnitOfMeasure->?unitOfTimeMeasure].","resultList":[{"result":[{"key":"?t","val":"VO_13c06981_2ca0_4ccc_b62e_b0ef3db778e6_1503940049813_6"},{"key":"?p","val":"ES_750204b0_da5d_4247_a6c5_eb0c58990f61_1503940076769_4"},{"key":"?d","val":"ES_750204b0_da5d_4247_a6c5_eb0c58990f61_1503940076769_2"},{"key":"?expectedTimeValue","val":"9.606476986664347350597381591796875"},{"key":"?unitOfTimeMeasure","val":"minutes"}]}]},{"query":"?- ?t:AE#Travelling, ?t[AE#hasDestination->?d], ?d[label->?destinationFullAddress].","resultList":[{"result":[{"key":"?t","val":"VO_13c06981_2ca0_4ccc_b62e_b0ef3db778e6_1503940049813_7"},{"key":"?d","val":"VO_13c06981_2ca0_4ccc_b62e_b0ef3db778e6_1503940049813_8"},{"key":"?destinationFullAddress","val":"2790 Truxton Road, Suite 130, San Diego, CA 92106"}]},{"result":[{"key":"?t","val":"VO_13c06981_2ca0_4ccc_b62e_b0ef3db778e6_1503940049813_6"},{"key":"?d","val":"VO_13c06981_2ca0_4ccc_b62e_b0ef3db778e6_1503940049813_5"},{"key":"?destinationFullAddress","val":"59 Strawberry Street San Diego, CA 92117"}]}]},{"query":"?- ?t:AE#Travelling, ?t[AE#hasDestination->?d], ?d[AE#hasStreet->?s], ?s[label->?destinationStreetName], ?d[AE#hasCity->?c], ?c[label->?destinationCity], ?d[AE#hasState->?st], ?st[label->?destinationState], ?d[AE#hasZipcode->?destinationZipCode].","resultList":[{"result":[{"key":"?t","val":"VO_13c06981_2ca0_4ccc_b62e_b0ef3db778e6_1503940049813_7"},{"key":"?d","val":"VO_13c06981_2ca0_4ccc_b62e_b0ef3db778e6_1503940049813_8"},{"key":"?s","val":"NO_63244a7a_cc33_4f7a_bb40_ad4fef7999b0_1503940059885_id5"},{"key":"?destinationStreetName","val":"2790 Truxton Road"},{"key":"?c","val":"NO_63244a7a_cc33_4f7a_bb40_ad4fef7999b0_1503940059885_id11"},{"key":"?destinationCity","val":"San Diego"},{"key":"?st","val":"NO_63244a7a_cc33_4f7a_bb40_ad4fef7999b0_1503940059885_id13"},{"key":"?destinationState","val":"CA"},{"key":"?destinationZipCode","val":"92106"}]},{"result":[{"key":"?t","val":"VO_13c06981_2ca0_4ccc_b62e_b0ef3db778e6_1503940049813_6"},{"key":"?d","val":"VO_13c06981_2ca0_4ccc_b62e_b0ef3db778e6_1503940049813_5"},{"key":"?s","val":"NO_d66fc118_a7ed_4848_a8af_b9b15b819039_1503940061950_id3"},{"key":"?destinationStreetName","val":"59 Strawberry Street"},{"key":"?c","val":"NO_d66fc118_a7ed_4848_a8af_b9b15b819039_1503940061950_id9"},{"key":"?destinationCity","val":"San Diego"},{"key":"?st","val":"NO_d66fc118_a7ed_4848_a8af_b9b15b819039_1503940061950_id11"},{"key":"?destinationState","val":"CA"},{"key":"?destinationZipCode","val":"92117"}]}]},{"query":"?- ?t:AE#Travelling, ?t[AE#hasOrigin->?d], ?d[label->?originFullAddress].","resultList":[{"result":[{"key":"?t","val":"VO_13c06981_2ca0_4ccc_b62e_b0ef3db778e6_1503940049813_7"},{"key":"?d","val":"VO_13c06981_2ca0_4ccc_b62e_b0ef3db778e6_1503940049813_3"},{"key":"?originFullAddress","val":"3343 43rd St, San Diego, CA 92105"}]},{"result":[{"key":"?t","val":"VO_13c06981_2ca0_4ccc_b62e_b0ef3db778e6_1503940049813_6"},{"key":"?d","val":"VO_13c06981_2ca0_4ccc_b62e_b0ef3db778e6_1503940049813_8"},{"key":"?originFullAddress","val":"2790 Truxton Road, Suite 130, San Diego, CA 92106"}]}]},{"query":"?- ?t:AE#Travelling, ?t[AE#hasOrigin->?d], ?d[AE#hasStreet->?s], ?s[label->?originStreetName], ?d[AE#hasCity->?c], ?c[label->?originCity], ?d[AE#hasState->?st], ?st[label->?originState], ?d[AE#hasZipcode->?originZipCode].","resultList":[{"result":[{"key":"?t","val":"VO_13c06981_2ca0_4ccc_b62e_b0ef3db778e6_1503940049813_7"},{"key":"?d","val":"VO_13c06981_2ca0_4ccc_b62e_b0ef3db778e6_1503940049813_3"},{"key":"?s","val":"NO_950f9720_0365_4162_b664_641effb78a3c_1503940063765_id3"},{"key":"?originStreetName","val":"3343 43rd St"},{"key":"?c","val":"NO_950f9720_0365_4162_b664_641effb78a3c_1503940063765_id9"},{"key":"?originCity","val":"San Diego"},{"key":"?st","val":"NO_950f9720_0365_4162_b664_641effb78a3c_1503940063765_id11"},{"key":"?originState","val":"CA"},{"key":"?originZipCode","val":"92105"}]},{"result":[{"key":"?t","val":"VO_13c06981_2ca0_4ccc_b62e_b0ef3db778e6_1503940049813_6"},{"key":"?d","val":"VO_13c06981_2ca0_4ccc_b62e_b0ef3db778e6_1503940049813_8"},{"key":"?s","val":"NO_63244a7a_cc33_4f7a_bb40_ad4fef7999b0_1503940059885_id5"},{"key":"?originStreetName","val":"2790 Truxton Road"},{"key":"?c","val":"NO_63244a7a_cc33_4f7a_bb40_ad4fef7999b0_1503940059885_id11"},{"key":"?originCity","val":"San Diego"},{"key":"?st","val":"NO_63244a7a_cc33_4f7a_bb40_ad4fef7999b0_1503940059885_id13"},{"key":"?originState","val":"CA"},{"key":"?originZipCode","val":"92106"}]}]},{"query":"?- ?t:AE#Travelling, ?t[AE#hasPath->?p], ?p[AE#hasStartRegion->?s], ?s[AE#hasLatitude->?originLatitude], ?s[AE#hasLongitude->?originLongitude].","resultList":[{"result":[{"key":"?t","val":"VO_13c06981_2ca0_4ccc_b62e_b0ef3db778e6_1503940049813_6"},{"key":"?p","val":"ES_750204b0_da5d_4247_a6c5_eb0c58990f61_1503940076769_4"},{"key":"?s","val":"ES_750204b0_da5d_4247_a6c5_eb0c58990f61_1503940076769_3"},{"key":"?originLatitude","val":"32.74051839275188058309140615165233612060546875"},{"key":"?originLongitude","val":"-117.2130215001728856805129908025264739990234375"}]}]},{"query":"?- ?t:AE#Travelling, ?t[AE#hasPath->?p], ?p[AE#hasEndRegion->?e], ?e[AE#hasLatitude->?destinationLatitude], ?e[AE#hasLongitude->?destinationLongitude].","resultList":[{"result":[{"key":"?t","val":"VO_13c06981_2ca0_4ccc_b62e_b0ef3db778e6_1503940049813_6"},{"key":"?p","val":"ES_750204b0_da5d_4247_a6c5_eb0c58990f61_1503940076769_4"},{"key":"?e","val":"ES_750204b0_da5d_4247_a6c5_eb0c58990f61_1503940076769_1"},{"key":"?destinationLatitude","val":"32.79662300000001096123014576733112335205078125"},{"key":"?destinationLongitude","val":"-117.197813600000017686397768557071685791015625"}]}]}]}
