{"dataList":[{"query":"?- ?v:AE#VATravelVoucher, ?v[AE#hasVoucherClaimant->?c], ?c[AE#hasName->?cn], ?cn[label->?claimantFullName].","resultList":[{"result":[{"key":"?v","val":"VO_1eddb1e9_2578_482a_96d9_fdb2ff40a377_1503940996763_0"},{"key":"?c","val":"VO_1eddb1e9_2578_482a_96d9_fdb2ff40a377_1503940996763_2"},{"key":"?cn","val":"NO_dbc53c34_aff2_45ad_859d_5e8eee90694c_1503941005147_0"},{"key":"?claimantFullName","val":"James C. Dorris"}]},{"result":[{"key":"?v","val":"VO_1eddb1e9_2578_482a_96d9_fdb2ff40a377_1503940996763_0"},{"key":"?c","val":"VO_1eddb1e9_2578_482a_96d9_fdb2ff40a377_1503940996763_2"},{"key":"?cn","val":"VO_1eddb1e9_2578_482a_96d9_fdb2ff40a377_1503940996763_1"},{"key":"?claimantFullName","val":"James C. Dorris"}]}]},{"query":"?- ?v:AE#VATravelVoucher, ?v[AE#hasVoucherClaimant->?c], ?c[AE#hasName->?cn], ?cn[AE#hasFirstName->?claimantFirstName].","resultList":[{"result":[{"key":"?v","val":"VO_1eddb1e9_2578_482a_96d9_fdb2ff40a377_1503940996763_0"},{"key":"?c","val":"VO_1eddb1e9_2578_482a_96d9_fdb2ff40a377_1503940996763_2"},{"key":"?cn","val":"NO_dbc53c34_aff2_45ad_859d_5e8eee90694c_1503941005147_0"},{"key":"?claimantFirstName","val":"james"}]}]},{"query":"?- ?v:AE#VATravelVoucher, ?v[AE#hasVoucherClaimant->?c], ?c[AE#hasName->?cn], ?cn[AE#hasLastName->?claimantLastName].","resultList":[{"result":[{"key":"?v","val":"VO_1eddb1e9_2578_482a_96d9_fdb2ff40a377_1503940996763_0"},{"key":"?c","val":"VO_1eddb1e9_2578_482a_96d9_fdb2ff40a377_1503940996763_2"},{"key":"?cn","val":"NO_dbc53c34_aff2_45ad_859d_5e8eee90694c_1503941005147_0"},{"key":"?claimantLastName","val":"dorris"}]}]},{"query":"?- ?v:AE#VATravelVoucher, ?v[AE#hasVoucherClaimant->?c], ?c[AE#hasSocialSecurityNumber->?s], ?s[label->?claimantSsn].","resultList":[{"result":[{"key":"?v","val":"VO_1eddb1e9_2578_482a_96d9_fdb2ff40a377_1503940996763_0"},{"key":"?c","val":"VO_1eddb1e9_2578_482a_96d9_fdb2ff40a377_1503940996763_2"},{"key":"?s","val":"VO_1eddb1e9_2578_482a_96d9_fdb2ff40a377_1503940996763_12"},{"key":"?claimantSsn","val":"250-14-9763"}]}]},{"query":"?- ?v:AE#VATravelVoucher, ?v[AE#hasVoucherClaimant->?c], ?c[AE#hasLiens->?claimantHasLiens].","resultList":[{"result":[{"key":"?v","val":"VO_1eddb1e9_2578_482a_96d9_fdb2ff40a377_1503940996763_0"},{"key":"?c","val":"VO_1eddb1e9_2578_482a_96d9_fdb2ff40a377_1503940996763_2"},{"key":"?claimantHasLiens","val":"AE#NoLienReport"}]}]},{"query":"?- ?v:AE#VATravelVoucher, ?v[AE#hasVoucherClaimant->?c], ?c[AE#hasDeclaredBankruptcy->?claimantHasDeclaredBankruptcy].","resultList":[{"result":[{"key":"?v","val":"VO_1eddb1e9_2578_482a_96d9_fdb2ff40a377_1503940996763_0"},{"key":"?c","val":"VO_1eddb1e9_2578_482a_96d9_fdb2ff40a377_1503940996763_2"},{"key":"?claimantHasDeclaredBankruptcy","val":"AE#NoBankruptcyReport"}]}]},{"query":"?- ?v:AE#VATravelVoucher, ?v[AE#hasVoucherClaimant->?c], ?c[AE#hasArrestRecord->?claimantHasArrestRecord].","resultList":[{"result":[{"key":"?v","val":"VO_1eddb1e9_2578_482a_96d9_fdb2ff40a377_1503940996763_0"},{"key":"?c","val":"VO_1eddb1e9_2578_482a_96d9_fdb2ff40a377_1503940996763_2"},{"key":"?claimantHasArrestRecord","val":"AE#NoArrestRecord"}]}]},{"query":"?- ?v:AE#VATravelVoucher, ?v[AE#hasVoucherClaimant->?c], ?c[AE#hasCriminalRecord->?claimantHasCriminalRecord].","resultList":[{"result":[{"key":"?v","val":"VO_1eddb1e9_2578_482a_96d9_fdb2ff40a377_1503940996763_0"},{"key":"?c","val":"VO_1eddb1e9_2578_482a_96d9_fdb2ff40a377_1503940996763_2"},{"key":"?claimantHasCriminalRecord","val":"AE#NoCriminalRecord"}]}]},{"query":"?- ?v:AE#VATravelVoucher, ?v[AE#hasVoucherBeneficiary->?b], ?b[AE#hasName->?cn], ?cn[label->?beneficiaryFullName].","resultList":[{"result":[{"key":"?v","val":"VO_1eddb1e9_2578_482a_96d9_fdb2ff40a377_1503940996763_0"},{"key":"?b","val":"VO_1eddb1e9_2578_482a_96d9_fdb2ff40a377_1503940996763_11"},{"key":"?cn","val":"VO_1eddb1e9_2578_482a_96d9_fdb2ff40a377_1503940996763_10"},{"key":"?beneficiaryFullName","val":"Mary J. Beaudette"}]},{"result":[{"key":"?v","val":"VO_1eddb1e9_2578_482a_96d9_fdb2ff40a377_1503940996763_0"},{"key":"?b","val":"VO_1eddb1e9_2578_482a_96d9_fdb2ff40a377_1503940996763_11"},{"key":"?cn","val":"NO_305a5903_addb_46ca_9a76_842ed61cba36_1503941002864_0"},{"key":"?beneficiaryFullName","val":"Mary J. Beaudette"}]}]},{"query":"?- ?v:AE#VATravelVoucher, ?v[AE#hasVoucherBeneficiary->?b], ?b[AE#hasName->?cn], ?cn[AE#hasFirstName->?beneficiaryFirstName].","resultList":[{"result":[{"key":"?v","val":"VO_1eddb1e9_2578_482a_96d9_fdb2ff40a377_1503940996763_0"},{"key":"?b","val":"VO_1eddb1e9_2578_482a_96d9_fdb2ff40a377_1503940996763_11"},{"key":"?cn","val":"NO_305a5903_addb_46ca_9a76_842ed61cba36_1503941002864_0"},{"key":"?beneficiaryFirstName","val":"mary"}]}]},{"query":"?- ?v:AE#VATravelVoucher, ?v[AE#hasVoucherBeneficiary->?b], ?b[AE#hasName->?cn], ?cn[AE#hasLastName->?beneficiaryLastName].","resultList":[{"result":[{"key":"?v","val":"VO_1eddb1e9_2578_482a_96d9_fdb2ff40a377_1503940996763_0"},{"key":"?b","val":"VO_1eddb1e9_2578_482a_96d9_fdb2ff40a377_1503940996763_11"},{"key":"?cn","val":"NO_305a5903_addb_46ca_9a76_842ed61cba36_1503941002864_0"},{"key":"?beneficiaryLastName","val":"beaudette"}]}]},{"query":"?- ?v:AE#VATravelVoucher, ?v[AE#hasVoucherBeneficiary->?b], ?b[AE#hasSocialSecurityNumber->?s], ?s[label->?beneficiarySsn].","resultList":[{"result":[{"key":"?v","val":"VO_1eddb1e9_2578_482a_96d9_fdb2ff40a377_1503940996763_0"},{"key":"?b","val":"VO_1eddb1e9_2578_482a_96d9_fdb2ff40a377_1503940996763_11"},{"key":"?s","val":"VO_1eddb1e9_2578_482a_96d9_fdb2ff40a377_1503940996763_9"},{"key":"?beneficiarySsn","val":"208-42-7811"}]}]},{"query":"?- ?v:AE#VATravelVoucher, ?v[AE#hasVoucherBeneficiary->?b], ?b[AE#hasLiens->?beneficiaryHasLiens].","resultList":[{"result":[{"key":"?v","val":"VO_1eddb1e9_2578_482a_96d9_fdb2ff40a377_1503940996763_0"},{"key":"?b","val":"VO_1eddb1e9_2578_482a_96d9_fdb2ff40a377_1503940996763_11"},{"key":"?beneficiaryHasLiens","val":"AE#UnknownLienReport"}]}]},{"query":"?- ?v:AE#VATravelVoucher, ?v[AE#hasVoucherBeneficiary->?b], ?b[AE#hasDeclaredBankruptcy->?beneficiaryHasDeclaredBankruptcy].","resultList":[{"result":[{"key":"?v","val":"VO_1eddb1e9_2578_482a_96d9_fdb2ff40a377_1503940996763_0"},{"key":"?b","val":"VO_1eddb1e9_2578_482a_96d9_fdb2ff40a377_1503940996763_11"},{"key":"?beneficiaryHasDeclaredBankruptcy","val":"AE#NoBankruptcyReport"}]}]},{"query":"?- ?v:AE#VATravelVoucher, ?v[AE#hasVoucherBeneficiary->?b], ?b[AE#hasArrestRecord->?beneficiaryHasArrestRecord].","resultList":[{"result":[{"key":"?v","val":"VO_1eddb1e9_2578_482a_96d9_fdb2ff40a377_1503940996763_0"},{"key":"?b","val":"VO_1eddb1e9_2578_482a_96d9_fdb2ff40a377_1503940996763_11"},{"key":"?beneficiaryHasArrestRecord","val":"AE#UnknownArrestRecord"}]}]},{"query":"?- ?v:AE#VATravelVoucher, ?v[AE#hasVoucherBeneficiary->?b], ?b[AE#hasCriminalRecord->?beneficiaryHasCriminalRecord].","resultList":[{"result":[{"key":"?v","val":"VO_1eddb1e9_2578_482a_96d9_fdb2ff40a377_1503940996763_0"},{"key":"?b","val":"VO_1eddb1e9_2578_482a_96d9_fdb2ff40a377_1503940996763_11"},{"key":"?beneficiaryHasCriminalRecord","val":"AE#NoCriminalRecord"}]}]},{"query":"?- ?t:AE#Travelling, ?t[AE#hasPath->?p], ?p[AE#hasDistance->?d], ?d[AE#numericValue->?expectedDistanceValue], ?d[AE#hasUnitOfMeasure->?unitOfDistanceMeasure].","resultList":[{"result":[{"key":"?t","val":"VO_1eddb1e9_2578_482a_96d9_fdb2ff40a377_1503940996763_6"},{"key":"?p","val":"ES_cba44978_1c3e_4927_a60e_7434851430b0_1503941025413_4"},{"key":"?d","val":"ES_cba44978_1c3e_4927_a60e_7434851430b0_1503941025413_0"},{"key":"?expectedDistanceValue","val":"12537.8562378901478950865566730499267578125"},{"key":"?unitOfDistanceMeasure","val":"meters"}]}]},{"query":"?- ?t:AE#Travelling, ?t[AE#hasPath->?p], ?p[AE#hasExpectedTravelTime->?d], ?d[AE#numericValue->?expectedTimeValue], ?d[AE#hasUnitOfMeasure->?unitOfTimeMeasure].","resultList":[{"result":[{"key":"?t","val":"VO_1eddb1e9_2578_482a_96d9_fdb2ff40a377_1503940996763_6"},{"key":"?p","val":"ES_cba44978_1c3e_4927_a60e_7434851430b0_1503941025413_4"},{"key":"?d","val":"ES_cba44978_1c3e_4927_a60e_7434851430b0_1503941025413_2"},{"key":"?expectedTimeValue","val":"9.53222272801212966442108154296875"},{"key":"?unitOfTimeMeasure","val":"minutes"}]}]},{"query":"?- ?t:AE#Travelling, ?t[AE#hasDestination->?d], ?d[label->?destinationFullAddress].","resultList":[{"result":[{"key":"?t","val":"VO_1eddb1e9_2578_482a_96d9_fdb2ff40a377_1503940996763_7"},{"key":"?d","val":"VO_1eddb1e9_2578_482a_96d9_fdb2ff40a377_1503940996763_8"},{"key":"?destinationFullAddress","val":"2790 Truxton Road, Suite 130, San Diego, CA 92106"}]},{"result":[{"key":"?t","val":"VO_1eddb1e9_2578_482a_96d9_fdb2ff40a377_1503940996763_6"},{"key":"?d","val":"VO_1eddb1e9_2578_482a_96d9_fdb2ff40a377_1503940996763_5"},{"key":"?destinationFullAddress","val":"4191 Home Ave San Diego, CA 92105"}]}]},{"query":"?- ?t:AE#Travelling, ?t[AE#hasDestination->?d], ?d[AE#hasStreet->?s], ?s[label->?destinationStreetName], ?d[AE#hasCity->?c], ?c[label->?destinationCity], ?d[AE#hasState->?st], ?st[label->?destinationState], ?d[AE#hasZipcode->?destinationZipCode].","resultList":[{"result":[{"key":"?t","val":"VO_1eddb1e9_2578_482a_96d9_fdb2ff40a377_1503940996763_7"},{"key":"?d","val":"VO_1eddb1e9_2578_482a_96d9_fdb2ff40a377_1503940996763_8"},{"key":"?s","val":"NO_ed13999b_b576_4660_b770_7497879ebb4d_1503941007549_id5"},{"key":"?destinationStreetName","val":"2790 Truxton Road"},{"key":"?c","val":"NO_ed13999b_b576_4660_b770_7497879ebb4d_1503941007549_id11"},{"key":"?destinationCity","val":"San Diego"},{"key":"?st","val":"NO_ed13999b_b576_4660_b770_7497879ebb4d_1503941007549_id13"},{"key":"?destinationState","val":"CA"},{"key":"?destinationZipCode","val":"92106"}]},{"result":[{"key":"?t","val":"VO_1eddb1e9_2578_482a_96d9_fdb2ff40a377_1503940996763_6"},{"key":"?d","val":"VO_1eddb1e9_2578_482a_96d9_fdb2ff40a377_1503940996763_5"},{"key":"?s","val":"NO_1ce87244_a6d6_45fd_9cf3_200958585156_1503941009810_id3"},{"key":"?destinationStreetName","val":"4191 Home Ave"},{"key":"?c","val":"NO_1ce87244_a6d6_45fd_9cf3_200958585156_1503941009810_id9"},{"key":"?destinationCity","val":"San Diego"},{"key":"?st","val":"NO_1ce87244_a6d6_45fd_9cf3_200958585156_1503941009810_id11"},{"key":"?destinationState","val":"CA"},{"key":"?destinationZipCode","val":"92105"}]}]},{"query":"?- ?t:AE#Travelling, ?t[AE#hasOrigin->?d], ?d[label->?originFullAddress].","resultList":[{"result":[{"key":"?t","val":"VO_1eddb1e9_2578_482a_96d9_fdb2ff40a377_1503940996763_7"},{"key":"?d","val":"VO_1eddb1e9_2578_482a_96d9_fdb2ff40a377_1503940996763_3"},{"key":"?originFullAddress","val":"150 Fifth Street San Diego, CA 92114"}]},{"result":[{"key":"?t","val":"VO_1eddb1e9_2578_482a_96d9_fdb2ff40a377_1503940996763_6"},{"key":"?d","val":"VO_1eddb1e9_2578_482a_96d9_fdb2ff40a377_1503940996763_8"},{"key":"?originFullAddress","val":"2790 Truxton Road, Suite 130, San Diego, CA 92106"}]}]},{"query":"?- ?t:AE#Travelling, ?t[AE#hasOrigin->?d], ?d[AE#hasStreet->?s], ?s[label->?originStreetName], ?d[AE#hasCity->?c], ?c[label->?originCity], ?d[AE#hasState->?st], ?st[label->?originState], ?d[AE#hasZipcode->?originZipCode].","resultList":[{"result":[{"key":"?t","val":"VO_1eddb1e9_2578_482a_96d9_fdb2ff40a377_1503940996763_7"},{"key":"?d","val":"VO_1eddb1e9_2578_482a_96d9_fdb2ff40a377_1503940996763_3"},{"key":"?s","val":"NO_f5664ca9_e363_4e6f_93ec_185f8301d6a4_1503941012011_id3"},{"key":"?originStreetName","val":"150 Fifth Street"},{"key":"?c","val":"NO_f5664ca9_e363_4e6f_93ec_185f8301d6a4_1503941012011_id9"},{"key":"?originCity","val":"San Diego"},{"key":"?st","val":"NO_f5664ca9_e363_4e6f_93ec_185f8301d6a4_1503941012011_id11"},{"key":"?originState","val":"CA"},{"key":"?originZipCode","val":"92114"}]},{"result":[{"key":"?t","val":"VO_1eddb1e9_2578_482a_96d9_fdb2ff40a377_1503940996763_6"},{"key":"?d","val":"VO_1eddb1e9_2578_482a_96d9_fdb2ff40a377_1503940996763_8"},{"key":"?s","val":"NO_ed13999b_b576_4660_b770_7497879ebb4d_1503941007549_id5"},{"key":"?originStreetName","val":"2790 Truxton Road"},{"key":"?c","val":"NO_ed13999b_b576_4660_b770_7497879ebb4d_1503941007549_id11"},{"key":"?originCity","val":"San Diego"},{"key":"?st","val":"NO_ed13999b_b576_4660_b770_7497879ebb4d_1503941007549_id13"},{"key":"?originState","val":"CA"},{"key":"?originZipCode","val":"92106"}]}]},{"query":"?- ?t:AE#Travelling, ?t[AE#hasPath->?p], ?p[AE#hasStartRegion->?s], ?s[AE#hasLatitude->?originLatitude], ?s[AE#hasLongitude->?originLongitude].","resultList":[{"result":[{"key":"?t","val":"VO_1eddb1e9_2578_482a_96d9_fdb2ff40a377_1503940996763_6"},{"key":"?p","val":"ES_cba44978_1c3e_4927_a60e_7434851430b0_1503941025413_4"},{"key":"?s","val":"ES_cba44978_1c3e_4927_a60e_7434851430b0_1503941025413_3"},{"key":"?originLatitude","val":"32.74051839275188058309140615165233612060546875"},{"key":"?originLongitude","val":"-117.2130215001728856805129908025264739990234375"}]}]},{"query":"?- ?t:AE#Travelling, ?t[AE#hasPath->?p], ?p[AE#hasEndRegion->?e], ?e[AE#hasLatitude->?destinationLatitude], ?e[AE#hasLongitude->?destinationLongitude].","resultList":[{"result":[{"key":"?t","val":"VO_1eddb1e9_2578_482a_96d9_fdb2ff40a377_1503940996763_6"},{"key":"?p","val":"ES_cba44978_1c3e_4927_a60e_7434851430b0_1503941025413_4"},{"key":"?e","val":"ES_cba44978_1c3e_4927_a60e_7434851430b0_1503941025413_1"},{"key":"?destinationLatitude","val":"32.7244527693176081584169878624379634857177734375"},{"key":"?destinationLongitude","val":"-117.10514000357801478457986377179622650146484375"}]}]}]}
