{"dataList":[{"query":"?- ?v:AE#VATravelVoucher, ?v[AE#hasVoucherClaimant->?c], ?c[AE#hasName->?cn], ?cn[label->?claimantFullName].","resultList":[{"result":[{"key":"?v","val":"VO_12760874_6e60_4174_8a50_148e2cc010c1_1503939039700_0"},{"key":"?c","val":"VO_12760874_6e60_4174_8a50_148e2cc010c1_1503939039700_2"},{"key":"?cn","val":"NO_8485bb24_ea85_410c_94fd_43925eafe615_1503939047437_0"},{"key":"?claimantFullName","val":"Edward Wallace Esser"}]},{"result":[{"key":"?v","val":"VO_12760874_6e60_4174_8a50_148e2cc010c1_1503939039700_0"},{"key":"?c","val":"VO_12760874_6e60_4174_8a50_148e2cc010c1_1503939039700_2"},{"key":"?cn","val":"VO_12760874_6e60_4174_8a50_148e2cc010c1_1503939039700_1"},{"key":"?claimantFullName","val":"Edward Wallace Esser"}]}]},{"query":"?- ?v:AE#VATravelVoucher, ?v[AE#hasVoucherClaimant->?c], ?c[AE#hasName->?cn], ?cn[AE#hasFirstName->?claimantFirstName].","resultList":[{"result":[{"key":"?v","val":"VO_12760874_6e60_4174_8a50_148e2cc010c1_1503939039700_0"},{"key":"?c","val":"VO_12760874_6e60_4174_8a50_148e2cc010c1_1503939039700_2"},{"key":"?cn","val":"NO_8485bb24_ea85_410c_94fd_43925eafe615_1503939047437_0"},{"key":"?claimantFirstName","val":"edward"}]}]},{"query":"?- ?v:AE#VATravelVoucher, ?v[AE#hasVoucherClaimant->?c], ?c[AE#hasName->?cn], ?cn[AE#hasLastName->?claimantLastName].","resultList":[{"result":[{"key":"?v","val":"VO_12760874_6e60_4174_8a50_148e2cc010c1_1503939039700_0"},{"key":"?c","val":"VO_12760874_6e60_4174_8a50_148e2cc010c1_1503939039700_2"},{"key":"?cn","val":"NO_8485bb24_ea85_410c_94fd_43925eafe615_1503939047437_0"},{"key":"?claimantLastName","val":"esser"}]}]},{"query":"?- ?v:AE#VATravelVoucher, ?v[AE#hasVoucherClaimant->?c], ?c[AE#hasSocialSecurityNumber->?s], ?s[label->?claimantSsn].","resultList":[{"result":[{"key":"?v","val":"VO_12760874_6e60_4174_8a50_148e2cc010c1_1503939039700_0"},{"key":"?c","val":"VO_12760874_6e60_4174_8a50_148e2cc010c1_1503939039700_2"},{"key":"?s","val":"VO_12760874_6e60_4174_8a50_148e2cc010c1_1503939039700_12"},{"key":"?claimantSsn","val":"939-72-7694"}]}]},{"query":"?- ?v:AE#VATravelVoucher, ?v[AE#hasVoucherClaimant->?c], ?c[AE#hasLiens->?claimantHasLiens].","resultList":[{"result":[{"key":"?v","val":"VO_12760874_6e60_4174_8a50_148e2cc010c1_1503939039700_0"},{"key":"?c","val":"VO_12760874_6e60_4174_8a50_148e2cc010c1_1503939039700_2"},{"key":"?claimantHasLiens","val":"AE#UnknownLienReport"}]}]},{"query":"?- ?v:AE#VATravelVoucher, ?v[AE#hasVoucherClaimant->?c], ?c[AE#hasDeclaredBankruptcy->?claimantHasDeclaredBankruptcy].","resultList":[{"result":[{"key":"?v","val":"VO_12760874_6e60_4174_8a50_148e2cc010c1_1503939039700_0"},{"key":"?c","val":"VO_12760874_6e60_4174_8a50_148e2cc010c1_1503939039700_2"},{"key":"?claimantHasDeclaredBankruptcy","val":"AE#NoBankruptcyReport"}]}]},{"query":"?- ?v:AE#VATravelVoucher, ?v[AE#hasVoucherClaimant->?c], ?c[AE#hasArrestRecord->?claimantHasArrestRecord].","resultList":[{"result":[{"key":"?v","val":"VO_12760874_6e60_4174_8a50_148e2cc010c1_1503939039700_0"},{"key":"?c","val":"VO_12760874_6e60_4174_8a50_148e2cc010c1_1503939039700_2"},{"key":"?claimantHasArrestRecord","val":"AE#NoArrestRecord"}]}]},{"query":"?- ?v:AE#VATravelVoucher, ?v[AE#hasVoucherClaimant->?c], ?c[AE#hasCriminalRecord->?claimantHasCriminalRecord].","resultList":[{"result":[{"key":"?v","val":"VO_12760874_6e60_4174_8a50_148e2cc010c1_1503939039700_0"},{"key":"?c","val":"VO_12760874_6e60_4174_8a50_148e2cc010c1_1503939039700_2"},{"key":"?claimantHasCriminalRecord","val":"AE#NoCriminalRecord"}]}]},{"query":"?- ?v:AE#VATravelVoucher, ?v[AE#hasVoucherBeneficiary->?b], ?b[AE#hasName->?cn], ?cn[label->?beneficiaryFullName].","resultList":[{"result":[{"key":"?v","val":"VO_12760874_6e60_4174_8a50_148e2cc010c1_1503939039700_0"},{"key":"?b","val":"VO_12760874_6e60_4174_8a50_148e2cc010c1_1503939039700_11"},{"key":"?cn","val":"VO_12760874_6e60_4174_8a50_148e2cc010c1_1503939039700_10"},{"key":"?beneficiaryFullName","val":"Edward Wallace Esser"}]},{"result":[{"key":"?v","val":"VO_12760874_6e60_4174_8a50_148e2cc010c1_1503939039700_0"},{"key":"?b","val":"VO_12760874_6e60_4174_8a50_148e2cc010c1_1503939039700_11"},{"key":"?cn","val":"NO_1f88d3fc_db23_4de0_87f2_f76c50cb576f_1503939045434_0"},{"key":"?beneficiaryFullName","val":"Edward Wallace Esser"}]}]},{"query":"?- ?v:AE#VATravelVoucher, ?v[AE#hasVoucherBeneficiary->?b], ?b[AE#hasName->?cn], ?cn[AE#hasFirstName->?beneficiaryFirstName].","resultList":[{"result":[{"key":"?v","val":"VO_12760874_6e60_4174_8a50_148e2cc010c1_1503939039700_0"},{"key":"?b","val":"VO_12760874_6e60_4174_8a50_148e2cc010c1_1503939039700_11"},{"key":"?cn","val":"NO_1f88d3fc_db23_4de0_87f2_f76c50cb576f_1503939045434_0"},{"key":"?beneficiaryFirstName","val":"edward"}]}]},{"query":"?- ?v:AE#VATravelVoucher, ?v[AE#hasVoucherBeneficiary->?b], ?b[AE#hasName->?cn], ?cn[AE#hasLastName->?beneficiaryLastName].","resultList":[{"result":[{"key":"?v","val":"VO_12760874_6e60_4174_8a50_148e2cc010c1_1503939039700_0"},{"key":"?b","val":"VO_12760874_6e60_4174_8a50_148e2cc010c1_1503939039700_11"},{"key":"?cn","val":"NO_1f88d3fc_db23_4de0_87f2_f76c50cb576f_1503939045434_0"},{"key":"?beneficiaryLastName","val":"esser"}]}]},{"query":"?- ?v:AE#VATravelVoucher, ?v[AE#hasVoucherBeneficiary->?b], ?b[AE#hasSocialSecurityNumber->?s], ?s[label->?beneficiarySsn].","resultList":[{"result":[{"key":"?v","val":"VO_12760874_6e60_4174_8a50_148e2cc010c1_1503939039700_0"},{"key":"?b","val":"VO_12760874_6e60_4174_8a50_148e2cc010c1_1503939039700_11"},{"key":"?s","val":"VO_12760874_6e60_4174_8a50_148e2cc010c1_1503939039700_9"},{"key":"?beneficiarySsn","val":"939-72-7694"}]}]},{"query":"?- ?v:AE#VATravelVoucher, ?v[AE#hasVoucherBeneficiary->?b], ?b[AE#hasLiens->?beneficiaryHasLiens].","resultList":[{"result":[{"key":"?v","val":"VO_12760874_6e60_4174_8a50_148e2cc010c1_1503939039700_0"},{"key":"?b","val":"VO_12760874_6e60_4174_8a50_148e2cc010c1_1503939039700_11"},{"key":"?beneficiaryHasLiens","val":"AE#UnknownLienReport"}]}]},{"query":"?- ?v:AE#VATravelVoucher, ?v[AE#hasVoucherBeneficiary->?b], ?b[AE#hasDeclaredBankruptcy->?beneficiaryHasDeclaredBankruptcy].","resultList":[{"result":[{"key":"?v","val":"VO_12760874_6e60_4174_8a50_148e2cc010c1_1503939039700_0"},{"key":"?b","val":"VO_12760874_6e60_4174_8a50_148e2cc010c1_1503939039700_11"},{"key":"?beneficiaryHasDeclaredBankruptcy","val":"AE#NoBankruptcyReport"}]}]},{"query":"?- ?v:AE#VATravelVoucher, ?v[AE#hasVoucherBeneficiary->?b], ?b[AE#hasArrestRecord->?beneficiaryHasArrestRecord].","resultList":[{"result":[{"key":"?v","val":"VO_12760874_6e60_4174_8a50_148e2cc010c1_1503939039700_0"},{"key":"?b","val":"VO_12760874_6e60_4174_8a50_148e2cc010c1_1503939039700_11"},{"key":"?beneficiaryHasArrestRecord","val":"AE#NoArrestRecord"}]}]},{"query":"?- ?v:AE#VATravelVoucher, ?v[AE#hasVoucherBeneficiary->?b], ?b[AE#hasCriminalRecord->?beneficiaryHasCriminalRecord].","resultList":[{"result":[{"key":"?v","val":"VO_12760874_6e60_4174_8a50_148e2cc010c1_1503939039700_0"},{"key":"?b","val":"VO_12760874_6e60_4174_8a50_148e2cc010c1_1503939039700_11"},{"key":"?beneficiaryHasCriminalRecord","val":"AE#NoCriminalRecord"}]}]},{"query":"?- ?t:AE#Travelling, ?t[AE#hasPath->?p], ?p[AE#hasDistance->?d], ?d[AE#numericValue->?expectedDistanceValue], ?d[AE#hasUnitOfMeasure->?unitOfDistanceMeasure].","resultList":[{"result":[{"key":"?t","val":"VO_12760874_6e60_4174_8a50_148e2cc010c1_1503939039700_6"},{"key":"?p","val":"ES_97a57fa1_a1d2_42ec_ae64_b566823ff9a1_1503939066375_4"},{"key":"?d","val":"ES_97a57fa1_a1d2_42ec_ae64_b566823ff9a1_1503939066375_0"},{"key":"?expectedDistanceValue","val":"6246.9374930982967271120287477970123291015625"},{"key":"?unitOfDistanceMeasure","val":"meters"}]}]},{"query":"?- ?t:AE#Travelling, ?t[AE#hasPath->?p], ?p[AE#hasExpectedTravelTime->?d], ?d[AE#numericValue->?expectedTimeValue], ?d[AE#hasUnitOfMeasure->?unitOfTimeMeasure].","resultList":[{"result":[{"key":"?t","val":"VO_12760874_6e60_4174_8a50_148e2cc010c1_1503939039700_6"},{"key":"?p","val":"ES_97a57fa1_a1d2_42ec_ae64_b566823ff9a1_1503939066375_4"},{"key":"?d","val":"ES_97a57fa1_a1d2_42ec_ae64_b566823ff9a1_1503939066375_2"},{"key":"?expectedTimeValue","val":"7.433702203561551868915557861328125"},{"key":"?unitOfTimeMeasure","val":"minutes"}]}]},{"query":"?- ?t:AE#Travelling, ?t[AE#hasDestination->?d], ?d[label->?destinationFullAddress].","resultList":[{"result":[{"key":"?t","val":"VO_12760874_6e60_4174_8a50_148e2cc010c1_1503939039700_7"},{"key":"?d","val":"VO_12760874_6e60_4174_8a50_148e2cc010c1_1503939039700_8"},{"key":"?destinationFullAddress","val":"2790 Truxton Road, Suite 130, San Diego, CA 92106"}]},{"result":[{"key":"?t","val":"VO_12760874_6e60_4174_8a50_148e2cc010c1_1503939039700_6"},{"key":"?d","val":"VO_12760874_6e60_4174_8a50_148e2cc010c1_1503939039700_5"},{"key":"?destinationFullAddress","val":"10 Walnut Ave. San Diego, CA 92154"}]}]},{"query":"?- ?t:AE#Travelling, ?t[AE#hasDestination->?d], ?d[AE#hasStreet->?s], ?s[label->?destinationStreetName], ?d[AE#hasCity->?c], ?c[label->?destinationCity], ?d[AE#hasState->?st], ?st[label->?destinationState], ?d[AE#hasZipcode->?destinationZipCode].","resultList":[{"result":[{"key":"?t","val":"VO_12760874_6e60_4174_8a50_148e2cc010c1_1503939039700_7"},{"key":"?d","val":"VO_12760874_6e60_4174_8a50_148e2cc010c1_1503939039700_8"},{"key":"?s","val":"NO_38ad60ec_96e6_4265_959d_c970a5d3774a_1503939049400_id5"},{"key":"?destinationStreetName","val":"2790 Truxton Road"},{"key":"?c","val":"NO_38ad60ec_96e6_4265_959d_c970a5d3774a_1503939049400_id11"},{"key":"?destinationCity","val":"San Diego"},{"key":"?st","val":"NO_38ad60ec_96e6_4265_959d_c970a5d3774a_1503939049400_id13"},{"key":"?destinationState","val":"CA"},{"key":"?destinationZipCode","val":"92106"}]},{"result":[{"key":"?t","val":"VO_12760874_6e60_4174_8a50_148e2cc010c1_1503939039700_6"},{"key":"?d","val":"VO_12760874_6e60_4174_8a50_148e2cc010c1_1503939039700_5"},{"key":"?s","val":"NO_41a4425b_f0f6_49a2_9421_f8978921bf75_1503939051296_id3"},{"key":"?destinationStreetName","val":"10 Walnut Ave."},{"key":"?c","val":"NO_41a4425b_f0f6_49a2_9421_f8978921bf75_1503939051296_id9"},{"key":"?destinationCity","val":"San Diego"},{"key":"?st","val":"NO_41a4425b_f0f6_49a2_9421_f8978921bf75_1503939051296_id11"},{"key":"?destinationState","val":"CA"},{"key":"?destinationZipCode","val":"92154"}]}]},{"query":"?- ?t:AE#Travelling, ?t[AE#hasOrigin->?d], ?d[label->?originFullAddress].","resultList":[{"result":[{"key":"?t","val":"VO_12760874_6e60_4174_8a50_148e2cc010c1_1503939039700_7"},{"key":"?d","val":"VO_12760874_6e60_4174_8a50_148e2cc010c1_1503939039700_3"},{"key":"?originFullAddress","val":"10 Walnut Ave. San Diego, CA 92154"}]},{"result":[{"key":"?t","val":"VO_12760874_6e60_4174_8a50_148e2cc010c1_1503939039700_6"},{"key":"?d","val":"VO_12760874_6e60_4174_8a50_148e2cc010c1_1503939039700_8"},{"key":"?originFullAddress","val":"2790 Truxton Road, Suite 130, San Diego, CA 92106"}]}]},{"query":"?- ?t:AE#Travelling, ?t[AE#hasOrigin->?d], ?d[AE#hasStreet->?s], ?s[label->?originStreetName], ?d[AE#hasCity->?c], ?c[label->?originCity], ?d[AE#hasState->?st], ?st[label->?originState], ?d[AE#hasZipcode->?originZipCode].","resultList":[{"result":[{"key":"?t","val":"VO_12760874_6e60_4174_8a50_148e2cc010c1_1503939039700_7"},{"key":"?d","val":"VO_12760874_6e60_4174_8a50_148e2cc010c1_1503939039700_3"},{"key":"?s","val":"NO_e49aad2d_af73_4224_ac91_1df355a77163_1503939053353_id3"},{"key":"?originStreetName","val":"10 Walnut Ave."},{"key":"?c","val":"NO_e49aad2d_af73_4224_ac91_1df355a77163_1503939053353_id9"},{"key":"?originCity","val":"San Diego"},{"key":"?st","val":"NO_e49aad2d_af73_4224_ac91_1df355a77163_1503939053353_id11"},{"key":"?originState","val":"CA"},{"key":"?originZipCode","val":"92154"}]},{"result":[{"key":"?t","val":"VO_12760874_6e60_4174_8a50_148e2cc010c1_1503939039700_6"},{"key":"?d","val":"VO_12760874_6e60_4174_8a50_148e2cc010c1_1503939039700_8"},{"key":"?s","val":"NO_38ad60ec_96e6_4265_959d_c970a5d3774a_1503939049400_id5"},{"key":"?originStreetName","val":"2790 Truxton Road"},{"key":"?c","val":"NO_38ad60ec_96e6_4265_959d_c970a5d3774a_1503939049400_id11"},{"key":"?originCity","val":"San Diego"},{"key":"?st","val":"NO_38ad60ec_96e6_4265_959d_c970a5d3774a_1503939049400_id13"},{"key":"?originState","val":"CA"},{"key":"?originZipCode","val":"92106"}]}]},{"query":"?- ?t:AE#Travelling, ?t[AE#hasPath->?p], ?p[AE#hasStartRegion->?s], ?s[AE#hasLatitude->?originLatitude], ?s[AE#hasLongitude->?originLongitude].","resultList":[{"result":[{"key":"?t","val":"VO_12760874_6e60_4174_8a50_148e2cc010c1_1503939039700_6"},{"key":"?p","val":"ES_97a57fa1_a1d2_42ec_ae64_b566823ff9a1_1503939066375_4"},{"key":"?s","val":"ES_97a57fa1_a1d2_42ec_ae64_b566823ff9a1_1503939066375_3"},{"key":"?originLatitude","val":"32.74051839275188058309140615165233612060546875"},{"key":"?originLongitude","val":"-117.2130215001728856805129908025264739990234375"}]}]},{"query":"?- ?t:AE#Travelling, ?t[AE#hasPath->?p], ?p[AE#hasEndRegion->?e], ?e[AE#hasLatitude->?destinationLatitude], ?e[AE#hasLongitude->?destinationLongitude].","resultList":[{"result":[{"key":"?t","val":"VO_12760874_6e60_4174_8a50_148e2cc010c1_1503939039700_6"},{"key":"?p","val":"ES_97a57fa1_a1d2_42ec_ae64_b566823ff9a1_1503939066375_4"},{"key":"?e","val":"ES_97a57fa1_a1d2_42ec_ae64_b566823ff9a1_1503939066375_1"},{"key":"?destinationLatitude","val":"32.74150997557574527263568597845733165740966796875"},{"key":"?destinationLongitude","val":"-117.16388502442424623950500972568988800048828125"}]}]}]}
