{"dataList":[{"query":"?- ?v:AE#VATravelVoucher, ?v[AE#hasVoucherClaimant->?c], ?c[AE#hasName->?cn], ?cn[label->?claimantFullName].","resultList":[{"result":[{"key":"?v","val":"VO_2f1412e8_8962_4c6b_bb4b_992c09ac10e6_1503941216552_0"},{"key":"?c","val":"VO_2f1412e8_8962_4c6b_bb4b_992c09ac10e6_1503941216552_2"},{"key":"?cn","val":"NO_b618290b_8455_46c6_987c_04abfd73e090_1503941224744_0"},{"key":"?claimantFullName","val":"Jose Thoday"}]},{"result":[{"key":"?v","val":"VO_2f1412e8_8962_4c6b_bb4b_992c09ac10e6_1503941216552_0"},{"key":"?c","val":"VO_2f1412e8_8962_4c6b_bb4b_992c09ac10e6_1503941216552_2"},{"key":"?cn","val":"VO_2f1412e8_8962_4c6b_bb4b_992c09ac10e6_1503941216552_1"},{"key":"?claimantFullName","val":"Jose  Thoday"}]}]},{"query":"?- ?v:AE#VATravelVoucher, ?v[AE#hasVoucherClaimant->?c], ?c[AE#hasName->?cn], ?cn[AE#hasFirstName->?claimantFirstName].","resultList":[{"result":[{"key":"?v","val":"VO_2f1412e8_8962_4c6b_bb4b_992c09ac10e6_1503941216552_0"},{"key":"?c","val":"VO_2f1412e8_8962_4c6b_bb4b_992c09ac10e6_1503941216552_2"},{"key":"?cn","val":"NO_b618290b_8455_46c6_987c_04abfd73e090_1503941224744_0"},{"key":"?claimantFirstName","val":"jose"}]}]},{"query":"?- ?v:AE#VATravelVoucher, ?v[AE#hasVoucherClaimant->?c], ?c[AE#hasName->?cn], ?cn[AE#hasLastName->?claimantLastName].","resultList":[{"result":[{"key":"?v","val":"VO_2f1412e8_8962_4c6b_bb4b_992c09ac10e6_1503941216552_0"},{"key":"?c","val":"VO_2f1412e8_8962_4c6b_bb4b_992c09ac10e6_1503941216552_2"},{"key":"?cn","val":"NO_b618290b_8455_46c6_987c_04abfd73e090_1503941224744_0"},{"key":"?claimantLastName","val":"thoday"}]}]},{"query":"?- ?v:AE#VATravelVoucher, ?v[AE#hasVoucherClaimant->?c], ?c[AE#hasSocialSecurityNumber->?s], ?s[label->?claimantSsn].","resultList":[{"result":[{"key":"?v","val":"VO_2f1412e8_8962_4c6b_bb4b_992c09ac10e6_1503941216552_0"},{"key":"?c","val":"VO_2f1412e8_8962_4c6b_bb4b_992c09ac10e6_1503941216552_2"},{"key":"?s","val":"VO_2f1412e8_8962_4c6b_bb4b_992c09ac10e6_1503941216552_12"},{"key":"?claimantSsn","val":"998-26-8244"}]}]},{"query":"?- ?v:AE#VATravelVoucher, ?v[AE#hasVoucherClaimant->?c], ?c[AE#hasLiens->?claimantHasLiens].","resultList":[{"result":[{"key":"?v","val":"VO_2f1412e8_8962_4c6b_bb4b_992c09ac10e6_1503941216552_0"},{"key":"?c","val":"VO_2f1412e8_8962_4c6b_bb4b_992c09ac10e6_1503941216552_2"},{"key":"?claimantHasLiens","val":"AE#UnknownLienReport"}]}]},{"query":"?- ?v:AE#VATravelVoucher, ?v[AE#hasVoucherClaimant->?c], ?c[AE#hasDeclaredBankruptcy->?claimantHasDeclaredBankruptcy].","resultList":[{"result":[{"key":"?v","val":"VO_2f1412e8_8962_4c6b_bb4b_992c09ac10e6_1503941216552_0"},{"key":"?c","val":"VO_2f1412e8_8962_4c6b_bb4b_992c09ac10e6_1503941216552_2"},{"key":"?claimantHasDeclaredBankruptcy","val":"AE#NoBankruptcyReport"}]}]},{"query":"?- ?v:AE#VATravelVoucher, ?v[AE#hasVoucherClaimant->?c], ?c[AE#hasArrestRecord->?claimantHasArrestRecord].","resultList":[{"result":[{"key":"?v","val":"VO_2f1412e8_8962_4c6b_bb4b_992c09ac10e6_1503941216552_0"},{"key":"?c","val":"VO_2f1412e8_8962_4c6b_bb4b_992c09ac10e6_1503941216552_2"},{"key":"?claimantHasArrestRecord","val":"AE#NoArrestRecord"}]}]},{"query":"?- ?v:AE#VATravelVoucher, ?v[AE#hasVoucherClaimant->?c], ?c[AE#hasCriminalRecord->?claimantHasCriminalRecord].","resultList":[{"result":[{"key":"?v","val":"VO_2f1412e8_8962_4c6b_bb4b_992c09ac10e6_1503941216552_0"},{"key":"?c","val":"VO_2f1412e8_8962_4c6b_bb4b_992c09ac10e6_1503941216552_2"},{"key":"?claimantHasCriminalRecord","val":"AE#NoCriminalRecord"}]}]},{"query":"?- ?v:AE#VATravelVoucher, ?v[AE#hasVoucherBeneficiary->?b], ?b[AE#hasName->?cn], ?cn[label->?beneficiaryFullName].","resultList":[{"result":[{"key":"?v","val":"VO_2f1412e8_8962_4c6b_bb4b_992c09ac10e6_1503941216552_0"},{"key":"?b","val":"VO_2f1412e8_8962_4c6b_bb4b_992c09ac10e6_1503941216552_11"},{"key":"?cn","val":"VO_2f1412e8_8962_4c6b_bb4b_992c09ac10e6_1503941216552_10"},{"key":"?beneficiaryFullName","val":"Melody B. Scoles"}]},{"result":[{"key":"?v","val":"VO_2f1412e8_8962_4c6b_bb4b_992c09ac10e6_1503941216552_0"},{"key":"?b","val":"VO_2f1412e8_8962_4c6b_bb4b_992c09ac10e6_1503941216552_11"},{"key":"?cn","val":"NO_8d16ada7_60ee_42f2_a291_791d73378bad_1503941222662_0"},{"key":"?beneficiaryFullName","val":"Melody B. Scoles"}]}]},{"query":"?- ?v:AE#VATravelVoucher, ?v[AE#hasVoucherBeneficiary->?b], ?b[AE#hasName->?cn], ?cn[AE#hasFirstName->?beneficiaryFirstName].","resultList":[{"result":[{"key":"?v","val":"VO_2f1412e8_8962_4c6b_bb4b_992c09ac10e6_1503941216552_0"},{"key":"?b","val":"VO_2f1412e8_8962_4c6b_bb4b_992c09ac10e6_1503941216552_11"},{"key":"?cn","val":"NO_8d16ada7_60ee_42f2_a291_791d73378bad_1503941222662_0"},{"key":"?beneficiaryFirstName","val":"melody"}]}]},{"query":"?- ?v:AE#VATravelVoucher, ?v[AE#hasVoucherBeneficiary->?b], ?b[AE#hasName->?cn], ?cn[AE#hasLastName->?beneficiaryLastName].","resultList":[{"result":[{"key":"?v","val":"VO_2f1412e8_8962_4c6b_bb4b_992c09ac10e6_1503941216552_0"},{"key":"?b","val":"VO_2f1412e8_8962_4c6b_bb4b_992c09ac10e6_1503941216552_11"},{"key":"?cn","val":"NO_8d16ada7_60ee_42f2_a291_791d73378bad_1503941222662_0"},{"key":"?beneficiaryLastName","val":"scoles"}]}]},{"query":"?- ?v:AE#VATravelVoucher, ?v[AE#hasVoucherBeneficiary->?b], ?b[AE#hasSocialSecurityNumber->?s], ?s[label->?beneficiarySsn].","resultList":[{"result":[{"key":"?v","val":"VO_2f1412e8_8962_4c6b_bb4b_992c09ac10e6_1503941216552_0"},{"key":"?b","val":"VO_2f1412e8_8962_4c6b_bb4b_992c09ac10e6_1503941216552_11"},{"key":"?s","val":"VO_2f1412e8_8962_4c6b_bb4b_992c09ac10e6_1503941216552_9"},{"key":"?beneficiarySsn","val":"205-63-3142"}]}]},{"query":"?- ?v:AE#VATravelVoucher, ?v[AE#hasVoucherBeneficiary->?b], ?b[AE#hasLiens->?beneficiaryHasLiens].","resultList":[{"result":[{"key":"?v","val":"VO_2f1412e8_8962_4c6b_bb4b_992c09ac10e6_1503941216552_0"},{"key":"?b","val":"VO_2f1412e8_8962_4c6b_bb4b_992c09ac10e6_1503941216552_11"},{"key":"?beneficiaryHasLiens","val":"AE#NoLienReport"}]}]},{"query":"?- ?v:AE#VATravelVoucher, ?v[AE#hasVoucherBeneficiary->?b], ?b[AE#hasDeclaredBankruptcy->?beneficiaryHasDeclaredBankruptcy].","resultList":[{"result":[{"key":"?v","val":"VO_2f1412e8_8962_4c6b_bb4b_992c09ac10e6_1503941216552_0"},{"key":"?b","val":"VO_2f1412e8_8962_4c6b_bb4b_992c09ac10e6_1503941216552_11"},{"key":"?beneficiaryHasDeclaredBankruptcy","val":"AE#NoBankruptcyReport"}]}]},{"query":"?- ?v:AE#VATravelVoucher, ?v[AE#hasVoucherBeneficiary->?b], ?b[AE#hasArrestRecord->?beneficiaryHasArrestRecord].","resultList":[{"result":[{"key":"?v","val":"VO_2f1412e8_8962_4c6b_bb4b_992c09ac10e6_1503941216552_0"},{"key":"?b","val":"VO_2f1412e8_8962_4c6b_bb4b_992c09ac10e6_1503941216552_11"},{"key":"?beneficiaryHasArrestRecord","val":"AE#NoArrestRecord"}]}]},{"query":"?- ?v:AE#VATravelVoucher, ?v[AE#hasVoucherBeneficiary->?b], ?b[AE#hasCriminalRecord->?beneficiaryHasCriminalRecord].","resultList":[{"result":[{"key":"?v","val":"VO_2f1412e8_8962_4c6b_bb4b_992c09ac10e6_1503941216552_0"},{"key":"?b","val":"VO_2f1412e8_8962_4c6b_bb4b_992c09ac10e6_1503941216552_11"},{"key":"?beneficiaryHasCriminalRecord","val":"AE#NoCriminalRecord"}]}]},{"query":"?- ?t:AE#Travelling, ?t[AE#hasPath->?p], ?p[AE#hasDistance->?d], ?d[AE#numericValue->?expectedDistanceValue], ?d[AE#hasUnitOfMeasure->?unitOfDistanceMeasure].","resultList":[{"result":[{"key":"?t","val":"VO_2f1412e8_8962_4c6b_bb4b_992c09ac10e6_1503941216552_6"},{"key":"?p","val":"ES_e2f310e4_c74f_485e_a562_2f8c51100fd3_1503941244112_4"},{"key":"?d","val":"ES_e2f310e4_c74f_485e_a562_2f8c51100fd3_1503941244112_0"},{"key":"?expectedDistanceValue","val":"40143.28896931445342488586902618408203125"},{"key":"?unitOfDistanceMeasure","val":"meters"}]}]},{"query":"?- ?t:AE#Travelling, ?t[AE#hasPath->?p], ?p[AE#hasExpectedTravelTime->?d], ?d[AE#numericValue->?expectedTimeValue], ?d[AE#hasUnitOfMeasure->?unitOfTimeMeasure].","resultList":[{"result":[{"key":"?t","val":"VO_2f1412e8_8962_4c6b_bb4b_992c09ac10e6_1503941216552_6"},{"key":"?p","val":"ES_e2f310e4_c74f_485e_a562_2f8c51100fd3_1503941244112_4"},{"key":"?d","val":"ES_e2f310e4_c74f_485e_a562_2f8c51100fd3_1503941244112_2"},{"key":"?expectedTimeValue","val":"28.30435901298187673091888427734375"},{"key":"?unitOfTimeMeasure","val":"minutes"}]}]},{"query":"?- ?t:AE#Travelling, ?t[AE#hasDestination->?d], ?d[label->?destinationFullAddress].","resultList":[{"result":[{"key":"?t","val":"VO_2f1412e8_8962_4c6b_bb4b_992c09ac10e6_1503941216552_7"},{"key":"?d","val":"VO_2f1412e8_8962_4c6b_bb4b_992c09ac10e6_1503941216552_8"},{"key":"?destinationFullAddress","val":"2790 Truxton Road, Suite 130, San Diego, CA 92106"}]},{"result":[{"key":"?t","val":"VO_2f1412e8_8962_4c6b_bb4b_992c09ac10e6_1503941216552_6"},{"key":"?d","val":"VO_2f1412e8_8962_4c6b_bb4b_992c09ac10e6_1503941216552_5"},{"key":"?destinationFullAddress","val":"8409 Kerns St, San Diego, CA 92154"}]}]},{"query":"?- ?t:AE#Travelling, ?t[AE#hasDestination->?d], ?d[AE#hasStreet->?s], ?s[label->?destinationStreetName], ?d[AE#hasCity->?c], ?c[label->?destinationCity], ?d[AE#hasState->?st], ?st[label->?destinationState], ?d[AE#hasZipcode->?destinationZipCode].","resultList":[{"result":[{"key":"?t","val":"VO_2f1412e8_8962_4c6b_bb4b_992c09ac10e6_1503941216552_7"},{"key":"?d","val":"VO_2f1412e8_8962_4c6b_bb4b_992c09ac10e6_1503941216552_8"},{"key":"?s","val":"NO_c2b235bd_d2d0_44ba_8c3d_6ab240cd590b_1503941226790_id5"},{"key":"?destinationStreetName","val":"2790 Truxton Road"},{"key":"?c","val":"NO_c2b235bd_d2d0_44ba_8c3d_6ab240cd590b_1503941226790_id11"},{"key":"?destinationCity","val":"San Diego"},{"key":"?st","val":"NO_c2b235bd_d2d0_44ba_8c3d_6ab240cd590b_1503941226790_id13"},{"key":"?destinationState","val":"CA"},{"key":"?destinationZipCode","val":"92106"}]},{"result":[{"key":"?t","val":"VO_2f1412e8_8962_4c6b_bb4b_992c09ac10e6_1503941216552_6"},{"key":"?d","val":"VO_2f1412e8_8962_4c6b_bb4b_992c09ac10e6_1503941216552_5"},{"key":"?s","val":"NO_15a5b0ef_9ff2_401a_812c_b03237e84371_1503941228915_id3"},{"key":"?destinationStreetName","val":"8409 Kerns St"},{"key":"?c","val":"NO_15a5b0ef_9ff2_401a_812c_b03237e84371_1503941228915_id9"},{"key":"?destinationCity","val":"San Diego"},{"key":"?st","val":"NO_15a5b0ef_9ff2_401a_812c_b03237e84371_1503941228915_id11"},{"key":"?destinationState","val":"CA"},{"key":"?destinationZipCode","val":"92154"}]}]},{"query":"?- ?t:AE#Travelling, ?t[AE#hasOrigin->?d], ?d[label->?originFullAddress].","resultList":[{"result":[{"key":"?t","val":"VO_2f1412e8_8962_4c6b_bb4b_992c09ac10e6_1503941216552_7"},{"key":"?d","val":"VO_2f1412e8_8962_4c6b_bb4b_992c09ac10e6_1503941216552_3"},{"key":"?originFullAddress","val":"927 Euclid Ave San Diego, CA 92114"}]},{"result":[{"key":"?t","val":"VO_2f1412e8_8962_4c6b_bb4b_992c09ac10e6_1503941216552_6"},{"key":"?d","val":"VO_2f1412e8_8962_4c6b_bb4b_992c09ac10e6_1503941216552_8"},{"key":"?originFullAddress","val":"2790 Truxton Road, Suite 130, San Diego, CA 92106"}]}]},{"query":"?- ?t:AE#Travelling, ?t[AE#hasOrigin->?d], ?d[AE#hasStreet->?s], ?s[label->?originStreetName], ?d[AE#hasCity->?c], ?c[label->?originCity], ?d[AE#hasState->?st], ?st[label->?originState], ?d[AE#hasZipcode->?originZipCode].","resultList":[{"result":[{"key":"?t","val":"VO_2f1412e8_8962_4c6b_bb4b_992c09ac10e6_1503941216552_7"},{"key":"?d","val":"VO_2f1412e8_8962_4c6b_bb4b_992c09ac10e6_1503941216552_3"},{"key":"?s","val":"NO_0a794bc0_608c_4e44_80e8_3f51e5fb5a0a_1503941231069_id3"},{"key":"?originStreetName","val":"927 Euclid Ave"},{"key":"?c","val":"NO_0a794bc0_608c_4e44_80e8_3f51e5fb5a0a_1503941231069_id9"},{"key":"?originCity","val":"San Diego"},{"key":"?st","val":"NO_0a794bc0_608c_4e44_80e8_3f51e5fb5a0a_1503941231069_id11"},{"key":"?originState","val":"CA"},{"key":"?originZipCode","val":"92114"}]},{"result":[{"key":"?t","val":"VO_2f1412e8_8962_4c6b_bb4b_992c09ac10e6_1503941216552_6"},{"key":"?d","val":"VO_2f1412e8_8962_4c6b_bb4b_992c09ac10e6_1503941216552_8"},{"key":"?s","val":"NO_c2b235bd_d2d0_44ba_8c3d_6ab240cd590b_1503941226790_id5"},{"key":"?originStreetName","val":"2790 Truxton Road"},{"key":"?c","val":"NO_c2b235bd_d2d0_44ba_8c3d_6ab240cd590b_1503941226790_id11"},{"key":"?originCity","val":"San Diego"},{"key":"?st","val":"NO_c2b235bd_d2d0_44ba_8c3d_6ab240cd590b_1503941226790_id13"},{"key":"?originState","val":"CA"},{"key":"?originZipCode","val":"92106"}]}]},{"query":"?- ?t:AE#Travelling, ?t[AE#hasPath->?p], ?p[AE#hasStartRegion->?s], ?s[AE#hasLatitude->?originLatitude], ?s[AE#hasLongitude->?originLongitude].","resultList":[{"result":[{"key":"?t","val":"VO_2f1412e8_8962_4c6b_bb4b_992c09ac10e6_1503941216552_6"},{"key":"?p","val":"ES_e2f310e4_c74f_485e_a562_2f8c51100fd3_1503941244112_4"},{"key":"?s","val":"ES_e2f310e4_c74f_485e_a562_2f8c51100fd3_1503941244112_3"},{"key":"?originLatitude","val":"32.74051839275188058309140615165233612060546875"},{"key":"?originLongitude","val":"-117.2130215001728856805129908025264739990234375"}]}]},{"query":"?- ?t:AE#Travelling, ?t[AE#hasPath->?p], ?p[AE#hasEndRegion->?e], ?e[AE#hasLatitude->?destinationLatitude], ?e[AE#hasLongitude->?destinationLongitude].","resultList":[{"result":[{"key":"?t","val":"VO_2f1412e8_8962_4c6b_bb4b_992c09ac10e6_1503941216552_6"},{"key":"?p","val":"ES_e2f310e4_c74f_485e_a562_2f8c51100fd3_1503941244112_4"},{"key":"?e","val":"ES_e2f310e4_c74f_485e_a562_2f8c51100fd3_1503941244112_1"},{"key":"?destinationLatitude","val":"32.5510185005778538425147417001426219940185546875"},{"key":"?destinationLongitude","val":"-116.961752079519868630086421035230159759521484375"}]}]}]}
