{"dataList":[{"query":"?- ?v:AE#VATravelVoucher, ?v[AE#hasVoucherClaimant->?c], ?c[AE#hasName->?cn], ?cn[label->?claimantFullName].","resultList":[{"result":[{"key":"?v","val":"VO_21f58b97_784d_44a5_8501_7da747917ebf_1503943938437_0"},{"key":"?c","val":"VO_21f58b97_784d_44a5_8501_7da747917ebf_1503943938437_2"},{"key":"?cn","val":"NO_76d5041a_e12b_4ee6_bcc4_ce87d07b8edc_1503943946040_0"},{"key":"?claimantFullName","val":"Jean M. Chartres"}]},{"result":[{"key":"?v","val":"VO_21f58b97_784d_44a5_8501_7da747917ebf_1503943938437_0"},{"key":"?c","val":"VO_21f58b97_784d_44a5_8501_7da747917ebf_1503943938437_2"},{"key":"?cn","val":"VO_21f58b97_784d_44a5_8501_7da747917ebf_1503943938437_1"},{"key":"?claimantFullName","val":"Jean M. Chartres"}]}]},{"query":"?- ?v:AE#VATravelVoucher, ?v[AE#hasVoucherClaimant->?c], ?c[AE#hasName->?cn], ?cn[AE#hasFirstName->?claimantFirstName].","resultList":[{"result":[{"key":"?v","val":"VO_21f58b97_784d_44a5_8501_7da747917ebf_1503943938437_0"},{"key":"?c","val":"VO_21f58b97_784d_44a5_8501_7da747917ebf_1503943938437_2"},{"key":"?cn","val":"NO_76d5041a_e12b_4ee6_bcc4_ce87d07b8edc_1503943946040_0"},{"key":"?claimantFirstName","val":"jean"}]}]},{"query":"?- ?v:AE#VATravelVoucher, ?v[AE#hasVoucherClaimant->?c], ?c[AE#hasName->?cn], ?cn[AE#hasLastName->?claimantLastName].","resultList":[{"result":[{"key":"?v","val":"VO_21f58b97_784d_44a5_8501_7da747917ebf_1503943938437_0"},{"key":"?c","val":"VO_21f58b97_784d_44a5_8501_7da747917ebf_1503943938437_2"},{"key":"?cn","val":"NO_76d5041a_e12b_4ee6_bcc4_ce87d07b8edc_1503943946040_0"},{"key":"?claimantLastName","val":"chartres"}]}]},{"query":"?- ?v:AE#VATravelVoucher, ?v[AE#hasVoucherClaimant->?c], ?c[AE#hasSocialSecurityNumber->?s], ?s[label->?claimantSsn].","resultList":[{"result":[{"key":"?v","val":"VO_21f58b97_784d_44a5_8501_7da747917ebf_1503943938437_0"},{"key":"?c","val":"VO_21f58b97_784d_44a5_8501_7da747917ebf_1503943938437_2"},{"key":"?s","val":"VO_21f58b97_784d_44a5_8501_7da747917ebf_1503943938437_12"},{"key":"?claimantSsn","val":"867-12-0833"}]}]},{"query":"?- ?v:AE#VATravelVoucher, ?v[AE#hasVoucherClaimant->?c], ?c[AE#hasLiens->?claimantHasLiens].","resultList":[{"result":[{"key":"?v","val":"VO_21f58b97_784d_44a5_8501_7da747917ebf_1503943938437_0"},{"key":"?c","val":"VO_21f58b97_784d_44a5_8501_7da747917ebf_1503943938437_2"},{"key":"?claimantHasLiens","val":"AE#NoLienReport"}]}]},{"query":"?- ?v:AE#VATravelVoucher, ?v[AE#hasVoucherClaimant->?c], ?c[AE#hasDeclaredBankruptcy->?claimantHasDeclaredBankruptcy].","resultList":[{"result":[{"key":"?v","val":"VO_21f58b97_784d_44a5_8501_7da747917ebf_1503943938437_0"},{"key":"?c","val":"VO_21f58b97_784d_44a5_8501_7da747917ebf_1503943938437_2"},{"key":"?claimantHasDeclaredBankruptcy","val":"AE#NoBankruptcyReport"}]}]},{"query":"?- ?v:AE#VATravelVoucher, ?v[AE#hasVoucherClaimant->?c], ?c[AE#hasArrestRecord->?claimantHasArrestRecord].","resultList":[{"result":[{"key":"?v","val":"VO_21f58b97_784d_44a5_8501_7da747917ebf_1503943938437_0"},{"key":"?c","val":"VO_21f58b97_784d_44a5_8501_7da747917ebf_1503943938437_2"},{"key":"?claimantHasArrestRecord","val":"AE#NoArrestRecord"}]}]},{"query":"?- ?v:AE#VATravelVoucher, ?v[AE#hasVoucherClaimant->?c], ?c[AE#hasCriminalRecord->?claimantHasCriminalRecord].","resultList":[{"result":[{"key":"?v","val":"VO_21f58b97_784d_44a5_8501_7da747917ebf_1503943938437_0"},{"key":"?c","val":"VO_21f58b97_784d_44a5_8501_7da747917ebf_1503943938437_2"},{"key":"?claimantHasCriminalRecord","val":"AE#NoCriminalRecord"}]}]},{"query":"?- ?v:AE#VATravelVoucher, ?v[AE#hasVoucherBeneficiary->?b], ?b[AE#hasName->?cn], ?cn[label->?beneficiaryFullName].","resultList":[{"result":[{"key":"?v","val":"VO_21f58b97_784d_44a5_8501_7da747917ebf_1503943938437_0"},{"key":"?b","val":"VO_21f58b97_784d_44a5_8501_7da747917ebf_1503943938437_11"},{"key":"?cn","val":"VO_21f58b97_784d_44a5_8501_7da747917ebf_1503943938437_10"},{"key":"?beneficiaryFullName","val":"Stuart James Sutton"}]},{"result":[{"key":"?v","val":"VO_21f58b97_784d_44a5_8501_7da747917ebf_1503943938437_0"},{"key":"?b","val":"VO_21f58b97_784d_44a5_8501_7da747917ebf_1503943938437_11"},{"key":"?cn","val":"NO_2650b87a_bb51_4eb9_99c1_d3a948abc382_1503943944152_0"},{"key":"?beneficiaryFullName","val":"Stuart James Sutton"}]}]},{"query":"?- ?v:AE#VATravelVoucher, ?v[AE#hasVoucherBeneficiary->?b], ?b[AE#hasName->?cn], ?cn[AE#hasFirstName->?beneficiaryFirstName].","resultList":[{"result":[{"key":"?v","val":"VO_21f58b97_784d_44a5_8501_7da747917ebf_1503943938437_0"},{"key":"?b","val":"VO_21f58b97_784d_44a5_8501_7da747917ebf_1503943938437_11"},{"key":"?cn","val":"NO_2650b87a_bb51_4eb9_99c1_d3a948abc382_1503943944152_0"},{"key":"?beneficiaryFirstName","val":"stuart"}]}]},{"query":"?- ?v:AE#VATravelVoucher, ?v[AE#hasVoucherBeneficiary->?b], ?b[AE#hasName->?cn], ?cn[AE#hasLastName->?beneficiaryLastName].","resultList":[{"result":[{"key":"?v","val":"VO_21f58b97_784d_44a5_8501_7da747917ebf_1503943938437_0"},{"key":"?b","val":"VO_21f58b97_784d_44a5_8501_7da747917ebf_1503943938437_11"},{"key":"?cn","val":"NO_2650b87a_bb51_4eb9_99c1_d3a948abc382_1503943944152_0"},{"key":"?beneficiaryLastName","val":"sutton"}]}]},{"query":"?- ?v:AE#VATravelVoucher, ?v[AE#hasVoucherBeneficiary->?b], ?b[AE#hasSocialSecurityNumber->?s], ?s[label->?beneficiarySsn].","resultList":[{"result":[{"key":"?v","val":"VO_21f58b97_784d_44a5_8501_7da747917ebf_1503943938437_0"},{"key":"?b","val":"VO_21f58b97_784d_44a5_8501_7da747917ebf_1503943938437_11"},{"key":"?s","val":"VO_21f58b97_784d_44a5_8501_7da747917ebf_1503943938437_9"},{"key":"?beneficiarySsn","val":"857-22-2407"}]}]},{"query":"?- ?v:AE#VATravelVoucher, ?v[AE#hasVoucherBeneficiary->?b], ?b[AE#hasLiens->?beneficiaryHasLiens].","resultList":[{"result":[{"key":"?v","val":"VO_21f58b97_784d_44a5_8501_7da747917ebf_1503943938437_0"},{"key":"?b","val":"VO_21f58b97_784d_44a5_8501_7da747917ebf_1503943938437_11"},{"key":"?beneficiaryHasLiens","val":"AE#NoLienReport"}]}]},{"query":"?- ?v:AE#VATravelVoucher, ?v[AE#hasVoucherBeneficiary->?b], ?b[AE#hasDeclaredBankruptcy->?beneficiaryHasDeclaredBankruptcy].","resultList":[{"result":[{"key":"?v","val":"VO_21f58b97_784d_44a5_8501_7da747917ebf_1503943938437_0"},{"key":"?b","val":"VO_21f58b97_784d_44a5_8501_7da747917ebf_1503943938437_11"},{"key":"?beneficiaryHasDeclaredBankruptcy","val":"AE#NoBankruptcyReport"}]}]},{"query":"?- ?v:AE#VATravelVoucher, ?v[AE#hasVoucherBeneficiary->?b], ?b[AE#hasArrestRecord->?beneficiaryHasArrestRecord].","resultList":[{"result":[{"key":"?v","val":"VO_21f58b97_784d_44a5_8501_7da747917ebf_1503943938437_0"},{"key":"?b","val":"VO_21f58b97_784d_44a5_8501_7da747917ebf_1503943938437_11"},{"key":"?beneficiaryHasArrestRecord","val":"AE#NoArrestRecord"}]}]},{"query":"?- ?v:AE#VATravelVoucher, ?v[AE#hasVoucherBeneficiary->?b], ?b[AE#hasCriminalRecord->?beneficiaryHasCriminalRecord].","resultList":[{"result":[{"key":"?v","val":"VO_21f58b97_784d_44a5_8501_7da747917ebf_1503943938437_0"},{"key":"?b","val":"VO_21f58b97_784d_44a5_8501_7da747917ebf_1503943938437_11"},{"key":"?beneficiaryHasCriminalRecord","val":"AE#NoCriminalRecord"}]}]},{"query":"?- ?t:AE#Travelling, ?t[AE#hasPath->?p], ?p[AE#hasDistance->?d], ?d[AE#numericValue->?expectedDistanceValue], ?d[AE#hasUnitOfMeasure->?unitOfDistanceMeasure].","resultList":[{"result":[{"key":"?t","val":"VO_21f58b97_784d_44a5_8501_7da747917ebf_1503943938437_6"},{"key":"?p","val":"ES_63d01d5e_fe8c_4126_ae2f_7b9e9b489928_1503943966772_4"},{"key":"?d","val":"ES_63d01d5e_fe8c_4126_ae2f_7b9e9b489928_1503943966772_0"},{"key":"?expectedDistanceValue","val":"6961.9201414064955315552651882171630859375"},{"key":"?unitOfDistanceMeasure","val":"meters"}]}]},{"query":"?- ?t:AE#Travelling, ?t[AE#hasPath->?p], ?p[AE#hasExpectedTravelTime->?d], ?d[AE#numericValue->?expectedTimeValue], ?d[AE#hasUnitOfMeasure->?unitOfTimeMeasure].","resultList":[{"result":[{"key":"?t","val":"VO_21f58b97_784d_44a5_8501_7da747917ebf_1503943938437_6"},{"key":"?p","val":"ES_63d01d5e_fe8c_4126_ae2f_7b9e9b489928_1503943966772_4"},{"key":"?d","val":"ES_63d01d5e_fe8c_4126_ae2f_7b9e9b489928_1503943966772_2"},{"key":"?expectedTimeValue","val":"8.3535168296657502651214599609375"},{"key":"?unitOfTimeMeasure","val":"minutes"}]}]},{"query":"?- ?t:AE#Travelling, ?t[AE#hasDestination->?d], ?d[label->?destinationFullAddress].","resultList":[{"result":[{"key":"?t","val":"VO_21f58b97_784d_44a5_8501_7da747917ebf_1503943938437_7"},{"key":"?d","val":"VO_21f58b97_784d_44a5_8501_7da747917ebf_1503943938437_8"},{"key":"?destinationFullAddress","val":"2790 Truxton Road, Suite 130, San Diego, CA 92106"}]},{"result":[{"key":"?t","val":"VO_21f58b97_784d_44a5_8501_7da747917ebf_1503943938437_6"},{"key":"?d","val":"VO_21f58b97_784d_44a5_8501_7da747917ebf_1503943938437_5"},{"key":"?destinationFullAddress","val":"3534 Yosemite St, San Diego, CA 92109"}]}]},{"query":"?- ?t:AE#Travelling, ?t[AE#hasDestination->?d], ?d[AE#hasStreet->?s], ?s[label->?destinationStreetName], ?d[AE#hasCity->?c], ?c[label->?destinationCity], ?d[AE#hasState->?st], ?st[label->?destinationState], ?d[AE#hasZipcode->?destinationZipCode].","resultList":[{"result":[{"key":"?t","val":"VO_21f58b97_784d_44a5_8501_7da747917ebf_1503943938437_7"},{"key":"?d","val":"VO_21f58b97_784d_44a5_8501_7da747917ebf_1503943938437_8"},{"key":"?s","val":"NO_04e43968_d8f3_473f_b95e_16b3f3026978_1503943947897_id5"},{"key":"?destinationStreetName","val":"2790 Truxton Road"},{"key":"?c","val":"NO_04e43968_d8f3_473f_b95e_16b3f3026978_1503943947897_id11"},{"key":"?destinationCity","val":"San Diego"},{"key":"?st","val":"NO_04e43968_d8f3_473f_b95e_16b3f3026978_1503943947897_id13"},{"key":"?destinationState","val":"CA"},{"key":"?destinationZipCode","val":"92106"}]},{"result":[{"key":"?t","val":"VO_21f58b97_784d_44a5_8501_7da747917ebf_1503943938437_6"},{"key":"?d","val":"VO_21f58b97_784d_44a5_8501_7da747917ebf_1503943938437_5"},{"key":"?s","val":"NO_d0a3800c_f5a5_4e72_a3a3_772ba4186b87_1503943949813_id3"},{"key":"?destinationStreetName","val":"3534 Yosemite St"},{"key":"?c","val":"NO_d0a3800c_f5a5_4e72_a3a3_772ba4186b87_1503943949813_id9"},{"key":"?destinationCity","val":"San Diego"},{"key":"?st","val":"NO_d0a3800c_f5a5_4e72_a3a3_772ba4186b87_1503943949813_id11"},{"key":"?destinationState","val":"CA"},{"key":"?destinationZipCode","val":"92109"}]}]},{"query":"?- ?t:AE#Travelling, ?t[AE#hasOrigin->?d], ?d[label->?originFullAddress].","resultList":[{"result":[{"key":"?t","val":"VO_21f58b97_784d_44a5_8501_7da747917ebf_1503943938437_7"},{"key":"?d","val":"VO_21f58b97_784d_44a5_8501_7da747917ebf_1503943938437_3"},{"key":"?originFullAddress","val":"4644 Denwood Rd, La Mesa, CA 91942"}]},{"result":[{"key":"?t","val":"VO_21f58b97_784d_44a5_8501_7da747917ebf_1503943938437_7"},{"key":"?d","val":"VO_21f58b97_784d_44a5_8501_7da747917ebf_1503943938437_3"},{"key":"?originFullAddress","val":"4644 Denwood Rd, La"}]},{"result":[{"key":"?t","val":"VO_21f58b97_784d_44a5_8501_7da747917ebf_1503943938437_6"},{"key":"?d","val":"VO_21f58b97_784d_44a5_8501_7da747917ebf_1503943938437_8"},{"key":"?originFullAddress","val":"2790 Truxton Road, Suite 130, San Diego, CA 92106"}]}]},{"query":"?- ?t:AE#Travelling, ?t[AE#hasOrigin->?d], ?d[AE#hasStreet->?s], ?s[label->?originStreetName], ?d[AE#hasCity->?c], ?c[label->?originCity], ?d[AE#hasState->?st], ?st[label->?originState], ?d[AE#hasZipcode->?originZipCode].","resultList":[{"result":[{"key":"?t","val":"VO_21f58b97_784d_44a5_8501_7da747917ebf_1503943938437_6"},{"key":"?d","val":"VO_21f58b97_784d_44a5_8501_7da747917ebf_1503943938437_8"},{"key":"?s","val":"NO_04e43968_d8f3_473f_b95e_16b3f3026978_1503943947897_id5"},{"key":"?originStreetName","val":"2790 Truxton Road"},{"key":"?c","val":"NO_04e43968_d8f3_473f_b95e_16b3f3026978_1503943947897_id11"},{"key":"?originCity","val":"San Diego"},{"key":"?st","val":"NO_04e43968_d8f3_473f_b95e_16b3f3026978_1503943947897_id13"},{"key":"?originState","val":"CA"},{"key":"?originZipCode","val":"92106"}]}]},{"query":"?- ?t:AE#Travelling, ?t[AE#hasPath->?p], ?p[AE#hasStartRegion->?s], ?s[AE#hasLatitude->?originLatitude], ?s[AE#hasLongitude->?originLongitude].","resultList":[{"result":[{"key":"?t","val":"VO_21f58b97_784d_44a5_8501_7da747917ebf_1503943938437_6"},{"key":"?p","val":"ES_63d01d5e_fe8c_4126_ae2f_7b9e9b489928_1503943966772_4"},{"key":"?s","val":"ES_63d01d5e_fe8c_4126_ae2f_7b9e9b489928_1503943966772_3"},{"key":"?originLatitude","val":"32.74051839275188058309140615165233612060546875"},{"key":"?originLongitude","val":"-117.2130215001728856805129908025264739990234375"}]}]},{"query":"?- ?t:AE#Travelling, ?t[AE#hasPath->?p], ?p[AE#hasEndRegion->?e], ?e[AE#hasLatitude->?destinationLatitude], ?e[AE#hasLongitude->?destinationLongitude].","resultList":[{"result":[{"key":"?t","val":"VO_21f58b97_784d_44a5_8501_7da747917ebf_1503943938437_6"},{"key":"?p","val":"ES_63d01d5e_fe8c_4126_ae2f_7b9e9b489928_1503943966772_4"},{"key":"?e","val":"ES_63d01d5e_fe8c_4126_ae2f_7b9e9b489928_1503943966772_1"},{"key":"?destinationLatitude","val":"32.78365480766343154073183541186153888702392578125"},{"key":"?destinationLongitude","val":"-117.235724158635690628216252662241458892822265625"}]}]}]}
