{"dataList":[{"query":"?- ?v:AE#VATravelVoucher, ?v[AE#hasVoucherClaimant->?c], ?c[AE#hasName->?cn], ?cn[label->?claimantFullName].","resultList":[{"result":[{"key":"?v","val":"VO_25629861_b129_4ed1_80b4_8f72423a1ddb_1503938976979_0"},{"key":"?c","val":"VO_25629861_b129_4ed1_80b4_8f72423a1ddb_1503938976979_2"},{"key":"?cn","val":"NO_488283d9_824d_4262_aa3f_c0cf9eb2e49f_1503938985182_0"},{"key":"?claimantFullName","val":"Andrew B. Somerset"}]},{"result":[{"key":"?v","val":"VO_25629861_b129_4ed1_80b4_8f72423a1ddb_1503938976979_0"},{"key":"?c","val":"VO_25629861_b129_4ed1_80b4_8f72423a1ddb_1503938976979_2"},{"key":"?cn","val":"VO_25629861_b129_4ed1_80b4_8f72423a1ddb_1503938976979_1"},{"key":"?claimantFullName","val":"Andrew B. Somerset"}]}]},{"query":"?- ?v:AE#VATravelVoucher, ?v[AE#hasVoucherClaimant->?c], ?c[AE#hasName->?cn], ?cn[AE#hasFirstName->?claimantFirstName].","resultList":[{"result":[{"key":"?v","val":"VO_25629861_b129_4ed1_80b4_8f72423a1ddb_1503938976979_0"},{"key":"?c","val":"VO_25629861_b129_4ed1_80b4_8f72423a1ddb_1503938976979_2"},{"key":"?cn","val":"NO_488283d9_824d_4262_aa3f_c0cf9eb2e49f_1503938985182_0"},{"key":"?claimantFirstName","val":"andrew"}]}]},{"query":"?- ?v:AE#VATravelVoucher, ?v[AE#hasVoucherClaimant->?c], ?c[AE#hasName->?cn], ?cn[AE#hasLastName->?claimantLastName].","resultList":[{"result":[{"key":"?v","val":"VO_25629861_b129_4ed1_80b4_8f72423a1ddb_1503938976979_0"},{"key":"?c","val":"VO_25629861_b129_4ed1_80b4_8f72423a1ddb_1503938976979_2"},{"key":"?cn","val":"NO_488283d9_824d_4262_aa3f_c0cf9eb2e49f_1503938985182_0"},{"key":"?claimantLastName","val":"somerset"}]}]},{"query":"?- ?v:AE#VATravelVoucher, ?v[AE#hasVoucherClaimant->?c], ?c[AE#hasSocialSecurityNumber->?s], ?s[label->?claimantSsn].","resultList":[{"result":[{"key":"?v","val":"VO_25629861_b129_4ed1_80b4_8f72423a1ddb_1503938976979_0"},{"key":"?c","val":"VO_25629861_b129_4ed1_80b4_8f72423a1ddb_1503938976979_2"},{"key":"?s","val":"VO_25629861_b129_4ed1_80b4_8f72423a1ddb_1503938976979_12"},{"key":"?claimantSsn","val":"834-35-1500"}]}]},{"query":"?- ?v:AE#VATravelVoucher, ?v[AE#hasVoucherClaimant->?c], ?c[AE#hasLiens->?claimantHasLiens].","resultList":[{"result":[{"key":"?v","val":"VO_25629861_b129_4ed1_80b4_8f72423a1ddb_1503938976979_0"},{"key":"?c","val":"VO_25629861_b129_4ed1_80b4_8f72423a1ddb_1503938976979_2"},{"key":"?claimantHasLiens","val":"AE#UnknownLienReport"}]}]},{"query":"?- ?v:AE#VATravelVoucher, ?v[AE#hasVoucherClaimant->?c], ?c[AE#hasDeclaredBankruptcy->?claimantHasDeclaredBankruptcy].","resultList":[{"result":[{"key":"?v","val":"VO_25629861_b129_4ed1_80b4_8f72423a1ddb_1503938976979_0"},{"key":"?c","val":"VO_25629861_b129_4ed1_80b4_8f72423a1ddb_1503938976979_2"},{"key":"?claimantHasDeclaredBankruptcy","val":"AE#NoBankruptcyReport"}]}]},{"query":"?- ?v:AE#VATravelVoucher, ?v[AE#hasVoucherClaimant->?c], ?c[AE#hasArrestRecord->?claimantHasArrestRecord].","resultList":[{"result":[{"key":"?v","val":"VO_25629861_b129_4ed1_80b4_8f72423a1ddb_1503938976979_0"},{"key":"?c","val":"VO_25629861_b129_4ed1_80b4_8f72423a1ddb_1503938976979_2"},{"key":"?claimantHasArrestRecord","val":"AE#NoArrestRecord"}]}]},{"query":"?- ?v:AE#VATravelVoucher, ?v[AE#hasVoucherClaimant->?c], ?c[AE#hasCriminalRecord->?claimantHasCriminalRecord].","resultList":[{"result":[{"key":"?v","val":"VO_25629861_b129_4ed1_80b4_8f72423a1ddb_1503938976979_0"},{"key":"?c","val":"VO_25629861_b129_4ed1_80b4_8f72423a1ddb_1503938976979_2"},{"key":"?claimantHasCriminalRecord","val":"AE#NoCriminalRecord"}]}]},{"query":"?- ?v:AE#VATravelVoucher, ?v[AE#hasVoucherBeneficiary->?b], ?b[AE#hasName->?cn], ?cn[label->?beneficiaryFullName].","resultList":[{"result":[{"key":"?v","val":"VO_25629861_b129_4ed1_80b4_8f72423a1ddb_1503938976979_0"},{"key":"?b","val":"VO_25629861_b129_4ed1_80b4_8f72423a1ddb_1503938976979_11"},{"key":"?cn","val":"VO_25629861_b129_4ed1_80b4_8f72423a1ddb_1503938976979_10"},{"key":"?beneficiaryFullName","val":"Andrew B. Somerset"}]},{"result":[{"key":"?v","val":"VO_25629861_b129_4ed1_80b4_8f72423a1ddb_1503938976979_0"},{"key":"?b","val":"VO_25629861_b129_4ed1_80b4_8f72423a1ddb_1503938976979_11"},{"key":"?cn","val":"NO_134ee806_659f_4f56_ab8b_2df212145197_1503938983102_0"},{"key":"?beneficiaryFullName","val":"Andrew B. Somerset"}]}]},{"query":"?- ?v:AE#VATravelVoucher, ?v[AE#hasVoucherBeneficiary->?b], ?b[AE#hasName->?cn], ?cn[AE#hasFirstName->?beneficiaryFirstName].","resultList":[{"result":[{"key":"?v","val":"VO_25629861_b129_4ed1_80b4_8f72423a1ddb_1503938976979_0"},{"key":"?b","val":"VO_25629861_b129_4ed1_80b4_8f72423a1ddb_1503938976979_11"},{"key":"?cn","val":"NO_134ee806_659f_4f56_ab8b_2df212145197_1503938983102_0"},{"key":"?beneficiaryFirstName","val":"andrew"}]}]},{"query":"?- ?v:AE#VATravelVoucher, ?v[AE#hasVoucherBeneficiary->?b], ?b[AE#hasName->?cn], ?cn[AE#hasLastName->?beneficiaryLastName].","resultList":[{"result":[{"key":"?v","val":"VO_25629861_b129_4ed1_80b4_8f72423a1ddb_1503938976979_0"},{"key":"?b","val":"VO_25629861_b129_4ed1_80b4_8f72423a1ddb_1503938976979_11"},{"key":"?cn","val":"NO_134ee806_659f_4f56_ab8b_2df212145197_1503938983102_0"},{"key":"?beneficiaryLastName","val":"somerset"}]}]},{"query":"?- ?v:AE#VATravelVoucher, ?v[AE#hasVoucherBeneficiary->?b], ?b[AE#hasSocialSecurityNumber->?s], ?s[label->?beneficiarySsn].","resultList":[{"result":[{"key":"?v","val":"VO_25629861_b129_4ed1_80b4_8f72423a1ddb_1503938976979_0"},{"key":"?b","val":"VO_25629861_b129_4ed1_80b4_8f72423a1ddb_1503938976979_11"},{"key":"?s","val":"VO_25629861_b129_4ed1_80b4_8f72423a1ddb_1503938976979_9"},{"key":"?beneficiarySsn","val":"834-35-1500"}]}]},{"query":"?- ?v:AE#VATravelVoucher, ?v[AE#hasVoucherBeneficiary->?b], ?b[AE#hasLiens->?beneficiaryHasLiens].","resultList":[{"result":[{"key":"?v","val":"VO_25629861_b129_4ed1_80b4_8f72423a1ddb_1503938976979_0"},{"key":"?b","val":"VO_25629861_b129_4ed1_80b4_8f72423a1ddb_1503938976979_11"},{"key":"?beneficiaryHasLiens","val":"AE#UnknownLienReport"}]}]},{"query":"?- ?v:AE#VATravelVoucher, ?v[AE#hasVoucherBeneficiary->?b], ?b[AE#hasDeclaredBankruptcy->?beneficiaryHasDeclaredBankruptcy].","resultList":[{"result":[{"key":"?v","val":"VO_25629861_b129_4ed1_80b4_8f72423a1ddb_1503938976979_0"},{"key":"?b","val":"VO_25629861_b129_4ed1_80b4_8f72423a1ddb_1503938976979_11"},{"key":"?beneficiaryHasDeclaredBankruptcy","val":"AE#NoBankruptcyReport"}]}]},{"query":"?- ?v:AE#VATravelVoucher, ?v[AE#hasVoucherBeneficiary->?b], ?b[AE#hasArrestRecord->?beneficiaryHasArrestRecord].","resultList":[{"result":[{"key":"?v","val":"VO_25629861_b129_4ed1_80b4_8f72423a1ddb_1503938976979_0"},{"key":"?b","val":"VO_25629861_b129_4ed1_80b4_8f72423a1ddb_1503938976979_11"},{"key":"?beneficiaryHasArrestRecord","val":"AE#NoArrestRecord"}]}]},{"query":"?- ?v:AE#VATravelVoucher, ?v[AE#hasVoucherBeneficiary->?b], ?b[AE#hasCriminalRecord->?beneficiaryHasCriminalRecord].","resultList":[{"result":[{"key":"?v","val":"VO_25629861_b129_4ed1_80b4_8f72423a1ddb_1503938976979_0"},{"key":"?b","val":"VO_25629861_b129_4ed1_80b4_8f72423a1ddb_1503938976979_11"},{"key":"?beneficiaryHasCriminalRecord","val":"AE#NoCriminalRecord"}]}]},{"query":"?- ?t:AE#Travelling, ?t[AE#hasPath->?p], ?p[AE#hasDistance->?d], ?d[AE#numericValue->?expectedDistanceValue], ?d[AE#hasUnitOfMeasure->?unitOfDistanceMeasure].","resultList":[{"result":[{"key":"?t","val":"VO_25629861_b129_4ed1_80b4_8f72423a1ddb_1503938976979_6"},{"key":"?p","val":"ES_c522894d_509c_4d8b_abfa_acf931fbf71b_1503939004812_4"},{"key":"?d","val":"ES_c522894d_509c_4d8b_abfa_acf931fbf71b_1503939004812_0"},{"key":"?expectedDistanceValue","val":"6246.9374930982967271120287477970123291015625"},{"key":"?unitOfDistanceMeasure","val":"meters"}]}]},{"query":"?- ?t:AE#Travelling, ?t[AE#hasPath->?p], ?p[AE#hasExpectedTravelTime->?d], ?d[AE#numericValue->?expectedTimeValue], ?d[AE#hasUnitOfMeasure->?unitOfTimeMeasure].","resultList":[{"result":[{"key":"?t","val":"VO_25629861_b129_4ed1_80b4_8f72423a1ddb_1503938976979_6"},{"key":"?p","val":"ES_c522894d_509c_4d8b_abfa_acf931fbf71b_1503939004812_4"},{"key":"?d","val":"ES_c522894d_509c_4d8b_abfa_acf931fbf71b_1503939004812_2"},{"key":"?expectedTimeValue","val":"7.433702203561551868915557861328125"},{"key":"?unitOfTimeMeasure","val":"minutes"}]}]},{"query":"?- ?t:AE#Travelling, ?t[AE#hasDestination->?d], ?d[label->?destinationFullAddress].","resultList":[{"result":[{"key":"?t","val":"VO_25629861_b129_4ed1_80b4_8f72423a1ddb_1503938976979_7"},{"key":"?d","val":"VO_25629861_b129_4ed1_80b4_8f72423a1ddb_1503938976979_8"},{"key":"?destinationFullAddress","val":"2790 Truxton Road, Suite 130, San Diego, CA 92106"}]},{"result":[{"key":"?t","val":"VO_25629861_b129_4ed1_80b4_8f72423a1ddb_1503938976979_6"},{"key":"?d","val":"VO_25629861_b129_4ed1_80b4_8f72423a1ddb_1503938976979_5"},{"key":"?destinationFullAddress","val":"10 Walnut Ave. San Diego, CA 92154"}]}]},{"query":"?- ?t:AE#Travelling, ?t[AE#hasDestination->?d], ?d[AE#hasStreet->?s], ?s[label->?destinationStreetName], ?d[AE#hasCity->?c], ?c[label->?destinationCity], ?d[AE#hasState->?st], ?st[label->?destinationState], ?d[AE#hasZipcode->?destinationZipCode].","resultList":[{"result":[{"key":"?t","val":"VO_25629861_b129_4ed1_80b4_8f72423a1ddb_1503938976979_7"},{"key":"?d","val":"VO_25629861_b129_4ed1_80b4_8f72423a1ddb_1503938976979_8"},{"key":"?s","val":"NO_d294f55d_0064_4bd9_86cc_33b46ef97614_1503938987330_id5"},{"key":"?destinationStreetName","val":"2790 Truxton Road"},{"key":"?c","val":"NO_d294f55d_0064_4bd9_86cc_33b46ef97614_1503938987330_id11"},{"key":"?destinationCity","val":"San Diego"},{"key":"?st","val":"NO_d294f55d_0064_4bd9_86cc_33b46ef97614_1503938987330_id13"},{"key":"?destinationState","val":"CA"},{"key":"?destinationZipCode","val":"92106"}]},{"result":[{"key":"?t","val":"VO_25629861_b129_4ed1_80b4_8f72423a1ddb_1503938976979_6"},{"key":"?d","val":"VO_25629861_b129_4ed1_80b4_8f72423a1ddb_1503938976979_5"},{"key":"?s","val":"NO_38c16328_aa1a_44b5_a7c3_7a6fdd599096_1503938989453_id3"},{"key":"?destinationStreetName","val":"10 Walnut Ave."},{"key":"?c","val":"NO_38c16328_aa1a_44b5_a7c3_7a6fdd599096_1503938989453_id9"},{"key":"?destinationCity","val":"San Diego"},{"key":"?st","val":"NO_38c16328_aa1a_44b5_a7c3_7a6fdd599096_1503938989453_id11"},{"key":"?destinationState","val":"CA"},{"key":"?destinationZipCode","val":"92154"}]}]},{"query":"?- ?t:AE#Travelling, ?t[AE#hasOrigin->?d], ?d[label->?originFullAddress].","resultList":[{"result":[{"key":"?t","val":"VO_25629861_b129_4ed1_80b4_8f72423a1ddb_1503938976979_7"},{"key":"?d","val":"VO_25629861_b129_4ed1_80b4_8f72423a1ddb_1503938976979_3"},{"key":"?originFullAddress","val":"10 Walnut Ave. San Diego, CA 92154"}]},{"result":[{"key":"?t","val":"VO_25629861_b129_4ed1_80b4_8f72423a1ddb_1503938976979_6"},{"key":"?d","val":"VO_25629861_b129_4ed1_80b4_8f72423a1ddb_1503938976979_8"},{"key":"?originFullAddress","val":"2790 Truxton Road, Suite 130, San Diego, CA 92106"}]}]},{"query":"?- ?t:AE#Travelling, ?t[AE#hasOrigin->?d], ?d[AE#hasStreet->?s], ?s[label->?originStreetName], ?d[AE#hasCity->?c], ?c[label->?originCity], ?d[AE#hasState->?st], ?st[label->?originState], ?d[AE#hasZipcode->?originZipCode].","resultList":[{"result":[{"key":"?t","val":"VO_25629861_b129_4ed1_80b4_8f72423a1ddb_1503938976979_7"},{"key":"?d","val":"VO_25629861_b129_4ed1_80b4_8f72423a1ddb_1503938976979_3"},{"key":"?s","val":"NO_905c494e_f321_4a23_a026_dddc1cfaa1bf_1503938991451_id3"},{"key":"?originStreetName","val":"10 Walnut Ave."},{"key":"?c","val":"NO_905c494e_f321_4a23_a026_dddc1cfaa1bf_1503938991451_id9"},{"key":"?originCity","val":"San Diego"},{"key":"?st","val":"NO_905c494e_f321_4a23_a026_dddc1cfaa1bf_1503938991451_id11"},{"key":"?originState","val":"CA"},{"key":"?originZipCode","val":"92154"}]},{"result":[{"key":"?t","val":"VO_25629861_b129_4ed1_80b4_8f72423a1ddb_1503938976979_6"},{"key":"?d","val":"VO_25629861_b129_4ed1_80b4_8f72423a1ddb_1503938976979_8"},{"key":"?s","val":"NO_d294f55d_0064_4bd9_86cc_33b46ef97614_1503938987330_id5"},{"key":"?originStreetName","val":"2790 Truxton Road"},{"key":"?c","val":"NO_d294f55d_0064_4bd9_86cc_33b46ef97614_1503938987330_id11"},{"key":"?originCity","val":"San Diego"},{"key":"?st","val":"NO_d294f55d_0064_4bd9_86cc_33b46ef97614_1503938987330_id13"},{"key":"?originState","val":"CA"},{"key":"?originZipCode","val":"92106"}]}]},{"query":"?- ?t:AE#Travelling, ?t[AE#hasPath->?p], ?p[AE#hasStartRegion->?s], ?s[AE#hasLatitude->?originLatitude], ?s[AE#hasLongitude->?originLongitude].","resultList":[{"result":[{"key":"?t","val":"VO_25629861_b129_4ed1_80b4_8f72423a1ddb_1503938976979_6"},{"key":"?p","val":"ES_c522894d_509c_4d8b_abfa_acf931fbf71b_1503939004812_4"},{"key":"?s","val":"ES_c522894d_509c_4d8b_abfa_acf931fbf71b_1503939004812_3"},{"key":"?originLatitude","val":"32.74051839275188058309140615165233612060546875"},{"key":"?originLongitude","val":"-117.2130215001728856805129908025264739990234375"}]}]},{"query":"?- ?t:AE#Travelling, ?t[AE#hasPath->?p], ?p[AE#hasEndRegion->?e], ?e[AE#hasLatitude->?destinationLatitude], ?e[AE#hasLongitude->?destinationLongitude].","resultList":[{"result":[{"key":"?t","val":"VO_25629861_b129_4ed1_80b4_8f72423a1ddb_1503938976979_6"},{"key":"?p","val":"ES_c522894d_509c_4d8b_abfa_acf931fbf71b_1503939004812_4"},{"key":"?e","val":"ES_c522894d_509c_4d8b_abfa_acf931fbf71b_1503939004812_1"},{"key":"?destinationLatitude","val":"32.74150997557574527263568597845733165740966796875"},{"key":"?destinationLongitude","val":"-117.16388502442424623950500972568988800048828125"}]}]}]}
