{"dataList":[{"query":"?- ?v:AE#VATravelVoucher, ?v[AE#hasVoucherClaimant->?c], ?c[AE#hasName->?cn], ?cn[label->?claimantFullName].","resultList":[{"result":[{"key":"?v","val":"VO_2282aecd_47b2_4be1_9ccc_05c0a54aa78a_1503943877457_0"},{"key":"?c","val":"VO_2282aecd_47b2_4be1_9ccc_05c0a54aa78a_1503943877457_2"},{"key":"?cn","val":"NO_388e079e_4eca_456f_af6a_a91f8b2d39e0_1503943885095_0"},{"key":"?claimantFullName","val":"Joseph Paul Aldous"}]},{"result":[{"key":"?v","val":"VO_2282aecd_47b2_4be1_9ccc_05c0a54aa78a_1503943877457_0"},{"key":"?c","val":"VO_2282aecd_47b2_4be1_9ccc_05c0a54aa78a_1503943877457_2"},{"key":"?cn","val":"VO_2282aecd_47b2_4be1_9ccc_05c0a54aa78a_1503943877457_1"},{"key":"?claimantFullName","val":"Joseph Paul Aldous"}]}]},{"query":"?- ?v:AE#VATravelVoucher, ?v[AE#hasVoucherClaimant->?c], ?c[AE#hasName->?cn], ?cn[AE#hasFirstName->?claimantFirstName].","resultList":[{"result":[{"key":"?v","val":"VO_2282aecd_47b2_4be1_9ccc_05c0a54aa78a_1503943877457_0"},{"key":"?c","val":"VO_2282aecd_47b2_4be1_9ccc_05c0a54aa78a_1503943877457_2"},{"key":"?cn","val":"NO_388e079e_4eca_456f_af6a_a91f8b2d39e0_1503943885095_0"},{"key":"?claimantFirstName","val":"joseph"}]}]},{"query":"?- ?v:AE#VATravelVoucher, ?v[AE#hasVoucherClaimant->?c], ?c[AE#hasName->?cn], ?cn[AE#hasLastName->?claimantLastName].","resultList":[{"result":[{"key":"?v","val":"VO_2282aecd_47b2_4be1_9ccc_05c0a54aa78a_1503943877457_0"},{"key":"?c","val":"VO_2282aecd_47b2_4be1_9ccc_05c0a54aa78a_1503943877457_2"},{"key":"?cn","val":"NO_388e079e_4eca_456f_af6a_a91f8b2d39e0_1503943885095_0"},{"key":"?claimantLastName","val":"aldous"}]}]},{"query":"?- ?v:AE#VATravelVoucher, ?v[AE#hasVoucherClaimant->?c], ?c[AE#hasSocialSecurityNumber->?s], ?s[label->?claimantSsn].","resultList":[{"result":[{"key":"?v","val":"VO_2282aecd_47b2_4be1_9ccc_05c0a54aa78a_1503943877457_0"},{"key":"?c","val":"VO_2282aecd_47b2_4be1_9ccc_05c0a54aa78a_1503943877457_2"},{"key":"?s","val":"VO_2282aecd_47b2_4be1_9ccc_05c0a54aa78a_1503943877457_12"},{"key":"?claimantSsn","val":"405-56-5422"}]}]},{"query":"?- ?v:AE#VATravelVoucher, ?v[AE#hasVoucherClaimant->?c], ?c[AE#hasLiens->?claimantHasLiens].","resultList":[{"result":[{"key":"?v","val":"VO_2282aecd_47b2_4be1_9ccc_05c0a54aa78a_1503943877457_0"},{"key":"?c","val":"VO_2282aecd_47b2_4be1_9ccc_05c0a54aa78a_1503943877457_2"},{"key":"?claimantHasLiens","val":"AE#NoLienReport"}]}]},{"query":"?- ?v:AE#VATravelVoucher, ?v[AE#hasVoucherClaimant->?c], ?c[AE#hasDeclaredBankruptcy->?claimantHasDeclaredBankruptcy].","resultList":[{"result":[{"key":"?v","val":"VO_2282aecd_47b2_4be1_9ccc_05c0a54aa78a_1503943877457_0"},{"key":"?c","val":"VO_2282aecd_47b2_4be1_9ccc_05c0a54aa78a_1503943877457_2"},{"key":"?claimantHasDeclaredBankruptcy","val":"AE#NoBankruptcyReport"}]}]},{"query":"?- ?v:AE#VATravelVoucher, ?v[AE#hasVoucherClaimant->?c], ?c[AE#hasArrestRecord->?claimantHasArrestRecord].","resultList":[{"result":[{"key":"?v","val":"VO_2282aecd_47b2_4be1_9ccc_05c0a54aa78a_1503943877457_0"},{"key":"?c","val":"VO_2282aecd_47b2_4be1_9ccc_05c0a54aa78a_1503943877457_2"},{"key":"?claimantHasArrestRecord","val":"AE#NoArrestRecord"}]}]},{"query":"?- ?v:AE#VATravelVoucher, ?v[AE#hasVoucherClaimant->?c], ?c[AE#hasCriminalRecord->?claimantHasCriminalRecord].","resultList":[{"result":[{"key":"?v","val":"VO_2282aecd_47b2_4be1_9ccc_05c0a54aa78a_1503943877457_0"},{"key":"?c","val":"VO_2282aecd_47b2_4be1_9ccc_05c0a54aa78a_1503943877457_2"},{"key":"?claimantHasCriminalRecord","val":"AE#NoCriminalRecord"}]}]},{"query":"?- ?v:AE#VATravelVoucher, ?v[AE#hasVoucherBeneficiary->?b], ?b[AE#hasName->?cn], ?cn[label->?beneficiaryFullName].","resultList":[{"result":[{"key":"?v","val":"VO_2282aecd_47b2_4be1_9ccc_05c0a54aa78a_1503943877457_0"},{"key":"?b","val":"VO_2282aecd_47b2_4be1_9ccc_05c0a54aa78a_1503943877457_11"},{"key":"?cn","val":"VO_2282aecd_47b2_4be1_9ccc_05c0a54aa78a_1503943877457_10"},{"key":"?beneficiaryFullName","val":"Tom Daniel Hendrix"}]},{"result":[{"key":"?v","val":"VO_2282aecd_47b2_4be1_9ccc_05c0a54aa78a_1503943877457_0"},{"key":"?b","val":"VO_2282aecd_47b2_4be1_9ccc_05c0a54aa78a_1503943877457_11"},{"key":"?cn","val":"NO_5b207076_b1e1_4971_b8af_573296ef0f6f_1503943883102_0"},{"key":"?beneficiaryFullName","val":"Tom Daniel Hendrix"}]}]},{"query":"?- ?v:AE#VATravelVoucher, ?v[AE#hasVoucherBeneficiary->?b], ?b[AE#hasName->?cn], ?cn[AE#hasFirstName->?beneficiaryFirstName].","resultList":[{"result":[{"key":"?v","val":"VO_2282aecd_47b2_4be1_9ccc_05c0a54aa78a_1503943877457_0"},{"key":"?b","val":"VO_2282aecd_47b2_4be1_9ccc_05c0a54aa78a_1503943877457_11"},{"key":"?cn","val":"NO_5b207076_b1e1_4971_b8af_573296ef0f6f_1503943883102_0"},{"key":"?beneficiaryFirstName","val":"tom"}]}]},{"query":"?- ?v:AE#VATravelVoucher, ?v[AE#hasVoucherBeneficiary->?b], ?b[AE#hasName->?cn], ?cn[AE#hasLastName->?beneficiaryLastName].","resultList":[{"result":[{"key":"?v","val":"VO_2282aecd_47b2_4be1_9ccc_05c0a54aa78a_1503943877457_0"},{"key":"?b","val":"VO_2282aecd_47b2_4be1_9ccc_05c0a54aa78a_1503943877457_11"},{"key":"?cn","val":"NO_5b207076_b1e1_4971_b8af_573296ef0f6f_1503943883102_0"},{"key":"?beneficiaryLastName","val":"hendrix"}]}]},{"query":"?- ?v:AE#VATravelVoucher, ?v[AE#hasVoucherBeneficiary->?b], ?b[AE#hasSocialSecurityNumber->?s], ?s[label->?beneficiarySsn].","resultList":[{"result":[{"key":"?v","val":"VO_2282aecd_47b2_4be1_9ccc_05c0a54aa78a_1503943877457_0"},{"key":"?b","val":"VO_2282aecd_47b2_4be1_9ccc_05c0a54aa78a_1503943877457_11"},{"key":"?s","val":"VO_2282aecd_47b2_4be1_9ccc_05c0a54aa78a_1503943877457_9"},{"key":"?beneficiarySsn","val":"049-32-1897"}]}]},{"query":"?- ?v:AE#VATravelVoucher, ?v[AE#hasVoucherBeneficiary->?b], ?b[AE#hasLiens->?beneficiaryHasLiens].","resultList":[{"result":[{"key":"?v","val":"VO_2282aecd_47b2_4be1_9ccc_05c0a54aa78a_1503943877457_0"},{"key":"?b","val":"VO_2282aecd_47b2_4be1_9ccc_05c0a54aa78a_1503943877457_11"},{"key":"?beneficiaryHasLiens","val":"AE#UnknownLienReport"}]}]},{"query":"?- ?v:AE#VATravelVoucher, ?v[AE#hasVoucherBeneficiary->?b], ?b[AE#hasDeclaredBankruptcy->?beneficiaryHasDeclaredBankruptcy].","resultList":[{"result":[{"key":"?v","val":"VO_2282aecd_47b2_4be1_9ccc_05c0a54aa78a_1503943877457_0"},{"key":"?b","val":"VO_2282aecd_47b2_4be1_9ccc_05c0a54aa78a_1503943877457_11"},{"key":"?beneficiaryHasDeclaredBankruptcy","val":"AE#NoBankruptcyReport"}]}]},{"query":"?- ?v:AE#VATravelVoucher, ?v[AE#hasVoucherBeneficiary->?b], ?b[AE#hasArrestRecord->?beneficiaryHasArrestRecord].","resultList":[{"result":[{"key":"?v","val":"VO_2282aecd_47b2_4be1_9ccc_05c0a54aa78a_1503943877457_0"},{"key":"?b","val":"VO_2282aecd_47b2_4be1_9ccc_05c0a54aa78a_1503943877457_11"},{"key":"?beneficiaryHasArrestRecord","val":"AE#NoArrestRecord"}]}]},{"query":"?- ?v:AE#VATravelVoucher, ?v[AE#hasVoucherBeneficiary->?b], ?b[AE#hasCriminalRecord->?beneficiaryHasCriminalRecord].","resultList":[{"result":[{"key":"?v","val":"VO_2282aecd_47b2_4be1_9ccc_05c0a54aa78a_1503943877457_0"},{"key":"?b","val":"VO_2282aecd_47b2_4be1_9ccc_05c0a54aa78a_1503943877457_11"},{"key":"?beneficiaryHasCriminalRecord","val":"AE#NoCriminalRecord"}]}]},{"query":"?- ?t:AE#Travelling, ?t[AE#hasPath->?p], ?p[AE#hasDistance->?d], ?d[AE#numericValue->?expectedDistanceValue], ?d[AE#hasUnitOfMeasure->?unitOfDistanceMeasure].","resultList":[{"result":[{"key":"?t","val":"VO_2282aecd_47b2_4be1_9ccc_05c0a54aa78a_1503943877457_6"},{"key":"?p","val":"ES_93a4b6f8_12b5_41d3_aa83_7299bbb21c81_1503943903330_4"},{"key":"?d","val":"ES_93a4b6f8_12b5_41d3_aa83_7299bbb21c81_1503943903330_0"},{"key":"?expectedDistanceValue","val":"1546.013720853640506902593187987804412841796875"},{"key":"?unitOfDistanceMeasure","val":"meters"}]}]},{"query":"?- ?t:AE#Travelling, ?t[AE#hasPath->?p], ?p[AE#hasExpectedTravelTime->?d], ?d[AE#numericValue->?expectedTimeValue], ?d[AE#hasUnitOfMeasure->?unitOfTimeMeasure].","resultList":[{"result":[{"key":"?t","val":"VO_2282aecd_47b2_4be1_9ccc_05c0a54aa78a_1503943877457_6"},{"key":"?p","val":"ES_93a4b6f8_12b5_41d3_aa83_7299bbb21c81_1503943903330_4"},{"key":"?d","val":"ES_93a4b6f8_12b5_41d3_aa83_7299bbb21c81_1503943903330_2"},{"key":"?expectedTimeValue","val":"3.93814708921127021312713623046875"},{"key":"?unitOfTimeMeasure","val":"minutes"}]}]},{"query":"?- ?t:AE#Travelling, ?t[AE#hasDestination->?d], ?d[label->?destinationFullAddress].","resultList":[{"result":[{"key":"?t","val":"VO_2282aecd_47b2_4be1_9ccc_05c0a54aa78a_1503943877457_7"},{"key":"?d","val":"VO_2282aecd_47b2_4be1_9ccc_05c0a54aa78a_1503943877457_8"},{"key":"?destinationFullAddress","val":"2790 Truxton Road, Suite 130, San Diego, CA 92106"}]},{"result":[{"key":"?t","val":"VO_2282aecd_47b2_4be1_9ccc_05c0a54aa78a_1503943877457_6"},{"key":"?d","val":"VO_2282aecd_47b2_4be1_9ccc_05c0a54aa78a_1503943877457_5"},{"key":"?destinationFullAddress","val":"3775 Elliott St San Diego, CA 92106"}]}]},{"query":"?- ?t:AE#Travelling, ?t[AE#hasDestination->?d], ?d[AE#hasStreet->?s], ?s[label->?destinationStreetName], ?d[AE#hasCity->?c], ?c[label->?destinationCity], ?d[AE#hasState->?st], ?st[label->?destinationState], ?d[AE#hasZipcode->?destinationZipCode].","resultList":[{"result":[{"key":"?t","val":"VO_2282aecd_47b2_4be1_9ccc_05c0a54aa78a_1503943877457_7"},{"key":"?d","val":"VO_2282aecd_47b2_4be1_9ccc_05c0a54aa78a_1503943877457_8"},{"key":"?s","val":"NO_e5e76e30_360d_40ff_8506_3584c26bdb2c_1503943887068_id5"},{"key":"?destinationStreetName","val":"2790 Truxton Road"},{"key":"?c","val":"NO_e5e76e30_360d_40ff_8506_3584c26bdb2c_1503943887068_id11"},{"key":"?destinationCity","val":"San Diego"},{"key":"?st","val":"NO_e5e76e30_360d_40ff_8506_3584c26bdb2c_1503943887068_id13"},{"key":"?destinationState","val":"CA"},{"key":"?destinationZipCode","val":"92106"}]},{"result":[{"key":"?t","val":"VO_2282aecd_47b2_4be1_9ccc_05c0a54aa78a_1503943877457_6"},{"key":"?d","val":"VO_2282aecd_47b2_4be1_9ccc_05c0a54aa78a_1503943877457_5"},{"key":"?s","val":"NO_fc46e234_311c_4846_a409_129c115ebc78_1503943889108_id3"},{"key":"?destinationStreetName","val":"3775 Elliott St"},{"key":"?c","val":"NO_fc46e234_311c_4846_a409_129c115ebc78_1503943889108_id9"},{"key":"?destinationCity","val":"San Diego"},{"key":"?st","val":"NO_fc46e234_311c_4846_a409_129c115ebc78_1503943889108_id11"},{"key":"?destinationState","val":"CA"},{"key":"?destinationZipCode","val":"92106"}]}]},{"query":"?- ?t:AE#Travelling, ?t[AE#hasOrigin->?d], ?d[label->?originFullAddress].","resultList":[{"result":[{"key":"?t","val":"VO_2282aecd_47b2_4be1_9ccc_05c0a54aa78a_1503943877457_7"},{"key":"?d","val":"VO_2282aecd_47b2_4be1_9ccc_05c0a54aa78a_1503943877457_3"},{"key":"?originFullAddress","val":"3246 44th St, San Diego, CA 92105"}]},{"result":[{"key":"?t","val":"VO_2282aecd_47b2_4be1_9ccc_05c0a54aa78a_1503943877457_6"},{"key":"?d","val":"VO_2282aecd_47b2_4be1_9ccc_05c0a54aa78a_1503943877457_8"},{"key":"?originFullAddress","val":"2790 Truxton Road, Suite 130, San Diego, CA 92106"}]}]},{"query":"?- ?t:AE#Travelling, ?t[AE#hasOrigin->?d], ?d[AE#hasStreet->?s], ?s[label->?originStreetName], ?d[AE#hasCity->?c], ?c[label->?originCity], ?d[AE#hasState->?st], ?st[label->?originState], ?d[AE#hasZipcode->?originZipCode].","resultList":[{"result":[{"key":"?t","val":"VO_2282aecd_47b2_4be1_9ccc_05c0a54aa78a_1503943877457_7"},{"key":"?d","val":"VO_2282aecd_47b2_4be1_9ccc_05c0a54aa78a_1503943877457_3"},{"key":"?s","val":"NO_b16ebcbf_a3e1_4a89_b793_8b85cee71f5b_1503943890919_id3"},{"key":"?originStreetName","val":"3246 44th St"},{"key":"?c","val":"NO_b16ebcbf_a3e1_4a89_b793_8b85cee71f5b_1503943890919_id9"},{"key":"?originCity","val":"San Diego"},{"key":"?st","val":"NO_b16ebcbf_a3e1_4a89_b793_8b85cee71f5b_1503943890919_id11"},{"key":"?originState","val":"CA"},{"key":"?originZipCode","val":"92105"}]},{"result":[{"key":"?t","val":"VO_2282aecd_47b2_4be1_9ccc_05c0a54aa78a_1503943877457_6"},{"key":"?d","val":"VO_2282aecd_47b2_4be1_9ccc_05c0a54aa78a_1503943877457_8"},{"key":"?s","val":"NO_e5e76e30_360d_40ff_8506_3584c26bdb2c_1503943887068_id5"},{"key":"?originStreetName","val":"2790 Truxton Road"},{"key":"?c","val":"NO_e5e76e30_360d_40ff_8506_3584c26bdb2c_1503943887068_id11"},{"key":"?originCity","val":"San Diego"},{"key":"?st","val":"NO_e5e76e30_360d_40ff_8506_3584c26bdb2c_1503943887068_id13"},{"key":"?originState","val":"CA"},{"key":"?originZipCode","val":"92106"}]}]},{"query":"?- ?t:AE#Travelling, ?t[AE#hasPath->?p], ?p[AE#hasStartRegion->?s], ?s[AE#hasLatitude->?originLatitude], ?s[AE#hasLongitude->?originLongitude].","resultList":[{"result":[{"key":"?t","val":"VO_2282aecd_47b2_4be1_9ccc_05c0a54aa78a_1503943877457_6"},{"key":"?p","val":"ES_93a4b6f8_12b5_41d3_aa83_7299bbb21c81_1503943903330_4"},{"key":"?s","val":"ES_93a4b6f8_12b5_41d3_aa83_7299bbb21c81_1503943903330_3"},{"key":"?originLatitude","val":"32.74051839275188058309140615165233612060546875"},{"key":"?originLongitude","val":"-117.2130215001728856805129908025264739990234375"}]}]},{"query":"?- ?t:AE#Travelling, ?t[AE#hasPath->?p], ?p[AE#hasEndRegion->?e], ?e[AE#hasLatitude->?destinationLatitude], ?e[AE#hasLongitude->?destinationLongitude].","resultList":[{"result":[{"key":"?t","val":"VO_2282aecd_47b2_4be1_9ccc_05c0a54aa78a_1503943877457_6"},{"key":"?p","val":"ES_93a4b6f8_12b5_41d3_aa83_7299bbb21c81_1503943903330_4"},{"key":"?e","val":"ES_93a4b6f8_12b5_41d3_aa83_7299bbb21c81_1503943903330_1"},{"key":"?destinationLatitude","val":"32.74576264083342636013185256160795688629150390625"},{"key":"?destinationLongitude","val":"-117.2254886862483687082203687168657779693603515625"}]}]}]}
