{"dataList":[{"query":"?- ?v:AE#VATravelVoucher, ?v[AE#hasVoucherClaimant->?c], ?c[AE#hasName->?cn], ?cn[label->?claimantFullName].","resultList":[{"result":[{"key":"?v","val":"VO_2cf505e7_beb5_4338_91ab_8a0e76f2d48b_1503940114142_0"},{"key":"?c","val":"VO_2cf505e7_beb5_4338_91ab_8a0e76f2d48b_1503940114142_2"},{"key":"?cn","val":"NO_01eed078_537a_4a3f_9e87_a1cc6d134a30_1503940121889_0"},{"key":"?claimantFullName","val":"Warren R. Shaw"}]},{"result":[{"key":"?v","val":"VO_2cf505e7_beb5_4338_91ab_8a0e76f2d48b_1503940114142_0"},{"key":"?c","val":"VO_2cf505e7_beb5_4338_91ab_8a0e76f2d48b_1503940114142_2"},{"key":"?cn","val":"VO_2cf505e7_beb5_4338_91ab_8a0e76f2d48b_1503940114142_1"},{"key":"?claimantFullName","val":"Warren R. Shaw"}]}]},{"query":"?- ?v:AE#VATravelVoucher, ?v[AE#hasVoucherClaimant->?c], ?c[AE#hasName->?cn], ?cn[AE#hasFirstName->?claimantFirstName].","resultList":[{"result":[{"key":"?v","val":"VO_2cf505e7_beb5_4338_91ab_8a0e76f2d48b_1503940114142_0"},{"key":"?c","val":"VO_2cf505e7_beb5_4338_91ab_8a0e76f2d48b_1503940114142_2"},{"key":"?cn","val":"NO_01eed078_537a_4a3f_9e87_a1cc6d134a30_1503940121889_0"},{"key":"?claimantFirstName","val":"warren"}]}]},{"query":"?- ?v:AE#VATravelVoucher, ?v[AE#hasVoucherClaimant->?c], ?c[AE#hasName->?cn], ?cn[AE#hasLastName->?claimantLastName].","resultList":[{"result":[{"key":"?v","val":"VO_2cf505e7_beb5_4338_91ab_8a0e76f2d48b_1503940114142_0"},{"key":"?c","val":"VO_2cf505e7_beb5_4338_91ab_8a0e76f2d48b_1503940114142_2"},{"key":"?cn","val":"NO_01eed078_537a_4a3f_9e87_a1cc6d134a30_1503940121889_0"},{"key":"?claimantLastName","val":"shaw"}]}]},{"query":"?- ?v:AE#VATravelVoucher, ?v[AE#hasVoucherClaimant->?c], ?c[AE#hasSocialSecurityNumber->?s], ?s[label->?claimantSsn].","resultList":[{"result":[{"key":"?v","val":"VO_2cf505e7_beb5_4338_91ab_8a0e76f2d48b_1503940114142_0"},{"key":"?c","val":"VO_2cf505e7_beb5_4338_91ab_8a0e76f2d48b_1503940114142_2"},{"key":"?s","val":"VO_2cf505e7_beb5_4338_91ab_8a0e76f2d48b_1503940114142_12"},{"key":"?claimantSsn","val":"253-91-0295"}]}]},{"query":"?- ?v:AE#VATravelVoucher, ?v[AE#hasVoucherClaimant->?c], ?c[AE#hasLiens->?claimantHasLiens].","resultList":[{"result":[{"key":"?v","val":"VO_2cf505e7_beb5_4338_91ab_8a0e76f2d48b_1503940114142_0"},{"key":"?c","val":"VO_2cf505e7_beb5_4338_91ab_8a0e76f2d48b_1503940114142_2"},{"key":"?claimantHasLiens","val":"AE#NoLienReport"}]}]},{"query":"?- ?v:AE#VATravelVoucher, ?v[AE#hasVoucherClaimant->?c], ?c[AE#hasDeclaredBankruptcy->?claimantHasDeclaredBankruptcy].","resultList":[{"result":[{"key":"?v","val":"VO_2cf505e7_beb5_4338_91ab_8a0e76f2d48b_1503940114142_0"},{"key":"?c","val":"VO_2cf505e7_beb5_4338_91ab_8a0e76f2d48b_1503940114142_2"},{"key":"?claimantHasDeclaredBankruptcy","val":"AE#NoBankruptcyReport"}]}]},{"query":"?- ?v:AE#VATravelVoucher, ?v[AE#hasVoucherClaimant->?c], ?c[AE#hasArrestRecord->?claimantHasArrestRecord].","resultList":[{"result":[{"key":"?v","val":"VO_2cf505e7_beb5_4338_91ab_8a0e76f2d48b_1503940114142_0"},{"key":"?c","val":"VO_2cf505e7_beb5_4338_91ab_8a0e76f2d48b_1503940114142_2"},{"key":"?claimantHasArrestRecord","val":"AE#NoArrestRecord"}]}]},{"query":"?- ?v:AE#VATravelVoucher, ?v[AE#hasVoucherClaimant->?c], ?c[AE#hasCriminalRecord->?claimantHasCriminalRecord].","resultList":[{"result":[{"key":"?v","val":"VO_2cf505e7_beb5_4338_91ab_8a0e76f2d48b_1503940114142_0"},{"key":"?c","val":"VO_2cf505e7_beb5_4338_91ab_8a0e76f2d48b_1503940114142_2"},{"key":"?claimantHasCriminalRecord","val":"AE#NoCriminalRecord"}]}]},{"query":"?- ?v:AE#VATravelVoucher, ?v[AE#hasVoucherBeneficiary->?b], ?b[AE#hasName->?cn], ?cn[label->?beneficiaryFullName].","resultList":[{"result":[{"key":"?v","val":"VO_2cf505e7_beb5_4338_91ab_8a0e76f2d48b_1503940114142_0"},{"key":"?b","val":"VO_2cf505e7_beb5_4338_91ab_8a0e76f2d48b_1503940114142_11"},{"key":"?cn","val":"VO_2cf505e7_beb5_4338_91ab_8a0e76f2d48b_1503940114142_10"},{"key":"?beneficiaryFullName","val":"Jesse J. Hopkins"}]},{"result":[{"key":"?v","val":"VO_2cf505e7_beb5_4338_91ab_8a0e76f2d48b_1503940114142_0"},{"key":"?b","val":"VO_2cf505e7_beb5_4338_91ab_8a0e76f2d48b_1503940114142_11"},{"key":"?cn","val":"NO_23854c43_0ca7_42db_9117_a477a78d5c08_1503940119805_0"},{"key":"?beneficiaryFullName","val":"Jesse J. Hopkins"}]}]},{"query":"?- ?v:AE#VATravelVoucher, ?v[AE#hasVoucherBeneficiary->?b], ?b[AE#hasName->?cn], ?cn[AE#hasFirstName->?beneficiaryFirstName].","resultList":[{"result":[{"key":"?v","val":"VO_2cf505e7_beb5_4338_91ab_8a0e76f2d48b_1503940114142_0"},{"key":"?b","val":"VO_2cf505e7_beb5_4338_91ab_8a0e76f2d48b_1503940114142_11"},{"key":"?cn","val":"NO_23854c43_0ca7_42db_9117_a477a78d5c08_1503940119805_0"},{"key":"?beneficiaryFirstName","val":"jesse"}]}]},{"query":"?- ?v:AE#VATravelVoucher, ?v[AE#hasVoucherBeneficiary->?b], ?b[AE#hasName->?cn], ?cn[AE#hasLastName->?beneficiaryLastName].","resultList":[{"result":[{"key":"?v","val":"VO_2cf505e7_beb5_4338_91ab_8a0e76f2d48b_1503940114142_0"},{"key":"?b","val":"VO_2cf505e7_beb5_4338_91ab_8a0e76f2d48b_1503940114142_11"},{"key":"?cn","val":"NO_23854c43_0ca7_42db_9117_a477a78d5c08_1503940119805_0"},{"key":"?beneficiaryLastName","val":"hopkins"}]}]},{"query":"?- ?v:AE#VATravelVoucher, ?v[AE#hasVoucherBeneficiary->?b], ?b[AE#hasSocialSecurityNumber->?s], ?s[label->?beneficiarySsn].","resultList":[{"result":[{"key":"?v","val":"VO_2cf505e7_beb5_4338_91ab_8a0e76f2d48b_1503940114142_0"},{"key":"?b","val":"VO_2cf505e7_beb5_4338_91ab_8a0e76f2d48b_1503940114142_11"},{"key":"?s","val":"VO_2cf505e7_beb5_4338_91ab_8a0e76f2d48b_1503940114142_9"},{"key":"?beneficiarySsn","val":"635-48-5526"}]}]},{"query":"?- ?v:AE#VATravelVoucher, ?v[AE#hasVoucherBeneficiary->?b], ?b[AE#hasLiens->?beneficiaryHasLiens].","resultList":[{"result":[{"key":"?v","val":"VO_2cf505e7_beb5_4338_91ab_8a0e76f2d48b_1503940114142_0"},{"key":"?b","val":"VO_2cf505e7_beb5_4338_91ab_8a0e76f2d48b_1503940114142_11"},{"key":"?beneficiaryHasLiens","val":"AE#NoLienReport"}]}]},{"query":"?- ?v:AE#VATravelVoucher, ?v[AE#hasVoucherBeneficiary->?b], ?b[AE#hasDeclaredBankruptcy->?beneficiaryHasDeclaredBankruptcy].","resultList":[{"result":[{"key":"?v","val":"VO_2cf505e7_beb5_4338_91ab_8a0e76f2d48b_1503940114142_0"},{"key":"?b","val":"VO_2cf505e7_beb5_4338_91ab_8a0e76f2d48b_1503940114142_11"},{"key":"?beneficiaryHasDeclaredBankruptcy","val":"AE#NoBankruptcyReport"}]}]},{"query":"?- ?v:AE#VATravelVoucher, ?v[AE#hasVoucherBeneficiary->?b], ?b[AE#hasArrestRecord->?beneficiaryHasArrestRecord].","resultList":[{"result":[{"key":"?v","val":"VO_2cf505e7_beb5_4338_91ab_8a0e76f2d48b_1503940114142_0"},{"key":"?b","val":"VO_2cf505e7_beb5_4338_91ab_8a0e76f2d48b_1503940114142_11"},{"key":"?beneficiaryHasArrestRecord","val":"AE#NoArrestRecord"}]}]},{"query":"?- ?v:AE#VATravelVoucher, ?v[AE#hasVoucherBeneficiary->?b], ?b[AE#hasCriminalRecord->?beneficiaryHasCriminalRecord].","resultList":[{"result":[{"key":"?v","val":"VO_2cf505e7_beb5_4338_91ab_8a0e76f2d48b_1503940114142_0"},{"key":"?b","val":"VO_2cf505e7_beb5_4338_91ab_8a0e76f2d48b_1503940114142_11"},{"key":"?beneficiaryHasCriminalRecord","val":"AE#NoCriminalRecord"}]}]},{"query":"?- ?t:AE#Travelling, ?t[AE#hasPath->?p], ?p[AE#hasDistance->?d], ?d[AE#numericValue->?expectedDistanceValue], ?d[AE#hasUnitOfMeasure->?unitOfDistanceMeasure].","resultList":[{"result":[{"key":"?t","val":"VO_2cf505e7_beb5_4338_91ab_8a0e76f2d48b_1503940114142_6"},{"key":"?p","val":"ES_638ee936_e406_497c_8b5b_fe03796e7210_1503940140815_4"},{"key":"?d","val":"ES_638ee936_e406_497c_8b5b_fe03796e7210_1503940140815_0"},{"key":"?expectedDistanceValue","val":"15330.856803731336185592226684093475341796875"},{"key":"?unitOfDistanceMeasure","val":"meters"}]}]},{"query":"?- ?t:AE#Travelling, ?t[AE#hasPath->?p], ?p[AE#hasExpectedTravelTime->?d], ?d[AE#numericValue->?expectedTimeValue], ?d[AE#hasUnitOfMeasure->?unitOfTimeMeasure].","resultList":[{"result":[{"key":"?t","val":"VO_2cf505e7_beb5_4338_91ab_8a0e76f2d48b_1503940114142_6"},{"key":"?p","val":"ES_638ee936_e406_497c_8b5b_fe03796e7210_1503940140815_4"},{"key":"?d","val":"ES_638ee936_e406_497c_8b5b_fe03796e7210_1503940140815_2"},{"key":"?expectedTimeValue","val":"11.192439333535730838775634765625"},{"key":"?unitOfTimeMeasure","val":"minutes"}]}]},{"query":"?- ?t:AE#Travelling, ?t[AE#hasDestination->?d], ?d[label->?destinationFullAddress].","resultList":[{"result":[{"key":"?t","val":"VO_2cf505e7_beb5_4338_91ab_8a0e76f2d48b_1503940114142_7"},{"key":"?d","val":"VO_2cf505e7_beb5_4338_91ab_8a0e76f2d48b_1503940114142_8"},{"key":"?destinationFullAddress","val":"2790 Truxton Road, Suite 130, San Diego, CA 92106"}]},{"result":[{"key":"?t","val":"VO_2cf505e7_beb5_4338_91ab_8a0e76f2d48b_1503940114142_6"},{"key":"?d","val":"VO_2cf505e7_beb5_4338_91ab_8a0e76f2d48b_1503940114142_5"},{"key":"?destinationFullAddress","val":"7401 W. Clay Street San Diego, CA 92105"}]}]},{"query":"?- ?t:AE#Travelling, ?t[AE#hasDestination->?d], ?d[AE#hasStreet->?s], ?s[label->?destinationStreetName], ?d[AE#hasCity->?c], ?c[label->?destinationCity], ?d[AE#hasState->?st], ?st[label->?destinationState], ?d[AE#hasZipcode->?destinationZipCode].","resultList":[{"result":[{"key":"?t","val":"VO_2cf505e7_beb5_4338_91ab_8a0e76f2d48b_1503940114142_7"},{"key":"?d","val":"VO_2cf505e7_beb5_4338_91ab_8a0e76f2d48b_1503940114142_8"},{"key":"?s","val":"NO_d26926f8_1df9_4e6f_bd18_7f4ee41cad14_1503940123943_id5"},{"key":"?destinationStreetName","val":"2790 Truxton Road"},{"key":"?c","val":"NO_d26926f8_1df9_4e6f_bd18_7f4ee41cad14_1503940123943_id11"},{"key":"?destinationCity","val":"San Diego"},{"key":"?st","val":"NO_d26926f8_1df9_4e6f_bd18_7f4ee41cad14_1503940123943_id13"},{"key":"?destinationState","val":"CA"},{"key":"?destinationZipCode","val":"92106"}]},{"result":[{"key":"?t","val":"VO_2cf505e7_beb5_4338_91ab_8a0e76f2d48b_1503940114142_6"},{"key":"?d","val":"VO_2cf505e7_beb5_4338_91ab_8a0e76f2d48b_1503940114142_5"},{"key":"?s","val":"NO_ad770199_b039_4d64_869d_44c547289918_1503940125987_id3"},{"key":"?destinationStreetName","val":"7401 W. Clay Street"},{"key":"?c","val":"NO_ad770199_b039_4d64_869d_44c547289918_1503940125987_id9"},{"key":"?destinationCity","val":"San Diego"},{"key":"?st","val":"NO_ad770199_b039_4d64_869d_44c547289918_1503940125987_id11"},{"key":"?destinationState","val":"CA"},{"key":"?destinationZipCode","val":"92105"}]}]},{"query":"?- ?t:AE#Travelling, ?t[AE#hasOrigin->?d], ?d[label->?originFullAddress].","resultList":[{"result":[{"key":"?t","val":"VO_2cf505e7_beb5_4338_91ab_8a0e76f2d48b_1503940114142_7"},{"key":"?d","val":"VO_2cf505e7_beb5_4338_91ab_8a0e76f2d48b_1503940114142_3"},{"key":"?originFullAddress","val":"3343 43rd St, San Diego, CA 92105"}]},{"result":[{"key":"?t","val":"VO_2cf505e7_beb5_4338_91ab_8a0e76f2d48b_1503940114142_6"},{"key":"?d","val":"VO_2cf505e7_beb5_4338_91ab_8a0e76f2d48b_1503940114142_8"},{"key":"?originFullAddress","val":"2790 Truxton Road, Suite 130, San Diego, CA 92106"}]}]},{"query":"?- ?t:AE#Travelling, ?t[AE#hasOrigin->?d], ?d[AE#hasStreet->?s], ?s[label->?originStreetName], ?d[AE#hasCity->?c], ?c[label->?originCity], ?d[AE#hasState->?st], ?st[label->?originState], ?d[AE#hasZipcode->?originZipCode].","resultList":[{"result":[{"key":"?t","val":"VO_2cf505e7_beb5_4338_91ab_8a0e76f2d48b_1503940114142_7"},{"key":"?d","val":"VO_2cf505e7_beb5_4338_91ab_8a0e76f2d48b_1503940114142_3"},{"key":"?s","val":"NO_396c7b42_164d_4611_bcfe_66e39a7dcb54_1503940128039_id3"},{"key":"?originStreetName","val":"3343 43rd St"},{"key":"?c","val":"NO_396c7b42_164d_4611_bcfe_66e39a7dcb54_1503940128039_id9"},{"key":"?originCity","val":"San Diego"},{"key":"?st","val":"NO_396c7b42_164d_4611_bcfe_66e39a7dcb54_1503940128039_id11"},{"key":"?originState","val":"CA"},{"key":"?originZipCode","val":"92105"}]},{"result":[{"key":"?t","val":"VO_2cf505e7_beb5_4338_91ab_8a0e76f2d48b_1503940114142_6"},{"key":"?d","val":"VO_2cf505e7_beb5_4338_91ab_8a0e76f2d48b_1503940114142_8"},{"key":"?s","val":"NO_d26926f8_1df9_4e6f_bd18_7f4ee41cad14_1503940123943_id5"},{"key":"?originStreetName","val":"2790 Truxton Road"},{"key":"?c","val":"NO_d26926f8_1df9_4e6f_bd18_7f4ee41cad14_1503940123943_id11"},{"key":"?originCity","val":"San Diego"},{"key":"?st","val":"NO_d26926f8_1df9_4e6f_bd18_7f4ee41cad14_1503940123943_id13"},{"key":"?originState","val":"CA"},{"key":"?originZipCode","val":"92106"}]}]},{"query":"?- ?t:AE#Travelling, ?t[AE#hasPath->?p], ?p[AE#hasStartRegion->?s], ?s[AE#hasLatitude->?originLatitude], ?s[AE#hasLongitude->?originLongitude].","resultList":[{"result":[{"key":"?t","val":"VO_2cf505e7_beb5_4338_91ab_8a0e76f2d48b_1503940114142_6"},{"key":"?p","val":"ES_638ee936_e406_497c_8b5b_fe03796e7210_1503940140815_4"},{"key":"?s","val":"ES_638ee936_e406_497c_8b5b_fe03796e7210_1503940140815_3"},{"key":"?originLatitude","val":"32.74051839275188058309140615165233612060546875"},{"key":"?originLongitude","val":"-117.2130215001728856805129908025264739990234375"}]}]},{"query":"?- ?t:AE#Travelling, ?t[AE#hasPath->?p], ?p[AE#hasEndRegion->?e], ?e[AE#hasLatitude->?destinationLatitude], ?e[AE#hasLongitude->?destinationLongitude].","resultList":[{"result":[{"key":"?t","val":"VO_2cf505e7_beb5_4338_91ab_8a0e76f2d48b_1503940114142_6"},{"key":"?p","val":"ES_638ee936_e406_497c_8b5b_fe03796e7210_1503940140815_4"},{"key":"?e","val":"ES_638ee936_e406_497c_8b5b_fe03796e7210_1503940140815_1"},{"key":"?destinationLatitude","val":"32.7494972000000643674866296350955963134765625"},{"key":"?destinationLongitude","val":"-117.1046149000000013984390534460544586181640625"}]}]}]}
