{"dataList":[{"query":"?- ?v:AE#VATravelVoucher, ?v[AE#hasVoucherClaimant->?c], ?c[AE#hasName->?cn], ?cn[label->?claimantFullName].","resultList":[{"result":[{"key":"?v","val":"VO_245d9224_023d_421f_bf2f_299b27de1d7b_1503939290183_0"},{"key":"?c","val":"VO_245d9224_023d_421f_bf2f_299b27de1d7b_1503939290183_2"},{"key":"?cn","val":"NO_8ac47d3a_6bd1_41a7_8122_ff19a5308967_1503939297888_0"},{"key":"?claimantFullName","val":"Charles D. Livsey"}]},{"result":[{"key":"?v","val":"VO_245d9224_023d_421f_bf2f_299b27de1d7b_1503939290183_0"},{"key":"?c","val":"VO_245d9224_023d_421f_bf2f_299b27de1d7b_1503939290183_2"},{"key":"?cn","val":"VO_245d9224_023d_421f_bf2f_299b27de1d7b_1503939290183_1"},{"key":"?claimantFullName","val":"Charles D. Livsey"}]}]},{"query":"?- ?v:AE#VATravelVoucher, ?v[AE#hasVoucherClaimant->?c], ?c[AE#hasName->?cn], ?cn[AE#hasFirstName->?claimantFirstName].","resultList":[{"result":[{"key":"?v","val":"VO_245d9224_023d_421f_bf2f_299b27de1d7b_1503939290183_0"},{"key":"?c","val":"VO_245d9224_023d_421f_bf2f_299b27de1d7b_1503939290183_2"},{"key":"?cn","val":"NO_8ac47d3a_6bd1_41a7_8122_ff19a5308967_1503939297888_0"},{"key":"?claimantFirstName","val":"charles"}]}]},{"query":"?- ?v:AE#VATravelVoucher, ?v[AE#hasVoucherClaimant->?c], ?c[AE#hasName->?cn], ?cn[AE#hasLastName->?claimantLastName].","resultList":[{"result":[{"key":"?v","val":"VO_245d9224_023d_421f_bf2f_299b27de1d7b_1503939290183_0"},{"key":"?c","val":"VO_245d9224_023d_421f_bf2f_299b27de1d7b_1503939290183_2"},{"key":"?cn","val":"NO_8ac47d3a_6bd1_41a7_8122_ff19a5308967_1503939297888_0"},{"key":"?claimantLastName","val":"livsey"}]}]},{"query":"?- ?v:AE#VATravelVoucher, ?v[AE#hasVoucherClaimant->?c], ?c[AE#hasSocialSecurityNumber->?s], ?s[label->?claimantSsn].","resultList":[{"result":[{"key":"?v","val":"VO_245d9224_023d_421f_bf2f_299b27de1d7b_1503939290183_0"},{"key":"?c","val":"VO_245d9224_023d_421f_bf2f_299b27de1d7b_1503939290183_2"},{"key":"?s","val":"VO_245d9224_023d_421f_bf2f_299b27de1d7b_1503939290183_12"},{"key":"?claimantSsn","val":"981-89-3613"}]}]},{"query":"?- ?v:AE#VATravelVoucher, ?v[AE#hasVoucherClaimant->?c], ?c[AE#hasLiens->?claimantHasLiens].","resultList":[{"result":[{"key":"?v","val":"VO_245d9224_023d_421f_bf2f_299b27de1d7b_1503939290183_0"},{"key":"?c","val":"VO_245d9224_023d_421f_bf2f_299b27de1d7b_1503939290183_2"},{"key":"?claimantHasLiens","val":"AE#NoLienReport"}]}]},{"query":"?- ?v:AE#VATravelVoucher, ?v[AE#hasVoucherClaimant->?c], ?c[AE#hasDeclaredBankruptcy->?claimantHasDeclaredBankruptcy].","resultList":[{"result":[{"key":"?v","val":"VO_245d9224_023d_421f_bf2f_299b27de1d7b_1503939290183_0"},{"key":"?c","val":"VO_245d9224_023d_421f_bf2f_299b27de1d7b_1503939290183_2"},{"key":"?claimantHasDeclaredBankruptcy","val":"AE#NoBankruptcyReport"}]}]},{"query":"?- ?v:AE#VATravelVoucher, ?v[AE#hasVoucherClaimant->?c], ?c[AE#hasArrestRecord->?claimantHasArrestRecord].","resultList":[{"result":[{"key":"?v","val":"VO_245d9224_023d_421f_bf2f_299b27de1d7b_1503939290183_0"},{"key":"?c","val":"VO_245d9224_023d_421f_bf2f_299b27de1d7b_1503939290183_2"},{"key":"?claimantHasArrestRecord","val":"AE#NoArrestRecord"}]}]},{"query":"?- ?v:AE#VATravelVoucher, ?v[AE#hasVoucherClaimant->?c], ?c[AE#hasCriminalRecord->?claimantHasCriminalRecord].","resultList":[{"result":[{"key":"?v","val":"VO_245d9224_023d_421f_bf2f_299b27de1d7b_1503939290183_0"},{"key":"?c","val":"VO_245d9224_023d_421f_bf2f_299b27de1d7b_1503939290183_2"},{"key":"?claimantHasCriminalRecord","val":"AE#NoCriminalRecord"}]}]},{"query":"?- ?v:AE#VATravelVoucher, ?v[AE#hasVoucherBeneficiary->?b], ?b[AE#hasName->?cn], ?cn[label->?beneficiaryFullName].","resultList":[{"result":[{"key":"?v","val":"VO_245d9224_023d_421f_bf2f_299b27de1d7b_1503939290183_0"},{"key":"?b","val":"VO_245d9224_023d_421f_bf2f_299b27de1d7b_1503939290183_11"},{"key":"?cn","val":"VO_245d9224_023d_421f_bf2f_299b27de1d7b_1503939290183_10"},{"key":"?beneficiaryFullName","val":"Charles D. Livsey"}]},{"result":[{"key":"?v","val":"VO_245d9224_023d_421f_bf2f_299b27de1d7b_1503939290183_0"},{"key":"?b","val":"VO_245d9224_023d_421f_bf2f_299b27de1d7b_1503939290183_11"},{"key":"?cn","val":"NO_076ac394_4c5e_4c89_9e25_d8f3f9a55a97_1503939295919_0"},{"key":"?beneficiaryFullName","val":"Charles D. Livsey"}]}]},{"query":"?- ?v:AE#VATravelVoucher, ?v[AE#hasVoucherBeneficiary->?b], ?b[AE#hasName->?cn], ?cn[AE#hasFirstName->?beneficiaryFirstName].","resultList":[{"result":[{"key":"?v","val":"VO_245d9224_023d_421f_bf2f_299b27de1d7b_1503939290183_0"},{"key":"?b","val":"VO_245d9224_023d_421f_bf2f_299b27de1d7b_1503939290183_11"},{"key":"?cn","val":"NO_076ac394_4c5e_4c89_9e25_d8f3f9a55a97_1503939295919_0"},{"key":"?beneficiaryFirstName","val":"charles"}]}]},{"query":"?- ?v:AE#VATravelVoucher, ?v[AE#hasVoucherBeneficiary->?b], ?b[AE#hasName->?cn], ?cn[AE#hasLastName->?beneficiaryLastName].","resultList":[{"result":[{"key":"?v","val":"VO_245d9224_023d_421f_bf2f_299b27de1d7b_1503939290183_0"},{"key":"?b","val":"VO_245d9224_023d_421f_bf2f_299b27de1d7b_1503939290183_11"},{"key":"?cn","val":"NO_076ac394_4c5e_4c89_9e25_d8f3f9a55a97_1503939295919_0"},{"key":"?beneficiaryLastName","val":"livsey"}]}]},{"query":"?- ?v:AE#VATravelVoucher, ?v[AE#hasVoucherBeneficiary->?b], ?b[AE#hasSocialSecurityNumber->?s], ?s[label->?beneficiarySsn].","resultList":[{"result":[{"key":"?v","val":"VO_245d9224_023d_421f_bf2f_299b27de1d7b_1503939290183_0"},{"key":"?b","val":"VO_245d9224_023d_421f_bf2f_299b27de1d7b_1503939290183_11"},{"key":"?s","val":"VO_245d9224_023d_421f_bf2f_299b27de1d7b_1503939290183_9"},{"key":"?beneficiarySsn","val":"981-89-3613"}]}]},{"query":"?- ?v:AE#VATravelVoucher, ?v[AE#hasVoucherBeneficiary->?b], ?b[AE#hasLiens->?beneficiaryHasLiens].","resultList":[{"result":[{"key":"?v","val":"VO_245d9224_023d_421f_bf2f_299b27de1d7b_1503939290183_0"},{"key":"?b","val":"VO_245d9224_023d_421f_bf2f_299b27de1d7b_1503939290183_11"},{"key":"?beneficiaryHasLiens","val":"AE#NoLienReport"}]}]},{"query":"?- ?v:AE#VATravelVoucher, ?v[AE#hasVoucherBeneficiary->?b], ?b[AE#hasDeclaredBankruptcy->?beneficiaryHasDeclaredBankruptcy].","resultList":[{"result":[{"key":"?v","val":"VO_245d9224_023d_421f_bf2f_299b27de1d7b_1503939290183_0"},{"key":"?b","val":"VO_245d9224_023d_421f_bf2f_299b27de1d7b_1503939290183_11"},{"key":"?beneficiaryHasDeclaredBankruptcy","val":"AE#NoBankruptcyReport"}]}]},{"query":"?- ?v:AE#VATravelVoucher, ?v[AE#hasVoucherBeneficiary->?b], ?b[AE#hasArrestRecord->?beneficiaryHasArrestRecord].","resultList":[{"result":[{"key":"?v","val":"VO_245d9224_023d_421f_bf2f_299b27de1d7b_1503939290183_0"},{"key":"?b","val":"VO_245d9224_023d_421f_bf2f_299b27de1d7b_1503939290183_11"},{"key":"?beneficiaryHasArrestRecord","val":"AE#NoArrestRecord"}]}]},{"query":"?- ?v:AE#VATravelVoucher, ?v[AE#hasVoucherBeneficiary->?b], ?b[AE#hasCriminalRecord->?beneficiaryHasCriminalRecord].","resultList":[{"result":[{"key":"?v","val":"VO_245d9224_023d_421f_bf2f_299b27de1d7b_1503939290183_0"},{"key":"?b","val":"VO_245d9224_023d_421f_bf2f_299b27de1d7b_1503939290183_11"},{"key":"?beneficiaryHasCriminalRecord","val":"AE#NoCriminalRecord"}]}]},{"query":"?- ?t:AE#Travelling, ?t[AE#hasPath->?p], ?p[AE#hasDistance->?d], ?d[AE#numericValue->?expectedDistanceValue], ?d[AE#hasUnitOfMeasure->?unitOfDistanceMeasure].","resultList":[{"result":[{"key":"?t","val":"VO_245d9224_023d_421f_bf2f_299b27de1d7b_1503939290183_6"},{"key":"?p","val":"ES_1c95267b_970c_4d00_b4cf_4ce9dfaaed85_1503939319605_4"},{"key":"?d","val":"ES_1c95267b_970c_4d00_b4cf_4ce9dfaaed85_1503939319605_0"},{"key":"?expectedDistanceValue","val":"21299.5785010429899557493627071380615234375"},{"key":"?unitOfDistanceMeasure","val":"meters"}]}]},{"query":"?- ?t:AE#Travelling, ?t[AE#hasPath->?p], ?p[AE#hasExpectedTravelTime->?d], ?d[AE#numericValue->?expectedTimeValue], ?d[AE#hasUnitOfMeasure->?unitOfTimeMeasure].","resultList":[{"result":[{"key":"?t","val":"VO_245d9224_023d_421f_bf2f_299b27de1d7b_1503939290183_6"},{"key":"?p","val":"ES_1c95267b_970c_4d00_b4cf_4ce9dfaaed85_1503939319605_4"},{"key":"?d","val":"ES_1c95267b_970c_4d00_b4cf_4ce9dfaaed85_1503939319605_2"},{"key":"?expectedTimeValue","val":"17.978996973834000527858734130859375"},{"key":"?unitOfTimeMeasure","val":"minutes"}]}]},{"query":"?- ?t:AE#Travelling, ?t[AE#hasDestination->?d], ?d[label->?destinationFullAddress].","resultList":[{"result":[{"key":"?t","val":"VO_245d9224_023d_421f_bf2f_299b27de1d7b_1503939290183_7"},{"key":"?d","val":"VO_245d9224_023d_421f_bf2f_299b27de1d7b_1503939290183_8"},{"key":"?destinationFullAddress","val":"2790 Truxton Road, Suite 130, San Diego, CA 92106"}]},{"result":[{"key":"?t","val":"VO_245d9224_023d_421f_bf2f_299b27de1d7b_1503939290183_6"},{"key":"?d","val":"VO_245d9224_023d_421f_bf2f_299b27de1d7b_1503939290183_5"},{"key":"?destinationFullAddress","val":"218 Pineknoll Court San Diego, CA 92114"}]}]},{"query":"?- ?t:AE#Travelling, ?t[AE#hasDestination->?d], ?d[AE#hasStreet->?s], ?s[label->?destinationStreetName], ?d[AE#hasCity->?c], ?c[label->?destinationCity], ?d[AE#hasState->?st], ?st[label->?destinationState], ?d[AE#hasZipcode->?destinationZipCode].","resultList":[{"result":[{"key":"?t","val":"VO_245d9224_023d_421f_bf2f_299b27de1d7b_1503939290183_7"},{"key":"?d","val":"VO_245d9224_023d_421f_bf2f_299b27de1d7b_1503939290183_8"},{"key":"?s","val":"NO_dae14308_fb44_4bce_a374_a18b963170c3_1503939299875_id5"},{"key":"?destinationStreetName","val":"2790 Truxton Road"},{"key":"?c","val":"NO_dae14308_fb44_4bce_a374_a18b963170c3_1503939299875_id11"},{"key":"?destinationCity","val":"San Diego"},{"key":"?st","val":"NO_dae14308_fb44_4bce_a374_a18b963170c3_1503939299875_id13"},{"key":"?destinationState","val":"CA"},{"key":"?destinationZipCode","val":"92106"}]},{"result":[{"key":"?t","val":"VO_245d9224_023d_421f_bf2f_299b27de1d7b_1503939290183_6"},{"key":"?d","val":"VO_245d9224_023d_421f_bf2f_299b27de1d7b_1503939290183_5"},{"key":"?s","val":"NO_c1e7a014_701e_45f8_92d4_47dd21616ce7_1503939302036_id3"},{"key":"?destinationStreetName","val":"218 Pineknoll Court"},{"key":"?c","val":"NO_c1e7a014_701e_45f8_92d4_47dd21616ce7_1503939302036_id9"},{"key":"?destinationCity","val":"San Diego"},{"key":"?st","val":"NO_c1e7a014_701e_45f8_92d4_47dd21616ce7_1503939302036_id11"},{"key":"?destinationState","val":"CA"},{"key":"?destinationZipCode","val":"92114"}]}]},{"query":"?- ?t:AE#Travelling, ?t[AE#hasOrigin->?d], ?d[label->?originFullAddress].","resultList":[{"result":[{"key":"?t","val":"VO_245d9224_023d_421f_bf2f_299b27de1d7b_1503939290183_7"},{"key":"?d","val":"VO_245d9224_023d_421f_bf2f_299b27de1d7b_1503939290183_3"},{"key":"?originFullAddress","val":"218 Pineknoll Court San Diego, CA 92114"}]},{"result":[{"key":"?t","val":"VO_245d9224_023d_421f_bf2f_299b27de1d7b_1503939290183_6"},{"key":"?d","val":"VO_245d9224_023d_421f_bf2f_299b27de1d7b_1503939290183_8"},{"key":"?originFullAddress","val":"2790 Truxton Road, Suite 130, San Diego, CA 92106"}]}]},{"query":"?- ?t:AE#Travelling, ?t[AE#hasOrigin->?d], ?d[AE#hasStreet->?s], ?s[label->?originStreetName], ?d[AE#hasCity->?c], ?c[label->?originCity], ?d[AE#hasState->?st], ?st[label->?originState], ?d[AE#hasZipcode->?originZipCode].","resultList":[{"result":[{"key":"?t","val":"VO_245d9224_023d_421f_bf2f_299b27de1d7b_1503939290183_7"},{"key":"?d","val":"VO_245d9224_023d_421f_bf2f_299b27de1d7b_1503939290183_3"},{"key":"?s","val":"NO_c53d863d_4fbf_4bea_bdb7_6af557c43ca1_1503939304271_id3"},{"key":"?originStreetName","val":"218 Pineknoll Court"},{"key":"?c","val":"NO_c53d863d_4fbf_4bea_bdb7_6af557c43ca1_1503939304271_id9"},{"key":"?originCity","val":"San Diego"},{"key":"?st","val":"NO_c53d863d_4fbf_4bea_bdb7_6af557c43ca1_1503939304271_id11"},{"key":"?originState","val":"CA"},{"key":"?originZipCode","val":"92114"}]},{"result":[{"key":"?t","val":"VO_245d9224_023d_421f_bf2f_299b27de1d7b_1503939290183_6"},{"key":"?d","val":"VO_245d9224_023d_421f_bf2f_299b27de1d7b_1503939290183_8"},{"key":"?s","val":"NO_dae14308_fb44_4bce_a374_a18b963170c3_1503939299875_id5"},{"key":"?originStreetName","val":"2790 Truxton Road"},{"key":"?c","val":"NO_dae14308_fb44_4bce_a374_a18b963170c3_1503939299875_id11"},{"key":"?originCity","val":"San Diego"},{"key":"?st","val":"NO_dae14308_fb44_4bce_a374_a18b963170c3_1503939299875_id13"},{"key":"?originState","val":"CA"},{"key":"?originZipCode","val":"92106"}]}]},{"query":"?- ?t:AE#Travelling, ?t[AE#hasPath->?p], ?p[AE#hasStartRegion->?s], ?s[AE#hasLatitude->?originLatitude], ?s[AE#hasLongitude->?originLongitude].","resultList":[{"result":[{"key":"?t","val":"VO_245d9224_023d_421f_bf2f_299b27de1d7b_1503939290183_6"},{"key":"?p","val":"ES_1c95267b_970c_4d00_b4cf_4ce9dfaaed85_1503939319605_4"},{"key":"?s","val":"ES_1c95267b_970c_4d00_b4cf_4ce9dfaaed85_1503939319605_3"},{"key":"?originLatitude","val":"32.74051839275188058309140615165233612060546875"},{"key":"?originLongitude","val":"-117.2130215001728856805129908025264739990234375"}]}]},{"query":"?- ?t:AE#Travelling, ?t[AE#hasPath->?p], ?p[AE#hasEndRegion->?e], ?e[AE#hasLatitude->?destinationLatitude], ?e[AE#hasLongitude->?destinationLongitude].","resultList":[{"result":[{"key":"?t","val":"VO_245d9224_023d_421f_bf2f_299b27de1d7b_1503939290183_6"},{"key":"?p","val":"ES_1c95267b_970c_4d00_b4cf_4ce9dfaaed85_1503939319605_4"},{"key":"?e","val":"ES_1c95267b_970c_4d00_b4cf_4ce9dfaaed85_1503939319605_1"},{"key":"?destinationLatitude","val":"32.70333010000007334383553825318813323974609375"},{"key":"?destinationLongitude","val":"-117.0296501999999918552930466830730438232421875"}]}]}]}
