{"dataList":[{"query":"?- ?v:AE#VATravelVoucher, ?v[AE#hasVoucherClaimant->?c], ?c[AE#hasName->?cn], ?cn[label->?claimantFullName].","resultList":[{"result":[{"key":"?v","val":"VO_22fde553_4f63_43b4_8696_e30487f1a270_1503944304441_0"},{"key":"?c","val":"VO_22fde553_4f63_43b4_8696_e30487f1a270_1503944304441_2"},{"key":"?cn","val":"NO_71ca0e94_013e_43d9_9f09_d2ace54c668a_1503944313251_0"},{"key":"?claimantFullName","val":"Nino M. Stocks"}]},{"result":[{"key":"?v","val":"VO_22fde553_4f63_43b4_8696_e30487f1a270_1503944304441_0"},{"key":"?c","val":"VO_22fde553_4f63_43b4_8696_e30487f1a270_1503944304441_2"},{"key":"?cn","val":"VO_22fde553_4f63_43b4_8696_e30487f1a270_1503944304441_1"},{"key":"?claimantFullName","val":"Nino M. Stocks"}]}]},{"query":"?- ?v:AE#VATravelVoucher, ?v[AE#hasVoucherClaimant->?c], ?c[AE#hasName->?cn], ?cn[AE#hasFirstName->?claimantFirstName].","resultList":[{"result":[{"key":"?v","val":"VO_22fde553_4f63_43b4_8696_e30487f1a270_1503944304441_0"},{"key":"?c","val":"VO_22fde553_4f63_43b4_8696_e30487f1a270_1503944304441_2"},{"key":"?cn","val":"NO_71ca0e94_013e_43d9_9f09_d2ace54c668a_1503944313251_0"},{"key":"?claimantFirstName","val":"nino"}]}]},{"query":"?- ?v:AE#VATravelVoucher, ?v[AE#hasVoucherClaimant->?c], ?c[AE#hasName->?cn], ?cn[AE#hasLastName->?claimantLastName].","resultList":[{"result":[{"key":"?v","val":"VO_22fde553_4f63_43b4_8696_e30487f1a270_1503944304441_0"},{"key":"?c","val":"VO_22fde553_4f63_43b4_8696_e30487f1a270_1503944304441_2"},{"key":"?cn","val":"NO_71ca0e94_013e_43d9_9f09_d2ace54c668a_1503944313251_0"},{"key":"?claimantLastName","val":"stocks"}]}]},{"query":"?- ?v:AE#VATravelVoucher, ?v[AE#hasVoucherClaimant->?c], ?c[AE#hasSocialSecurityNumber->?s], ?s[label->?claimantSsn].","resultList":[{"result":[{"key":"?v","val":"VO_22fde553_4f63_43b4_8696_e30487f1a270_1503944304441_0"},{"key":"?c","val":"VO_22fde553_4f63_43b4_8696_e30487f1a270_1503944304441_2"},{"key":"?s","val":"VO_22fde553_4f63_43b4_8696_e30487f1a270_1503944304441_12"},{"key":"?claimantSsn","val":"665-53-2074"}]}]},{"query":"?- ?v:AE#VATravelVoucher, ?v[AE#hasVoucherClaimant->?c], ?c[AE#hasLiens->?claimantHasLiens].","resultList":[{"result":[{"key":"?v","val":"VO_22fde553_4f63_43b4_8696_e30487f1a270_1503944304441_0"},{"key":"?c","val":"VO_22fde553_4f63_43b4_8696_e30487f1a270_1503944304441_2"},{"key":"?claimantHasLiens","val":"AE#NoLienReport"}]}]},{"query":"?- ?v:AE#VATravelVoucher, ?v[AE#hasVoucherClaimant->?c], ?c[AE#hasDeclaredBankruptcy->?claimantHasDeclaredBankruptcy].","resultList":[{"result":[{"key":"?v","val":"VO_22fde553_4f63_43b4_8696_e30487f1a270_1503944304441_0"},{"key":"?c","val":"VO_22fde553_4f63_43b4_8696_e30487f1a270_1503944304441_2"},{"key":"?claimantHasDeclaredBankruptcy","val":"AE#NoBankruptcyReport"}]}]},{"query":"?- ?v:AE#VATravelVoucher, ?v[AE#hasVoucherClaimant->?c], ?c[AE#hasArrestRecord->?claimantHasArrestRecord].","resultList":[{"result":[{"key":"?v","val":"VO_22fde553_4f63_43b4_8696_e30487f1a270_1503944304441_0"},{"key":"?c","val":"VO_22fde553_4f63_43b4_8696_e30487f1a270_1503944304441_2"},{"key":"?claimantHasArrestRecord","val":"AE#NoArrestRecord"}]}]},{"query":"?- ?v:AE#VATravelVoucher, ?v[AE#hasVoucherClaimant->?c], ?c[AE#hasCriminalRecord->?claimantHasCriminalRecord].","resultList":[{"result":[{"key":"?v","val":"VO_22fde553_4f63_43b4_8696_e30487f1a270_1503944304441_0"},{"key":"?c","val":"VO_22fde553_4f63_43b4_8696_e30487f1a270_1503944304441_2"},{"key":"?claimantHasCriminalRecord","val":"AE#NoCriminalRecord"}]}]},{"query":"?- ?v:AE#VATravelVoucher, ?v[AE#hasVoucherBeneficiary->?b], ?b[AE#hasName->?cn], ?cn[label->?beneficiaryFullName].","resultList":[{"result":[{"key":"?v","val":"VO_22fde553_4f63_43b4_8696_e30487f1a270_1503944304441_0"},{"key":"?b","val":"VO_22fde553_4f63_43b4_8696_e30487f1a270_1503944304441_11"},{"key":"?cn","val":"VO_22fde553_4f63_43b4_8696_e30487f1a270_1503944304441_10"},{"key":"?beneficiaryFullName","val":"Mimi H. Heslop"}]},{"result":[{"key":"?v","val":"VO_22fde553_4f63_43b4_8696_e30487f1a270_1503944304441_0"},{"key":"?b","val":"VO_22fde553_4f63_43b4_8696_e30487f1a270_1503944304441_11"},{"key":"?cn","val":"NO_4a90f3c6_773f_4d76_84cb_7247c5bd4680_1503944310903_0"},{"key":"?beneficiaryFullName","val":"Mimi H. Heslop"}]}]},{"query":"?- ?v:AE#VATravelVoucher, ?v[AE#hasVoucherBeneficiary->?b], ?b[AE#hasName->?cn], ?cn[AE#hasFirstName->?beneficiaryFirstName].","resultList":[{"result":[{"key":"?v","val":"VO_22fde553_4f63_43b4_8696_e30487f1a270_1503944304441_0"},{"key":"?b","val":"VO_22fde553_4f63_43b4_8696_e30487f1a270_1503944304441_11"},{"key":"?cn","val":"NO_4a90f3c6_773f_4d76_84cb_7247c5bd4680_1503944310903_0"},{"key":"?beneficiaryFirstName","val":"mimi"}]}]},{"query":"?- ?v:AE#VATravelVoucher, ?v[AE#hasVoucherBeneficiary->?b], ?b[AE#hasName->?cn], ?cn[AE#hasLastName->?beneficiaryLastName].","resultList":[{"result":[{"key":"?v","val":"VO_22fde553_4f63_43b4_8696_e30487f1a270_1503944304441_0"},{"key":"?b","val":"VO_22fde553_4f63_43b4_8696_e30487f1a270_1503944304441_11"},{"key":"?cn","val":"NO_4a90f3c6_773f_4d76_84cb_7247c5bd4680_1503944310903_0"},{"key":"?beneficiaryLastName","val":"heslop"}]}]},{"query":"?- ?v:AE#VATravelVoucher, ?v[AE#hasVoucherBeneficiary->?b], ?b[AE#hasSocialSecurityNumber->?s], ?s[label->?beneficiarySsn].","resultList":[{"result":[{"key":"?v","val":"VO_22fde553_4f63_43b4_8696_e30487f1a270_1503944304441_0"},{"key":"?b","val":"VO_22fde553_4f63_43b4_8696_e30487f1a270_1503944304441_11"},{"key":"?s","val":"VO_22fde553_4f63_43b4_8696_e30487f1a270_1503944304441_9"},{"key":"?beneficiarySsn","val":"232-35-8532"}]}]},{"query":"?- ?v:AE#VATravelVoucher, ?v[AE#hasVoucherBeneficiary->?b], ?b[AE#hasLiens->?beneficiaryHasLiens].","resultList":[{"result":[{"key":"?v","val":"VO_22fde553_4f63_43b4_8696_e30487f1a270_1503944304441_0"},{"key":"?b","val":"VO_22fde553_4f63_43b4_8696_e30487f1a270_1503944304441_11"},{"key":"?beneficiaryHasLiens","val":"AE#NoLienReport"}]}]},{"query":"?- ?v:AE#VATravelVoucher, ?v[AE#hasVoucherBeneficiary->?b], ?b[AE#hasDeclaredBankruptcy->?beneficiaryHasDeclaredBankruptcy].","resultList":[{"result":[{"key":"?v","val":"VO_22fde553_4f63_43b4_8696_e30487f1a270_1503944304441_0"},{"key":"?b","val":"VO_22fde553_4f63_43b4_8696_e30487f1a270_1503944304441_11"},{"key":"?beneficiaryHasDeclaredBankruptcy","val":"AE#NoBankruptcyReport"}]}]},{"query":"?- ?v:AE#VATravelVoucher, ?v[AE#hasVoucherBeneficiary->?b], ?b[AE#hasArrestRecord->?beneficiaryHasArrestRecord].","resultList":[{"result":[{"key":"?v","val":"VO_22fde553_4f63_43b4_8696_e30487f1a270_1503944304441_0"},{"key":"?b","val":"VO_22fde553_4f63_43b4_8696_e30487f1a270_1503944304441_11"},{"key":"?beneficiaryHasArrestRecord","val":"AE#NoArrestRecord"}]}]},{"query":"?- ?v:AE#VATravelVoucher, ?v[AE#hasVoucherBeneficiary->?b], ?b[AE#hasCriminalRecord->?beneficiaryHasCriminalRecord].","resultList":[{"result":[{"key":"?v","val":"VO_22fde553_4f63_43b4_8696_e30487f1a270_1503944304441_0"},{"key":"?b","val":"VO_22fde553_4f63_43b4_8696_e30487f1a270_1503944304441_11"},{"key":"?beneficiaryHasCriminalRecord","val":"AE#NoCriminalRecord"}]}]},{"query":"?- ?t:AE#Travelling, ?t[AE#hasPath->?p], ?p[AE#hasDistance->?d], ?d[AE#numericValue->?expectedDistanceValue], ?d[AE#hasUnitOfMeasure->?unitOfDistanceMeasure].","resultList":[{"result":[{"key":"?t","val":"VO_22fde553_4f63_43b4_8696_e30487f1a270_1503944304441_6"},{"key":"?p","val":"ES_8bff8c62_a62d_4c74_acb4_87a2f2f11fc2_1503944336440_4"},{"key":"?d","val":"ES_8bff8c62_a62d_4c74_acb4_87a2f2f11fc2_1503944336440_0"},{"key":"?expectedDistanceValue","val":"20280.4003677915898151695728302001953125"},{"key":"?unitOfDistanceMeasure","val":"meters"}]}]},{"query":"?- ?t:AE#Travelling, ?t[AE#hasPath->?p], ?p[AE#hasExpectedTravelTime->?d], ?d[AE#numericValue->?expectedTimeValue], ?d[AE#hasUnitOfMeasure->?unitOfTimeMeasure].","resultList":[{"result":[{"key":"?t","val":"VO_22fde553_4f63_43b4_8696_e30487f1a270_1503944304441_6"},{"key":"?p","val":"ES_8bff8c62_a62d_4c74_acb4_87a2f2f11fc2_1503944336440_4"},{"key":"?d","val":"ES_8bff8c62_a62d_4c74_acb4_87a2f2f11fc2_1503944336440_2"},{"key":"?expectedTimeValue","val":"15.09631057851947844028472900390625"},{"key":"?unitOfTimeMeasure","val":"minutes"}]}]},{"query":"?- ?t:AE#Travelling, ?t[AE#hasDestination->?d], ?d[label->?destinationFullAddress].","resultList":[{"result":[{"key":"?t","val":"VO_22fde553_4f63_43b4_8696_e30487f1a270_1503944304441_7"},{"key":"?d","val":"VO_22fde553_4f63_43b4_8696_e30487f1a270_1503944304441_8"},{"key":"?destinationFullAddress","val":"2790 Truxton Road, Suite 130, San Diego, CA 92106"}]},{"result":[{"key":"?t","val":"VO_22fde553_4f63_43b4_8696_e30487f1a270_1503944304441_6"},{"key":"?d","val":"VO_22fde553_4f63_43b4_8696_e30487f1a270_1503944304441_5"},{"key":"?destinationFullAddress","val":"278 Mountainview Drive San Diego, CA 92126"}]}]},{"query":"?- ?t:AE#Travelling, ?t[AE#hasDestination->?d], ?d[AE#hasStreet->?s], ?s[label->?destinationStreetName], ?d[AE#hasCity->?c], ?c[label->?destinationCity], ?d[AE#hasState->?st], ?st[label->?destinationState], ?d[AE#hasZipcode->?destinationZipCode].","resultList":[{"result":[{"key":"?t","val":"VO_22fde553_4f63_43b4_8696_e30487f1a270_1503944304441_7"},{"key":"?d","val":"VO_22fde553_4f63_43b4_8696_e30487f1a270_1503944304441_8"},{"key":"?s","val":"NO_d3b9a4c3_22a4_4b60_836a_078ccd9577b8_1503944315509_id5"},{"key":"?destinationStreetName","val":"2790 Truxton Road"},{"key":"?c","val":"NO_d3b9a4c3_22a4_4b60_836a_078ccd9577b8_1503944315509_id11"},{"key":"?destinationCity","val":"San Diego"},{"key":"?st","val":"NO_d3b9a4c3_22a4_4b60_836a_078ccd9577b8_1503944315509_id13"},{"key":"?destinationState","val":"CA"},{"key":"?destinationZipCode","val":"92106"}]},{"result":[{"key":"?t","val":"VO_22fde553_4f63_43b4_8696_e30487f1a270_1503944304441_6"},{"key":"?d","val":"VO_22fde553_4f63_43b4_8696_e30487f1a270_1503944304441_5"},{"key":"?s","val":"NO_ad45d62e_5ea8_44f6_abba_f1520c2db475_1503944317823_id3"},{"key":"?destinationStreetName","val":"278 Mountainview Drive"},{"key":"?c","val":"NO_ad45d62e_5ea8_44f6_abba_f1520c2db475_1503944317823_id9"},{"key":"?destinationCity","val":"San Diego"},{"key":"?st","val":"NO_ad45d62e_5ea8_44f6_abba_f1520c2db475_1503944317823_id11"},{"key":"?destinationState","val":"CA"},{"key":"?destinationZipCode","val":"92126"}]}]},{"query":"?- ?t:AE#Travelling, ?t[AE#hasOrigin->?d], ?d[label->?originFullAddress].","resultList":[{"result":[{"key":"?t","val":"VO_22fde553_4f63_43b4_8696_e30487f1a270_1503944304441_7"},{"key":"?d","val":"VO_22fde553_4f63_43b4_8696_e30487f1a270_1503944304441_3"},{"key":"?originFullAddress","val":"1142 Manchester St, National City, CA 91950"}]},{"result":[{"key":"?t","val":"VO_22fde553_4f63_43b4_8696_e30487f1a270_1503944304441_6"},{"key":"?d","val":"VO_22fde553_4f63_43b4_8696_e30487f1a270_1503944304441_8"},{"key":"?originFullAddress","val":"2790 Truxton Road, Suite 130, San Diego, CA 92106"}]}]},{"query":"?- ?t:AE#Travelling, ?t[AE#hasOrigin->?d], ?d[AE#hasStreet->?s], ?s[label->?originStreetName], ?d[AE#hasCity->?c], ?c[label->?originCity], ?d[AE#hasState->?st], ?st[label->?originState], ?d[AE#hasZipcode->?originZipCode].","resultList":[{"result":[{"key":"?t","val":"VO_22fde553_4f63_43b4_8696_e30487f1a270_1503944304441_7"},{"key":"?d","val":"VO_22fde553_4f63_43b4_8696_e30487f1a270_1503944304441_3"},{"key":"?s","val":"NO_7d5ffc03_3fb9_405a_9960_148141d8b8a0_1503944320528_id3"},{"key":"?originStreetName","val":"1142 Manchester St"},{"key":"?c","val":"NO_7d5ffc03_3fb9_405a_9960_148141d8b8a0_1503944320528_id9"},{"key":"?originCity","val":"National City"},{"key":"?st","val":"NO_7d5ffc03_3fb9_405a_9960_148141d8b8a0_1503944320528_id11"},{"key":"?originState","val":"CA"},{"key":"?originZipCode","val":"91950"}]},{"result":[{"key":"?t","val":"VO_22fde553_4f63_43b4_8696_e30487f1a270_1503944304441_6"},{"key":"?d","val":"VO_22fde553_4f63_43b4_8696_e30487f1a270_1503944304441_8"},{"key":"?s","val":"NO_d3b9a4c3_22a4_4b60_836a_078ccd9577b8_1503944315509_id5"},{"key":"?originStreetName","val":"2790 Truxton Road"},{"key":"?c","val":"NO_d3b9a4c3_22a4_4b60_836a_078ccd9577b8_1503944315509_id11"},{"key":"?originCity","val":"San Diego"},{"key":"?st","val":"NO_d3b9a4c3_22a4_4b60_836a_078ccd9577b8_1503944315509_id13"},{"key":"?originState","val":"CA"},{"key":"?originZipCode","val":"92106"}]}]},{"query":"?- ?t:AE#Travelling, ?t[AE#hasPath->?p], ?p[AE#hasStartRegion->?s], ?s[AE#hasLatitude->?originLatitude], ?s[AE#hasLongitude->?originLongitude].","resultList":[{"result":[{"key":"?t","val":"VO_22fde553_4f63_43b4_8696_e30487f1a270_1503944304441_6"},{"key":"?p","val":"ES_8bff8c62_a62d_4c74_acb4_87a2f2f11fc2_1503944336440_4"},{"key":"?s","val":"ES_8bff8c62_a62d_4c74_acb4_87a2f2f11fc2_1503944336440_3"},{"key":"?originLatitude","val":"32.74051839275188058309140615165233612060546875"},{"key":"?originLongitude","val":"-117.2130215001728856805129908025264739990234375"}]}]},{"query":"?- ?t:AE#Travelling, ?t[AE#hasPath->?p], ?p[AE#hasEndRegion->?e], ?e[AE#hasLatitude->?destinationLatitude], ?e[AE#hasLongitude->?destinationLongitude].","resultList":[{"result":[{"key":"?t","val":"VO_22fde553_4f63_43b4_8696_e30487f1a270_1503944304441_6"},{"key":"?p","val":"ES_8bff8c62_a62d_4c74_acb4_87a2f2f11fc2_1503944336440_4"},{"key":"?e","val":"ES_8bff8c62_a62d_4c74_acb4_87a2f2f11fc2_1503944336440_1"},{"key":"?destinationLatitude","val":"32.6483734927119115809546201489865779876708984375"},{"key":"?destinationLongitude","val":"-117.079831109999389582299045287072658538818359375"}]}]}]}
