{"dataList":[{"query":"?- ?v:AE#VATravelVoucher, ?v[AE#hasVoucherClaimant->?c], ?c[AE#hasName->?cn], ?cn[label->?claimantFullName].","resultList":[{"result":[{"key":"?v","val":"VO_28f5dadb_49ed_4142_bada_03c815898262_1503943227114_0"},{"key":"?c","val":"VO_28f5dadb_49ed_4142_bada_03c815898262_1503943227114_2"},{"key":"?cn","val":"VO_28f5dadb_49ed_4142_bada_03c815898262_1503943227114_1"},{"key":"?claimantFullName","val":"Dennis Jason Gosling"}]},{"result":[{"key":"?v","val":"VO_28f5dadb_49ed_4142_bada_03c815898262_1503943227114_0"},{"key":"?c","val":"VO_28f5dadb_49ed_4142_bada_03c815898262_1503943227114_2"},{"key":"?cn","val":"NO_17e1b06e_2ae2_415a_a820_bd6e75ee2442_1503943234523_0"},{"key":"?claimantFullName","val":"Dennis Jason"}]}]},{"query":"?- ?v:AE#VATravelVoucher, ?v[AE#hasVoucherClaimant->?c], ?c[AE#hasName->?cn], ?cn[AE#hasFirstName->?claimantFirstName].","resultList":[{"result":[{"key":"?v","val":"VO_28f5dadb_49ed_4142_bada_03c815898262_1503943227114_0"},{"key":"?c","val":"VO_28f5dadb_49ed_4142_bada_03c815898262_1503943227114_2"},{"key":"?cn","val":"NO_17e1b06e_2ae2_415a_a820_bd6e75ee2442_1503943234523_0"},{"key":"?claimantFirstName","val":"dennis"}]}]},{"query":"?- ?v:AE#VATravelVoucher, ?v[AE#hasVoucherClaimant->?c], ?c[AE#hasName->?cn], ?cn[AE#hasLastName->?claimantLastName].","resultList":[{"result":[{"key":"?v","val":"VO_28f5dadb_49ed_4142_bada_03c815898262_1503943227114_0"},{"key":"?c","val":"VO_28f5dadb_49ed_4142_bada_03c815898262_1503943227114_2"},{"key":"?cn","val":"NO_17e1b06e_2ae2_415a_a820_bd6e75ee2442_1503943234523_0"},{"key":"?claimantLastName","val":"jason"}]}]},{"query":"?- ?v:AE#VATravelVoucher, ?v[AE#hasVoucherClaimant->?c], ?c[AE#hasSocialSecurityNumber->?s], ?s[label->?claimantSsn].","resultList":[{"result":[{"key":"?v","val":"VO_28f5dadb_49ed_4142_bada_03c815898262_1503943227114_0"},{"key":"?c","val":"VO_28f5dadb_49ed_4142_bada_03c815898262_1503943227114_2"},{"key":"?s","val":"VO_28f5dadb_49ed_4142_bada_03c815898262_1503943227114_12"},{"key":"?claimantSsn","val":"596-42-0179"}]}]},{"query":"?- ?v:AE#VATravelVoucher, ?v[AE#hasVoucherClaimant->?c], ?c[AE#hasLiens->?claimantHasLiens].","resultList":[{"result":[{"key":"?v","val":"VO_28f5dadb_49ed_4142_bada_03c815898262_1503943227114_0"},{"key":"?c","val":"VO_28f5dadb_49ed_4142_bada_03c815898262_1503943227114_2"},{"key":"?claimantHasLiens","val":"AE#NoLienReport"}]}]},{"query":"?- ?v:AE#VATravelVoucher, ?v[AE#hasVoucherClaimant->?c], ?c[AE#hasDeclaredBankruptcy->?claimantHasDeclaredBankruptcy].","resultList":[{"result":[{"key":"?v","val":"VO_28f5dadb_49ed_4142_bada_03c815898262_1503943227114_0"},{"key":"?c","val":"VO_28f5dadb_49ed_4142_bada_03c815898262_1503943227114_2"},{"key":"?claimantHasDeclaredBankruptcy","val":"AE#NoBankruptcyReport"}]}]},{"query":"?- ?v:AE#VATravelVoucher, ?v[AE#hasVoucherClaimant->?c], ?c[AE#hasArrestRecord->?claimantHasArrestRecord].","resultList":[{"result":[{"key":"?v","val":"VO_28f5dadb_49ed_4142_bada_03c815898262_1503943227114_0"},{"key":"?c","val":"VO_28f5dadb_49ed_4142_bada_03c815898262_1503943227114_2"},{"key":"?claimantHasArrestRecord","val":"AE#NoArrestRecord"}]}]},{"query":"?- ?v:AE#VATravelVoucher, ?v[AE#hasVoucherClaimant->?c], ?c[AE#hasCriminalRecord->?claimantHasCriminalRecord].","resultList":[{"result":[{"key":"?v","val":"VO_28f5dadb_49ed_4142_bada_03c815898262_1503943227114_0"},{"key":"?c","val":"VO_28f5dadb_49ed_4142_bada_03c815898262_1503943227114_2"},{"key":"?claimantHasCriminalRecord","val":"AE#NoCriminalRecord"}]}]},{"query":"?- ?v:AE#VATravelVoucher, ?v[AE#hasVoucherBeneficiary->?b], ?b[AE#hasName->?cn], ?cn[label->?beneficiaryFullName].","resultList":[{"result":[{"key":"?v","val":"VO_28f5dadb_49ed_4142_bada_03c815898262_1503943227114_0"},{"key":"?b","val":"VO_28f5dadb_49ed_4142_bada_03c815898262_1503943227114_11"},{"key":"?cn","val":"VO_28f5dadb_49ed_4142_bada_03c815898262_1503943227114_10"},{"key":"?beneficiaryFullName","val":"Carmella Sandra Livingstone"}]},{"result":[{"key":"?v","val":"VO_28f5dadb_49ed_4142_bada_03c815898262_1503943227114_0"},{"key":"?b","val":"VO_28f5dadb_49ed_4142_bada_03c815898262_1503943227114_11"},{"key":"?cn","val":"NO_6b0f8b41_82ba_4c53_a26a_efe08d0176a3_1503943232742_0"},{"key":"?beneficiaryFullName","val":"Carmella Sandra Livingstone"}]}]},{"query":"?- ?v:AE#VATravelVoucher, ?v[AE#hasVoucherBeneficiary->?b], ?b[AE#hasName->?cn], ?cn[AE#hasFirstName->?beneficiaryFirstName].","resultList":[{"result":[{"key":"?v","val":"VO_28f5dadb_49ed_4142_bada_03c815898262_1503943227114_0"},{"key":"?b","val":"VO_28f5dadb_49ed_4142_bada_03c815898262_1503943227114_11"},{"key":"?cn","val":"NO_6b0f8b41_82ba_4c53_a26a_efe08d0176a3_1503943232742_0"},{"key":"?beneficiaryFirstName","val":"carmella"}]}]},{"query":"?- ?v:AE#VATravelVoucher, ?v[AE#hasVoucherBeneficiary->?b], ?b[AE#hasName->?cn], ?cn[AE#hasLastName->?beneficiaryLastName].","resultList":[{"result":[{"key":"?v","val":"VO_28f5dadb_49ed_4142_bada_03c815898262_1503943227114_0"},{"key":"?b","val":"VO_28f5dadb_49ed_4142_bada_03c815898262_1503943227114_11"},{"key":"?cn","val":"NO_6b0f8b41_82ba_4c53_a26a_efe08d0176a3_1503943232742_0"},{"key":"?beneficiaryLastName","val":"livingstone"}]}]},{"query":"?- ?v:AE#VATravelVoucher, ?v[AE#hasVoucherBeneficiary->?b], ?b[AE#hasSocialSecurityNumber->?s], ?s[label->?beneficiarySsn].","resultList":[{"result":[{"key":"?v","val":"VO_28f5dadb_49ed_4142_bada_03c815898262_1503943227114_0"},{"key":"?b","val":"VO_28f5dadb_49ed_4142_bada_03c815898262_1503943227114_11"},{"key":"?s","val":"VO_28f5dadb_49ed_4142_bada_03c815898262_1503943227114_9"},{"key":"?beneficiarySsn","val":"715-68-5851"}]}]},{"query":"?- ?v:AE#VATravelVoucher, ?v[AE#hasVoucherBeneficiary->?b], ?b[AE#hasLiens->?beneficiaryHasLiens].","resultList":[{"result":[{"key":"?v","val":"VO_28f5dadb_49ed_4142_bada_03c815898262_1503943227114_0"},{"key":"?b","val":"VO_28f5dadb_49ed_4142_bada_03c815898262_1503943227114_11"},{"key":"?beneficiaryHasLiens","val":"AE#NoLienReport"}]}]},{"query":"?- ?v:AE#VATravelVoucher, ?v[AE#hasVoucherBeneficiary->?b], ?b[AE#hasDeclaredBankruptcy->?beneficiaryHasDeclaredBankruptcy].","resultList":[{"result":[{"key":"?v","val":"VO_28f5dadb_49ed_4142_bada_03c815898262_1503943227114_0"},{"key":"?b","val":"VO_28f5dadb_49ed_4142_bada_03c815898262_1503943227114_11"},{"key":"?beneficiaryHasDeclaredBankruptcy","val":"AE#NoBankruptcyReport"}]}]},{"query":"?- ?v:AE#VATravelVoucher, ?v[AE#hasVoucherBeneficiary->?b], ?b[AE#hasArrestRecord->?beneficiaryHasArrestRecord].","resultList":[{"result":[{"key":"?v","val":"VO_28f5dadb_49ed_4142_bada_03c815898262_1503943227114_0"},{"key":"?b","val":"VO_28f5dadb_49ed_4142_bada_03c815898262_1503943227114_11"},{"key":"?beneficiaryHasArrestRecord","val":"AE#NoArrestRecord"}]}]},{"query":"?- ?v:AE#VATravelVoucher, ?v[AE#hasVoucherBeneficiary->?b], ?b[AE#hasCriminalRecord->?beneficiaryHasCriminalRecord].","resultList":[{"result":[{"key":"?v","val":"VO_28f5dadb_49ed_4142_bada_03c815898262_1503943227114_0"},{"key":"?b","val":"VO_28f5dadb_49ed_4142_bada_03c815898262_1503943227114_11"},{"key":"?beneficiaryHasCriminalRecord","val":"AE#NoCriminalRecord"}]}]},{"query":"?- ?t:AE#Travelling, ?t[AE#hasPath->?p], ?p[AE#hasDistance->?d], ?d[AE#numericValue->?expectedDistanceValue], ?d[AE#hasUnitOfMeasure->?unitOfDistanceMeasure].","resultList":[{"result":[{"key":"?t","val":"VO_28f5dadb_49ed_4142_bada_03c815898262_1503943227114_6"},{"key":"?p","val":"ES_ad496cc8_7bed_4697_9702_8b692a8402a9_1503943253274_4"},{"key":"?d","val":"ES_ad496cc8_7bed_4697_9702_8b692a8402a9_1503943253274_0"},{"key":"?expectedDistanceValue","val":"14417.42587762300172471441328525543212890625"},{"key":"?unitOfDistanceMeasure","val":"meters"}]}]},{"query":"?- ?t:AE#Travelling, ?t[AE#hasPath->?p], ?p[AE#hasExpectedTravelTime->?d], ?d[AE#numericValue->?expectedTimeValue], ?d[AE#hasUnitOfMeasure->?unitOfTimeMeasure].","resultList":[{"result":[{"key":"?t","val":"VO_28f5dadb_49ed_4142_bada_03c815898262_1503943227114_6"},{"key":"?p","val":"ES_ad496cc8_7bed_4697_9702_8b692a8402a9_1503943253274_4"},{"key":"?d","val":"ES_ad496cc8_7bed_4697_9702_8b692a8402a9_1503943253274_2"},{"key":"?expectedTimeValue","val":"13.40522831655107438564300537109375"},{"key":"?unitOfTimeMeasure","val":"minutes"}]}]},{"query":"?- ?t:AE#Travelling, ?t[AE#hasDestination->?d], ?d[label->?destinationFullAddress].","resultList":[{"result":[{"key":"?t","val":"VO_28f5dadb_49ed_4142_bada_03c815898262_1503943227114_7"},{"key":"?d","val":"VO_28f5dadb_49ed_4142_bada_03c815898262_1503943227114_8"},{"key":"?destinationFullAddress","val":"2790 Truxton Road, Suite 130, San Diego, CA 92106"}]},{"result":[{"key":"?t","val":"VO_28f5dadb_49ed_4142_bada_03c815898262_1503943227114_6"},{"key":"?d","val":"VO_28f5dadb_49ed_4142_bada_03c815898262_1503943227114_5"},{"key":"?destinationFullAddress","val":"4950 Canterbury Dr San Diego, CA 92116"}]}]},{"query":"?- ?t:AE#Travelling, ?t[AE#hasDestination->?d], ?d[AE#hasStreet->?s], ?s[label->?destinationStreetName], ?d[AE#hasCity->?c], ?c[label->?destinationCity], ?d[AE#hasState->?st], ?st[label->?destinationState], ?d[AE#hasZipcode->?destinationZipCode].","resultList":[{"result":[{"key":"?t","val":"VO_28f5dadb_49ed_4142_bada_03c815898262_1503943227114_7"},{"key":"?d","val":"VO_28f5dadb_49ed_4142_bada_03c815898262_1503943227114_8"},{"key":"?s","val":"NO_aaae937a_fe7f_4f8b_af39_eb2b80e0d122_1503943236377_id5"},{"key":"?destinationStreetName","val":"2790 Truxton Road"},{"key":"?c","val":"NO_aaae937a_fe7f_4f8b_af39_eb2b80e0d122_1503943236377_id11"},{"key":"?destinationCity","val":"San Diego"},{"key":"?st","val":"NO_aaae937a_fe7f_4f8b_af39_eb2b80e0d122_1503943236377_id13"},{"key":"?destinationState","val":"CA"},{"key":"?destinationZipCode","val":"92106"}]},{"result":[{"key":"?t","val":"VO_28f5dadb_49ed_4142_bada_03c815898262_1503943227114_6"},{"key":"?d","val":"VO_28f5dadb_49ed_4142_bada_03c815898262_1503943227114_5"},{"key":"?s","val":"NO_f8bdb935_698e_4c86_b90d_a82644c86b8c_1503943238218_id3"},{"key":"?destinationStreetName","val":"4950 Canterbury Dr"},{"key":"?c","val":"NO_f8bdb935_698e_4c86_b90d_a82644c86b8c_1503943238218_id9"},{"key":"?destinationCity","val":"San Diego"},{"key":"?st","val":"NO_f8bdb935_698e_4c86_b90d_a82644c86b8c_1503943238218_id11"},{"key":"?destinationState","val":"CA"},{"key":"?destinationZipCode","val":"92116"}]}]},{"query":"?- ?t:AE#Travelling, ?t[AE#hasOrigin->?d], ?d[label->?originFullAddress].","resultList":[{"result":[{"key":"?t","val":"VO_28f5dadb_49ed_4142_bada_03c815898262_1503943227114_7"},{"key":"?d","val":"VO_28f5dadb_49ed_4142_bada_03c815898262_1503943227114_3"},{"key":"?originFullAddress","val":"668 Orange Ave. San Diego, CA 92126"}]},{"result":[{"key":"?t","val":"VO_28f5dadb_49ed_4142_bada_03c815898262_1503943227114_6"},{"key":"?d","val":"VO_28f5dadb_49ed_4142_bada_03c815898262_1503943227114_8"},{"key":"?originFullAddress","val":"2790 Truxton Road, Suite 130, San Diego, CA 92106"}]}]},{"query":"?- ?t:AE#Travelling, ?t[AE#hasOrigin->?d], ?d[AE#hasStreet->?s], ?s[label->?originStreetName], ?d[AE#hasCity->?c], ?c[label->?originCity], ?d[AE#hasState->?st], ?st[label->?originState], ?d[AE#hasZipcode->?originZipCode].","resultList":[{"result":[{"key":"?t","val":"VO_28f5dadb_49ed_4142_bada_03c815898262_1503943227114_7"},{"key":"?d","val":"VO_28f5dadb_49ed_4142_bada_03c815898262_1503943227114_3"},{"key":"?s","val":"NO_8eb8ba0c_646a_4a31_8510_74b01dbc9caa_1503943240023_id3"},{"key":"?originStreetName","val":"668 Orange Ave."},{"key":"?c","val":"NO_8eb8ba0c_646a_4a31_8510_74b01dbc9caa_1503943240023_id9"},{"key":"?originCity","val":"San Diego"},{"key":"?st","val":"NO_8eb8ba0c_646a_4a31_8510_74b01dbc9caa_1503943240023_id11"},{"key":"?originState","val":"CA"},{"key":"?originZipCode","val":"92126"}]},{"result":[{"key":"?t","val":"VO_28f5dadb_49ed_4142_bada_03c815898262_1503943227114_6"},{"key":"?d","val":"VO_28f5dadb_49ed_4142_bada_03c815898262_1503943227114_8"},{"key":"?s","val":"NO_aaae937a_fe7f_4f8b_af39_eb2b80e0d122_1503943236377_id5"},{"key":"?originStreetName","val":"2790 Truxton Road"},{"key":"?c","val":"NO_aaae937a_fe7f_4f8b_af39_eb2b80e0d122_1503943236377_id11"},{"key":"?originCity","val":"San Diego"},{"key":"?st","val":"NO_aaae937a_fe7f_4f8b_af39_eb2b80e0d122_1503943236377_id13"},{"key":"?originState","val":"CA"},{"key":"?originZipCode","val":"92106"}]}]},{"query":"?- ?t:AE#Travelling, ?t[AE#hasPath->?p], ?p[AE#hasStartRegion->?s], ?s[AE#hasLatitude->?originLatitude], ?s[AE#hasLongitude->?originLongitude].","resultList":[{"result":[{"key":"?t","val":"VO_28f5dadb_49ed_4142_bada_03c815898262_1503943227114_6"},{"key":"?p","val":"ES_ad496cc8_7bed_4697_9702_8b692a8402a9_1503943253274_4"},{"key":"?s","val":"ES_ad496cc8_7bed_4697_9702_8b692a8402a9_1503943253274_3"},{"key":"?originLatitude","val":"32.74051839275188058309140615165233612060546875"},{"key":"?originLongitude","val":"-117.2130215001728856805129908025264739990234375"}]}]},{"query":"?- ?t:AE#Travelling, ?t[AE#hasPath->?p], ?p[AE#hasEndRegion->?e], ?e[AE#hasLatitude->?destinationLatitude], ?e[AE#hasLongitude->?destinationLongitude].","resultList":[{"result":[{"key":"?t","val":"VO_28f5dadb_49ed_4142_bada_03c815898262_1503943227114_6"},{"key":"?p","val":"ES_ad496cc8_7bed_4697_9702_8b692a8402a9_1503943253274_4"},{"key":"?e","val":"ES_ad496cc8_7bed_4697_9702_8b692a8402a9_1503943253274_1"},{"key":"?destinationLatitude","val":"32.7684299744361169359763152897357940673828125"},{"key":"?destinationLongitude","val":"-117.10968515895280006589018739759922027587890625"}]}]}]}
