{"dataList":[{"query":"?- ?v:AE#VATravelVoucher, ?v[AE#hasVoucherClaimant->?c], ?c[AE#hasName->?cn], ?cn[label->?claimantFullName].","resultList":[{"result":[{"key":"?v","val":"VO_20cb52f1_eae4_445f_b81b_10fe0ac8d43d_1503943500490_0"},{"key":"?c","val":"VO_20cb52f1_eae4_445f_b81b_10fe0ac8d43d_1503943500490_2"},{"key":"?cn","val":"NO_bbb0e37b_2d2d_4736_9ba7_256c6f3d1c9a_1503943508207_0"},{"key":"?claimantFullName","val":"Nancy Robinson"}]},{"result":[{"key":"?v","val":"VO_20cb52f1_eae4_445f_b81b_10fe0ac8d43d_1503943500490_0"},{"key":"?c","val":"VO_20cb52f1_eae4_445f_b81b_10fe0ac8d43d_1503943500490_2"},{"key":"?cn","val":"VO_20cb52f1_eae4_445f_b81b_10fe0ac8d43d_1503943500490_1"},{"key":"?claimantFullName","val":"Nancy  Robinson"}]}]},{"query":"?- ?v:AE#VATravelVoucher, ?v[AE#hasVoucherClaimant->?c], ?c[AE#hasName->?cn], ?cn[AE#hasFirstName->?claimantFirstName].","resultList":[{"result":[{"key":"?v","val":"VO_20cb52f1_eae4_445f_b81b_10fe0ac8d43d_1503943500490_0"},{"key":"?c","val":"VO_20cb52f1_eae4_445f_b81b_10fe0ac8d43d_1503943500490_2"},{"key":"?cn","val":"NO_bbb0e37b_2d2d_4736_9ba7_256c6f3d1c9a_1503943508207_0"},{"key":"?claimantFirstName","val":"nancy"}]}]},{"query":"?- ?v:AE#VATravelVoucher, ?v[AE#hasVoucherClaimant->?c], ?c[AE#hasName->?cn], ?cn[AE#hasLastName->?claimantLastName].","resultList":[{"result":[{"key":"?v","val":"VO_20cb52f1_eae4_445f_b81b_10fe0ac8d43d_1503943500490_0"},{"key":"?c","val":"VO_20cb52f1_eae4_445f_b81b_10fe0ac8d43d_1503943500490_2"},{"key":"?cn","val":"NO_bbb0e37b_2d2d_4736_9ba7_256c6f3d1c9a_1503943508207_0"},{"key":"?claimantLastName","val":"robinson"}]}]},{"query":"?- ?v:AE#VATravelVoucher, ?v[AE#hasVoucherClaimant->?c], ?c[AE#hasSocialSecurityNumber->?s], ?s[label->?claimantSsn].","resultList":[{"result":[{"key":"?v","val":"VO_20cb52f1_eae4_445f_b81b_10fe0ac8d43d_1503943500490_0"},{"key":"?c","val":"VO_20cb52f1_eae4_445f_b81b_10fe0ac8d43d_1503943500490_2"},{"key":"?s","val":"VO_20cb52f1_eae4_445f_b81b_10fe0ac8d43d_1503943500490_12"},{"key":"?claimantSsn","val":"775-84-4209"}]}]},{"query":"?- ?v:AE#VATravelVoucher, ?v[AE#hasVoucherClaimant->?c], ?c[AE#hasLiens->?claimantHasLiens].","resultList":[{"result":[{"key":"?v","val":"VO_20cb52f1_eae4_445f_b81b_10fe0ac8d43d_1503943500490_0"},{"key":"?c","val":"VO_20cb52f1_eae4_445f_b81b_10fe0ac8d43d_1503943500490_2"},{"key":"?claimantHasLiens","val":"AE#NoLienReport"}]}]},{"query":"?- ?v:AE#VATravelVoucher, ?v[AE#hasVoucherClaimant->?c], ?c[AE#hasDeclaredBankruptcy->?claimantHasDeclaredBankruptcy].","resultList":[{"result":[{"key":"?v","val":"VO_20cb52f1_eae4_445f_b81b_10fe0ac8d43d_1503943500490_0"},{"key":"?c","val":"VO_20cb52f1_eae4_445f_b81b_10fe0ac8d43d_1503943500490_2"},{"key":"?claimantHasDeclaredBankruptcy","val":"AE#NoBankruptcyReport"}]}]},{"query":"?- ?v:AE#VATravelVoucher, ?v[AE#hasVoucherClaimant->?c], ?c[AE#hasArrestRecord->?claimantHasArrestRecord].","resultList":[{"result":[{"key":"?v","val":"VO_20cb52f1_eae4_445f_b81b_10fe0ac8d43d_1503943500490_0"},{"key":"?c","val":"VO_20cb52f1_eae4_445f_b81b_10fe0ac8d43d_1503943500490_2"},{"key":"?claimantHasArrestRecord","val":"AE#NoArrestRecord"}]}]},{"query":"?- ?v:AE#VATravelVoucher, ?v[AE#hasVoucherClaimant->?c], ?c[AE#hasCriminalRecord->?claimantHasCriminalRecord].","resultList":[{"result":[{"key":"?v","val":"VO_20cb52f1_eae4_445f_b81b_10fe0ac8d43d_1503943500490_0"},{"key":"?c","val":"VO_20cb52f1_eae4_445f_b81b_10fe0ac8d43d_1503943500490_2"},{"key":"?claimantHasCriminalRecord","val":"AE#NoCriminalRecord"}]}]},{"query":"?- ?v:AE#VATravelVoucher, ?v[AE#hasVoucherBeneficiary->?b], ?b[AE#hasName->?cn], ?cn[label->?beneficiaryFullName].","resultList":[{"result":[{"key":"?v","val":"VO_20cb52f1_eae4_445f_b81b_10fe0ac8d43d_1503943500490_0"},{"key":"?b","val":"VO_20cb52f1_eae4_445f_b81b_10fe0ac8d43d_1503943500490_11"},{"key":"?cn","val":"VO_20cb52f1_eae4_445f_b81b_10fe0ac8d43d_1503943500490_10"},{"key":"?beneficiaryFullName","val":"Roy T. Bhudia"}]},{"result":[{"key":"?v","val":"VO_20cb52f1_eae4_445f_b81b_10fe0ac8d43d_1503943500490_0"},{"key":"?b","val":"VO_20cb52f1_eae4_445f_b81b_10fe0ac8d43d_1503943500490_11"},{"key":"?cn","val":"NO_c85a5119_f6e7_4f3b_bc7c_5ded837dab96_1503943506200_0"},{"key":"?beneficiaryFullName","val":"Roy T. Bhudia"}]}]},{"query":"?- ?v:AE#VATravelVoucher, ?v[AE#hasVoucherBeneficiary->?b], ?b[AE#hasName->?cn], ?cn[AE#hasFirstName->?beneficiaryFirstName].","resultList":[{"result":[{"key":"?v","val":"VO_20cb52f1_eae4_445f_b81b_10fe0ac8d43d_1503943500490_0"},{"key":"?b","val":"VO_20cb52f1_eae4_445f_b81b_10fe0ac8d43d_1503943500490_11"},{"key":"?cn","val":"NO_c85a5119_f6e7_4f3b_bc7c_5ded837dab96_1503943506200_0"},{"key":"?beneficiaryFirstName","val":"roy"}]}]},{"query":"?- ?v:AE#VATravelVoucher, ?v[AE#hasVoucherBeneficiary->?b], ?b[AE#hasName->?cn], ?cn[AE#hasLastName->?beneficiaryLastName].","resultList":[{"result":[{"key":"?v","val":"VO_20cb52f1_eae4_445f_b81b_10fe0ac8d43d_1503943500490_0"},{"key":"?b","val":"VO_20cb52f1_eae4_445f_b81b_10fe0ac8d43d_1503943500490_11"},{"key":"?cn","val":"NO_c85a5119_f6e7_4f3b_bc7c_5ded837dab96_1503943506200_0"},{"key":"?beneficiaryLastName","val":"bhudia"}]}]},{"query":"?- ?v:AE#VATravelVoucher, ?v[AE#hasVoucherBeneficiary->?b], ?b[AE#hasSocialSecurityNumber->?s], ?s[label->?beneficiarySsn].","resultList":[{"result":[{"key":"?v","val":"VO_20cb52f1_eae4_445f_b81b_10fe0ac8d43d_1503943500490_0"},{"key":"?b","val":"VO_20cb52f1_eae4_445f_b81b_10fe0ac8d43d_1503943500490_11"},{"key":"?s","val":"VO_20cb52f1_eae4_445f_b81b_10fe0ac8d43d_1503943500490_9"},{"key":"?beneficiarySsn","val":"176-78-5914"}]}]},{"query":"?- ?v:AE#VATravelVoucher, ?v[AE#hasVoucherBeneficiary->?b], ?b[AE#hasLiens->?beneficiaryHasLiens].","resultList":[{"result":[{"key":"?v","val":"VO_20cb52f1_eae4_445f_b81b_10fe0ac8d43d_1503943500490_0"},{"key":"?b","val":"VO_20cb52f1_eae4_445f_b81b_10fe0ac8d43d_1503943500490_11"},{"key":"?beneficiaryHasLiens","val":"AE#NoLienReport"}]}]},{"query":"?- ?v:AE#VATravelVoucher, ?v[AE#hasVoucherBeneficiary->?b], ?b[AE#hasDeclaredBankruptcy->?beneficiaryHasDeclaredBankruptcy].","resultList":[{"result":[{"key":"?v","val":"VO_20cb52f1_eae4_445f_b81b_10fe0ac8d43d_1503943500490_0"},{"key":"?b","val":"VO_20cb52f1_eae4_445f_b81b_10fe0ac8d43d_1503943500490_11"},{"key":"?beneficiaryHasDeclaredBankruptcy","val":"AE#NoBankruptcyReport"}]}]},{"query":"?- ?v:AE#VATravelVoucher, ?v[AE#hasVoucherBeneficiary->?b], ?b[AE#hasArrestRecord->?beneficiaryHasArrestRecord].","resultList":[{"result":[{"key":"?v","val":"VO_20cb52f1_eae4_445f_b81b_10fe0ac8d43d_1503943500490_0"},{"key":"?b","val":"VO_20cb52f1_eae4_445f_b81b_10fe0ac8d43d_1503943500490_11"},{"key":"?beneficiaryHasArrestRecord","val":"AE#NoArrestRecord"}]}]},{"query":"?- ?v:AE#VATravelVoucher, ?v[AE#hasVoucherBeneficiary->?b], ?b[AE#hasCriminalRecord->?beneficiaryHasCriminalRecord].","resultList":[{"result":[{"key":"?v","val":"VO_20cb52f1_eae4_445f_b81b_10fe0ac8d43d_1503943500490_0"},{"key":"?b","val":"VO_20cb52f1_eae4_445f_b81b_10fe0ac8d43d_1503943500490_11"},{"key":"?beneficiaryHasCriminalRecord","val":"AE#NoCriminalRecord"}]}]},{"query":"?- ?t:AE#Travelling, ?t[AE#hasPath->?p], ?p[AE#hasDistance->?d], ?d[AE#numericValue->?expectedDistanceValue], ?d[AE#hasUnitOfMeasure->?unitOfDistanceMeasure].","resultList":[{"result":[{"key":"?t","val":"VO_20cb52f1_eae4_445f_b81b_10fe0ac8d43d_1503943500490_6"},{"key":"?p","val":"ES_1b4de51c_5acb_42d8_95ab_402080d3d568_1503943526253_4"},{"key":"?d","val":"ES_1b4de51c_5acb_42d8_95ab_402080d3d568_1503943526253_0"},{"key":"?expectedDistanceValue","val":"21299.5785010429899557493627071380615234375"},{"key":"?unitOfDistanceMeasure","val":"meters"}]}]},{"query":"?- ?t:AE#Travelling, ?t[AE#hasPath->?p], ?p[AE#hasExpectedTravelTime->?d], ?d[AE#numericValue->?expectedTimeValue], ?d[AE#hasUnitOfMeasure->?unitOfTimeMeasure].","resultList":[{"result":[{"key":"?t","val":"VO_20cb52f1_eae4_445f_b81b_10fe0ac8d43d_1503943500490_6"},{"key":"?p","val":"ES_1b4de51c_5acb_42d8_95ab_402080d3d568_1503943526253_4"},{"key":"?d","val":"ES_1b4de51c_5acb_42d8_95ab_402080d3d568_1503943526253_2"},{"key":"?expectedTimeValue","val":"17.978996973834000527858734130859375"},{"key":"?unitOfTimeMeasure","val":"minutes"}]}]},{"query":"?- ?t:AE#Travelling, ?t[AE#hasDestination->?d], ?d[label->?destinationFullAddress].","resultList":[{"result":[{"key":"?t","val":"VO_20cb52f1_eae4_445f_b81b_10fe0ac8d43d_1503943500490_7"},{"key":"?d","val":"VO_20cb52f1_eae4_445f_b81b_10fe0ac8d43d_1503943500490_8"},{"key":"?destinationFullAddress","val":"2790 Truxton Road, Suite 130, San Diego, CA 92106"}]},{"result":[{"key":"?t","val":"VO_20cb52f1_eae4_445f_b81b_10fe0ac8d43d_1503943500490_6"},{"key":"?d","val":"VO_20cb52f1_eae4_445f_b81b_10fe0ac8d43d_1503943500490_5"},{"key":"?destinationFullAddress","val":"8402 Brickyard Street San Diego, CA 92114"}]}]},{"query":"?- ?t:AE#Travelling, ?t[AE#hasDestination->?d], ?d[AE#hasStreet->?s], ?s[label->?destinationStreetName], ?d[AE#hasCity->?c], ?c[label->?destinationCity], ?d[AE#hasState->?st], ?st[label->?destinationState], ?d[AE#hasZipcode->?destinationZipCode].","resultList":[{"result":[{"key":"?t","val":"VO_20cb52f1_eae4_445f_b81b_10fe0ac8d43d_1503943500490_7"},{"key":"?d","val":"VO_20cb52f1_eae4_445f_b81b_10fe0ac8d43d_1503943500490_8"},{"key":"?s","val":"NO_75caf35d_8c7c_451c_8b46_d95f36a3d058_1503943510066_id5"},{"key":"?destinationStreetName","val":"2790 Truxton Road"},{"key":"?c","val":"NO_75caf35d_8c7c_451c_8b46_d95f36a3d058_1503943510066_id11"},{"key":"?destinationCity","val":"San Diego"},{"key":"?st","val":"NO_75caf35d_8c7c_451c_8b46_d95f36a3d058_1503943510066_id13"},{"key":"?destinationState","val":"CA"},{"key":"?destinationZipCode","val":"92106"}]},{"result":[{"key":"?t","val":"VO_20cb52f1_eae4_445f_b81b_10fe0ac8d43d_1503943500490_6"},{"key":"?d","val":"VO_20cb52f1_eae4_445f_b81b_10fe0ac8d43d_1503943500490_5"},{"key":"?s","val":"NO_2868eecb_18e2_4dd3_a6a6_0a054217afde_1503943511973_id3"},{"key":"?destinationStreetName","val":"8402 Brickyard Street"},{"key":"?c","val":"NO_2868eecb_18e2_4dd3_a6a6_0a054217afde_1503943511973_id9"},{"key":"?destinationCity","val":"San Diego"},{"key":"?st","val":"NO_2868eecb_18e2_4dd3_a6a6_0a054217afde_1503943511973_id11"},{"key":"?destinationState","val":"CA"},{"key":"?destinationZipCode","val":"92114"}]}]},{"query":"?- ?t:AE#Travelling, ?t[AE#hasOrigin->?d], ?d[label->?originFullAddress].","resultList":[{"result":[{"key":"?t","val":"VO_20cb52f1_eae4_445f_b81b_10fe0ac8d43d_1503943500490_7"},{"key":"?d","val":"VO_20cb52f1_eae4_445f_b81b_10fe0ac8d43d_1503943500490_3"},{"key":"?originFullAddress","val":"150 Fifth Street San Diego, CA 92114"}]},{"result":[{"key":"?t","val":"VO_20cb52f1_eae4_445f_b81b_10fe0ac8d43d_1503943500490_6"},{"key":"?d","val":"VO_20cb52f1_eae4_445f_b81b_10fe0ac8d43d_1503943500490_8"},{"key":"?originFullAddress","val":"2790 Truxton Road, Suite 130, San Diego, CA 92106"}]}]},{"query":"?- ?t:AE#Travelling, ?t[AE#hasOrigin->?d], ?d[AE#hasStreet->?s], ?s[label->?originStreetName], ?d[AE#hasCity->?c], ?c[label->?originCity], ?d[AE#hasState->?st], ?st[label->?originState], ?d[AE#hasZipcode->?originZipCode].","resultList":[{"result":[{"key":"?t","val":"VO_20cb52f1_eae4_445f_b81b_10fe0ac8d43d_1503943500490_7"},{"key":"?d","val":"VO_20cb52f1_eae4_445f_b81b_10fe0ac8d43d_1503943500490_3"},{"key":"?s","val":"NO_75dd9214_e627_481d_ac70_658c7330c93f_1503943513841_id3"},{"key":"?originStreetName","val":"150 Fifth Street"},{"key":"?c","val":"NO_75dd9214_e627_481d_ac70_658c7330c93f_1503943513841_id9"},{"key":"?originCity","val":"San Diego"},{"key":"?st","val":"NO_75dd9214_e627_481d_ac70_658c7330c93f_1503943513841_id11"},{"key":"?originState","val":"CA"},{"key":"?originZipCode","val":"92114"}]},{"result":[{"key":"?t","val":"VO_20cb52f1_eae4_445f_b81b_10fe0ac8d43d_1503943500490_6"},{"key":"?d","val":"VO_20cb52f1_eae4_445f_b81b_10fe0ac8d43d_1503943500490_8"},{"key":"?s","val":"NO_75caf35d_8c7c_451c_8b46_d95f36a3d058_1503943510066_id5"},{"key":"?originStreetName","val":"2790 Truxton Road"},{"key":"?c","val":"NO_75caf35d_8c7c_451c_8b46_d95f36a3d058_1503943510066_id11"},{"key":"?originCity","val":"San Diego"},{"key":"?st","val":"NO_75caf35d_8c7c_451c_8b46_d95f36a3d058_1503943510066_id13"},{"key":"?originState","val":"CA"},{"key":"?originZipCode","val":"92106"}]}]},{"query":"?- ?t:AE#Travelling, ?t[AE#hasPath->?p], ?p[AE#hasStartRegion->?s], ?s[AE#hasLatitude->?originLatitude], ?s[AE#hasLongitude->?originLongitude].","resultList":[{"result":[{"key":"?t","val":"VO_20cb52f1_eae4_445f_b81b_10fe0ac8d43d_1503943500490_6"},{"key":"?p","val":"ES_1b4de51c_5acb_42d8_95ab_402080d3d568_1503943526253_4"},{"key":"?s","val":"ES_1b4de51c_5acb_42d8_95ab_402080d3d568_1503943526253_3"},{"key":"?originLatitude","val":"32.74051839275188058309140615165233612060546875"},{"key":"?originLongitude","val":"-117.2130215001728856805129908025264739990234375"}]}]},{"query":"?- ?t:AE#Travelling, ?t[AE#hasPath->?p], ?p[AE#hasEndRegion->?e], ?e[AE#hasLatitude->?destinationLatitude], ?e[AE#hasLongitude->?destinationLongitude].","resultList":[{"result":[{"key":"?t","val":"VO_20cb52f1_eae4_445f_b81b_10fe0ac8d43d_1503943500490_6"},{"key":"?p","val":"ES_1b4de51c_5acb_42d8_95ab_402080d3d568_1503943526253_4"},{"key":"?e","val":"ES_1b4de51c_5acb_42d8_95ab_402080d3d568_1503943526253_1"},{"key":"?destinationLatitude","val":"32.70333010000007334383553825318813323974609375"},{"key":"?destinationLongitude","val":"-117.0296501999999918552930466830730438232421875"}]}]}]}
