{"dataList":[{"query":"?- ?v:AE#VATravelVoucher, ?v[AE#hasVoucherClaimant->?c], ?c[AE#hasName->?cn], ?cn[label->?claimantFullName].","resultList":[{"result":[{"key":"?v","val":"VO_2fa5a593_4b0a_492e_a284_fcf524486391_1503942579885_0"},{"key":"?c","val":"VO_2fa5a593_4b0a_492e_a284_fcf524486391_1503942579885_2"},{"key":"?cn","val":"NO_38ac17f8_b5d0_4d40_8ed1_17b41ae7f5db_1503942587624_0"},{"key":"?claimantFullName","val":"Scott D. Hutton"}]},{"result":[{"key":"?v","val":"VO_2fa5a593_4b0a_492e_a284_fcf524486391_1503942579885_0"},{"key":"?c","val":"VO_2fa5a593_4b0a_492e_a284_fcf524486391_1503942579885_2"},{"key":"?cn","val":"VO_2fa5a593_4b0a_492e_a284_fcf524486391_1503942579885_1"},{"key":"?claimantFullName","val":"Scott D. Hutton"}]}]},{"query":"?- ?v:AE#VATravelVoucher, ?v[AE#hasVoucherClaimant->?c], ?c[AE#hasName->?cn], ?cn[AE#hasFirstName->?claimantFirstName].","resultList":[{"result":[{"key":"?v","val":"VO_2fa5a593_4b0a_492e_a284_fcf524486391_1503942579885_0"},{"key":"?c","val":"VO_2fa5a593_4b0a_492e_a284_fcf524486391_1503942579885_2"},{"key":"?cn","val":"NO_38ac17f8_b5d0_4d40_8ed1_17b41ae7f5db_1503942587624_0"},{"key":"?claimantFirstName","val":"scott"}]}]},{"query":"?- ?v:AE#VATravelVoucher, ?v[AE#hasVoucherClaimant->?c], ?c[AE#hasName->?cn], ?cn[AE#hasLastName->?claimantLastName].","resultList":[{"result":[{"key":"?v","val":"VO_2fa5a593_4b0a_492e_a284_fcf524486391_1503942579885_0"},{"key":"?c","val":"VO_2fa5a593_4b0a_492e_a284_fcf524486391_1503942579885_2"},{"key":"?cn","val":"NO_38ac17f8_b5d0_4d40_8ed1_17b41ae7f5db_1503942587624_0"},{"key":"?claimantLastName","val":"hutton"}]}]},{"query":"?- ?v:AE#VATravelVoucher, ?v[AE#hasVoucherClaimant->?c], ?c[AE#hasSocialSecurityNumber->?s], ?s[label->?claimantSsn].","resultList":[{"result":[{"key":"?v","val":"VO_2fa5a593_4b0a_492e_a284_fcf524486391_1503942579885_0"},{"key":"?c","val":"VO_2fa5a593_4b0a_492e_a284_fcf524486391_1503942579885_2"},{"key":"?s","val":"VO_2fa5a593_4b0a_492e_a284_fcf524486391_1503942579885_12"},{"key":"?claimantSsn","val":"658-27-3501"}]}]},{"query":"?- ?v:AE#VATravelVoucher, ?v[AE#hasVoucherClaimant->?c], ?c[AE#hasLiens->?claimantHasLiens].","resultList":[{"result":[{"key":"?v","val":"VO_2fa5a593_4b0a_492e_a284_fcf524486391_1503942579885_0"},{"key":"?c","val":"VO_2fa5a593_4b0a_492e_a284_fcf524486391_1503942579885_2"},{"key":"?claimantHasLiens","val":"AE#NoLienReport"}]}]},{"query":"?- ?v:AE#VATravelVoucher, ?v[AE#hasVoucherClaimant->?c], ?c[AE#hasDeclaredBankruptcy->?claimantHasDeclaredBankruptcy].","resultList":[{"result":[{"key":"?v","val":"VO_2fa5a593_4b0a_492e_a284_fcf524486391_1503942579885_0"},{"key":"?c","val":"VO_2fa5a593_4b0a_492e_a284_fcf524486391_1503942579885_2"},{"key":"?claimantHasDeclaredBankruptcy","val":"AE#NoBankruptcyReport"}]}]},{"query":"?- ?v:AE#VATravelVoucher, ?v[AE#hasVoucherClaimant->?c], ?c[AE#hasArrestRecord->?claimantHasArrestRecord].","resultList":[{"result":[{"key":"?v","val":"VO_2fa5a593_4b0a_492e_a284_fcf524486391_1503942579885_0"},{"key":"?c","val":"VO_2fa5a593_4b0a_492e_a284_fcf524486391_1503942579885_2"},{"key":"?claimantHasArrestRecord","val":"AE#NoArrestRecord"}]}]},{"query":"?- ?v:AE#VATravelVoucher, ?v[AE#hasVoucherClaimant->?c], ?c[AE#hasCriminalRecord->?claimantHasCriminalRecord].","resultList":[{"result":[{"key":"?v","val":"VO_2fa5a593_4b0a_492e_a284_fcf524486391_1503942579885_0"},{"key":"?c","val":"VO_2fa5a593_4b0a_492e_a284_fcf524486391_1503942579885_2"},{"key":"?claimantHasCriminalRecord","val":"AE#NoCriminalRecord"}]}]},{"query":"?- ?v:AE#VATravelVoucher, ?v[AE#hasVoucherBeneficiary->?b], ?b[AE#hasName->?cn], ?cn[label->?beneficiaryFullName].","resultList":[{"result":[{"key":"?v","val":"VO_2fa5a593_4b0a_492e_a284_fcf524486391_1503942579885_0"},{"key":"?b","val":"VO_2fa5a593_4b0a_492e_a284_fcf524486391_1503942579885_11"},{"key":"?cn","val":"VO_2fa5a593_4b0a_492e_a284_fcf524486391_1503942579885_10"},{"key":"?beneficiaryFullName","val":"Scott D. Hutton"}]},{"result":[{"key":"?v","val":"VO_2fa5a593_4b0a_492e_a284_fcf524486391_1503942579885_0"},{"key":"?b","val":"VO_2fa5a593_4b0a_492e_a284_fcf524486391_1503942579885_11"},{"key":"?cn","val":"NO_61e04efe_49b8_4ece_a8a5_6be5a678c611_1503942585615_0"},{"key":"?beneficiaryFullName","val":"Scott D. Hutton"}]}]},{"query":"?- ?v:AE#VATravelVoucher, ?v[AE#hasVoucherBeneficiary->?b], ?b[AE#hasName->?cn], ?cn[AE#hasFirstName->?beneficiaryFirstName].","resultList":[{"result":[{"key":"?v","val":"VO_2fa5a593_4b0a_492e_a284_fcf524486391_1503942579885_0"},{"key":"?b","val":"VO_2fa5a593_4b0a_492e_a284_fcf524486391_1503942579885_11"},{"key":"?cn","val":"NO_61e04efe_49b8_4ece_a8a5_6be5a678c611_1503942585615_0"},{"key":"?beneficiaryFirstName","val":"scott"}]}]},{"query":"?- ?v:AE#VATravelVoucher, ?v[AE#hasVoucherBeneficiary->?b], ?b[AE#hasName->?cn], ?cn[AE#hasLastName->?beneficiaryLastName].","resultList":[{"result":[{"key":"?v","val":"VO_2fa5a593_4b0a_492e_a284_fcf524486391_1503942579885_0"},{"key":"?b","val":"VO_2fa5a593_4b0a_492e_a284_fcf524486391_1503942579885_11"},{"key":"?cn","val":"NO_61e04efe_49b8_4ece_a8a5_6be5a678c611_1503942585615_0"},{"key":"?beneficiaryLastName","val":"hutton"}]}]},{"query":"?- ?v:AE#VATravelVoucher, ?v[AE#hasVoucherBeneficiary->?b], ?b[AE#hasSocialSecurityNumber->?s], ?s[label->?beneficiarySsn].","resultList":[{"result":[{"key":"?v","val":"VO_2fa5a593_4b0a_492e_a284_fcf524486391_1503942579885_0"},{"key":"?b","val":"VO_2fa5a593_4b0a_492e_a284_fcf524486391_1503942579885_11"},{"key":"?s","val":"VO_2fa5a593_4b0a_492e_a284_fcf524486391_1503942579885_9"},{"key":"?beneficiarySsn","val":"658-27-3501"}]}]},{"query":"?- ?v:AE#VATravelVoucher, ?v[AE#hasVoucherBeneficiary->?b], ?b[AE#hasLiens->?beneficiaryHasLiens].","resultList":[{"result":[{"key":"?v","val":"VO_2fa5a593_4b0a_492e_a284_fcf524486391_1503942579885_0"},{"key":"?b","val":"VO_2fa5a593_4b0a_492e_a284_fcf524486391_1503942579885_11"},{"key":"?beneficiaryHasLiens","val":"AE#NoLienReport"}]}]},{"query":"?- ?v:AE#VATravelVoucher, ?v[AE#hasVoucherBeneficiary->?b], ?b[AE#hasDeclaredBankruptcy->?beneficiaryHasDeclaredBankruptcy].","resultList":[{"result":[{"key":"?v","val":"VO_2fa5a593_4b0a_492e_a284_fcf524486391_1503942579885_0"},{"key":"?b","val":"VO_2fa5a593_4b0a_492e_a284_fcf524486391_1503942579885_11"},{"key":"?beneficiaryHasDeclaredBankruptcy","val":"AE#NoBankruptcyReport"}]}]},{"query":"?- ?v:AE#VATravelVoucher, ?v[AE#hasVoucherBeneficiary->?b], ?b[AE#hasArrestRecord->?beneficiaryHasArrestRecord].","resultList":[{"result":[{"key":"?v","val":"VO_2fa5a593_4b0a_492e_a284_fcf524486391_1503942579885_0"},{"key":"?b","val":"VO_2fa5a593_4b0a_492e_a284_fcf524486391_1503942579885_11"},{"key":"?beneficiaryHasArrestRecord","val":"AE#NoArrestRecord"}]}]},{"query":"?- ?v:AE#VATravelVoucher, ?v[AE#hasVoucherBeneficiary->?b], ?b[AE#hasCriminalRecord->?beneficiaryHasCriminalRecord].","resultList":[{"result":[{"key":"?v","val":"VO_2fa5a593_4b0a_492e_a284_fcf524486391_1503942579885_0"},{"key":"?b","val":"VO_2fa5a593_4b0a_492e_a284_fcf524486391_1503942579885_11"},{"key":"?beneficiaryHasCriminalRecord","val":"AE#NoCriminalRecord"}]}]},{"query":"?- ?t:AE#Travelling, ?t[AE#hasPath->?p], ?p[AE#hasDistance->?d], ?d[AE#numericValue->?expectedDistanceValue], ?d[AE#hasUnitOfMeasure->?unitOfDistanceMeasure].","resultList":[{"result":[{"key":"?t","val":"VO_2fa5a593_4b0a_492e_a284_fcf524486391_1503942579885_6"},{"key":"?p","val":"ES_595b7943_bfe0_481f_99bd_3957228edaf5_1503942606394_4"},{"key":"?d","val":"ES_595b7943_bfe0_481f_99bd_3957228edaf5_1503942606394_0"},{"key":"?expectedDistanceValue","val":"4762.3218387961069311131723225116729736328125"},{"key":"?unitOfDistanceMeasure","val":"meters"}]}]},{"query":"?- ?t:AE#Travelling, ?t[AE#hasPath->?p], ?p[AE#hasExpectedTravelTime->?d], ?d[AE#numericValue->?expectedTimeValue], ?d[AE#hasUnitOfMeasure->?unitOfTimeMeasure].","resultList":[{"result":[{"key":"?t","val":"VO_2fa5a593_4b0a_492e_a284_fcf524486391_1503942579885_6"},{"key":"?p","val":"ES_595b7943_bfe0_481f_99bd_3957228edaf5_1503942606394_4"},{"key":"?d","val":"ES_595b7943_bfe0_481f_99bd_3957228edaf5_1503942606394_2"},{"key":"?expectedTimeValue","val":"5.953477874281816184520721435546875"},{"key":"?unitOfTimeMeasure","val":"minutes"}]}]},{"query":"?- ?t:AE#Travelling, ?t[AE#hasDestination->?d], ?d[label->?destinationFullAddress].","resultList":[{"result":[{"key":"?t","val":"VO_2fa5a593_4b0a_492e_a284_fcf524486391_1503942579885_7"},{"key":"?d","val":"VO_2fa5a593_4b0a_492e_a284_fcf524486391_1503942579885_8"},{"key":"?destinationFullAddress","val":"2790 Truxton Road, Suite 130, San Diego, CA 92106"}]},{"result":[{"key":"?t","val":"VO_2fa5a593_4b0a_492e_a284_fcf524486391_1503942579885_6"},{"key":"?d","val":"VO_2fa5a593_4b0a_492e_a284_fcf524486391_1503942579885_5"},{"key":"?destinationFullAddress","val":"1244 Gertrude St, San Diego, CA 92110"}]}]},{"query":"?- ?t:AE#Travelling, ?t[AE#hasDestination->?d], ?d[AE#hasStreet->?s], ?s[label->?destinationStreetName], ?d[AE#hasCity->?c], ?c[label->?destinationCity], ?d[AE#hasState->?st], ?st[label->?destinationState], ?d[AE#hasZipcode->?destinationZipCode].","resultList":[{"result":[{"key":"?t","val":"VO_2fa5a593_4b0a_492e_a284_fcf524486391_1503942579885_7"},{"key":"?d","val":"VO_2fa5a593_4b0a_492e_a284_fcf524486391_1503942579885_8"},{"key":"?s","val":"NO_ba2a25e0_bce3_4acf_93b7_ba6a98054adc_1503942589479_id5"},{"key":"?destinationStreetName","val":"2790 Truxton Road"},{"key":"?c","val":"NO_ba2a25e0_bce3_4acf_93b7_ba6a98054adc_1503942589479_id11"},{"key":"?destinationCity","val":"San Diego"},{"key":"?st","val":"NO_ba2a25e0_bce3_4acf_93b7_ba6a98054adc_1503942589479_id13"},{"key":"?destinationState","val":"CA"},{"key":"?destinationZipCode","val":"92106"}]},{"result":[{"key":"?t","val":"VO_2fa5a593_4b0a_492e_a284_fcf524486391_1503942579885_6"},{"key":"?d","val":"VO_2fa5a593_4b0a_492e_a284_fcf524486391_1503942579885_5"},{"key":"?s","val":"NO_2090ea8a_9377_4229_91c9_428f8cd3a8c6_1503942591405_id3"},{"key":"?destinationStreetName","val":"1244 Gertrude St"},{"key":"?c","val":"NO_2090ea8a_9377_4229_91c9_428f8cd3a8c6_1503942591405_id9"},{"key":"?destinationCity","val":"San Diego"},{"key":"?st","val":"NO_2090ea8a_9377_4229_91c9_428f8cd3a8c6_1503942591405_id11"},{"key":"?destinationState","val":"CA"},{"key":"?destinationZipCode","val":"92110"}]}]},{"query":"?- ?t:AE#Travelling, ?t[AE#hasOrigin->?d], ?d[label->?originFullAddress].","resultList":[{"result":[{"key":"?t","val":"VO_2fa5a593_4b0a_492e_a284_fcf524486391_1503942579885_7"},{"key":"?d","val":"VO_2fa5a593_4b0a_492e_a284_fcf524486391_1503942579885_3"},{"key":"?originFullAddress","val":"1244 Gertrude St, San Diego, CA 92110"}]},{"result":[{"key":"?t","val":"VO_2fa5a593_4b0a_492e_a284_fcf524486391_1503942579885_6"},{"key":"?d","val":"VO_2fa5a593_4b0a_492e_a284_fcf524486391_1503942579885_8"},{"key":"?originFullAddress","val":"2790 Truxton Road, Suite 130, San Diego, CA 92106"}]}]},{"query":"?- ?t:AE#Travelling, ?t[AE#hasOrigin->?d], ?d[AE#hasStreet->?s], ?s[label->?originStreetName], ?d[AE#hasCity->?c], ?c[label->?originCity], ?d[AE#hasState->?st], ?st[label->?originState], ?d[AE#hasZipcode->?originZipCode].","resultList":[{"result":[{"key":"?t","val":"VO_2fa5a593_4b0a_492e_a284_fcf524486391_1503942579885_7"},{"key":"?d","val":"VO_2fa5a593_4b0a_492e_a284_fcf524486391_1503942579885_3"},{"key":"?s","val":"NO_5314b233_159f_40a8_9701_65d6c440dfb2_1503942593357_id3"},{"key":"?originStreetName","val":"1244 Gertrude St"},{"key":"?c","val":"NO_5314b233_159f_40a8_9701_65d6c440dfb2_1503942593357_id9"},{"key":"?originCity","val":"San Diego"},{"key":"?st","val":"NO_5314b233_159f_40a8_9701_65d6c440dfb2_1503942593357_id11"},{"key":"?originState","val":"CA"},{"key":"?originZipCode","val":"92110"}]},{"result":[{"key":"?t","val":"VO_2fa5a593_4b0a_492e_a284_fcf524486391_1503942579885_6"},{"key":"?d","val":"VO_2fa5a593_4b0a_492e_a284_fcf524486391_1503942579885_8"},{"key":"?s","val":"NO_ba2a25e0_bce3_4acf_93b7_ba6a98054adc_1503942589479_id5"},{"key":"?originStreetName","val":"2790 Truxton Road"},{"key":"?c","val":"NO_ba2a25e0_bce3_4acf_93b7_ba6a98054adc_1503942589479_id11"},{"key":"?originCity","val":"San Diego"},{"key":"?st","val":"NO_ba2a25e0_bce3_4acf_93b7_ba6a98054adc_1503942589479_id13"},{"key":"?originState","val":"CA"},{"key":"?originZipCode","val":"92106"}]}]},{"query":"?- ?t:AE#Travelling, ?t[AE#hasPath->?p], ?p[AE#hasStartRegion->?s], ?s[AE#hasLatitude->?originLatitude], ?s[AE#hasLongitude->?originLongitude].","resultList":[{"result":[{"key":"?t","val":"VO_2fa5a593_4b0a_492e_a284_fcf524486391_1503942579885_6"},{"key":"?p","val":"ES_595b7943_bfe0_481f_99bd_3957228edaf5_1503942606394_4"},{"key":"?s","val":"ES_595b7943_bfe0_481f_99bd_3957228edaf5_1503942606394_3"},{"key":"?originLatitude","val":"32.74051839275188058309140615165233612060546875"},{"key":"?originLongitude","val":"-117.2130215001728856805129908025264739990234375"}]}]},{"query":"?- ?t:AE#Travelling, ?t[AE#hasPath->?p], ?p[AE#hasEndRegion->?e], ?e[AE#hasLatitude->?destinationLatitude], ?e[AE#hasLongitude->?destinationLongitude].","resultList":[{"result":[{"key":"?t","val":"VO_2fa5a593_4b0a_492e_a284_fcf524486391_1503942579885_6"},{"key":"?p","val":"ES_595b7943_bfe0_481f_99bd_3957228edaf5_1503942606394_4"},{"key":"?e","val":"ES_595b7943_bfe0_481f_99bd_3957228edaf5_1503942606394_1"},{"key":"?destinationLatitude","val":"32.77142044517864860608824528753757476806640625"},{"key":"?destinationLongitude","val":"-117.2010138927518738682920229621231555938720703125"}]}]}]}
