{"dataList":[{"query":"?- ?v:AE#VATravelVoucher, ?v[AE#hasVoucherClaimant->?c], ?c[AE#hasName->?cn], ?cn[label->?claimantFullName].","resultList":[{"result":[{"key":"?v","val":"VO_2cc18615_a0b1_40c9_9f67_63dadb15ecea_1503941590237_0"},{"key":"?c","val":"VO_2cc18615_a0b1_40c9_9f67_63dadb15ecea_1503941590237_2"},{"key":"?cn","val":"VO_2cc18615_a0b1_40c9_9f67_63dadb15ecea_1503941590237_1"},{"key":"?claimantFullName","val":"Latisha M. Arnott"}]},{"result":[{"key":"?v","val":"VO_2cc18615_a0b1_40c9_9f67_63dadb15ecea_1503941590237_0"},{"key":"?c","val":"VO_2cc18615_a0b1_40c9_9f67_63dadb15ecea_1503941590237_2"},{"key":"?cn","val":"NO_692d7ade_7087_409a_bcdc_036c817ce2d2_1503941597673_0"},{"key":"?claimantFullName","val":"Latisha M. Arnott"}]}]},{"query":"?- ?v:AE#VATravelVoucher, ?v[AE#hasVoucherClaimant->?c], ?c[AE#hasName->?cn], ?cn[AE#hasFirstName->?claimantFirstName].","resultList":[{"result":[{"key":"?v","val":"VO_2cc18615_a0b1_40c9_9f67_63dadb15ecea_1503941590237_0"},{"key":"?c","val":"VO_2cc18615_a0b1_40c9_9f67_63dadb15ecea_1503941590237_2"},{"key":"?cn","val":"NO_692d7ade_7087_409a_bcdc_036c817ce2d2_1503941597673_0"},{"key":"?claimantFirstName","val":"latisha"}]}]},{"query":"?- ?v:AE#VATravelVoucher, ?v[AE#hasVoucherClaimant->?c], ?c[AE#hasName->?cn], ?cn[AE#hasLastName->?claimantLastName].","resultList":[{"result":[{"key":"?v","val":"VO_2cc18615_a0b1_40c9_9f67_63dadb15ecea_1503941590237_0"},{"key":"?c","val":"VO_2cc18615_a0b1_40c9_9f67_63dadb15ecea_1503941590237_2"},{"key":"?cn","val":"NO_692d7ade_7087_409a_bcdc_036c817ce2d2_1503941597673_0"},{"key":"?claimantLastName","val":"arnott"}]}]},{"query":"?- ?v:AE#VATravelVoucher, ?v[AE#hasVoucherClaimant->?c], ?c[AE#hasSocialSecurityNumber->?s], ?s[label->?claimantSsn].","resultList":[{"result":[{"key":"?v","val":"VO_2cc18615_a0b1_40c9_9f67_63dadb15ecea_1503941590237_0"},{"key":"?c","val":"VO_2cc18615_a0b1_40c9_9f67_63dadb15ecea_1503941590237_2"},{"key":"?s","val":"VO_2cc18615_a0b1_40c9_9f67_63dadb15ecea_1503941590237_12"},{"key":"?claimantSsn","val":"914-01-1278"}]}]},{"query":"?- ?v:AE#VATravelVoucher, ?v[AE#hasVoucherClaimant->?c], ?c[AE#hasLiens->?claimantHasLiens].","resultList":[{"result":[{"key":"?v","val":"VO_2cc18615_a0b1_40c9_9f67_63dadb15ecea_1503941590237_0"},{"key":"?c","val":"VO_2cc18615_a0b1_40c9_9f67_63dadb15ecea_1503941590237_2"},{"key":"?claimantHasLiens","val":"AE#NoLienReport"}]}]},{"query":"?- ?v:AE#VATravelVoucher, ?v[AE#hasVoucherClaimant->?c], ?c[AE#hasDeclaredBankruptcy->?claimantHasDeclaredBankruptcy].","resultList":[{"result":[{"key":"?v","val":"VO_2cc18615_a0b1_40c9_9f67_63dadb15ecea_1503941590237_0"},{"key":"?c","val":"VO_2cc18615_a0b1_40c9_9f67_63dadb15ecea_1503941590237_2"},{"key":"?claimantHasDeclaredBankruptcy","val":"AE#NoBankruptcyReport"}]}]},{"query":"?- ?v:AE#VATravelVoucher, ?v[AE#hasVoucherClaimant->?c], ?c[AE#hasArrestRecord->?claimantHasArrestRecord].","resultList":[{"result":[{"key":"?v","val":"VO_2cc18615_a0b1_40c9_9f67_63dadb15ecea_1503941590237_0"},{"key":"?c","val":"VO_2cc18615_a0b1_40c9_9f67_63dadb15ecea_1503941590237_2"},{"key":"?claimantHasArrestRecord","val":"AE#NoArrestRecord"}]}]},{"query":"?- ?v:AE#VATravelVoucher, ?v[AE#hasVoucherClaimant->?c], ?c[AE#hasCriminalRecord->?claimantHasCriminalRecord].","resultList":[{"result":[{"key":"?v","val":"VO_2cc18615_a0b1_40c9_9f67_63dadb15ecea_1503941590237_0"},{"key":"?c","val":"VO_2cc18615_a0b1_40c9_9f67_63dadb15ecea_1503941590237_2"},{"key":"?claimantHasCriminalRecord","val":"AE#NoCriminalRecord"}]}]},{"query":"?- ?v:AE#VATravelVoucher, ?v[AE#hasVoucherBeneficiary->?b], ?b[AE#hasName->?cn], ?cn[label->?beneficiaryFullName].","resultList":[{"result":[{"key":"?v","val":"VO_2cc18615_a0b1_40c9_9f67_63dadb15ecea_1503941590237_0"},{"key":"?b","val":"VO_2cc18615_a0b1_40c9_9f67_63dadb15ecea_1503941590237_11"},{"key":"?cn","val":"VO_2cc18615_a0b1_40c9_9f67_63dadb15ecea_1503941590237_10"},{"key":"?beneficiaryFullName","val":"Dennis M. Norgrove"}]},{"result":[{"key":"?v","val":"VO_2cc18615_a0b1_40c9_9f67_63dadb15ecea_1503941590237_0"},{"key":"?b","val":"VO_2cc18615_a0b1_40c9_9f67_63dadb15ecea_1503941590237_11"},{"key":"?cn","val":"NO_b8530535_cc6c_4e32_97cd_4256fd125a40_1503941595843_0"},{"key":"?beneficiaryFullName","val":"Dennis M. Norgrove"}]}]},{"query":"?- ?v:AE#VATravelVoucher, ?v[AE#hasVoucherBeneficiary->?b], ?b[AE#hasName->?cn], ?cn[AE#hasFirstName->?beneficiaryFirstName].","resultList":[{"result":[{"key":"?v","val":"VO_2cc18615_a0b1_40c9_9f67_63dadb15ecea_1503941590237_0"},{"key":"?b","val":"VO_2cc18615_a0b1_40c9_9f67_63dadb15ecea_1503941590237_11"},{"key":"?cn","val":"NO_b8530535_cc6c_4e32_97cd_4256fd125a40_1503941595843_0"},{"key":"?beneficiaryFirstName","val":"dennis"}]}]},{"query":"?- ?v:AE#VATravelVoucher, ?v[AE#hasVoucherBeneficiary->?b], ?b[AE#hasName->?cn], ?cn[AE#hasLastName->?beneficiaryLastName].","resultList":[{"result":[{"key":"?v","val":"VO_2cc18615_a0b1_40c9_9f67_63dadb15ecea_1503941590237_0"},{"key":"?b","val":"VO_2cc18615_a0b1_40c9_9f67_63dadb15ecea_1503941590237_11"},{"key":"?cn","val":"NO_b8530535_cc6c_4e32_97cd_4256fd125a40_1503941595843_0"},{"key":"?beneficiaryLastName","val":"norgrove"}]}]},{"query":"?- ?v:AE#VATravelVoucher, ?v[AE#hasVoucherBeneficiary->?b], ?b[AE#hasSocialSecurityNumber->?s], ?s[label->?beneficiarySsn].","resultList":[{"result":[{"key":"?v","val":"VO_2cc18615_a0b1_40c9_9f67_63dadb15ecea_1503941590237_0"},{"key":"?b","val":"VO_2cc18615_a0b1_40c9_9f67_63dadb15ecea_1503941590237_11"},{"key":"?s","val":"VO_2cc18615_a0b1_40c9_9f67_63dadb15ecea_1503941590237_9"},{"key":"?beneficiarySsn","val":"702-79-7189"}]}]},{"query":"?- ?v:AE#VATravelVoucher, ?v[AE#hasVoucherBeneficiary->?b], ?b[AE#hasLiens->?beneficiaryHasLiens].","resultList":[{"result":[{"key":"?v","val":"VO_2cc18615_a0b1_40c9_9f67_63dadb15ecea_1503941590237_0"},{"key":"?b","val":"VO_2cc18615_a0b1_40c9_9f67_63dadb15ecea_1503941590237_11"},{"key":"?beneficiaryHasLiens","val":"AE#NoLienReport"}]}]},{"query":"?- ?v:AE#VATravelVoucher, ?v[AE#hasVoucherBeneficiary->?b], ?b[AE#hasDeclaredBankruptcy->?beneficiaryHasDeclaredBankruptcy].","resultList":[{"result":[{"key":"?v","val":"VO_2cc18615_a0b1_40c9_9f67_63dadb15ecea_1503941590237_0"},{"key":"?b","val":"VO_2cc18615_a0b1_40c9_9f67_63dadb15ecea_1503941590237_11"},{"key":"?beneficiaryHasDeclaredBankruptcy","val":"AE#NoBankruptcyReport"}]}]},{"query":"?- ?v:AE#VATravelVoucher, ?v[AE#hasVoucherBeneficiary->?b], ?b[AE#hasArrestRecord->?beneficiaryHasArrestRecord].","resultList":[{"result":[{"key":"?v","val":"VO_2cc18615_a0b1_40c9_9f67_63dadb15ecea_1503941590237_0"},{"key":"?b","val":"VO_2cc18615_a0b1_40c9_9f67_63dadb15ecea_1503941590237_11"},{"key":"?beneficiaryHasArrestRecord","val":"AE#NoArrestRecord"}]}]},{"query":"?- ?v:AE#VATravelVoucher, ?v[AE#hasVoucherBeneficiary->?b], ?b[AE#hasCriminalRecord->?beneficiaryHasCriminalRecord].","resultList":[{"result":[{"key":"?v","val":"VO_2cc18615_a0b1_40c9_9f67_63dadb15ecea_1503941590237_0"},{"key":"?b","val":"VO_2cc18615_a0b1_40c9_9f67_63dadb15ecea_1503941590237_11"},{"key":"?beneficiaryHasCriminalRecord","val":"AE#NoCriminalRecord"}]}]},{"query":"?- ?t:AE#Travelling, ?t[AE#hasPath->?p], ?p[AE#hasDistance->?d], ?d[AE#numericValue->?expectedDistanceValue], ?d[AE#hasUnitOfMeasure->?unitOfDistanceMeasure].","resultList":[{"result":[{"key":"?t","val":"VO_2cc18615_a0b1_40c9_9f67_63dadb15ecea_1503941590237_6"},{"key":"?p","val":"ES_c384d4a6_b5f8_4bfa_9eab_c1a301232ea7_1503941615342_4"},{"key":"?d","val":"ES_c384d4a6_b5f8_4bfa_9eab_c1a301232ea7_1503941615342_0"},{"key":"?expectedDistanceValue","val":"4890.6772571262072233366779983043670654296875"},{"key":"?unitOfDistanceMeasure","val":"meters"}]}]},{"query":"?- ?t:AE#Travelling, ?t[AE#hasPath->?p], ?p[AE#hasExpectedTravelTime->?d], ?d[AE#numericValue->?expectedTimeValue], ?d[AE#hasUnitOfMeasure->?unitOfTimeMeasure].","resultList":[{"result":[{"key":"?t","val":"VO_2cc18615_a0b1_40c9_9f67_63dadb15ecea_1503941590237_6"},{"key":"?p","val":"ES_c384d4a6_b5f8_4bfa_9eab_c1a301232ea7_1503941615342_4"},{"key":"?d","val":"ES_c384d4a6_b5f8_4bfa_9eab_c1a301232ea7_1503941615342_2"},{"key":"?expectedTimeValue","val":"8.23470028233714401721954345703125"},{"key":"?unitOfTimeMeasure","val":"minutes"}]}]},{"query":"?- ?t:AE#Travelling, ?t[AE#hasDestination->?d], ?d[label->?destinationFullAddress].","resultList":[{"result":[{"key":"?t","val":"VO_2cc18615_a0b1_40c9_9f67_63dadb15ecea_1503941590237_7"},{"key":"?d","val":"VO_2cc18615_a0b1_40c9_9f67_63dadb15ecea_1503941590237_8"},{"key":"?destinationFullAddress","val":"2790 Truxton Road, Suite 130, San Diego, CA 92106"}]},{"result":[{"key":"?t","val":"VO_2cc18615_a0b1_40c9_9f67_63dadb15ecea_1503941590237_6"},{"key":"?d","val":"VO_2cc18615_a0b1_40c9_9f67_63dadb15ecea_1503941590237_5"},{"key":"?destinationFullAddress","val":"4146 Miller Road San Diego, CA 92103"}]}]},{"query":"?- ?t:AE#Travelling, ?t[AE#hasDestination->?d], ?d[AE#hasStreet->?s], ?s[label->?destinationStreetName], ?d[AE#hasCity->?c], ?c[label->?destinationCity], ?d[AE#hasState->?st], ?st[label->?destinationState], ?d[AE#hasZipcode->?destinationZipCode].","resultList":[{"result":[{"key":"?t","val":"VO_2cc18615_a0b1_40c9_9f67_63dadb15ecea_1503941590237_7"},{"key":"?d","val":"VO_2cc18615_a0b1_40c9_9f67_63dadb15ecea_1503941590237_8"},{"key":"?s","val":"NO_081148e2_9b53_4307_b2d3_b25fb6c1ebc4_1503941599446_id5"},{"key":"?destinationStreetName","val":"2790 Truxton Road"},{"key":"?c","val":"NO_081148e2_9b53_4307_b2d3_b25fb6c1ebc4_1503941599446_id11"},{"key":"?destinationCity","val":"San Diego"},{"key":"?st","val":"NO_081148e2_9b53_4307_b2d3_b25fb6c1ebc4_1503941599446_id13"},{"key":"?destinationState","val":"CA"},{"key":"?destinationZipCode","val":"92106"}]},{"result":[{"key":"?t","val":"VO_2cc18615_a0b1_40c9_9f67_63dadb15ecea_1503941590237_6"},{"key":"?d","val":"VO_2cc18615_a0b1_40c9_9f67_63dadb15ecea_1503941590237_5"},{"key":"?s","val":"NO_704df82a_79b8_47e5_9de1_8b5c20a8fb4b_1503941601256_id3"},{"key":"?destinationStreetName","val":"4146 Miller Road"},{"key":"?c","val":"NO_704df82a_79b8_47e5_9de1_8b5c20a8fb4b_1503941601256_id9"},{"key":"?destinationCity","val":"San Diego"},{"key":"?st","val":"NO_704df82a_79b8_47e5_9de1_8b5c20a8fb4b_1503941601256_id11"},{"key":"?destinationState","val":"CA"},{"key":"?destinationZipCode","val":"92103"}]}]},{"query":"?- ?t:AE#Travelling, ?t[AE#hasOrigin->?d], ?d[label->?originFullAddress].","resultList":[{"result":[{"key":"?t","val":"VO_2cc18615_a0b1_40c9_9f67_63dadb15ecea_1503941590237_7"},{"key":"?d","val":"VO_2cc18615_a0b1_40c9_9f67_63dadb15ecea_1503941590237_3"},{"key":"?originFullAddress","val":"2839 Dale St, San Diego, CA 92104"}]},{"result":[{"key":"?t","val":"VO_2cc18615_a0b1_40c9_9f67_63dadb15ecea_1503941590237_6"},{"key":"?d","val":"VO_2cc18615_a0b1_40c9_9f67_63dadb15ecea_1503941590237_8"},{"key":"?originFullAddress","val":"2790 Truxton Road, Suite 130, San Diego, CA 92106"}]}]},{"query":"?- ?t:AE#Travelling, ?t[AE#hasOrigin->?d], ?d[AE#hasStreet->?s], ?s[label->?originStreetName], ?d[AE#hasCity->?c], ?c[label->?originCity], ?d[AE#hasState->?st], ?st[label->?originState], ?d[AE#hasZipcode->?originZipCode].","resultList":[{"result":[{"key":"?t","val":"VO_2cc18615_a0b1_40c9_9f67_63dadb15ecea_1503941590237_7"},{"key":"?d","val":"VO_2cc18615_a0b1_40c9_9f67_63dadb15ecea_1503941590237_3"},{"key":"?s","val":"NO_683d0e14_2a1e_474b_b8b5_fc1c9e3a5c78_1503941603147_id3"},{"key":"?originStreetName","val":"2839 Dale St"},{"key":"?c","val":"NO_683d0e14_2a1e_474b_b8b5_fc1c9e3a5c78_1503941603147_id9"},{"key":"?originCity","val":"San Diego"},{"key":"?st","val":"NO_683d0e14_2a1e_474b_b8b5_fc1c9e3a5c78_1503941603147_id11"},{"key":"?originState","val":"CA"},{"key":"?originZipCode","val":"92104"}]},{"result":[{"key":"?t","val":"VO_2cc18615_a0b1_40c9_9f67_63dadb15ecea_1503941590237_6"},{"key":"?d","val":"VO_2cc18615_a0b1_40c9_9f67_63dadb15ecea_1503941590237_8"},{"key":"?s","val":"NO_081148e2_9b53_4307_b2d3_b25fb6c1ebc4_1503941599446_id5"},{"key":"?originStreetName","val":"2790 Truxton Road"},{"key":"?c","val":"NO_081148e2_9b53_4307_b2d3_b25fb6c1ebc4_1503941599446_id11"},{"key":"?originCity","val":"San Diego"},{"key":"?st","val":"NO_081148e2_9b53_4307_b2d3_b25fb6c1ebc4_1503941599446_id13"},{"key":"?originState","val":"CA"},{"key":"?originZipCode","val":"92106"}]}]},{"query":"?- ?t:AE#Travelling, ?t[AE#hasPath->?p], ?p[AE#hasStartRegion->?s], ?s[AE#hasLatitude->?originLatitude], ?s[AE#hasLongitude->?originLongitude].","resultList":[{"result":[{"key":"?t","val":"VO_2cc18615_a0b1_40c9_9f67_63dadb15ecea_1503941590237_6"},{"key":"?p","val":"ES_c384d4a6_b5f8_4bfa_9eab_c1a301232ea7_1503941615342_4"},{"key":"?s","val":"ES_c384d4a6_b5f8_4bfa_9eab_c1a301232ea7_1503941615342_3"},{"key":"?originLatitude","val":"32.74051839275188058309140615165233612060546875"},{"key":"?originLongitude","val":"-117.2130215001728856805129908025264739990234375"}]}]},{"query":"?- ?t:AE#Travelling, ?t[AE#hasPath->?p], ?p[AE#hasEndRegion->?e], ?e[AE#hasLatitude->?destinationLatitude], ?e[AE#hasLongitude->?destinationLongitude].","resultList":[{"result":[{"key":"?t","val":"VO_2cc18615_a0b1_40c9_9f67_63dadb15ecea_1503941590237_6"},{"key":"?p","val":"ES_c384d4a6_b5f8_4bfa_9eab_c1a301232ea7_1503941615342_4"},{"key":"?e","val":"ES_c384d4a6_b5f8_4bfa_9eab_c1a301232ea7_1503941615342_1"},{"key":"?destinationLatitude","val":"32.7501623608113590080392896197736263275146484375"},{"key":"?destinationLongitude","val":"-117.18604665725069935433566570281982421875"}]}]}]}
