{"dataList":[{"query":"?- ?v:AE#VATravelVoucher, ?v[AE#hasVoucherClaimant->?c], ?c[AE#hasName->?cn], ?cn[label->?claimantFullName].","resultList":[{"result":[{"key":"?v","val":"VO_36a83ec7_f07a_41e0_9059_c687f6f6d06d_1503942398987_0"},{"key":"?c","val":"VO_36a83ec7_f07a_41e0_9059_c687f6f6d06d_1503942398987_2"},{"key":"?cn","val":"NO_caea1822_17c4_4ad6_b84c_2c6d82e36e0b_1503942406665_0"},{"key":"?claimantFullName","val":"Shawn S. Chidley"}]},{"result":[{"key":"?v","val":"VO_36a83ec7_f07a_41e0_9059_c687f6f6d06d_1503942398987_0"},{"key":"?c","val":"VO_36a83ec7_f07a_41e0_9059_c687f6f6d06d_1503942398987_2"},{"key":"?cn","val":"VO_36a83ec7_f07a_41e0_9059_c687f6f6d06d_1503942398987_1"},{"key":"?claimantFullName","val":"Shawn S. Chidley"}]}]},{"query":"?- ?v:AE#VATravelVoucher, ?v[AE#hasVoucherClaimant->?c], ?c[AE#hasName->?cn], ?cn[AE#hasFirstName->?claimantFirstName].","resultList":[{"result":[{"key":"?v","val":"VO_36a83ec7_f07a_41e0_9059_c687f6f6d06d_1503942398987_0"},{"key":"?c","val":"VO_36a83ec7_f07a_41e0_9059_c687f6f6d06d_1503942398987_2"},{"key":"?cn","val":"NO_caea1822_17c4_4ad6_b84c_2c6d82e36e0b_1503942406665_0"},{"key":"?claimantFirstName","val":"shawn"}]}]},{"query":"?- ?v:AE#VATravelVoucher, ?v[AE#hasVoucherClaimant->?c], ?c[AE#hasName->?cn], ?cn[AE#hasLastName->?claimantLastName].","resultList":[{"result":[{"key":"?v","val":"VO_36a83ec7_f07a_41e0_9059_c687f6f6d06d_1503942398987_0"},{"key":"?c","val":"VO_36a83ec7_f07a_41e0_9059_c687f6f6d06d_1503942398987_2"},{"key":"?cn","val":"NO_caea1822_17c4_4ad6_b84c_2c6d82e36e0b_1503942406665_0"},{"key":"?claimantLastName","val":"chidley"}]}]},{"query":"?- ?v:AE#VATravelVoucher, ?v[AE#hasVoucherClaimant->?c], ?c[AE#hasSocialSecurityNumber->?s], ?s[label->?claimantSsn].","resultList":[{"result":[{"key":"?v","val":"VO_36a83ec7_f07a_41e0_9059_c687f6f6d06d_1503942398987_0"},{"key":"?c","val":"VO_36a83ec7_f07a_41e0_9059_c687f6f6d06d_1503942398987_2"},{"key":"?s","val":"VO_36a83ec7_f07a_41e0_9059_c687f6f6d06d_1503942398987_12"},{"key":"?claimantSsn","val":"853-05-0671"}]}]},{"query":"?- ?v:AE#VATravelVoucher, ?v[AE#hasVoucherClaimant->?c], ?c[AE#hasLiens->?claimantHasLiens].","resultList":[{"result":[{"key":"?v","val":"VO_36a83ec7_f07a_41e0_9059_c687f6f6d06d_1503942398987_0"},{"key":"?c","val":"VO_36a83ec7_f07a_41e0_9059_c687f6f6d06d_1503942398987_2"},{"key":"?claimantHasLiens","val":"AE#UnknownLienReport"}]}]},{"query":"?- ?v:AE#VATravelVoucher, ?v[AE#hasVoucherClaimant->?c], ?c[AE#hasDeclaredBankruptcy->?claimantHasDeclaredBankruptcy].","resultList":[{"result":[{"key":"?v","val":"VO_36a83ec7_f07a_41e0_9059_c687f6f6d06d_1503942398987_0"},{"key":"?c","val":"VO_36a83ec7_f07a_41e0_9059_c687f6f6d06d_1503942398987_2"},{"key":"?claimantHasDeclaredBankruptcy","val":"AE#NoBankruptcyReport"}]}]},{"query":"?- ?v:AE#VATravelVoucher, ?v[AE#hasVoucherClaimant->?c], ?c[AE#hasArrestRecord->?claimantHasArrestRecord].","resultList":[{"result":[{"key":"?v","val":"VO_36a83ec7_f07a_41e0_9059_c687f6f6d06d_1503942398987_0"},{"key":"?c","val":"VO_36a83ec7_f07a_41e0_9059_c687f6f6d06d_1503942398987_2"},{"key":"?claimantHasArrestRecord","val":"AE#NoArrestRecord"}]}]},{"query":"?- ?v:AE#VATravelVoucher, ?v[AE#hasVoucherClaimant->?c], ?c[AE#hasCriminalRecord->?claimantHasCriminalRecord].","resultList":[{"result":[{"key":"?v","val":"VO_36a83ec7_f07a_41e0_9059_c687f6f6d06d_1503942398987_0"},{"key":"?c","val":"VO_36a83ec7_f07a_41e0_9059_c687f6f6d06d_1503942398987_2"},{"key":"?claimantHasCriminalRecord","val":"AE#NoCriminalRecord"}]}]},{"query":"?- ?v:AE#VATravelVoucher, ?v[AE#hasVoucherBeneficiary->?b], ?b[AE#hasName->?cn], ?cn[label->?beneficiaryFullName].","resultList":[{"result":[{"key":"?v","val":"VO_36a83ec7_f07a_41e0_9059_c687f6f6d06d_1503942398987_0"},{"key":"?b","val":"VO_36a83ec7_f07a_41e0_9059_c687f6f6d06d_1503942398987_11"},{"key":"?cn","val":"VO_36a83ec7_f07a_41e0_9059_c687f6f6d06d_1503942398987_10"},{"key":"?beneficiaryFullName","val":"Shawn S. Chidley"}]},{"result":[{"key":"?v","val":"VO_36a83ec7_f07a_41e0_9059_c687f6f6d06d_1503942398987_0"},{"key":"?b","val":"VO_36a83ec7_f07a_41e0_9059_c687f6f6d06d_1503942398987_11"},{"key":"?cn","val":"NO_30f6b4c8_57d5_4e12_8aa6_262fab039f99_1503942404694_0"},{"key":"?beneficiaryFullName","val":"Shawn S. Chidley"}]}]},{"query":"?- ?v:AE#VATravelVoucher, ?v[AE#hasVoucherBeneficiary->?b], ?b[AE#hasName->?cn], ?cn[AE#hasFirstName->?beneficiaryFirstName].","resultList":[{"result":[{"key":"?v","val":"VO_36a83ec7_f07a_41e0_9059_c687f6f6d06d_1503942398987_0"},{"key":"?b","val":"VO_36a83ec7_f07a_41e0_9059_c687f6f6d06d_1503942398987_11"},{"key":"?cn","val":"NO_30f6b4c8_57d5_4e12_8aa6_262fab039f99_1503942404694_0"},{"key":"?beneficiaryFirstName","val":"shawn"}]}]},{"query":"?- ?v:AE#VATravelVoucher, ?v[AE#hasVoucherBeneficiary->?b], ?b[AE#hasName->?cn], ?cn[AE#hasLastName->?beneficiaryLastName].","resultList":[{"result":[{"key":"?v","val":"VO_36a83ec7_f07a_41e0_9059_c687f6f6d06d_1503942398987_0"},{"key":"?b","val":"VO_36a83ec7_f07a_41e0_9059_c687f6f6d06d_1503942398987_11"},{"key":"?cn","val":"NO_30f6b4c8_57d5_4e12_8aa6_262fab039f99_1503942404694_0"},{"key":"?beneficiaryLastName","val":"chidley"}]}]},{"query":"?- ?v:AE#VATravelVoucher, ?v[AE#hasVoucherBeneficiary->?b], ?b[AE#hasSocialSecurityNumber->?s], ?s[label->?beneficiarySsn].","resultList":[{"result":[{"key":"?v","val":"VO_36a83ec7_f07a_41e0_9059_c687f6f6d06d_1503942398987_0"},{"key":"?b","val":"VO_36a83ec7_f07a_41e0_9059_c687f6f6d06d_1503942398987_11"},{"key":"?s","val":"VO_36a83ec7_f07a_41e0_9059_c687f6f6d06d_1503942398987_9"},{"key":"?beneficiarySsn","val":"853-05-0671"}]}]},{"query":"?- ?v:AE#VATravelVoucher, ?v[AE#hasVoucherBeneficiary->?b], ?b[AE#hasLiens->?beneficiaryHasLiens].","resultList":[{"result":[{"key":"?v","val":"VO_36a83ec7_f07a_41e0_9059_c687f6f6d06d_1503942398987_0"},{"key":"?b","val":"VO_36a83ec7_f07a_41e0_9059_c687f6f6d06d_1503942398987_11"},{"key":"?beneficiaryHasLiens","val":"AE#UnknownLienReport"}]}]},{"query":"?- ?v:AE#VATravelVoucher, ?v[AE#hasVoucherBeneficiary->?b], ?b[AE#hasDeclaredBankruptcy->?beneficiaryHasDeclaredBankruptcy].","resultList":[{"result":[{"key":"?v","val":"VO_36a83ec7_f07a_41e0_9059_c687f6f6d06d_1503942398987_0"},{"key":"?b","val":"VO_36a83ec7_f07a_41e0_9059_c687f6f6d06d_1503942398987_11"},{"key":"?beneficiaryHasDeclaredBankruptcy","val":"AE#NoBankruptcyReport"}]}]},{"query":"?- ?v:AE#VATravelVoucher, ?v[AE#hasVoucherBeneficiary->?b], ?b[AE#hasArrestRecord->?beneficiaryHasArrestRecord].","resultList":[{"result":[{"key":"?v","val":"VO_36a83ec7_f07a_41e0_9059_c687f6f6d06d_1503942398987_0"},{"key":"?b","val":"VO_36a83ec7_f07a_41e0_9059_c687f6f6d06d_1503942398987_11"},{"key":"?beneficiaryHasArrestRecord","val":"AE#NoArrestRecord"}]}]},{"query":"?- ?v:AE#VATravelVoucher, ?v[AE#hasVoucherBeneficiary->?b], ?b[AE#hasCriminalRecord->?beneficiaryHasCriminalRecord].","resultList":[{"result":[{"key":"?v","val":"VO_36a83ec7_f07a_41e0_9059_c687f6f6d06d_1503942398987_0"},{"key":"?b","val":"VO_36a83ec7_f07a_41e0_9059_c687f6f6d06d_1503942398987_11"},{"key":"?beneficiaryHasCriminalRecord","val":"AE#NoCriminalRecord"}]}]},{"query":"?- ?t:AE#Travelling, ?t[AE#hasPath->?p], ?p[AE#hasDistance->?d], ?d[AE#numericValue->?expectedDistanceValue], ?d[AE#hasUnitOfMeasure->?unitOfDistanceMeasure].","resultList":[{"result":[{"key":"?t","val":"VO_36a83ec7_f07a_41e0_9059_c687f6f6d06d_1503942398987_6"},{"key":"?p","val":"ES_ff0c13cb_0198_4395_8cdd_a64151b3097d_1503942425806_4"},{"key":"?d","val":"ES_ff0c13cb_0198_4395_8cdd_a64151b3097d_1503942425806_0"},{"key":"?expectedDistanceValue","val":"5853.8570599697277430095709860324859619140625"},{"key":"?unitOfDistanceMeasure","val":"meters"}]}]},{"query":"?- ?t:AE#Travelling, ?t[AE#hasPath->?p], ?p[AE#hasExpectedTravelTime->?d], ?d[AE#numericValue->?expectedTimeValue], ?d[AE#hasUnitOfMeasure->?unitOfTimeMeasure].","resultList":[{"result":[{"key":"?t","val":"VO_36a83ec7_f07a_41e0_9059_c687f6f6d06d_1503942398987_6"},{"key":"?p","val":"ES_ff0c13cb_0198_4395_8cdd_a64151b3097d_1503942425806_4"},{"key":"?d","val":"ES_ff0c13cb_0198_4395_8cdd_a64151b3097d_1503942425806_2"},{"key":"?expectedTimeValue","val":"6.8226484232582151889801025390625"},{"key":"?unitOfTimeMeasure","val":"minutes"}]}]},{"query":"?- ?t:AE#Travelling, ?t[AE#hasDestination->?d], ?d[label->?destinationFullAddress].","resultList":[{"result":[{"key":"?t","val":"VO_36a83ec7_f07a_41e0_9059_c687f6f6d06d_1503942398987_7"},{"key":"?d","val":"VO_36a83ec7_f07a_41e0_9059_c687f6f6d06d_1503942398987_8"},{"key":"?destinationFullAddress","val":"2790 Truxton Road, Suite 130, San Diego, CA 92106"}]},{"result":[{"key":"?t","val":"VO_36a83ec7_f07a_41e0_9059_c687f6f6d06d_1503942398987_6"},{"key":"?d","val":"VO_36a83ec7_f07a_41e0_9059_c687f6f6d06d_1503942398987_5"},{"key":"?destinationFullAddress","val":"3862 Fifth Ave, San Diego, CA 92103"}]}]},{"query":"?- ?t:AE#Travelling, ?t[AE#hasDestination->?d], ?d[AE#hasStreet->?s], ?s[label->?destinationStreetName], ?d[AE#hasCity->?c], ?c[label->?destinationCity], ?d[AE#hasState->?st], ?st[label->?destinationState], ?d[AE#hasZipcode->?destinationZipCode].","resultList":[{"result":[{"key":"?t","val":"VO_36a83ec7_f07a_41e0_9059_c687f6f6d06d_1503942398987_7"},{"key":"?d","val":"VO_36a83ec7_f07a_41e0_9059_c687f6f6d06d_1503942398987_8"},{"key":"?s","val":"NO_dcc5fef8_cd31_4902_a061_5ca57dc65349_1503942408599_id5"},{"key":"?destinationStreetName","val":"2790 Truxton Road"},{"key":"?c","val":"NO_dcc5fef8_cd31_4902_a061_5ca57dc65349_1503942408599_id11"},{"key":"?destinationCity","val":"San Diego"},{"key":"?st","val":"NO_dcc5fef8_cd31_4902_a061_5ca57dc65349_1503942408599_id13"},{"key":"?destinationState","val":"CA"},{"key":"?destinationZipCode","val":"92106"}]},{"result":[{"key":"?t","val":"VO_36a83ec7_f07a_41e0_9059_c687f6f6d06d_1503942398987_6"},{"key":"?d","val":"VO_36a83ec7_f07a_41e0_9059_c687f6f6d06d_1503942398987_5"},{"key":"?s","val":"NO_d3cce16a_f6a2_48cb_8ebf_2f3bcded1663_1503942410600_id3"},{"key":"?destinationStreetName","val":"3862 Fifth Ave"},{"key":"?c","val":"NO_d3cce16a_f6a2_48cb_8ebf_2f3bcded1663_1503942410600_id9"},{"key":"?destinationCity","val":"San Diego"},{"key":"?st","val":"NO_d3cce16a_f6a2_48cb_8ebf_2f3bcded1663_1503942410600_id11"},{"key":"?destinationState","val":"CA"},{"key":"?destinationZipCode","val":"92103"}]}]},{"query":"?- ?t:AE#Travelling, ?t[AE#hasOrigin->?d], ?d[label->?originFullAddress].","resultList":[{"result":[{"key":"?t","val":"VO_36a83ec7_f07a_41e0_9059_c687f6f6d06d_1503942398987_7"},{"key":"?d","val":"VO_36a83ec7_f07a_41e0_9059_c687f6f6d06d_1503942398987_3"},{"key":"?originFullAddress","val":"3862 Fifth Ave, San Diego, CA 92103"}]},{"result":[{"key":"?t","val":"VO_36a83ec7_f07a_41e0_9059_c687f6f6d06d_1503942398987_6"},{"key":"?d","val":"VO_36a83ec7_f07a_41e0_9059_c687f6f6d06d_1503942398987_8"},{"key":"?originFullAddress","val":"2790 Truxton Road, Suite 130, San Diego, CA 92106"}]}]},{"query":"?- ?t:AE#Travelling, ?t[AE#hasOrigin->?d], ?d[AE#hasStreet->?s], ?s[label->?originStreetName], ?d[AE#hasCity->?c], ?c[label->?originCity], ?d[AE#hasState->?st], ?st[label->?originState], ?d[AE#hasZipcode->?originZipCode].","resultList":[{"result":[{"key":"?t","val":"VO_36a83ec7_f07a_41e0_9059_c687f6f6d06d_1503942398987_7"},{"key":"?d","val":"VO_36a83ec7_f07a_41e0_9059_c687f6f6d06d_1503942398987_3"},{"key":"?s","val":"NO_eda0b209_08b2_40e0_9288_b17f07177e08_1503942412612_id3"},{"key":"?originStreetName","val":"3862 Fifth Ave"},{"key":"?c","val":"NO_eda0b209_08b2_40e0_9288_b17f07177e08_1503942412612_id9"},{"key":"?originCity","val":"San Diego"},{"key":"?st","val":"NO_eda0b209_08b2_40e0_9288_b17f07177e08_1503942412612_id11"},{"key":"?originState","val":"CA"},{"key":"?originZipCode","val":"92103"}]},{"result":[{"key":"?t","val":"VO_36a83ec7_f07a_41e0_9059_c687f6f6d06d_1503942398987_6"},{"key":"?d","val":"VO_36a83ec7_f07a_41e0_9059_c687f6f6d06d_1503942398987_8"},{"key":"?s","val":"NO_dcc5fef8_cd31_4902_a061_5ca57dc65349_1503942408599_id5"},{"key":"?originStreetName","val":"2790 Truxton Road"},{"key":"?c","val":"NO_dcc5fef8_cd31_4902_a061_5ca57dc65349_1503942408599_id11"},{"key":"?originCity","val":"San Diego"},{"key":"?st","val":"NO_dcc5fef8_cd31_4902_a061_5ca57dc65349_1503942408599_id13"},{"key":"?originState","val":"CA"},{"key":"?originZipCode","val":"92106"}]}]},{"query":"?- ?t:AE#Travelling, ?t[AE#hasPath->?p], ?p[AE#hasStartRegion->?s], ?s[AE#hasLatitude->?originLatitude], ?s[AE#hasLongitude->?originLongitude].","resultList":[{"result":[{"key":"?t","val":"VO_36a83ec7_f07a_41e0_9059_c687f6f6d06d_1503942398987_6"},{"key":"?p","val":"ES_ff0c13cb_0198_4395_8cdd_a64151b3097d_1503942425806_4"},{"key":"?s","val":"ES_ff0c13cb_0198_4395_8cdd_a64151b3097d_1503942425806_3"},{"key":"?originLatitude","val":"32.74051839275188058309140615165233612060546875"},{"key":"?originLongitude","val":"-117.2130215001728856805129908025264739990234375"}]}]},{"query":"?- ?t:AE#Travelling, ?t[AE#hasPath->?p], ?p[AE#hasEndRegion->?e], ?e[AE#hasLatitude->?destinationLatitude], ?e[AE#hasLongitude->?destinationLongitude].","resultList":[{"result":[{"key":"?t","val":"VO_36a83ec7_f07a_41e0_9059_c687f6f6d06d_1503942398987_6"},{"key":"?p","val":"ES_ff0c13cb_0198_4395_8cdd_a64151b3097d_1503942425806_4"},{"key":"?e","val":"ES_ff0c13cb_0198_4395_8cdd_a64151b3097d_1503942425806_1"},{"key":"?destinationLatitude","val":"32.7480207171793011866611777804791927337646484375"},{"key":"?destinationLongitude","val":"-117.160464135610624225591891445219516754150390625"}]}]}]}
