{"dataList":[{"query":"?- ?v:AE#VATravelVoucher, ?v[AE#hasVoucherClaimant->?c], ?c[AE#hasName->?cn], ?cn[label->?claimantFullName].","resultList":[{"result":[{"key":"?v","val":"VO_367ae362_c011_4581_b7d1_6e2d9731327d_1503943733000_0"},{"key":"?c","val":"VO_367ae362_c011_4581_b7d1_6e2d9731327d_1503943733000_2"},{"key":"?cn","val":"NO_6ca0e5e2_2e9d_4d49_9a70_6d012ba2e297_1503943740260_0"},{"key":"?claimantFullName","val":"Thomas Jacob Ramirez"}]},{"result":[{"key":"?v","val":"VO_367ae362_c011_4581_b7d1_6e2d9731327d_1503943733000_0"},{"key":"?c","val":"VO_367ae362_c011_4581_b7d1_6e2d9731327d_1503943733000_2"},{"key":"?cn","val":"VO_367ae362_c011_4581_b7d1_6e2d9731327d_1503943733000_1"},{"key":"?claimantFullName","val":"Thomas Jacob Ramirez"}]}]},{"query":"?- ?v:AE#VATravelVoucher, ?v[AE#hasVoucherClaimant->?c], ?c[AE#hasName->?cn], ?cn[AE#hasFirstName->?claimantFirstName].","resultList":[{"result":[{"key":"?v","val":"VO_367ae362_c011_4581_b7d1_6e2d9731327d_1503943733000_0"},{"key":"?c","val":"VO_367ae362_c011_4581_b7d1_6e2d9731327d_1503943733000_2"},{"key":"?cn","val":"NO_6ca0e5e2_2e9d_4d49_9a70_6d012ba2e297_1503943740260_0"},{"key":"?claimantFirstName","val":"thomas"}]}]},{"query":"?- ?v:AE#VATravelVoucher, ?v[AE#hasVoucherClaimant->?c], ?c[AE#hasName->?cn], ?cn[AE#hasLastName->?claimantLastName].","resultList":[{"result":[{"key":"?v","val":"VO_367ae362_c011_4581_b7d1_6e2d9731327d_1503943733000_0"},{"key":"?c","val":"VO_367ae362_c011_4581_b7d1_6e2d9731327d_1503943733000_2"},{"key":"?cn","val":"NO_6ca0e5e2_2e9d_4d49_9a70_6d012ba2e297_1503943740260_0"},{"key":"?claimantLastName","val":"ramirez"}]}]},{"query":"?- ?v:AE#VATravelVoucher, ?v[AE#hasVoucherClaimant->?c], ?c[AE#hasSocialSecurityNumber->?s], ?s[label->?claimantSsn].","resultList":[{"result":[{"key":"?v","val":"VO_367ae362_c011_4581_b7d1_6e2d9731327d_1503943733000_0"},{"key":"?c","val":"VO_367ae362_c011_4581_b7d1_6e2d9731327d_1503943733000_2"},{"key":"?s","val":"VO_367ae362_c011_4581_b7d1_6e2d9731327d_1503943733000_12"},{"key":"?claimantSsn","val":"340-99-3679"}]}]},{"query":"?- ?v:AE#VATravelVoucher, ?v[AE#hasVoucherClaimant->?c], ?c[AE#hasLiens->?claimantHasLiens].","resultList":[{"result":[{"key":"?v","val":"VO_367ae362_c011_4581_b7d1_6e2d9731327d_1503943733000_0"},{"key":"?c","val":"VO_367ae362_c011_4581_b7d1_6e2d9731327d_1503943733000_2"},{"key":"?claimantHasLiens","val":"AE#UnknownLienReport"}]}]},{"query":"?- ?v:AE#VATravelVoucher, ?v[AE#hasVoucherClaimant->?c], ?c[AE#hasDeclaredBankruptcy->?claimantHasDeclaredBankruptcy].","resultList":[{"result":[{"key":"?v","val":"VO_367ae362_c011_4581_b7d1_6e2d9731327d_1503943733000_0"},{"key":"?c","val":"VO_367ae362_c011_4581_b7d1_6e2d9731327d_1503943733000_2"},{"key":"?claimantHasDeclaredBankruptcy","val":"AE#NoBankruptcyReport"}]}]},{"query":"?- ?v:AE#VATravelVoucher, ?v[AE#hasVoucherClaimant->?c], ?c[AE#hasArrestRecord->?claimantHasArrestRecord].","resultList":[{"result":[{"key":"?v","val":"VO_367ae362_c011_4581_b7d1_6e2d9731327d_1503943733000_0"},{"key":"?c","val":"VO_367ae362_c011_4581_b7d1_6e2d9731327d_1503943733000_2"},{"key":"?claimantHasArrestRecord","val":"AE#NoArrestRecord"}]}]},{"query":"?- ?v:AE#VATravelVoucher, ?v[AE#hasVoucherClaimant->?c], ?c[AE#hasCriminalRecord->?claimantHasCriminalRecord].","resultList":[{"result":[{"key":"?v","val":"VO_367ae362_c011_4581_b7d1_6e2d9731327d_1503943733000_0"},{"key":"?c","val":"VO_367ae362_c011_4581_b7d1_6e2d9731327d_1503943733000_2"},{"key":"?claimantHasCriminalRecord","val":"AE#NoCriminalRecord"}]}]},{"query":"?- ?v:AE#VATravelVoucher, ?v[AE#hasVoucherBeneficiary->?b], ?b[AE#hasName->?cn], ?cn[label->?beneficiaryFullName].","resultList":[{"result":[{"key":"?v","val":"VO_367ae362_c011_4581_b7d1_6e2d9731327d_1503943733000_0"},{"key":"?b","val":"VO_367ae362_c011_4581_b7d1_6e2d9731327d_1503943733000_11"},{"key":"?cn","val":"VO_367ae362_c011_4581_b7d1_6e2d9731327d_1503943733000_10"},{"key":"?beneficiaryFullName","val":"Thomas Jacob Ramirez"}]},{"result":[{"key":"?v","val":"VO_367ae362_c011_4581_b7d1_6e2d9731327d_1503943733000_0"},{"key":"?b","val":"VO_367ae362_c011_4581_b7d1_6e2d9731327d_1503943733000_11"},{"key":"?cn","val":"NO_83b4f905_6faf_4bdb_9bac_44e252e109d0_1503943738267_0"},{"key":"?beneficiaryFullName","val":"Thomas Jacob Ramirez"}]}]},{"query":"?- ?v:AE#VATravelVoucher, ?v[AE#hasVoucherBeneficiary->?b], ?b[AE#hasName->?cn], ?cn[AE#hasFirstName->?beneficiaryFirstName].","resultList":[{"result":[{"key":"?v","val":"VO_367ae362_c011_4581_b7d1_6e2d9731327d_1503943733000_0"},{"key":"?b","val":"VO_367ae362_c011_4581_b7d1_6e2d9731327d_1503943733000_11"},{"key":"?cn","val":"NO_83b4f905_6faf_4bdb_9bac_44e252e109d0_1503943738267_0"},{"key":"?beneficiaryFirstName","val":"thomas"}]}]},{"query":"?- ?v:AE#VATravelVoucher, ?v[AE#hasVoucherBeneficiary->?b], ?b[AE#hasName->?cn], ?cn[AE#hasLastName->?beneficiaryLastName].","resultList":[{"result":[{"key":"?v","val":"VO_367ae362_c011_4581_b7d1_6e2d9731327d_1503943733000_0"},{"key":"?b","val":"VO_367ae362_c011_4581_b7d1_6e2d9731327d_1503943733000_11"},{"key":"?cn","val":"NO_83b4f905_6faf_4bdb_9bac_44e252e109d0_1503943738267_0"},{"key":"?beneficiaryLastName","val":"ramirez"}]}]},{"query":"?- ?v:AE#VATravelVoucher, ?v[AE#hasVoucherBeneficiary->?b], ?b[AE#hasSocialSecurityNumber->?s], ?s[label->?beneficiarySsn].","resultList":[{"result":[{"key":"?v","val":"VO_367ae362_c011_4581_b7d1_6e2d9731327d_1503943733000_0"},{"key":"?b","val":"VO_367ae362_c011_4581_b7d1_6e2d9731327d_1503943733000_11"},{"key":"?s","val":"VO_367ae362_c011_4581_b7d1_6e2d9731327d_1503943733000_9"},{"key":"?beneficiarySsn","val":"340-99-3679"}]}]},{"query":"?- ?v:AE#VATravelVoucher, ?v[AE#hasVoucherBeneficiary->?b], ?b[AE#hasLiens->?beneficiaryHasLiens].","resultList":[{"result":[{"key":"?v","val":"VO_367ae362_c011_4581_b7d1_6e2d9731327d_1503943733000_0"},{"key":"?b","val":"VO_367ae362_c011_4581_b7d1_6e2d9731327d_1503943733000_11"},{"key":"?beneficiaryHasLiens","val":"AE#UnknownLienReport"}]}]},{"query":"?- ?v:AE#VATravelVoucher, ?v[AE#hasVoucherBeneficiary->?b], ?b[AE#hasDeclaredBankruptcy->?beneficiaryHasDeclaredBankruptcy].","resultList":[{"result":[{"key":"?v","val":"VO_367ae362_c011_4581_b7d1_6e2d9731327d_1503943733000_0"},{"key":"?b","val":"VO_367ae362_c011_4581_b7d1_6e2d9731327d_1503943733000_11"},{"key":"?beneficiaryHasDeclaredBankruptcy","val":"AE#NoBankruptcyReport"}]}]},{"query":"?- ?v:AE#VATravelVoucher, ?v[AE#hasVoucherBeneficiary->?b], ?b[AE#hasArrestRecord->?beneficiaryHasArrestRecord].","resultList":[{"result":[{"key":"?v","val":"VO_367ae362_c011_4581_b7d1_6e2d9731327d_1503943733000_0"},{"key":"?b","val":"VO_367ae362_c011_4581_b7d1_6e2d9731327d_1503943733000_11"},{"key":"?beneficiaryHasArrestRecord","val":"AE#NoArrestRecord"}]}]},{"query":"?- ?v:AE#VATravelVoucher, ?v[AE#hasVoucherBeneficiary->?b], ?b[AE#hasCriminalRecord->?beneficiaryHasCriminalRecord].","resultList":[{"result":[{"key":"?v","val":"VO_367ae362_c011_4581_b7d1_6e2d9731327d_1503943733000_0"},{"key":"?b","val":"VO_367ae362_c011_4581_b7d1_6e2d9731327d_1503943733000_11"},{"key":"?beneficiaryHasCriminalRecord","val":"AE#NoCriminalRecord"}]}]},{"query":"?- ?t:AE#Travelling, ?t[AE#hasPath->?p], ?p[AE#hasDistance->?d], ?d[AE#numericValue->?expectedDistanceValue], ?d[AE#hasUnitOfMeasure->?unitOfDistanceMeasure].","resultList":[{"result":[{"key":"?t","val":"VO_367ae362_c011_4581_b7d1_6e2d9731327d_1503943733000_6"},{"key":"?p","val":"ES_576b2de5_b6d7_4bf5_b699_fb5b36e7d2a9_1503943758800_4"},{"key":"?d","val":"ES_576b2de5_b6d7_4bf5_b699_fb5b36e7d2a9_1503943758800_0"},{"key":"?expectedDistanceValue","val":"20280.4003677915898151695728302001953125"},{"key":"?unitOfDistanceMeasure","val":"meters"}]}]},{"query":"?- ?t:AE#Travelling, ?t[AE#hasPath->?p], ?p[AE#hasExpectedTravelTime->?d], ?d[AE#numericValue->?expectedTimeValue], ?d[AE#hasUnitOfMeasure->?unitOfTimeMeasure].","resultList":[{"result":[{"key":"?t","val":"VO_367ae362_c011_4581_b7d1_6e2d9731327d_1503943733000_6"},{"key":"?p","val":"ES_576b2de5_b6d7_4bf5_b699_fb5b36e7d2a9_1503943758800_4"},{"key":"?d","val":"ES_576b2de5_b6d7_4bf5_b699_fb5b36e7d2a9_1503943758800_2"},{"key":"?expectedTimeValue","val":"15.09631057851947844028472900390625"},{"key":"?unitOfTimeMeasure","val":"minutes"}]}]},{"query":"?- ?t:AE#Travelling, ?t[AE#hasDestination->?d], ?d[label->?destinationFullAddress].","resultList":[{"result":[{"key":"?t","val":"VO_367ae362_c011_4581_b7d1_6e2d9731327d_1503943733000_7"},{"key":"?d","val":"VO_367ae362_c011_4581_b7d1_6e2d9731327d_1503943733000_8"},{"key":"?destinationFullAddress","val":"2790 Truxton Road, Suite 130, San Diego, CA 92106"}]},{"result":[{"key":"?t","val":"VO_367ae362_c011_4581_b7d1_6e2d9731327d_1503943733000_6"},{"key":"?d","val":"VO_367ae362_c011_4581_b7d1_6e2d9731327d_1503943733000_5"},{"key":"?destinationFullAddress","val":"278 Mountainview Drive San Diego, CA 92126"}]}]},{"query":"?- ?t:AE#Travelling, ?t[AE#hasDestination->?d], ?d[AE#hasStreet->?s], ?s[label->?destinationStreetName], ?d[AE#hasCity->?c], ?c[label->?destinationCity], ?d[AE#hasState->?st], ?st[label->?destinationState], ?d[AE#hasZipcode->?destinationZipCode].","resultList":[{"result":[{"key":"?t","val":"VO_367ae362_c011_4581_b7d1_6e2d9731327d_1503943733000_7"},{"key":"?d","val":"VO_367ae362_c011_4581_b7d1_6e2d9731327d_1503943733000_8"},{"key":"?s","val":"NO_048fca81_6027_4f0a_a5ee_f654fbf69924_1503943742314_id5"},{"key":"?destinationStreetName","val":"2790 Truxton Road"},{"key":"?c","val":"NO_048fca81_6027_4f0a_a5ee_f654fbf69924_1503943742314_id11"},{"key":"?destinationCity","val":"San Diego"},{"key":"?st","val":"NO_048fca81_6027_4f0a_a5ee_f654fbf69924_1503943742314_id13"},{"key":"?destinationState","val":"CA"},{"key":"?destinationZipCode","val":"92106"}]},{"result":[{"key":"?t","val":"VO_367ae362_c011_4581_b7d1_6e2d9731327d_1503943733000_6"},{"key":"?d","val":"VO_367ae362_c011_4581_b7d1_6e2d9731327d_1503943733000_5"},{"key":"?s","val":"NO_cde5ba59_fd38_47c1_b664_bc84185564b2_1503943744439_id3"},{"key":"?destinationStreetName","val":"278 Mountainview Drive"},{"key":"?c","val":"NO_cde5ba59_fd38_47c1_b664_bc84185564b2_1503943744439_id9"},{"key":"?destinationCity","val":"San Diego"},{"key":"?st","val":"NO_cde5ba59_fd38_47c1_b664_bc84185564b2_1503943744439_id11"},{"key":"?destinationState","val":"CA"},{"key":"?destinationZipCode","val":"92126"}]}]},{"query":"?- ?t:AE#Travelling, ?t[AE#hasOrigin->?d], ?d[label->?originFullAddress].","resultList":[{"result":[{"key":"?t","val":"VO_367ae362_c011_4581_b7d1_6e2d9731327d_1503943733000_7"},{"key":"?d","val":"VO_367ae362_c011_4581_b7d1_6e2d9731327d_1503943733000_3"},{"key":"?originFullAddress","val":"278 Mountainview Drive San Diego, CA 92126"}]},{"result":[{"key":"?t","val":"VO_367ae362_c011_4581_b7d1_6e2d9731327d_1503943733000_6"},{"key":"?d","val":"VO_367ae362_c011_4581_b7d1_6e2d9731327d_1503943733000_8"},{"key":"?originFullAddress","val":"2790 Truxton Road, Suite 130, San Diego, CA 92106"}]}]},{"query":"?- ?t:AE#Travelling, ?t[AE#hasOrigin->?d], ?d[AE#hasStreet->?s], ?s[label->?originStreetName], ?d[AE#hasCity->?c], ?c[label->?originCity], ?d[AE#hasState->?st], ?st[label->?originState], ?d[AE#hasZipcode->?originZipCode].","resultList":[{"result":[{"key":"?t","val":"VO_367ae362_c011_4581_b7d1_6e2d9731327d_1503943733000_7"},{"key":"?d","val":"VO_367ae362_c011_4581_b7d1_6e2d9731327d_1503943733000_3"},{"key":"?s","val":"NO_2e969f09_fa6a_447f_8e12_c977810b4550_1503943746374_id3"},{"key":"?originStreetName","val":"278 Mountainview Drive"},{"key":"?c","val":"NO_2e969f09_fa6a_447f_8e12_c977810b4550_1503943746374_id9"},{"key":"?originCity","val":"San Diego"},{"key":"?st","val":"NO_2e969f09_fa6a_447f_8e12_c977810b4550_1503943746374_id11"},{"key":"?originState","val":"CA"},{"key":"?originZipCode","val":"92126"}]},{"result":[{"key":"?t","val":"VO_367ae362_c011_4581_b7d1_6e2d9731327d_1503943733000_6"},{"key":"?d","val":"VO_367ae362_c011_4581_b7d1_6e2d9731327d_1503943733000_8"},{"key":"?s","val":"NO_048fca81_6027_4f0a_a5ee_f654fbf69924_1503943742314_id5"},{"key":"?originStreetName","val":"2790 Truxton Road"},{"key":"?c","val":"NO_048fca81_6027_4f0a_a5ee_f654fbf69924_1503943742314_id11"},{"key":"?originCity","val":"San Diego"},{"key":"?st","val":"NO_048fca81_6027_4f0a_a5ee_f654fbf69924_1503943742314_id13"},{"key":"?originState","val":"CA"},{"key":"?originZipCode","val":"92106"}]}]},{"query":"?- ?t:AE#Travelling, ?t[AE#hasPath->?p], ?p[AE#hasStartRegion->?s], ?s[AE#hasLatitude->?originLatitude], ?s[AE#hasLongitude->?originLongitude].","resultList":[{"result":[{"key":"?t","val":"VO_367ae362_c011_4581_b7d1_6e2d9731327d_1503943733000_6"},{"key":"?p","val":"ES_576b2de5_b6d7_4bf5_b699_fb5b36e7d2a9_1503943758800_4"},{"key":"?s","val":"ES_576b2de5_b6d7_4bf5_b699_fb5b36e7d2a9_1503943758800_3"},{"key":"?originLatitude","val":"32.74051839275188058309140615165233612060546875"},{"key":"?originLongitude","val":"-117.2130215001728856805129908025264739990234375"}]}]},{"query":"?- ?t:AE#Travelling, ?t[AE#hasPath->?p], ?p[AE#hasEndRegion->?e], ?e[AE#hasLatitude->?destinationLatitude], ?e[AE#hasLongitude->?destinationLongitude].","resultList":[{"result":[{"key":"?t","val":"VO_367ae362_c011_4581_b7d1_6e2d9731327d_1503943733000_6"},{"key":"?p","val":"ES_576b2de5_b6d7_4bf5_b699_fb5b36e7d2a9_1503943758800_4"},{"key":"?e","val":"ES_576b2de5_b6d7_4bf5_b699_fb5b36e7d2a9_1503943758800_1"},{"key":"?destinationLatitude","val":"32.6483734927119115809546201489865779876708984375"},{"key":"?destinationLongitude","val":"-117.079831109999389582299045287072658538818359375"}]}]}]}
