{"dataList":[{"query":"?- ?v:AE#VATravelVoucher, ?v[AE#hasVoucherClaimant->?c], ?c[AE#hasName->?cn], ?cn[label->?claimantFullName].","resultList":[{"result":[{"key":"?v","val":"VO_3db5bc51_d236_4ef1_8896_d690679bff48_1503940715411_0"},{"key":"?c","val":"VO_3db5bc51_d236_4ef1_8896_d690679bff48_1503940715411_2"},{"key":"?cn","val":"NO_be1546cb_5460_4547_9dea_86d881dbc540_1503940724523_0"},{"key":"?claimantFullName","val":"James Joseph Dunning"}]},{"result":[{"key":"?v","val":"VO_3db5bc51_d236_4ef1_8896_d690679bff48_1503940715411_0"},{"key":"?c","val":"VO_3db5bc51_d236_4ef1_8896_d690679bff48_1503940715411_2"},{"key":"?cn","val":"VO_3db5bc51_d236_4ef1_8896_d690679bff48_1503940715411_1"},{"key":"?claimantFullName","val":"James Joseph Dunning"}]}]},{"query":"?- ?v:AE#VATravelVoucher, ?v[AE#hasVoucherClaimant->?c], ?c[AE#hasName->?cn], ?cn[AE#hasFirstName->?claimantFirstName].","resultList":[{"result":[{"key":"?v","val":"VO_3db5bc51_d236_4ef1_8896_d690679bff48_1503940715411_0"},{"key":"?c","val":"VO_3db5bc51_d236_4ef1_8896_d690679bff48_1503940715411_2"},{"key":"?cn","val":"NO_be1546cb_5460_4547_9dea_86d881dbc540_1503940724523_0"},{"key":"?claimantFirstName","val":"james"}]}]},{"query":"?- ?v:AE#VATravelVoucher, ?v[AE#hasVoucherClaimant->?c], ?c[AE#hasName->?cn], ?cn[AE#hasLastName->?claimantLastName].","resultList":[{"result":[{"key":"?v","val":"VO_3db5bc51_d236_4ef1_8896_d690679bff48_1503940715411_0"},{"key":"?c","val":"VO_3db5bc51_d236_4ef1_8896_d690679bff48_1503940715411_2"},{"key":"?cn","val":"NO_be1546cb_5460_4547_9dea_86d881dbc540_1503940724523_0"},{"key":"?claimantLastName","val":"dunning"}]}]},{"query":"?- ?v:AE#VATravelVoucher, ?v[AE#hasVoucherClaimant->?c], ?c[AE#hasSocialSecurityNumber->?s], ?s[label->?claimantSsn].","resultList":[{"result":[{"key":"?v","val":"VO_3db5bc51_d236_4ef1_8896_d690679bff48_1503940715411_0"},{"key":"?c","val":"VO_3db5bc51_d236_4ef1_8896_d690679bff48_1503940715411_2"},{"key":"?s","val":"VO_3db5bc51_d236_4ef1_8896_d690679bff48_1503940715411_12"},{"key":"?claimantSsn","val":"632-15-8982"}]}]},{"query":"?- ?v:AE#VATravelVoucher, ?v[AE#hasVoucherClaimant->?c], ?c[AE#hasLiens->?claimantHasLiens].","resultList":[{"result":[{"key":"?v","val":"VO_3db5bc51_d236_4ef1_8896_d690679bff48_1503940715411_0"},{"key":"?c","val":"VO_3db5bc51_d236_4ef1_8896_d690679bff48_1503940715411_2"},{"key":"?claimantHasLiens","val":"AE#NoLienReport"}]}]},{"query":"?- ?v:AE#VATravelVoucher, ?v[AE#hasVoucherClaimant->?c], ?c[AE#hasDeclaredBankruptcy->?claimantHasDeclaredBankruptcy].","resultList":[{"result":[{"key":"?v","val":"VO_3db5bc51_d236_4ef1_8896_d690679bff48_1503940715411_0"},{"key":"?c","val":"VO_3db5bc51_d236_4ef1_8896_d690679bff48_1503940715411_2"},{"key":"?claimantHasDeclaredBankruptcy","val":"AE#NoBankruptcyReport"}]}]},{"query":"?- ?v:AE#VATravelVoucher, ?v[AE#hasVoucherClaimant->?c], ?c[AE#hasArrestRecord->?claimantHasArrestRecord].","resultList":[{"result":[{"key":"?v","val":"VO_3db5bc51_d236_4ef1_8896_d690679bff48_1503940715411_0"},{"key":"?c","val":"VO_3db5bc51_d236_4ef1_8896_d690679bff48_1503940715411_2"},{"key":"?claimantHasArrestRecord","val":"AE#NoArrestRecord"}]}]},{"query":"?- ?v:AE#VATravelVoucher, ?v[AE#hasVoucherClaimant->?c], ?c[AE#hasCriminalRecord->?claimantHasCriminalRecord].","resultList":[{"result":[{"key":"?v","val":"VO_3db5bc51_d236_4ef1_8896_d690679bff48_1503940715411_0"},{"key":"?c","val":"VO_3db5bc51_d236_4ef1_8896_d690679bff48_1503940715411_2"},{"key":"?claimantHasCriminalRecord","val":"AE#NoCriminalRecord"}]}]},{"query":"?- ?v:AE#VATravelVoucher, ?v[AE#hasVoucherBeneficiary->?b], ?b[AE#hasName->?cn], ?cn[label->?beneficiaryFullName].","resultList":[{"result":[{"key":"?v","val":"VO_3db5bc51_d236_4ef1_8896_d690679bff48_1503940715411_0"},{"key":"?b","val":"VO_3db5bc51_d236_4ef1_8896_d690679bff48_1503940715411_11"},{"key":"?cn","val":"NO_3dbc917b_218b_49c2_aac0_3565e35c0334_1503940722385_0"},{"key":"?beneficiaryFullName","val":"James Joseph Dunning"}]},{"result":[{"key":"?v","val":"VO_3db5bc51_d236_4ef1_8896_d690679bff48_1503940715411_0"},{"key":"?b","val":"VO_3db5bc51_d236_4ef1_8896_d690679bff48_1503940715411_11"},{"key":"?cn","val":"VO_3db5bc51_d236_4ef1_8896_d690679bff48_1503940715411_10"},{"key":"?beneficiaryFullName","val":"James Joseph Dunning"}]}]},{"query":"?- ?v:AE#VATravelVoucher, ?v[AE#hasVoucherBeneficiary->?b], ?b[AE#hasName->?cn], ?cn[AE#hasFirstName->?beneficiaryFirstName].","resultList":[{"result":[{"key":"?v","val":"VO_3db5bc51_d236_4ef1_8896_d690679bff48_1503940715411_0"},{"key":"?b","val":"VO_3db5bc51_d236_4ef1_8896_d690679bff48_1503940715411_11"},{"key":"?cn","val":"NO_3dbc917b_218b_49c2_aac0_3565e35c0334_1503940722385_0"},{"key":"?beneficiaryFirstName","val":"james"}]}]},{"query":"?- ?v:AE#VATravelVoucher, ?v[AE#hasVoucherBeneficiary->?b], ?b[AE#hasName->?cn], ?cn[AE#hasLastName->?beneficiaryLastName].","resultList":[{"result":[{"key":"?v","val":"VO_3db5bc51_d236_4ef1_8896_d690679bff48_1503940715411_0"},{"key":"?b","val":"VO_3db5bc51_d236_4ef1_8896_d690679bff48_1503940715411_11"},{"key":"?cn","val":"NO_3dbc917b_218b_49c2_aac0_3565e35c0334_1503940722385_0"},{"key":"?beneficiaryLastName","val":"dunning"}]}]},{"query":"?- ?v:AE#VATravelVoucher, ?v[AE#hasVoucherBeneficiary->?b], ?b[AE#hasSocialSecurityNumber->?s], ?s[label->?beneficiarySsn].","resultList":[{"result":[{"key":"?v","val":"VO_3db5bc51_d236_4ef1_8896_d690679bff48_1503940715411_0"},{"key":"?b","val":"VO_3db5bc51_d236_4ef1_8896_d690679bff48_1503940715411_11"},{"key":"?s","val":"VO_3db5bc51_d236_4ef1_8896_d690679bff48_1503940715411_9"},{"key":"?beneficiarySsn","val":"632-15-8982"}]}]},{"query":"?- ?v:AE#VATravelVoucher, ?v[AE#hasVoucherBeneficiary->?b], ?b[AE#hasLiens->?beneficiaryHasLiens].","resultList":[{"result":[{"key":"?v","val":"VO_3db5bc51_d236_4ef1_8896_d690679bff48_1503940715411_0"},{"key":"?b","val":"VO_3db5bc51_d236_4ef1_8896_d690679bff48_1503940715411_11"},{"key":"?beneficiaryHasLiens","val":"AE#NoLienReport"}]}]},{"query":"?- ?v:AE#VATravelVoucher, ?v[AE#hasVoucherBeneficiary->?b], ?b[AE#hasDeclaredBankruptcy->?beneficiaryHasDeclaredBankruptcy].","resultList":[{"result":[{"key":"?v","val":"VO_3db5bc51_d236_4ef1_8896_d690679bff48_1503940715411_0"},{"key":"?b","val":"VO_3db5bc51_d236_4ef1_8896_d690679bff48_1503940715411_11"},{"key":"?beneficiaryHasDeclaredBankruptcy","val":"AE#NoBankruptcyReport"}]}]},{"query":"?- ?v:AE#VATravelVoucher, ?v[AE#hasVoucherBeneficiary->?b], ?b[AE#hasArrestRecord->?beneficiaryHasArrestRecord].","resultList":[{"result":[{"key":"?v","val":"VO_3db5bc51_d236_4ef1_8896_d690679bff48_1503940715411_0"},{"key":"?b","val":"VO_3db5bc51_d236_4ef1_8896_d690679bff48_1503940715411_11"},{"key":"?beneficiaryHasArrestRecord","val":"AE#NoArrestRecord"}]}]},{"query":"?- ?v:AE#VATravelVoucher, ?v[AE#hasVoucherBeneficiary->?b], ?b[AE#hasCriminalRecord->?beneficiaryHasCriminalRecord].","resultList":[{"result":[{"key":"?v","val":"VO_3db5bc51_d236_4ef1_8896_d690679bff48_1503940715411_0"},{"key":"?b","val":"VO_3db5bc51_d236_4ef1_8896_d690679bff48_1503940715411_11"},{"key":"?beneficiaryHasCriminalRecord","val":"AE#NoCriminalRecord"}]}]},{"query":"?- ?t:AE#Travelling, ?t[AE#hasPath->?p], ?p[AE#hasDistance->?d], ?d[AE#numericValue->?expectedDistanceValue], ?d[AE#hasUnitOfMeasure->?unitOfDistanceMeasure].","resultList":[{"result":[{"key":"?t","val":"VO_3db5bc51_d236_4ef1_8896_d690679bff48_1503940715411_6"},{"key":"?p","val":"ES_60bc5d7b_1944_4f78_9098_76daab3cbcc9_1503940744477_4"},{"key":"?d","val":"ES_60bc5d7b_1944_4f78_9098_76daab3cbcc9_1503940744477_0"},{"key":"?expectedDistanceValue","val":"8771.6112570495461113750934600830078125"},{"key":"?unitOfDistanceMeasure","val":"meters"}]}]},{"query":"?- ?t:AE#Travelling, ?t[AE#hasPath->?p], ?p[AE#hasExpectedTravelTime->?d], ?d[AE#numericValue->?expectedTimeValue], ?d[AE#hasUnitOfMeasure->?unitOfTimeMeasure].","resultList":[{"result":[{"key":"?t","val":"VO_3db5bc51_d236_4ef1_8896_d690679bff48_1503940715411_6"},{"key":"?p","val":"ES_60bc5d7b_1944_4f78_9098_76daab3cbcc9_1503940744477_4"},{"key":"?d","val":"ES_60bc5d7b_1944_4f78_9098_76daab3cbcc9_1503940744477_2"},{"key":"?expectedTimeValue","val":"9.606476986664347350597381591796875"},{"key":"?unitOfTimeMeasure","val":"minutes"}]}]},{"query":"?- ?t:AE#Travelling, ?t[AE#hasDestination->?d], ?d[label->?destinationFullAddress].","resultList":[{"result":[{"key":"?t","val":"VO_3db5bc51_d236_4ef1_8896_d690679bff48_1503940715411_7"},{"key":"?d","val":"VO_3db5bc51_d236_4ef1_8896_d690679bff48_1503940715411_8"},{"key":"?destinationFullAddress","val":"2790 Truxton Road, Suite 130, San Diego, CA 92106"}]},{"result":[{"key":"?t","val":"VO_3db5bc51_d236_4ef1_8896_d690679bff48_1503940715411_6"},{"key":"?d","val":"VO_3db5bc51_d236_4ef1_8896_d690679bff48_1503940715411_5"},{"key":"?destinationFullAddress","val":"819 Shadow Brook St. San Diego, CA 92117"}]}]},{"query":"?- ?t:AE#Travelling, ?t[AE#hasDestination->?d], ?d[AE#hasStreet->?s], ?s[label->?destinationStreetName], ?d[AE#hasCity->?c], ?c[label->?destinationCity], ?d[AE#hasState->?st], ?st[label->?destinationState], ?d[AE#hasZipcode->?destinationZipCode].","resultList":[{"result":[{"key":"?t","val":"VO_3db5bc51_d236_4ef1_8896_d690679bff48_1503940715411_7"},{"key":"?d","val":"VO_3db5bc51_d236_4ef1_8896_d690679bff48_1503940715411_8"},{"key":"?s","val":"NO_4a1f508d_b273_4acd_97f4_e3c80c332e69_1503940727319_id5"},{"key":"?destinationStreetName","val":"2790 Truxton Road"},{"key":"?c","val":"NO_4a1f508d_b273_4acd_97f4_e3c80c332e69_1503940727319_id11"},{"key":"?destinationCity","val":"San Diego"},{"key":"?st","val":"NO_4a1f508d_b273_4acd_97f4_e3c80c332e69_1503940727319_id13"},{"key":"?destinationState","val":"CA"},{"key":"?destinationZipCode","val":"92106"}]},{"result":[{"key":"?t","val":"VO_3db5bc51_d236_4ef1_8896_d690679bff48_1503940715411_6"},{"key":"?d","val":"VO_3db5bc51_d236_4ef1_8896_d690679bff48_1503940715411_5"},{"key":"?s","val":"NO_02197eb3_d714_4e3a_aab2_94e806049c1b_1503940729485_id3"},{"key":"?destinationStreetName","val":"819 Shadow Brook St."},{"key":"?c","val":"NO_02197eb3_d714_4e3a_aab2_94e806049c1b_1503940729485_id9"},{"key":"?destinationCity","val":"San Diego"},{"key":"?st","val":"NO_02197eb3_d714_4e3a_aab2_94e806049c1b_1503940729485_id11"},{"key":"?destinationState","val":"CA"},{"key":"?destinationZipCode","val":"92117"}]}]},{"query":"?- ?t:AE#Travelling, ?t[AE#hasOrigin->?d], ?d[label->?originFullAddress].","resultList":[{"result":[{"key":"?t","val":"VO_3db5bc51_d236_4ef1_8896_d690679bff48_1503940715411_7"},{"key":"?d","val":"VO_3db5bc51_d236_4ef1_8896_d690679bff48_1503940715411_3"},{"key":"?originFullAddress","val":"819 Shadow Brook St. San Diego, CA 92117"}]},{"result":[{"key":"?t","val":"VO_3db5bc51_d236_4ef1_8896_d690679bff48_1503940715411_6"},{"key":"?d","val":"VO_3db5bc51_d236_4ef1_8896_d690679bff48_1503940715411_8"},{"key":"?originFullAddress","val":"2790 Truxton Road, Suite 130, San Diego, CA 92106"}]}]},{"query":"?- ?t:AE#Travelling, ?t[AE#hasOrigin->?d], ?d[AE#hasStreet->?s], ?s[label->?originStreetName], ?d[AE#hasCity->?c], ?c[label->?originCity], ?d[AE#hasState->?st], ?st[label->?originState], ?d[AE#hasZipcode->?originZipCode].","resultList":[{"result":[{"key":"?t","val":"VO_3db5bc51_d236_4ef1_8896_d690679bff48_1503940715411_7"},{"key":"?d","val":"VO_3db5bc51_d236_4ef1_8896_d690679bff48_1503940715411_3"},{"key":"?s","val":"NO_e8efe848_636b_4d09_b512_5e5f280175e3_1503940731444_id3"},{"key":"?originStreetName","val":"819 Shadow Brook St."},{"key":"?c","val":"NO_e8efe848_636b_4d09_b512_5e5f280175e3_1503940731444_id9"},{"key":"?originCity","val":"San Diego"},{"key":"?st","val":"NO_e8efe848_636b_4d09_b512_5e5f280175e3_1503940731444_id11"},{"key":"?originState","val":"CA"},{"key":"?originZipCode","val":"92117"}]},{"result":[{"key":"?t","val":"VO_3db5bc51_d236_4ef1_8896_d690679bff48_1503940715411_6"},{"key":"?d","val":"VO_3db5bc51_d236_4ef1_8896_d690679bff48_1503940715411_8"},{"key":"?s","val":"NO_4a1f508d_b273_4acd_97f4_e3c80c332e69_1503940727319_id5"},{"key":"?originStreetName","val":"2790 Truxton Road"},{"key":"?c","val":"NO_4a1f508d_b273_4acd_97f4_e3c80c332e69_1503940727319_id11"},{"key":"?originCity","val":"San Diego"},{"key":"?st","val":"NO_4a1f508d_b273_4acd_97f4_e3c80c332e69_1503940727319_id13"},{"key":"?originState","val":"CA"},{"key":"?originZipCode","val":"92106"}]}]},{"query":"?- ?t:AE#Travelling, ?t[AE#hasPath->?p], ?p[AE#hasStartRegion->?s], ?s[AE#hasLatitude->?originLatitude], ?s[AE#hasLongitude->?originLongitude].","resultList":[{"result":[{"key":"?t","val":"VO_3db5bc51_d236_4ef1_8896_d690679bff48_1503940715411_6"},{"key":"?p","val":"ES_60bc5d7b_1944_4f78_9098_76daab3cbcc9_1503940744477_4"},{"key":"?s","val":"ES_60bc5d7b_1944_4f78_9098_76daab3cbcc9_1503940744477_3"},{"key":"?originLatitude","val":"32.74051839275188058309140615165233612060546875"},{"key":"?originLongitude","val":"-117.2130215001728856805129908025264739990234375"}]}]},{"query":"?- ?t:AE#Travelling, ?t[AE#hasPath->?p], ?p[AE#hasEndRegion->?e], ?e[AE#hasLatitude->?destinationLatitude], ?e[AE#hasLongitude->?destinationLongitude].","resultList":[{"result":[{"key":"?t","val":"VO_3db5bc51_d236_4ef1_8896_d690679bff48_1503940715411_6"},{"key":"?p","val":"ES_60bc5d7b_1944_4f78_9098_76daab3cbcc9_1503940744477_4"},{"key":"?e","val":"ES_60bc5d7b_1944_4f78_9098_76daab3cbcc9_1503940744477_1"},{"key":"?destinationLatitude","val":"32.79662300000001096123014576733112335205078125"},{"key":"?destinationLongitude","val":"-117.197813600000017686397768557071685791015625"}]}]}]}
