{"dataList":[{"query":"?- ?v:AE#VATravelVoucher, ?v[AE#hasVoucherClaimant->?c], ?c[AE#hasName->?cn], ?cn[label->?claimantFullName].","resultList":[{"result":[{"key":"?v","val":"VO_30235d76_16e7_400e_bd52_e313065d3f59_1503944757995_0"},{"key":"?c","val":"VO_30235d76_16e7_400e_bd52_e313065d3f59_1503944757995_2"},{"key":"?cn","val":"VO_30235d76_16e7_400e_bd52_e313065d3f59_1503944757995_1"},{"key":"?claimantFullName","val":"George J. Whiting"}]},{"result":[{"key":"?v","val":"VO_30235d76_16e7_400e_bd52_e313065d3f59_1503944757995_0"},{"key":"?c","val":"VO_30235d76_16e7_400e_bd52_e313065d3f59_1503944757995_2"},{"key":"?cn","val":"NO_fac15f98_95d4_4ea6_a8f6_28154f3d817f_1503944766546_0"},{"key":"?claimantFullName","val":"George J. Whiting"}]}]},{"query":"?- ?v:AE#VATravelVoucher, ?v[AE#hasVoucherClaimant->?c], ?c[AE#hasName->?cn], ?cn[AE#hasFirstName->?claimantFirstName].","resultList":[{"result":[{"key":"?v","val":"VO_30235d76_16e7_400e_bd52_e313065d3f59_1503944757995_0"},{"key":"?c","val":"VO_30235d76_16e7_400e_bd52_e313065d3f59_1503944757995_2"},{"key":"?cn","val":"NO_fac15f98_95d4_4ea6_a8f6_28154f3d817f_1503944766546_0"},{"key":"?claimantFirstName","val":"george"}]}]},{"query":"?- ?v:AE#VATravelVoucher, ?v[AE#hasVoucherClaimant->?c], ?c[AE#hasName->?cn], ?cn[AE#hasLastName->?claimantLastName].","resultList":[{"result":[{"key":"?v","val":"VO_30235d76_16e7_400e_bd52_e313065d3f59_1503944757995_0"},{"key":"?c","val":"VO_30235d76_16e7_400e_bd52_e313065d3f59_1503944757995_2"},{"key":"?cn","val":"NO_fac15f98_95d4_4ea6_a8f6_28154f3d817f_1503944766546_0"},{"key":"?claimantLastName","val":"whiting"}]}]},{"query":"?- ?v:AE#VATravelVoucher, ?v[AE#hasVoucherClaimant->?c], ?c[AE#hasSocialSecurityNumber->?s], ?s[label->?claimantSsn].","resultList":[{"result":[{"key":"?v","val":"VO_30235d76_16e7_400e_bd52_e313065d3f59_1503944757995_0"},{"key":"?c","val":"VO_30235d76_16e7_400e_bd52_e313065d3f59_1503944757995_2"},{"key":"?s","val":"VO_30235d76_16e7_400e_bd52_e313065d3f59_1503944757995_12"},{"key":"?claimantSsn","val":"879-69-1385"}]}]},{"query":"?- ?v:AE#VATravelVoucher, ?v[AE#hasVoucherClaimant->?c], ?c[AE#hasLiens->?claimantHasLiens].","resultList":[{"result":[{"key":"?v","val":"VO_30235d76_16e7_400e_bd52_e313065d3f59_1503944757995_0"},{"key":"?c","val":"VO_30235d76_16e7_400e_bd52_e313065d3f59_1503944757995_2"},{"key":"?claimantHasLiens","val":"AE#NoLienReport"}]}]},{"query":"?- ?v:AE#VATravelVoucher, ?v[AE#hasVoucherClaimant->?c], ?c[AE#hasDeclaredBankruptcy->?claimantHasDeclaredBankruptcy].","resultList":[{"result":[{"key":"?v","val":"VO_30235d76_16e7_400e_bd52_e313065d3f59_1503944757995_0"},{"key":"?c","val":"VO_30235d76_16e7_400e_bd52_e313065d3f59_1503944757995_2"},{"key":"?claimantHasDeclaredBankruptcy","val":"AE#NoBankruptcyReport"}]}]},{"query":"?- ?v:AE#VATravelVoucher, ?v[AE#hasVoucherClaimant->?c], ?c[AE#hasArrestRecord->?claimantHasArrestRecord].","resultList":[{"result":[{"key":"?v","val":"VO_30235d76_16e7_400e_bd52_e313065d3f59_1503944757995_0"},{"key":"?c","val":"VO_30235d76_16e7_400e_bd52_e313065d3f59_1503944757995_2"},{"key":"?claimantHasArrestRecord","val":"AE#NoArrestRecord"}]}]},{"query":"?- ?v:AE#VATravelVoucher, ?v[AE#hasVoucherClaimant->?c], ?c[AE#hasCriminalRecord->?claimantHasCriminalRecord].","resultList":[{"result":[{"key":"?v","val":"VO_30235d76_16e7_400e_bd52_e313065d3f59_1503944757995_0"},{"key":"?c","val":"VO_30235d76_16e7_400e_bd52_e313065d3f59_1503944757995_2"},{"key":"?claimantHasCriminalRecord","val":"AE#NoCriminalRecord"}]}]},{"query":"?- ?v:AE#VATravelVoucher, ?v[AE#hasVoucherBeneficiary->?b], ?b[AE#hasName->?cn], ?cn[label->?beneficiaryFullName].","resultList":[{"result":[{"key":"?v","val":"VO_30235d76_16e7_400e_bd52_e313065d3f59_1503944757995_0"},{"key":"?b","val":"VO_30235d76_16e7_400e_bd52_e313065d3f59_1503944757995_11"},{"key":"?cn","val":"VO_30235d76_16e7_400e_bd52_e313065d3f59_1503944757995_10"},{"key":"?beneficiaryFullName","val":"George J. Whiting"}]},{"result":[{"key":"?v","val":"VO_30235d76_16e7_400e_bd52_e313065d3f59_1503944757995_0"},{"key":"?b","val":"VO_30235d76_16e7_400e_bd52_e313065d3f59_1503944757995_11"},{"key":"?cn","val":"NO_238712b7_a754_42b3_bf10_88cbee530ac6_1503944764466_0"},{"key":"?beneficiaryFullName","val":"George J. Whiting"}]}]},{"query":"?- ?v:AE#VATravelVoucher, ?v[AE#hasVoucherBeneficiary->?b], ?b[AE#hasName->?cn], ?cn[AE#hasFirstName->?beneficiaryFirstName].","resultList":[{"result":[{"key":"?v","val":"VO_30235d76_16e7_400e_bd52_e313065d3f59_1503944757995_0"},{"key":"?b","val":"VO_30235d76_16e7_400e_bd52_e313065d3f59_1503944757995_11"},{"key":"?cn","val":"NO_238712b7_a754_42b3_bf10_88cbee530ac6_1503944764466_0"},{"key":"?beneficiaryFirstName","val":"george"}]}]},{"query":"?- ?v:AE#VATravelVoucher, ?v[AE#hasVoucherBeneficiary->?b], ?b[AE#hasName->?cn], ?cn[AE#hasLastName->?beneficiaryLastName].","resultList":[{"result":[{"key":"?v","val":"VO_30235d76_16e7_400e_bd52_e313065d3f59_1503944757995_0"},{"key":"?b","val":"VO_30235d76_16e7_400e_bd52_e313065d3f59_1503944757995_11"},{"key":"?cn","val":"NO_238712b7_a754_42b3_bf10_88cbee530ac6_1503944764466_0"},{"key":"?beneficiaryLastName","val":"whiting"}]}]},{"query":"?- ?v:AE#VATravelVoucher, ?v[AE#hasVoucherBeneficiary->?b], ?b[AE#hasSocialSecurityNumber->?s], ?s[label->?beneficiarySsn].","resultList":[{"result":[{"key":"?v","val":"VO_30235d76_16e7_400e_bd52_e313065d3f59_1503944757995_0"},{"key":"?b","val":"VO_30235d76_16e7_400e_bd52_e313065d3f59_1503944757995_11"},{"key":"?s","val":"VO_30235d76_16e7_400e_bd52_e313065d3f59_1503944757995_9"},{"key":"?beneficiarySsn","val":"879-69-1385"}]}]},{"query":"?- ?v:AE#VATravelVoucher, ?v[AE#hasVoucherBeneficiary->?b], ?b[AE#hasLiens->?beneficiaryHasLiens].","resultList":[{"result":[{"key":"?v","val":"VO_30235d76_16e7_400e_bd52_e313065d3f59_1503944757995_0"},{"key":"?b","val":"VO_30235d76_16e7_400e_bd52_e313065d3f59_1503944757995_11"},{"key":"?beneficiaryHasLiens","val":"AE#NoLienReport"}]}]},{"query":"?- ?v:AE#VATravelVoucher, ?v[AE#hasVoucherBeneficiary->?b], ?b[AE#hasDeclaredBankruptcy->?beneficiaryHasDeclaredBankruptcy].","resultList":[{"result":[{"key":"?v","val":"VO_30235d76_16e7_400e_bd52_e313065d3f59_1503944757995_0"},{"key":"?b","val":"VO_30235d76_16e7_400e_bd52_e313065d3f59_1503944757995_11"},{"key":"?beneficiaryHasDeclaredBankruptcy","val":"AE#NoBankruptcyReport"}]}]},{"query":"?- ?v:AE#VATravelVoucher, ?v[AE#hasVoucherBeneficiary->?b], ?b[AE#hasArrestRecord->?beneficiaryHasArrestRecord].","resultList":[{"result":[{"key":"?v","val":"VO_30235d76_16e7_400e_bd52_e313065d3f59_1503944757995_0"},{"key":"?b","val":"VO_30235d76_16e7_400e_bd52_e313065d3f59_1503944757995_11"},{"key":"?beneficiaryHasArrestRecord","val":"AE#NoArrestRecord"}]}]},{"query":"?- ?v:AE#VATravelVoucher, ?v[AE#hasVoucherBeneficiary->?b], ?b[AE#hasCriminalRecord->?beneficiaryHasCriminalRecord].","resultList":[{"result":[{"key":"?v","val":"VO_30235d76_16e7_400e_bd52_e313065d3f59_1503944757995_0"},{"key":"?b","val":"VO_30235d76_16e7_400e_bd52_e313065d3f59_1503944757995_11"},{"key":"?beneficiaryHasCriminalRecord","val":"AE#NoCriminalRecord"}]}]},{"query":"?- ?t:AE#Travelling, ?t[AE#hasPath->?p], ?p[AE#hasDistance->?d], ?d[AE#numericValue->?expectedDistanceValue], ?d[AE#hasUnitOfMeasure->?unitOfDistanceMeasure].","resultList":[{"result":[{"key":"?t","val":"VO_30235d76_16e7_400e_bd52_e313065d3f59_1503944757995_6"},{"key":"?p","val":"ES_e4503687_63a7_4a29_bf39_ac6474b2d179_1503944787015_4"},{"key":"?d","val":"ES_e4503687_63a7_4a29_bf39_ac6474b2d179_1503944787015_0"},{"key":"?expectedDistanceValue","val":"19128.25202775490106432698667049407958984375"},{"key":"?unitOfDistanceMeasure","val":"meters"}]}]},{"query":"?- ?t:AE#Travelling, ?t[AE#hasPath->?p], ?p[AE#hasExpectedTravelTime->?d], ?d[AE#numericValue->?expectedTimeValue], ?d[AE#hasUnitOfMeasure->?unitOfTimeMeasure].","resultList":[{"result":[{"key":"?t","val":"VO_30235d76_16e7_400e_bd52_e313065d3f59_1503944757995_6"},{"key":"?p","val":"ES_e4503687_63a7_4a29_bf39_ac6474b2d179_1503944787015_4"},{"key":"?d","val":"ES_e4503687_63a7_4a29_bf39_ac6474b2d179_1503944787015_2"},{"key":"?expectedTimeValue","val":"13.83456948213279247283935546875"},{"key":"?unitOfTimeMeasure","val":"minutes"}]}]},{"query":"?- ?t:AE#Travelling, ?t[AE#hasDestination->?d], ?d[label->?destinationFullAddress].","resultList":[{"result":[{"key":"?t","val":"VO_30235d76_16e7_400e_bd52_e313065d3f59_1503944757995_7"},{"key":"?d","val":"VO_30235d76_16e7_400e_bd52_e313065d3f59_1503944757995_8"},{"key":"?destinationFullAddress","val":"2790 Truxton Road, Suite 130, San Diego, CA 92106"}]},{"result":[{"key":"?t","val":"VO_30235d76_16e7_400e_bd52_e313065d3f59_1503944757995_6"},{"key":"?d","val":"VO_30235d76_16e7_400e_bd52_e313065d3f59_1503944757995_5"},{"key":"?destinationFullAddress","val":"6927 Amherst Street San Diego, CA 92105"}]}]},{"query":"?- ?t:AE#Travelling, ?t[AE#hasDestination->?d], ?d[AE#hasStreet->?s], ?s[label->?destinationStreetName], ?d[AE#hasCity->?c], ?c[label->?destinationCity], ?d[AE#hasState->?st], ?st[label->?destinationState], ?d[AE#hasZipcode->?destinationZipCode].","resultList":[{"result":[{"key":"?t","val":"VO_30235d76_16e7_400e_bd52_e313065d3f59_1503944757995_7"},{"key":"?d","val":"VO_30235d76_16e7_400e_bd52_e313065d3f59_1503944757995_8"},{"key":"?s","val":"NO_6c9a230a_841b_4294_b007_c9f884c22ace_1503944768765_id5"},{"key":"?destinationStreetName","val":"2790 Truxton Road"},{"key":"?c","val":"NO_6c9a230a_841b_4294_b007_c9f884c22ace_1503944768765_id11"},{"key":"?destinationCity","val":"San Diego"},{"key":"?st","val":"NO_6c9a230a_841b_4294_b007_c9f884c22ace_1503944768765_id13"},{"key":"?destinationState","val":"CA"},{"key":"?destinationZipCode","val":"92106"}]},{"result":[{"key":"?t","val":"VO_30235d76_16e7_400e_bd52_e313065d3f59_1503944757995_6"},{"key":"?d","val":"VO_30235d76_16e7_400e_bd52_e313065d3f59_1503944757995_5"},{"key":"?s","val":"NO_85fc56cf_a620_44da_a6d3_5c85c2d61468_1503944770743_id3"},{"key":"?destinationStreetName","val":"6927 Amherst Street"},{"key":"?c","val":"NO_85fc56cf_a620_44da_a6d3_5c85c2d61468_1503944770743_id9"},{"key":"?destinationCity","val":"San Diego"},{"key":"?st","val":"NO_85fc56cf_a620_44da_a6d3_5c85c2d61468_1503944770743_id11"},{"key":"?destinationState","val":"CA"},{"key":"?destinationZipCode","val":"92105"}]}]},{"query":"?- ?t:AE#Travelling, ?t[AE#hasOrigin->?d], ?d[label->?originFullAddress].","resultList":[{"result":[{"key":"?t","val":"VO_30235d76_16e7_400e_bd52_e313065d3f59_1503944757995_7"},{"key":"?d","val":"VO_30235d76_16e7_400e_bd52_e313065d3f59_1503944757995_3"},{"key":"?originFullAddress","val":"6927 Amherst Street San Diego, CA 92105"}]},{"result":[{"key":"?t","val":"VO_30235d76_16e7_400e_bd52_e313065d3f59_1503944757995_6"},{"key":"?d","val":"VO_30235d76_16e7_400e_bd52_e313065d3f59_1503944757995_8"},{"key":"?originFullAddress","val":"2790 Truxton Road, Suite 130, San Diego, CA 92106"}]}]},{"query":"?- ?t:AE#Travelling, ?t[AE#hasOrigin->?d], ?d[AE#hasStreet->?s], ?s[label->?originStreetName], ?d[AE#hasCity->?c], ?c[label->?originCity], ?d[AE#hasState->?st], ?st[label->?originState], ?d[AE#hasZipcode->?originZipCode].","resultList":[{"result":[{"key":"?t","val":"VO_30235d76_16e7_400e_bd52_e313065d3f59_1503944757995_7"},{"key":"?d","val":"VO_30235d76_16e7_400e_bd52_e313065d3f59_1503944757995_3"},{"key":"?s","val":"NO_7628c5a2_80dc_46de_97b3_14384f126065_1503944772993_id3"},{"key":"?originStreetName","val":"6927 Amherst Street"},{"key":"?c","val":"NO_7628c5a2_80dc_46de_97b3_14384f126065_1503944772993_id9"},{"key":"?originCity","val":"San Diego"},{"key":"?st","val":"NO_7628c5a2_80dc_46de_97b3_14384f126065_1503944772993_id11"},{"key":"?originState","val":"CA"},{"key":"?originZipCode","val":"92105"}]},{"result":[{"key":"?t","val":"VO_30235d76_16e7_400e_bd52_e313065d3f59_1503944757995_6"},{"key":"?d","val":"VO_30235d76_16e7_400e_bd52_e313065d3f59_1503944757995_8"},{"key":"?s","val":"NO_6c9a230a_841b_4294_b007_c9f884c22ace_1503944768765_id5"},{"key":"?originStreetName","val":"2790 Truxton Road"},{"key":"?c","val":"NO_6c9a230a_841b_4294_b007_c9f884c22ace_1503944768765_id11"},{"key":"?originCity","val":"San Diego"},{"key":"?st","val":"NO_6c9a230a_841b_4294_b007_c9f884c22ace_1503944768765_id13"},{"key":"?originState","val":"CA"},{"key":"?originZipCode","val":"92106"}]}]},{"query":"?- ?t:AE#Travelling, ?t[AE#hasPath->?p], ?p[AE#hasStartRegion->?s], ?s[AE#hasLatitude->?originLatitude], ?s[AE#hasLongitude->?originLongitude].","resultList":[{"result":[{"key":"?t","val":"VO_30235d76_16e7_400e_bd52_e313065d3f59_1503944757995_6"},{"key":"?p","val":"ES_e4503687_63a7_4a29_bf39_ac6474b2d179_1503944787015_4"},{"key":"?s","val":"ES_e4503687_63a7_4a29_bf39_ac6474b2d179_1503944787015_3"},{"key":"?originLatitude","val":"32.74051839275188058309140615165233612060546875"},{"key":"?originLongitude","val":"-117.2130215001728856805129908025264739990234375"}]}]},{"query":"?- ?t:AE#Travelling, ?t[AE#hasPath->?p], ?p[AE#hasEndRegion->?e], ?e[AE#hasLatitude->?destinationLatitude], ?e[AE#hasLongitude->?destinationLongitude].","resultList":[{"result":[{"key":"?t","val":"VO_30235d76_16e7_400e_bd52_e313065d3f59_1503944757995_6"},{"key":"?p","val":"ES_e4503687_63a7_4a29_bf39_ac6474b2d179_1503944787015_4"},{"key":"?e","val":"ES_e4503687_63a7_4a29_bf39_ac6474b2d179_1503944787015_1"},{"key":"?destinationLatitude","val":"32.7675674734551733990883803926408290863037109375"},{"key":"?destinationLongitude","val":"-117.04854149999999890496837906539440155029296875"}]}]}]}
