{"dataList":[{"query":"?- ?v:AE#VATravelVoucher, ?v[AE#hasVoucherClaimant->?c], ?c[AE#hasName->?cn], ?cn[label->?claimantFullName].","resultList":[{"result":[{"key":"?v","val":"VO_3c9ab726_0f52_40d9_aa39_84035cff20c9_1503940903581_0"},{"key":"?c","val":"VO_3c9ab726_0f52_40d9_aa39_84035cff20c9_1503940903581_2"},{"key":"?cn","val":"NO_5461a45e_5cc2_4d9b_9b14_87f1d6a52830_1503940911512_0"},{"key":"?claimantFullName","val":"Jose N. Hall"}]},{"result":[{"key":"?v","val":"VO_3c9ab726_0f52_40d9_aa39_84035cff20c9_1503940903581_0"},{"key":"?c","val":"VO_3c9ab726_0f52_40d9_aa39_84035cff20c9_1503940903581_2"},{"key":"?cn","val":"VO_3c9ab726_0f52_40d9_aa39_84035cff20c9_1503940903581_1"},{"key":"?claimantFullName","val":"Jose N. Hall"}]}]},{"query":"?- ?v:AE#VATravelVoucher, ?v[AE#hasVoucherClaimant->?c], ?c[AE#hasName->?cn], ?cn[AE#hasFirstName->?claimantFirstName].","resultList":[{"result":[{"key":"?v","val":"VO_3c9ab726_0f52_40d9_aa39_84035cff20c9_1503940903581_0"},{"key":"?c","val":"VO_3c9ab726_0f52_40d9_aa39_84035cff20c9_1503940903581_2"},{"key":"?cn","val":"NO_5461a45e_5cc2_4d9b_9b14_87f1d6a52830_1503940911512_0"},{"key":"?claimantFirstName","val":"jose"}]}]},{"query":"?- ?v:AE#VATravelVoucher, ?v[AE#hasVoucherClaimant->?c], ?c[AE#hasName->?cn], ?cn[AE#hasLastName->?claimantLastName].","resultList":[{"result":[{"key":"?v","val":"VO_3c9ab726_0f52_40d9_aa39_84035cff20c9_1503940903581_0"},{"key":"?c","val":"VO_3c9ab726_0f52_40d9_aa39_84035cff20c9_1503940903581_2"},{"key":"?cn","val":"NO_5461a45e_5cc2_4d9b_9b14_87f1d6a52830_1503940911512_0"},{"key":"?claimantLastName","val":"hall"}]}]},{"query":"?- ?v:AE#VATravelVoucher, ?v[AE#hasVoucherClaimant->?c], ?c[AE#hasSocialSecurityNumber->?s], ?s[label->?claimantSsn].","resultList":[{"result":[{"key":"?v","val":"VO_3c9ab726_0f52_40d9_aa39_84035cff20c9_1503940903581_0"},{"key":"?c","val":"VO_3c9ab726_0f52_40d9_aa39_84035cff20c9_1503940903581_2"},{"key":"?s","val":"VO_3c9ab726_0f52_40d9_aa39_84035cff20c9_1503940903581_12"},{"key":"?claimantSsn","val":"004-12-0947"}]}]},{"query":"?- ?v:AE#VATravelVoucher, ?v[AE#hasVoucherClaimant->?c], ?c[AE#hasLiens->?claimantHasLiens].","resultList":[{"result":[{"key":"?v","val":"VO_3c9ab726_0f52_40d9_aa39_84035cff20c9_1503940903581_0"},{"key":"?c","val":"VO_3c9ab726_0f52_40d9_aa39_84035cff20c9_1503940903581_2"},{"key":"?claimantHasLiens","val":"AE#NoLienReport"}]}]},{"query":"?- ?v:AE#VATravelVoucher, ?v[AE#hasVoucherClaimant->?c], ?c[AE#hasDeclaredBankruptcy->?claimantHasDeclaredBankruptcy].","resultList":[{"result":[{"key":"?v","val":"VO_3c9ab726_0f52_40d9_aa39_84035cff20c9_1503940903581_0"},{"key":"?c","val":"VO_3c9ab726_0f52_40d9_aa39_84035cff20c9_1503940903581_2"},{"key":"?claimantHasDeclaredBankruptcy","val":"AE#NoBankruptcyReport"}]}]},{"query":"?- ?v:AE#VATravelVoucher, ?v[AE#hasVoucherClaimant->?c], ?c[AE#hasArrestRecord->?claimantHasArrestRecord].","resultList":[{"result":[{"key":"?v","val":"VO_3c9ab726_0f52_40d9_aa39_84035cff20c9_1503940903581_0"},{"key":"?c","val":"VO_3c9ab726_0f52_40d9_aa39_84035cff20c9_1503940903581_2"},{"key":"?claimantHasArrestRecord","val":"AE#NoArrestRecord"}]}]},{"query":"?- ?v:AE#VATravelVoucher, ?v[AE#hasVoucherClaimant->?c], ?c[AE#hasCriminalRecord->?claimantHasCriminalRecord].","resultList":[{"result":[{"key":"?v","val":"VO_3c9ab726_0f52_40d9_aa39_84035cff20c9_1503940903581_0"},{"key":"?c","val":"VO_3c9ab726_0f52_40d9_aa39_84035cff20c9_1503940903581_2"},{"key":"?claimantHasCriminalRecord","val":"AE#NoCriminalRecord"}]}]},{"query":"?- ?v:AE#VATravelVoucher, ?v[AE#hasVoucherBeneficiary->?b], ?b[AE#hasName->?cn], ?cn[label->?beneficiaryFullName].","resultList":[{"result":[{"key":"?v","val":"VO_3c9ab726_0f52_40d9_aa39_84035cff20c9_1503940903581_0"},{"key":"?b","val":"VO_3c9ab726_0f52_40d9_aa39_84035cff20c9_1503940903581_11"},{"key":"?cn","val":"VO_3c9ab726_0f52_40d9_aa39_84035cff20c9_1503940903581_10"},{"key":"?beneficiaryFullName","val":"Jose N. Hall"}]},{"result":[{"key":"?v","val":"VO_3c9ab726_0f52_40d9_aa39_84035cff20c9_1503940903581_0"},{"key":"?b","val":"VO_3c9ab726_0f52_40d9_aa39_84035cff20c9_1503940903581_11"},{"key":"?cn","val":"NO_12be3658_4129_4d79_879e_938f6e38d15d_1503940909602_0"},{"key":"?beneficiaryFullName","val":"Jose N. Hall"}]}]},{"query":"?- ?v:AE#VATravelVoucher, ?v[AE#hasVoucherBeneficiary->?b], ?b[AE#hasName->?cn], ?cn[AE#hasFirstName->?beneficiaryFirstName].","resultList":[{"result":[{"key":"?v","val":"VO_3c9ab726_0f52_40d9_aa39_84035cff20c9_1503940903581_0"},{"key":"?b","val":"VO_3c9ab726_0f52_40d9_aa39_84035cff20c9_1503940903581_11"},{"key":"?cn","val":"NO_12be3658_4129_4d79_879e_938f6e38d15d_1503940909602_0"},{"key":"?beneficiaryFirstName","val":"jose"}]}]},{"query":"?- ?v:AE#VATravelVoucher, ?v[AE#hasVoucherBeneficiary->?b], ?b[AE#hasName->?cn], ?cn[AE#hasLastName->?beneficiaryLastName].","resultList":[{"result":[{"key":"?v","val":"VO_3c9ab726_0f52_40d9_aa39_84035cff20c9_1503940903581_0"},{"key":"?b","val":"VO_3c9ab726_0f52_40d9_aa39_84035cff20c9_1503940903581_11"},{"key":"?cn","val":"NO_12be3658_4129_4d79_879e_938f6e38d15d_1503940909602_0"},{"key":"?beneficiaryLastName","val":"hall"}]}]},{"query":"?- ?v:AE#VATravelVoucher, ?v[AE#hasVoucherBeneficiary->?b], ?b[AE#hasSocialSecurityNumber->?s], ?s[label->?beneficiarySsn].","resultList":[{"result":[{"key":"?v","val":"VO_3c9ab726_0f52_40d9_aa39_84035cff20c9_1503940903581_0"},{"key":"?b","val":"VO_3c9ab726_0f52_40d9_aa39_84035cff20c9_1503940903581_11"},{"key":"?s","val":"VO_3c9ab726_0f52_40d9_aa39_84035cff20c9_1503940903581_9"},{"key":"?beneficiarySsn","val":"004-12-0947"}]}]},{"query":"?- ?v:AE#VATravelVoucher, ?v[AE#hasVoucherBeneficiary->?b], ?b[AE#hasLiens->?beneficiaryHasLiens].","resultList":[{"result":[{"key":"?v","val":"VO_3c9ab726_0f52_40d9_aa39_84035cff20c9_1503940903581_0"},{"key":"?b","val":"VO_3c9ab726_0f52_40d9_aa39_84035cff20c9_1503940903581_11"},{"key":"?beneficiaryHasLiens","val":"AE#NoLienReport"}]}]},{"query":"?- ?v:AE#VATravelVoucher, ?v[AE#hasVoucherBeneficiary->?b], ?b[AE#hasDeclaredBankruptcy->?beneficiaryHasDeclaredBankruptcy].","resultList":[{"result":[{"key":"?v","val":"VO_3c9ab726_0f52_40d9_aa39_84035cff20c9_1503940903581_0"},{"key":"?b","val":"VO_3c9ab726_0f52_40d9_aa39_84035cff20c9_1503940903581_11"},{"key":"?beneficiaryHasDeclaredBankruptcy","val":"AE#NoBankruptcyReport"}]}]},{"query":"?- ?v:AE#VATravelVoucher, ?v[AE#hasVoucherBeneficiary->?b], ?b[AE#hasArrestRecord->?beneficiaryHasArrestRecord].","resultList":[{"result":[{"key":"?v","val":"VO_3c9ab726_0f52_40d9_aa39_84035cff20c9_1503940903581_0"},{"key":"?b","val":"VO_3c9ab726_0f52_40d9_aa39_84035cff20c9_1503940903581_11"},{"key":"?beneficiaryHasArrestRecord","val":"AE#NoArrestRecord"}]}]},{"query":"?- ?v:AE#VATravelVoucher, ?v[AE#hasVoucherBeneficiary->?b], ?b[AE#hasCriminalRecord->?beneficiaryHasCriminalRecord].","resultList":[{"result":[{"key":"?v","val":"VO_3c9ab726_0f52_40d9_aa39_84035cff20c9_1503940903581_0"},{"key":"?b","val":"VO_3c9ab726_0f52_40d9_aa39_84035cff20c9_1503940903581_11"},{"key":"?beneficiaryHasCriminalRecord","val":"AE#NoCriminalRecord"}]}]},{"query":"?- ?t:AE#Travelling, ?t[AE#hasPath->?p], ?p[AE#hasDistance->?d], ?d[AE#numericValue->?expectedDistanceValue], ?d[AE#hasUnitOfMeasure->?unitOfDistanceMeasure].","resultList":[{"result":[{"key":"?t","val":"VO_3c9ab726_0f52_40d9_aa39_84035cff20c9_1503940903581_6"},{"key":"?p","val":"ES_0d07f858_bfed_463b_bad9_f0a3da8fdd99_1503940929215_4"},{"key":"?d","val":"ES_0d07f858_bfed_463b_bad9_f0a3da8fdd99_1503940929215_0"},{"key":"?expectedDistanceValue","val":"30295.76219530972230131737887859344482421875"},{"key":"?unitOfDistanceMeasure","val":"meters"}]}]},{"query":"?- ?t:AE#Travelling, ?t[AE#hasPath->?p], ?p[AE#hasExpectedTravelTime->?d], ?d[AE#numericValue->?expectedTimeValue], ?d[AE#hasUnitOfMeasure->?unitOfTimeMeasure].","resultList":[{"result":[{"key":"?t","val":"VO_3c9ab726_0f52_40d9_aa39_84035cff20c9_1503940903581_6"},{"key":"?p","val":"ES_0d07f858_bfed_463b_bad9_f0a3da8fdd99_1503940929215_4"},{"key":"?d","val":"ES_0d07f858_bfed_463b_bad9_f0a3da8fdd99_1503940929215_2"},{"key":"?expectedTimeValue","val":"22.686466840677894651889801025390625"},{"key":"?unitOfTimeMeasure","val":"minutes"}]}]},{"query":"?- ?t:AE#Travelling, ?t[AE#hasDestination->?d], ?d[label->?destinationFullAddress].","resultList":[{"result":[{"key":"?t","val":"VO_3c9ab726_0f52_40d9_aa39_84035cff20c9_1503940903581_7"},{"key":"?d","val":"VO_3c9ab726_0f52_40d9_aa39_84035cff20c9_1503940903581_8"},{"key":"?destinationFullAddress","val":"2790 Truxton Road, Suite 130, San Diego, CA 92106"}]},{"result":[{"key":"?t","val":"VO_3c9ab726_0f52_40d9_aa39_84035cff20c9_1503940903581_6"},{"key":"?d","val":"VO_3c9ab726_0f52_40d9_aa39_84035cff20c9_1503940903581_5"},{"key":"?destinationFullAddress","val":"631 Port Dunbar Chula Vista, CA 91913"}]}]},{"query":"?- ?t:AE#Travelling, ?t[AE#hasDestination->?d], ?d[AE#hasStreet->?s], ?s[label->?destinationStreetName], ?d[AE#hasCity->?c], ?c[label->?destinationCity], ?d[AE#hasState->?st], ?st[label->?destinationState], ?d[AE#hasZipcode->?destinationZipCode].","resultList":[{"result":[{"key":"?t","val":"VO_3c9ab726_0f52_40d9_aa39_84035cff20c9_1503940903581_7"},{"key":"?d","val":"VO_3c9ab726_0f52_40d9_aa39_84035cff20c9_1503940903581_8"},{"key":"?s","val":"NO_60d0478c_ae32_4aab_99c5_189efd0ab23f_1503940913414_id5"},{"key":"?destinationStreetName","val":"2790 Truxton Road"},{"key":"?c","val":"NO_60d0478c_ae32_4aab_99c5_189efd0ab23f_1503940913414_id11"},{"key":"?destinationCity","val":"San Diego"},{"key":"?st","val":"NO_60d0478c_ae32_4aab_99c5_189efd0ab23f_1503940913414_id13"},{"key":"?destinationState","val":"CA"},{"key":"?destinationZipCode","val":"92106"}]}]},{"query":"?- ?t:AE#Travelling, ?t[AE#hasOrigin->?d], ?d[label->?originFullAddress].","resultList":[{"result":[{"key":"?t","val":"VO_3c9ab726_0f52_40d9_aa39_84035cff20c9_1503940903581_7"},{"key":"?d","val":"VO_3c9ab726_0f52_40d9_aa39_84035cff20c9_1503940903581_3"},{"key":"?originFullAddress","val":"631 Port Dunbar Chula Vista, CA 91913"}]},{"result":[{"key":"?t","val":"VO_3c9ab726_0f52_40d9_aa39_84035cff20c9_1503940903581_6"},{"key":"?d","val":"VO_3c9ab726_0f52_40d9_aa39_84035cff20c9_1503940903581_8"},{"key":"?originFullAddress","val":"2790 Truxton Road, Suite 130, San Diego, CA 92106"}]}]},{"query":"?- ?t:AE#Travelling, ?t[AE#hasOrigin->?d], ?d[AE#hasStreet->?s], ?s[label->?originStreetName], ?d[AE#hasCity->?c], ?c[label->?originCity], ?d[AE#hasState->?st], ?st[label->?originState], ?d[AE#hasZipcode->?originZipCode].","resultList":[{"result":[{"key":"?t","val":"VO_3c9ab726_0f52_40d9_aa39_84035cff20c9_1503940903581_6"},{"key":"?d","val":"VO_3c9ab726_0f52_40d9_aa39_84035cff20c9_1503940903581_8"},{"key":"?s","val":"NO_60d0478c_ae32_4aab_99c5_189efd0ab23f_1503940913414_id5"},{"key":"?originStreetName","val":"2790 Truxton Road"},{"key":"?c","val":"NO_60d0478c_ae32_4aab_99c5_189efd0ab23f_1503940913414_id11"},{"key":"?originCity","val":"San Diego"},{"key":"?st","val":"NO_60d0478c_ae32_4aab_99c5_189efd0ab23f_1503940913414_id13"},{"key":"?originState","val":"CA"},{"key":"?originZipCode","val":"92106"}]}]},{"query":"?- ?t:AE#Travelling, ?t[AE#hasPath->?p], ?p[AE#hasStartRegion->?s], ?s[AE#hasLatitude->?originLatitude], ?s[AE#hasLongitude->?originLongitude].","resultList":[{"result":[{"key":"?t","val":"VO_3c9ab726_0f52_40d9_aa39_84035cff20c9_1503940903581_6"},{"key":"?p","val":"ES_0d07f858_bfed_463b_bad9_f0a3da8fdd99_1503940929215_4"},{"key":"?s","val":"ES_0d07f858_bfed_463b_bad9_f0a3da8fdd99_1503940929215_3"},{"key":"?originLatitude","val":"32.74051839275188058309140615165233612060546875"},{"key":"?originLongitude","val":"-117.2130215001728856805129908025264739990234375"}]}]},{"query":"?- ?t:AE#Travelling, ?t[AE#hasPath->?p], ?p[AE#hasEndRegion->?e], ?e[AE#hasLatitude->?destinationLatitude], ?e[AE#hasLongitude->?destinationLongitude].","resultList":[{"result":[{"key":"?t","val":"VO_3c9ab726_0f52_40d9_aa39_84035cff20c9_1503940903581_6"},{"key":"?p","val":"ES_0d07f858_bfed_463b_bad9_f0a3da8fdd99_1503940929215_4"},{"key":"?e","val":"ES_0d07f858_bfed_463b_bad9_f0a3da8fdd99_1503940929215_1"},{"key":"?destinationLatitude","val":"32.6549618900974820689953048713505268096923828125"},{"key":"?destinationLongitude","val":"-116.9897512493509594833085429854691028594970703125"}]}]}]}
