{"dataList":[{"query":"?- ?v:AE#VATravelVoucher, ?v[AE#hasVoucherClaimant->?c], ?c[AE#hasName->?cn], ?cn[label->?claimantFullName].","resultList":[{"result":[{"key":"?v","val":"VO_33cbff57_56ae_432b_b634_eb81e53c84eb_1503940933219_0"},{"key":"?c","val":"VO_33cbff57_56ae_432b_b634_eb81e53c84eb_1503940933219_2"},{"key":"?cn","val":"NO_5fd3540a_2afb_4f0c_be9f_ea6758042cfc_1503940940757_0"},{"key":"?claimantFullName","val":"Barry P. Gowen"}]},{"result":[{"key":"?v","val":"VO_33cbff57_56ae_432b_b634_eb81e53c84eb_1503940933219_0"},{"key":"?c","val":"VO_33cbff57_56ae_432b_b634_eb81e53c84eb_1503940933219_2"},{"key":"?cn","val":"VO_33cbff57_56ae_432b_b634_eb81e53c84eb_1503940933219_1"},{"key":"?claimantFullName","val":"Barry P. Gowen"}]}]},{"query":"?- ?v:AE#VATravelVoucher, ?v[AE#hasVoucherClaimant->?c], ?c[AE#hasName->?cn], ?cn[AE#hasFirstName->?claimantFirstName].","resultList":[{"result":[{"key":"?v","val":"VO_33cbff57_56ae_432b_b634_eb81e53c84eb_1503940933219_0"},{"key":"?c","val":"VO_33cbff57_56ae_432b_b634_eb81e53c84eb_1503940933219_2"},{"key":"?cn","val":"NO_5fd3540a_2afb_4f0c_be9f_ea6758042cfc_1503940940757_0"},{"key":"?claimantFirstName","val":"barry"}]}]},{"query":"?- ?v:AE#VATravelVoucher, ?v[AE#hasVoucherClaimant->?c], ?c[AE#hasName->?cn], ?cn[AE#hasLastName->?claimantLastName].","resultList":[{"result":[{"key":"?v","val":"VO_33cbff57_56ae_432b_b634_eb81e53c84eb_1503940933219_0"},{"key":"?c","val":"VO_33cbff57_56ae_432b_b634_eb81e53c84eb_1503940933219_2"},{"key":"?cn","val":"NO_5fd3540a_2afb_4f0c_be9f_ea6758042cfc_1503940940757_0"},{"key":"?claimantLastName","val":"gowen"}]}]},{"query":"?- ?v:AE#VATravelVoucher, ?v[AE#hasVoucherClaimant->?c], ?c[AE#hasSocialSecurityNumber->?s], ?s[label->?claimantSsn].","resultList":[{"result":[{"key":"?v","val":"VO_33cbff57_56ae_432b_b634_eb81e53c84eb_1503940933219_0"},{"key":"?c","val":"VO_33cbff57_56ae_432b_b634_eb81e53c84eb_1503940933219_2"},{"key":"?s","val":"VO_33cbff57_56ae_432b_b634_eb81e53c84eb_1503940933219_12"},{"key":"?claimantSsn","val":"105-64-1169"}]}]},{"query":"?- ?v:AE#VATravelVoucher, ?v[AE#hasVoucherClaimant->?c], ?c[AE#hasLiens->?claimantHasLiens].","resultList":[{"result":[{"key":"?v","val":"VO_33cbff57_56ae_432b_b634_eb81e53c84eb_1503940933219_0"},{"key":"?c","val":"VO_33cbff57_56ae_432b_b634_eb81e53c84eb_1503940933219_2"},{"key":"?claimantHasLiens","val":"AE#NoLienReport"}]}]},{"query":"?- ?v:AE#VATravelVoucher, ?v[AE#hasVoucherClaimant->?c], ?c[AE#hasDeclaredBankruptcy->?claimantHasDeclaredBankruptcy].","resultList":[{"result":[{"key":"?v","val":"VO_33cbff57_56ae_432b_b634_eb81e53c84eb_1503940933219_0"},{"key":"?c","val":"VO_33cbff57_56ae_432b_b634_eb81e53c84eb_1503940933219_2"},{"key":"?claimantHasDeclaredBankruptcy","val":"AE#NoBankruptcyReport"}]}]},{"query":"?- ?v:AE#VATravelVoucher, ?v[AE#hasVoucherClaimant->?c], ?c[AE#hasArrestRecord->?claimantHasArrestRecord].","resultList":[{"result":[{"key":"?v","val":"VO_33cbff57_56ae_432b_b634_eb81e53c84eb_1503940933219_0"},{"key":"?c","val":"VO_33cbff57_56ae_432b_b634_eb81e53c84eb_1503940933219_2"},{"key":"?claimantHasArrestRecord","val":"AE#NoArrestRecord"}]}]},{"query":"?- ?v:AE#VATravelVoucher, ?v[AE#hasVoucherClaimant->?c], ?c[AE#hasCriminalRecord->?claimantHasCriminalRecord].","resultList":[{"result":[{"key":"?v","val":"VO_33cbff57_56ae_432b_b634_eb81e53c84eb_1503940933219_0"},{"key":"?c","val":"VO_33cbff57_56ae_432b_b634_eb81e53c84eb_1503940933219_2"},{"key":"?claimantHasCriminalRecord","val":"AE#NoCriminalRecord"}]}]},{"query":"?- ?v:AE#VATravelVoucher, ?v[AE#hasVoucherBeneficiary->?b], ?b[AE#hasName->?cn], ?cn[label->?beneficiaryFullName].","resultList":[{"result":[{"key":"?v","val":"VO_33cbff57_56ae_432b_b634_eb81e53c84eb_1503940933219_0"},{"key":"?b","val":"VO_33cbff57_56ae_432b_b634_eb81e53c84eb_1503940933219_11"},{"key":"?cn","val":"VO_33cbff57_56ae_432b_b634_eb81e53c84eb_1503940933219_10"},{"key":"?beneficiaryFullName","val":"Barry P. Gowen"}]},{"result":[{"key":"?v","val":"VO_33cbff57_56ae_432b_b634_eb81e53c84eb_1503940933219_0"},{"key":"?b","val":"VO_33cbff57_56ae_432b_b634_eb81e53c84eb_1503940933219_11"},{"key":"?cn","val":"NO_9f413353_836f_4e1d_89d0_58ac602ae983_1503940938911_0"},{"key":"?beneficiaryFullName","val":"Barry P. Gowen"}]}]},{"query":"?- ?v:AE#VATravelVoucher, ?v[AE#hasVoucherBeneficiary->?b], ?b[AE#hasName->?cn], ?cn[AE#hasFirstName->?beneficiaryFirstName].","resultList":[{"result":[{"key":"?v","val":"VO_33cbff57_56ae_432b_b634_eb81e53c84eb_1503940933219_0"},{"key":"?b","val":"VO_33cbff57_56ae_432b_b634_eb81e53c84eb_1503940933219_11"},{"key":"?cn","val":"NO_9f413353_836f_4e1d_89d0_58ac602ae983_1503940938911_0"},{"key":"?beneficiaryFirstName","val":"barry"}]}]},{"query":"?- ?v:AE#VATravelVoucher, ?v[AE#hasVoucherBeneficiary->?b], ?b[AE#hasName->?cn], ?cn[AE#hasLastName->?beneficiaryLastName].","resultList":[{"result":[{"key":"?v","val":"VO_33cbff57_56ae_432b_b634_eb81e53c84eb_1503940933219_0"},{"key":"?b","val":"VO_33cbff57_56ae_432b_b634_eb81e53c84eb_1503940933219_11"},{"key":"?cn","val":"NO_9f413353_836f_4e1d_89d0_58ac602ae983_1503940938911_0"},{"key":"?beneficiaryLastName","val":"gowen"}]}]},{"query":"?- ?v:AE#VATravelVoucher, ?v[AE#hasVoucherBeneficiary->?b], ?b[AE#hasSocialSecurityNumber->?s], ?s[label->?beneficiarySsn].","resultList":[{"result":[{"key":"?v","val":"VO_33cbff57_56ae_432b_b634_eb81e53c84eb_1503940933219_0"},{"key":"?b","val":"VO_33cbff57_56ae_432b_b634_eb81e53c84eb_1503940933219_11"},{"key":"?s","val":"VO_33cbff57_56ae_432b_b634_eb81e53c84eb_1503940933219_9"},{"key":"?beneficiarySsn","val":"105-64-1169"}]}]},{"query":"?- ?v:AE#VATravelVoucher, ?v[AE#hasVoucherBeneficiary->?b], ?b[AE#hasLiens->?beneficiaryHasLiens].","resultList":[{"result":[{"key":"?v","val":"VO_33cbff57_56ae_432b_b634_eb81e53c84eb_1503940933219_0"},{"key":"?b","val":"VO_33cbff57_56ae_432b_b634_eb81e53c84eb_1503940933219_11"},{"key":"?beneficiaryHasLiens","val":"AE#NoLienReport"}]}]},{"query":"?- ?v:AE#VATravelVoucher, ?v[AE#hasVoucherBeneficiary->?b], ?b[AE#hasDeclaredBankruptcy->?beneficiaryHasDeclaredBankruptcy].","resultList":[{"result":[{"key":"?v","val":"VO_33cbff57_56ae_432b_b634_eb81e53c84eb_1503940933219_0"},{"key":"?b","val":"VO_33cbff57_56ae_432b_b634_eb81e53c84eb_1503940933219_11"},{"key":"?beneficiaryHasDeclaredBankruptcy","val":"AE#NoBankruptcyReport"}]}]},{"query":"?- ?v:AE#VATravelVoucher, ?v[AE#hasVoucherBeneficiary->?b], ?b[AE#hasArrestRecord->?beneficiaryHasArrestRecord].","resultList":[{"result":[{"key":"?v","val":"VO_33cbff57_56ae_432b_b634_eb81e53c84eb_1503940933219_0"},{"key":"?b","val":"VO_33cbff57_56ae_432b_b634_eb81e53c84eb_1503940933219_11"},{"key":"?beneficiaryHasArrestRecord","val":"AE#NoArrestRecord"}]}]},{"query":"?- ?v:AE#VATravelVoucher, ?v[AE#hasVoucherBeneficiary->?b], ?b[AE#hasCriminalRecord->?beneficiaryHasCriminalRecord].","resultList":[{"result":[{"key":"?v","val":"VO_33cbff57_56ae_432b_b634_eb81e53c84eb_1503940933219_0"},{"key":"?b","val":"VO_33cbff57_56ae_432b_b634_eb81e53c84eb_1503940933219_11"},{"key":"?beneficiaryHasCriminalRecord","val":"AE#NoCriminalRecord"}]}]},{"query":"?- ?t:AE#Travelling, ?t[AE#hasPath->?p], ?p[AE#hasDistance->?d], ?d[AE#numericValue->?expectedDistanceValue], ?d[AE#hasUnitOfMeasure->?unitOfDistanceMeasure].","resultList":[{"result":[{"key":"?t","val":"VO_33cbff57_56ae_432b_b634_eb81e53c84eb_1503940933219_6"},{"key":"?p","val":"ES_c5971542_a6bf_48fb_9cf1_008c78ecb055_1503940960218_4"},{"key":"?d","val":"ES_c5971542_a6bf_48fb_9cf1_008c78ecb055_1503940960218_0"},{"key":"?expectedDistanceValue","val":"5881.5403559848409713595174252986907958984375"},{"key":"?unitOfDistanceMeasure","val":"meters"}]}]},{"query":"?- ?t:AE#Travelling, ?t[AE#hasPath->?p], ?p[AE#hasExpectedTravelTime->?d], ?d[AE#numericValue->?expectedTimeValue], ?d[AE#hasUnitOfMeasure->?unitOfTimeMeasure].","resultList":[{"result":[{"key":"?t","val":"VO_33cbff57_56ae_432b_b634_eb81e53c84eb_1503940933219_6"},{"key":"?p","val":"ES_c5971542_a6bf_48fb_9cf1_008c78ecb055_1503940960218_4"},{"key":"?d","val":"ES_c5971542_a6bf_48fb_9cf1_008c78ecb055_1503940960218_2"},{"key":"?expectedTimeValue","val":"8.221113945473916828632354736328125"},{"key":"?unitOfTimeMeasure","val":"minutes"}]}]},{"query":"?- ?t:AE#Travelling, ?t[AE#hasDestination->?d], ?d[label->?destinationFullAddress].","resultList":[{"result":[{"key":"?t","val":"VO_33cbff57_56ae_432b_b634_eb81e53c84eb_1503940933219_7"},{"key":"?d","val":"VO_33cbff57_56ae_432b_b634_eb81e53c84eb_1503940933219_8"},{"key":"?destinationFullAddress","val":"2790 Truxton Road, Suite 130, San Diego, CA 92106"}]},{"result":[{"key":"?t","val":"VO_33cbff57_56ae_432b_b634_eb81e53c84eb_1503940933219_6"},{"key":"?d","val":"VO_33cbff57_56ae_432b_b634_eb81e53c84eb_1503940933219_5"},{"key":"?destinationFullAddress","val":"5061 Gardena Ave, San Diego, CA 92110"}]}]},{"query":"?- ?t:AE#Travelling, ?t[AE#hasDestination->?d], ?d[AE#hasStreet->?s], ?s[label->?destinationStreetName], ?d[AE#hasCity->?c], ?c[label->?destinationCity], ?d[AE#hasState->?st], ?st[label->?destinationState], ?d[AE#hasZipcode->?destinationZipCode].","resultList":[{"result":[{"key":"?t","val":"VO_33cbff57_56ae_432b_b634_eb81e53c84eb_1503940933219_7"},{"key":"?d","val":"VO_33cbff57_56ae_432b_b634_eb81e53c84eb_1503940933219_8"},{"key":"?s","val":"NO_a88eb503_3004_40dd_89b1_4c008609c837_1503940942571_id5"},{"key":"?destinationStreetName","val":"2790 Truxton Road"},{"key":"?c","val":"NO_a88eb503_3004_40dd_89b1_4c008609c837_1503940942571_id11"},{"key":"?destinationCity","val":"San Diego"},{"key":"?st","val":"NO_a88eb503_3004_40dd_89b1_4c008609c837_1503940942571_id13"},{"key":"?destinationState","val":"CA"},{"key":"?destinationZipCode","val":"92106"}]},{"result":[{"key":"?t","val":"VO_33cbff57_56ae_432b_b634_eb81e53c84eb_1503940933219_6"},{"key":"?d","val":"VO_33cbff57_56ae_432b_b634_eb81e53c84eb_1503940933219_5"},{"key":"?s","val":"NO_fac6b444_c88b_436c_8d71_8c969fba1204_1503940944633_id3"},{"key":"?destinationStreetName","val":"5061 Gardena Ave"},{"key":"?c","val":"NO_fac6b444_c88b_436c_8d71_8c969fba1204_1503940944633_id9"},{"key":"?destinationCity","val":"San Diego"},{"key":"?st","val":"NO_fac6b444_c88b_436c_8d71_8c969fba1204_1503940944633_id11"},{"key":"?destinationState","val":"CA"},{"key":"?destinationZipCode","val":"92110"}]}]},{"query":"?- ?t:AE#Travelling, ?t[AE#hasOrigin->?d], ?d[label->?originFullAddress].","resultList":[{"result":[{"key":"?t","val":"VO_33cbff57_56ae_432b_b634_eb81e53c84eb_1503940933219_7"},{"key":"?d","val":"VO_33cbff57_56ae_432b_b634_eb81e53c84eb_1503940933219_3"},{"key":"?originFullAddress","val":"5061 Gardena Ave, San Diego, CA 92110"}]},{"result":[{"key":"?t","val":"VO_33cbff57_56ae_432b_b634_eb81e53c84eb_1503940933219_6"},{"key":"?d","val":"VO_33cbff57_56ae_432b_b634_eb81e53c84eb_1503940933219_8"},{"key":"?originFullAddress","val":"2790 Truxton Road, Suite 130, San Diego, CA 92106"}]}]},{"query":"?- ?t:AE#Travelling, ?t[AE#hasOrigin->?d], ?d[AE#hasStreet->?s], ?s[label->?originStreetName], ?d[AE#hasCity->?c], ?c[label->?originCity], ?d[AE#hasState->?st], ?st[label->?originState], ?d[AE#hasZipcode->?originZipCode].","resultList":[{"result":[{"key":"?t","val":"VO_33cbff57_56ae_432b_b634_eb81e53c84eb_1503940933219_7"},{"key":"?d","val":"VO_33cbff57_56ae_432b_b634_eb81e53c84eb_1503940933219_3"},{"key":"?s","val":"NO_20d86934_edf6_4f42_ba1a_7829812a13cd_1503940946638_id3"},{"key":"?originStreetName","val":"5061 Gardena Ave"},{"key":"?c","val":"NO_20d86934_edf6_4f42_ba1a_7829812a13cd_1503940946638_id9"},{"key":"?originCity","val":"San Diego"},{"key":"?st","val":"NO_20d86934_edf6_4f42_ba1a_7829812a13cd_1503940946638_id11"},{"key":"?originState","val":"CA"},{"key":"?originZipCode","val":"92110"}]},{"result":[{"key":"?t","val":"VO_33cbff57_56ae_432b_b634_eb81e53c84eb_1503940933219_6"},{"key":"?d","val":"VO_33cbff57_56ae_432b_b634_eb81e53c84eb_1503940933219_8"},{"key":"?s","val":"NO_a88eb503_3004_40dd_89b1_4c008609c837_1503940942571_id5"},{"key":"?originStreetName","val":"2790 Truxton Road"},{"key":"?c","val":"NO_a88eb503_3004_40dd_89b1_4c008609c837_1503940942571_id11"},{"key":"?originCity","val":"San Diego"},{"key":"?st","val":"NO_a88eb503_3004_40dd_89b1_4c008609c837_1503940942571_id13"},{"key":"?originState","val":"CA"},{"key":"?originZipCode","val":"92106"}]}]},{"query":"?- ?t:AE#Travelling, ?t[AE#hasPath->?p], ?p[AE#hasStartRegion->?s], ?s[AE#hasLatitude->?originLatitude], ?s[AE#hasLongitude->?originLongitude].","resultList":[{"result":[{"key":"?t","val":"VO_33cbff57_56ae_432b_b634_eb81e53c84eb_1503940933219_6"},{"key":"?p","val":"ES_c5971542_a6bf_48fb_9cf1_008c78ecb055_1503940960218_4"},{"key":"?s","val":"ES_c5971542_a6bf_48fb_9cf1_008c78ecb055_1503940960218_3"},{"key":"?originLatitude","val":"32.74051839275188058309140615165233612060546875"},{"key":"?originLongitude","val":"-117.2130215001728856805129908025264739990234375"}]}]},{"query":"?- ?t:AE#Travelling, ?t[AE#hasPath->?p], ?p[AE#hasEndRegion->?e], ?e[AE#hasLatitude->?destinationLatitude], ?e[AE#hasLongitude->?destinationLongitude].","resultList":[{"result":[{"key":"?t","val":"VO_33cbff57_56ae_432b_b634_eb81e53c84eb_1503940933219_6"},{"key":"?p","val":"ES_c5971542_a6bf_48fb_9cf1_008c78ecb055_1503940960218_4"},{"key":"?e","val":"ES_c5971542_a6bf_48fb_9cf1_008c78ecb055_1503940960218_1"},{"key":"?destinationLatitude","val":"32.77549189312725275158300064504146575927734375"},{"key":"?destinationLongitude","val":"-117.19369849209414269353146664798259735107421875"}]}]}]}
