{"dataList":[{"query":"?- ?v:AE#VATravelVoucher, ?v[AE#hasVoucherClaimant->?c], ?c[AE#hasName->?cn], ?cn[label->?claimantFullName].","resultList":[{"result":[{"key":"?v","val":"VO_3db0eae9_5793_48dc_bd72_5ce01e3b0991_1503939100376_0"},{"key":"?c","val":"VO_3db0eae9_5793_48dc_bd72_5ce01e3b0991_1503939100376_2"},{"key":"?cn","val":"NO_944acd97_cab6_4562_9df5_aad29835d0e8_1503939107627_0"},{"key":"?claimantFullName","val":"Richard Greig Clayton"}]},{"result":[{"key":"?v","val":"VO_3db0eae9_5793_48dc_bd72_5ce01e3b0991_1503939100376_0"},{"key":"?c","val":"VO_3db0eae9_5793_48dc_bd72_5ce01e3b0991_1503939100376_2"},{"key":"?cn","val":"VO_3db0eae9_5793_48dc_bd72_5ce01e3b0991_1503939100376_1"},{"key":"?claimantFullName","val":"Richard Greig Clayton"}]}]},{"query":"?- ?v:AE#VATravelVoucher, ?v[AE#hasVoucherClaimant->?c], ?c[AE#hasName->?cn], ?cn[AE#hasFirstName->?claimantFirstName].","resultList":[{"result":[{"key":"?v","val":"VO_3db0eae9_5793_48dc_bd72_5ce01e3b0991_1503939100376_0"},{"key":"?c","val":"VO_3db0eae9_5793_48dc_bd72_5ce01e3b0991_1503939100376_2"},{"key":"?cn","val":"NO_944acd97_cab6_4562_9df5_aad29835d0e8_1503939107627_0"},{"key":"?claimantFirstName","val":"richard"}]}]},{"query":"?- ?v:AE#VATravelVoucher, ?v[AE#hasVoucherClaimant->?c], ?c[AE#hasName->?cn], ?cn[AE#hasLastName->?claimantLastName].","resultList":[{"result":[{"key":"?v","val":"VO_3db0eae9_5793_48dc_bd72_5ce01e3b0991_1503939100376_0"},{"key":"?c","val":"VO_3db0eae9_5793_48dc_bd72_5ce01e3b0991_1503939100376_2"},{"key":"?cn","val":"NO_944acd97_cab6_4562_9df5_aad29835d0e8_1503939107627_0"},{"key":"?claimantLastName","val":"clayton"}]}]},{"query":"?- ?v:AE#VATravelVoucher, ?v[AE#hasVoucherClaimant->?c], ?c[AE#hasSocialSecurityNumber->?s], ?s[label->?claimantSsn].","resultList":[{"result":[{"key":"?v","val":"VO_3db0eae9_5793_48dc_bd72_5ce01e3b0991_1503939100376_0"},{"key":"?c","val":"VO_3db0eae9_5793_48dc_bd72_5ce01e3b0991_1503939100376_2"},{"key":"?s","val":"VO_3db0eae9_5793_48dc_bd72_5ce01e3b0991_1503939100376_12"},{"key":"?claimantSsn","val":"056-91-5083"}]}]},{"query":"?- ?v:AE#VATravelVoucher, ?v[AE#hasVoucherClaimant->?c], ?c[AE#hasLiens->?claimantHasLiens].","resultList":[{"result":[{"key":"?v","val":"VO_3db0eae9_5793_48dc_bd72_5ce01e3b0991_1503939100376_0"},{"key":"?c","val":"VO_3db0eae9_5793_48dc_bd72_5ce01e3b0991_1503939100376_2"},{"key":"?claimantHasLiens","val":"AE#UnknownLienReport"}]}]},{"query":"?- ?v:AE#VATravelVoucher, ?v[AE#hasVoucherClaimant->?c], ?c[AE#hasDeclaredBankruptcy->?claimantHasDeclaredBankruptcy].","resultList":[{"result":[{"key":"?v","val":"VO_3db0eae9_5793_48dc_bd72_5ce01e3b0991_1503939100376_0"},{"key":"?c","val":"VO_3db0eae9_5793_48dc_bd72_5ce01e3b0991_1503939100376_2"},{"key":"?claimantHasDeclaredBankruptcy","val":"AE#NoBankruptcyReport"}]}]},{"query":"?- ?v:AE#VATravelVoucher, ?v[AE#hasVoucherClaimant->?c], ?c[AE#hasArrestRecord->?claimantHasArrestRecord].","resultList":[{"result":[{"key":"?v","val":"VO_3db0eae9_5793_48dc_bd72_5ce01e3b0991_1503939100376_0"},{"key":"?c","val":"VO_3db0eae9_5793_48dc_bd72_5ce01e3b0991_1503939100376_2"},{"key":"?claimantHasArrestRecord","val":"AE#NoArrestRecord"}]}]},{"query":"?- ?v:AE#VATravelVoucher, ?v[AE#hasVoucherClaimant->?c], ?c[AE#hasCriminalRecord->?claimantHasCriminalRecord].","resultList":[{"result":[{"key":"?v","val":"VO_3db0eae9_5793_48dc_bd72_5ce01e3b0991_1503939100376_0"},{"key":"?c","val":"VO_3db0eae9_5793_48dc_bd72_5ce01e3b0991_1503939100376_2"},{"key":"?claimantHasCriminalRecord","val":"AE#NoCriminalRecord"}]}]},{"query":"?- ?v:AE#VATravelVoucher, ?v[AE#hasVoucherBeneficiary->?b], ?b[AE#hasName->?cn], ?cn[label->?beneficiaryFullName].","resultList":[{"result":[{"key":"?v","val":"VO_3db0eae9_5793_48dc_bd72_5ce01e3b0991_1503939100376_0"},{"key":"?b","val":"VO_3db0eae9_5793_48dc_bd72_5ce01e3b0991_1503939100376_11"},{"key":"?cn","val":"VO_3db0eae9_5793_48dc_bd72_5ce01e3b0991_1503939100376_10"},{"key":"?beneficiaryFullName","val":"Richard Greig Clayton"}]},{"result":[{"key":"?v","val":"VO_3db0eae9_5793_48dc_bd72_5ce01e3b0991_1503939100376_0"},{"key":"?b","val":"VO_3db0eae9_5793_48dc_bd72_5ce01e3b0991_1503939100376_11"},{"key":"?cn","val":"NO_f9614593_9897_408e_b60f_f4693529683d_1503939105735_0"},{"key":"?beneficiaryFullName","val":"Richard Greig Clayton"}]}]},{"query":"?- ?v:AE#VATravelVoucher, ?v[AE#hasVoucherBeneficiary->?b], ?b[AE#hasName->?cn], ?cn[AE#hasFirstName->?beneficiaryFirstName].","resultList":[{"result":[{"key":"?v","val":"VO_3db0eae9_5793_48dc_bd72_5ce01e3b0991_1503939100376_0"},{"key":"?b","val":"VO_3db0eae9_5793_48dc_bd72_5ce01e3b0991_1503939100376_11"},{"key":"?cn","val":"NO_f9614593_9897_408e_b60f_f4693529683d_1503939105735_0"},{"key":"?beneficiaryFirstName","val":"richard"}]}]},{"query":"?- ?v:AE#VATravelVoucher, ?v[AE#hasVoucherBeneficiary->?b], ?b[AE#hasName->?cn], ?cn[AE#hasLastName->?beneficiaryLastName].","resultList":[{"result":[{"key":"?v","val":"VO_3db0eae9_5793_48dc_bd72_5ce01e3b0991_1503939100376_0"},{"key":"?b","val":"VO_3db0eae9_5793_48dc_bd72_5ce01e3b0991_1503939100376_11"},{"key":"?cn","val":"NO_f9614593_9897_408e_b60f_f4693529683d_1503939105735_0"},{"key":"?beneficiaryLastName","val":"clayton"}]}]},{"query":"?- ?v:AE#VATravelVoucher, ?v[AE#hasVoucherBeneficiary->?b], ?b[AE#hasSocialSecurityNumber->?s], ?s[label->?beneficiarySsn].","resultList":[{"result":[{"key":"?v","val":"VO_3db0eae9_5793_48dc_bd72_5ce01e3b0991_1503939100376_0"},{"key":"?b","val":"VO_3db0eae9_5793_48dc_bd72_5ce01e3b0991_1503939100376_11"},{"key":"?s","val":"VO_3db0eae9_5793_48dc_bd72_5ce01e3b0991_1503939100376_9"},{"key":"?beneficiarySsn","val":"056-91-5083"}]}]},{"query":"?- ?v:AE#VATravelVoucher, ?v[AE#hasVoucherBeneficiary->?b], ?b[AE#hasLiens->?beneficiaryHasLiens].","resultList":[{"result":[{"key":"?v","val":"VO_3db0eae9_5793_48dc_bd72_5ce01e3b0991_1503939100376_0"},{"key":"?b","val":"VO_3db0eae9_5793_48dc_bd72_5ce01e3b0991_1503939100376_11"},{"key":"?beneficiaryHasLiens","val":"AE#UnknownLienReport"}]}]},{"query":"?- ?v:AE#VATravelVoucher, ?v[AE#hasVoucherBeneficiary->?b], ?b[AE#hasDeclaredBankruptcy->?beneficiaryHasDeclaredBankruptcy].","resultList":[{"result":[{"key":"?v","val":"VO_3db0eae9_5793_48dc_bd72_5ce01e3b0991_1503939100376_0"},{"key":"?b","val":"VO_3db0eae9_5793_48dc_bd72_5ce01e3b0991_1503939100376_11"},{"key":"?beneficiaryHasDeclaredBankruptcy","val":"AE#NoBankruptcyReport"}]}]},{"query":"?- ?v:AE#VATravelVoucher, ?v[AE#hasVoucherBeneficiary->?b], ?b[AE#hasArrestRecord->?beneficiaryHasArrestRecord].","resultList":[{"result":[{"key":"?v","val":"VO_3db0eae9_5793_48dc_bd72_5ce01e3b0991_1503939100376_0"},{"key":"?b","val":"VO_3db0eae9_5793_48dc_bd72_5ce01e3b0991_1503939100376_11"},{"key":"?beneficiaryHasArrestRecord","val":"AE#NoArrestRecord"}]}]},{"query":"?- ?v:AE#VATravelVoucher, ?v[AE#hasVoucherBeneficiary->?b], ?b[AE#hasCriminalRecord->?beneficiaryHasCriminalRecord].","resultList":[{"result":[{"key":"?v","val":"VO_3db0eae9_5793_48dc_bd72_5ce01e3b0991_1503939100376_0"},{"key":"?b","val":"VO_3db0eae9_5793_48dc_bd72_5ce01e3b0991_1503939100376_11"},{"key":"?beneficiaryHasCriminalRecord","val":"AE#NoCriminalRecord"}]}]},{"query":"?- ?t:AE#Travelling, ?t[AE#hasPath->?p], ?p[AE#hasDistance->?d], ?d[AE#numericValue->?expectedDistanceValue], ?d[AE#hasUnitOfMeasure->?unitOfDistanceMeasure].","resultList":[{"result":[{"key":"?t","val":"VO_3db0eae9_5793_48dc_bd72_5ce01e3b0991_1503939100376_6"},{"key":"?p","val":"ES_1a70026c_0494_4735_8c38_736420a1e757_1503939126707_4"},{"key":"?d","val":"ES_1a70026c_0494_4735_8c38_736420a1e757_1503939126707_0"},{"key":"?expectedDistanceValue","val":"27178.77959363286572624929249286651611328125"},{"key":"?unitOfDistanceMeasure","val":"meters"}]}]},{"query":"?- ?t:AE#Travelling, ?t[AE#hasPath->?p], ?p[AE#hasExpectedTravelTime->?d], ?d[AE#numericValue->?expectedTimeValue], ?d[AE#hasUnitOfMeasure->?unitOfTimeMeasure].","resultList":[{"result":[{"key":"?t","val":"VO_3db0eae9_5793_48dc_bd72_5ce01e3b0991_1503939100376_6"},{"key":"?p","val":"ES_1a70026c_0494_4735_8c38_736420a1e757_1503939126707_4"},{"key":"?d","val":"ES_1a70026c_0494_4735_8c38_736420a1e757_1503939126707_2"},{"key":"?expectedTimeValue","val":"17.396198290516622364521026611328125"},{"key":"?unitOfTimeMeasure","val":"minutes"}]}]},{"query":"?- ?t:AE#Travelling, ?t[AE#hasDestination->?d], ?d[label->?destinationFullAddress].","resultList":[{"result":[{"key":"?t","val":"VO_3db0eae9_5793_48dc_bd72_5ce01e3b0991_1503939100376_7"},{"key":"?d","val":"VO_3db0eae9_5793_48dc_bd72_5ce01e3b0991_1503939100376_8"},{"key":"?destinationFullAddress","val":"2790 Truxton Road, Suite 130, San Diego, CA 92106"}]},{"result":[{"key":"?t","val":"VO_3db0eae9_5793_48dc_bd72_5ce01e3b0991_1503939100376_6"},{"key":"?d","val":"VO_3db0eae9_5793_48dc_bd72_5ce01e3b0991_1503939100376_5"},{"key":"?destinationFullAddress","val":"582 E. Mayfair Ave. San Diego, CA 92154"}]}]},{"query":"?- ?t:AE#Travelling, ?t[AE#hasDestination->?d], ?d[AE#hasStreet->?s], ?s[label->?destinationStreetName], ?d[AE#hasCity->?c], ?c[label->?destinationCity], ?d[AE#hasState->?st], ?st[label->?destinationState], ?d[AE#hasZipcode->?destinationZipCode].","resultList":[{"result":[{"key":"?t","val":"VO_3db0eae9_5793_48dc_bd72_5ce01e3b0991_1503939100376_7"},{"key":"?d","val":"VO_3db0eae9_5793_48dc_bd72_5ce01e3b0991_1503939100376_8"},{"key":"?s","val":"NO_f35c4a05_4e49_4951_8058_f16dab81560d_1503939109808_id5"},{"key":"?destinationStreetName","val":"2790 Truxton Road"},{"key":"?c","val":"NO_f35c4a05_4e49_4951_8058_f16dab81560d_1503939109808_id11"},{"key":"?destinationCity","val":"San Diego"},{"key":"?st","val":"NO_f35c4a05_4e49_4951_8058_f16dab81560d_1503939109808_id13"},{"key":"?destinationState","val":"CA"},{"key":"?destinationZipCode","val":"92106"}]},{"result":[{"key":"?t","val":"VO_3db0eae9_5793_48dc_bd72_5ce01e3b0991_1503939100376_6"},{"key":"?d","val":"VO_3db0eae9_5793_48dc_bd72_5ce01e3b0991_1503939100376_5"},{"key":"?s","val":"NO_3afa8120_b7db_422a_ae5d_11ea26093ab6_1503939112015_id3"},{"key":"?destinationStreetName","val":"582 E. Mayfair Ave."},{"key":"?c","val":"NO_3afa8120_b7db_422a_ae5d_11ea26093ab6_1503939112015_id9"},{"key":"?destinationCity","val":"San Diego"},{"key":"?st","val":"NO_3afa8120_b7db_422a_ae5d_11ea26093ab6_1503939112015_id11"},{"key":"?destinationState","val":"CA"},{"key":"?destinationZipCode","val":"92154"}]}]},{"query":"?- ?t:AE#Travelling, ?t[AE#hasOrigin->?d], ?d[label->?originFullAddress].","resultList":[{"result":[{"key":"?t","val":"VO_3db0eae9_5793_48dc_bd72_5ce01e3b0991_1503939100376_7"},{"key":"?d","val":"VO_3db0eae9_5793_48dc_bd72_5ce01e3b0991_1503939100376_3"},{"key":"?originFullAddress","val":"582 E. Mayfair Ave. San Diego, CA 92154"}]},{"result":[{"key":"?t","val":"VO_3db0eae9_5793_48dc_bd72_5ce01e3b0991_1503939100376_6"},{"key":"?d","val":"VO_3db0eae9_5793_48dc_bd72_5ce01e3b0991_1503939100376_8"},{"key":"?originFullAddress","val":"2790 Truxton Road, Suite 130, San Diego, CA 92106"}]}]},{"query":"?- ?t:AE#Travelling, ?t[AE#hasOrigin->?d], ?d[AE#hasStreet->?s], ?s[label->?originStreetName], ?d[AE#hasCity->?c], ?c[label->?originCity], ?d[AE#hasState->?st], ?st[label->?originState], ?d[AE#hasZipcode->?originZipCode].","resultList":[{"result":[{"key":"?t","val":"VO_3db0eae9_5793_48dc_bd72_5ce01e3b0991_1503939100376_7"},{"key":"?d","val":"VO_3db0eae9_5793_48dc_bd72_5ce01e3b0991_1503939100376_3"},{"key":"?s","val":"NO_b47e8b61_bccc_436a_aa7f_d1de67e52e6c_1503939114004_id3"},{"key":"?originStreetName","val":"582 E. Mayfair Ave."},{"key":"?c","val":"NO_b47e8b61_bccc_436a_aa7f_d1de67e52e6c_1503939114004_id9"},{"key":"?originCity","val":"San Diego"},{"key":"?st","val":"NO_b47e8b61_bccc_436a_aa7f_d1de67e52e6c_1503939114004_id11"},{"key":"?originState","val":"CA"},{"key":"?originZipCode","val":"92154"}]},{"result":[{"key":"?t","val":"VO_3db0eae9_5793_48dc_bd72_5ce01e3b0991_1503939100376_6"},{"key":"?d","val":"VO_3db0eae9_5793_48dc_bd72_5ce01e3b0991_1503939100376_8"},{"key":"?s","val":"NO_f35c4a05_4e49_4951_8058_f16dab81560d_1503939109808_id5"},{"key":"?originStreetName","val":"2790 Truxton Road"},{"key":"?c","val":"NO_f35c4a05_4e49_4951_8058_f16dab81560d_1503939109808_id11"},{"key":"?originCity","val":"San Diego"},{"key":"?st","val":"NO_f35c4a05_4e49_4951_8058_f16dab81560d_1503939109808_id13"},{"key":"?originState","val":"CA"},{"key":"?originZipCode","val":"92106"}]}]},{"query":"?- ?t:AE#Travelling, ?t[AE#hasPath->?p], ?p[AE#hasStartRegion->?s], ?s[AE#hasLatitude->?originLatitude], ?s[AE#hasLongitude->?originLongitude].","resultList":[{"result":[{"key":"?t","val":"VO_3db0eae9_5793_48dc_bd72_5ce01e3b0991_1503939100376_6"},{"key":"?p","val":"ES_1a70026c_0494_4735_8c38_736420a1e757_1503939126707_4"},{"key":"?s","val":"ES_1a70026c_0494_4735_8c38_736420a1e757_1503939126707_3"},{"key":"?originLatitude","val":"32.74051839275188058309140615165233612060546875"},{"key":"?originLongitude","val":"-117.2130215001728856805129908025264739990234375"}]}]},{"query":"?- ?t:AE#Travelling, ?t[AE#hasPath->?p], ?p[AE#hasEndRegion->?e], ?e[AE#hasLatitude->?destinationLatitude], ?e[AE#hasLongitude->?destinationLongitude].","resultList":[{"result":[{"key":"?t","val":"VO_3db0eae9_5793_48dc_bd72_5ce01e3b0991_1503939100376_6"},{"key":"?p","val":"ES_1a70026c_0494_4735_8c38_736420a1e757_1503939126707_4"},{"key":"?e","val":"ES_1a70026c_0494_4735_8c38_736420a1e757_1503939126707_1"},{"key":"?destinationLatitude","val":"32.57044510000008585848263464868068695068359375"},{"key":"?destinationLongitude","val":"-117.08426109999999198407749645411968231201171875"}]}]}]}
