{"dataList":[{"query":"?- ?v:AE#VATravelVoucher, ?v[AE#hasVoucherClaimant->?c], ?c[AE#hasName->?cn], ?cn[label->?claimantFullName].","resultList":[{"result":[{"key":"?v","val":"VO_30fa43a0_ef80_4793_a897_8864c7dfe7af_1503940242563_0"},{"key":"?c","val":"VO_30fa43a0_ef80_4793_a897_8864c7dfe7af_1503940242563_2"},{"key":"?cn","val":"NO_dfbc27bb_9a09_4c0c_acb2_35bc0a5ebe9a_1503940250666_0"},{"key":"?claimantFullName","val":"Hugh J. Bray"}]},{"result":[{"key":"?v","val":"VO_30fa43a0_ef80_4793_a897_8864c7dfe7af_1503940242563_0"},{"key":"?c","val":"VO_30fa43a0_ef80_4793_a897_8864c7dfe7af_1503940242563_2"},{"key":"?cn","val":"VO_30fa43a0_ef80_4793_a897_8864c7dfe7af_1503940242563_1"},{"key":"?claimantFullName","val":"Hugh J. Bray"}]}]},{"query":"?- ?v:AE#VATravelVoucher, ?v[AE#hasVoucherClaimant->?c], ?c[AE#hasName->?cn], ?cn[AE#hasFirstName->?claimantFirstName].","resultList":[{"result":[{"key":"?v","val":"VO_30fa43a0_ef80_4793_a897_8864c7dfe7af_1503940242563_0"},{"key":"?c","val":"VO_30fa43a0_ef80_4793_a897_8864c7dfe7af_1503940242563_2"},{"key":"?cn","val":"NO_dfbc27bb_9a09_4c0c_acb2_35bc0a5ebe9a_1503940250666_0"},{"key":"?claimantFirstName","val":"hugh"}]}]},{"query":"?- ?v:AE#VATravelVoucher, ?v[AE#hasVoucherClaimant->?c], ?c[AE#hasName->?cn], ?cn[AE#hasLastName->?claimantLastName].","resultList":[{"result":[{"key":"?v","val":"VO_30fa43a0_ef80_4793_a897_8864c7dfe7af_1503940242563_0"},{"key":"?c","val":"VO_30fa43a0_ef80_4793_a897_8864c7dfe7af_1503940242563_2"},{"key":"?cn","val":"NO_dfbc27bb_9a09_4c0c_acb2_35bc0a5ebe9a_1503940250666_0"},{"key":"?claimantLastName","val":"bray"}]}]},{"query":"?- ?v:AE#VATravelVoucher, ?v[AE#hasVoucherClaimant->?c], ?c[AE#hasSocialSecurityNumber->?s], ?s[label->?claimantSsn].","resultList":[{"result":[{"key":"?v","val":"VO_30fa43a0_ef80_4793_a897_8864c7dfe7af_1503940242563_0"},{"key":"?c","val":"VO_30fa43a0_ef80_4793_a897_8864c7dfe7af_1503940242563_2"},{"key":"?s","val":"VO_30fa43a0_ef80_4793_a897_8864c7dfe7af_1503940242563_12"},{"key":"?claimantSsn","val":"994-27-0594"}]}]},{"query":"?- ?v:AE#VATravelVoucher, ?v[AE#hasVoucherClaimant->?c], ?c[AE#hasLiens->?claimantHasLiens].","resultList":[{"result":[{"key":"?v","val":"VO_30fa43a0_ef80_4793_a897_8864c7dfe7af_1503940242563_0"},{"key":"?c","val":"VO_30fa43a0_ef80_4793_a897_8864c7dfe7af_1503940242563_2"},{"key":"?claimantHasLiens","val":"AE#NoLienReport"}]}]},{"query":"?- ?v:AE#VATravelVoucher, ?v[AE#hasVoucherClaimant->?c], ?c[AE#hasDeclaredBankruptcy->?claimantHasDeclaredBankruptcy].","resultList":[{"result":[{"key":"?v","val":"VO_30fa43a0_ef80_4793_a897_8864c7dfe7af_1503940242563_0"},{"key":"?c","val":"VO_30fa43a0_ef80_4793_a897_8864c7dfe7af_1503940242563_2"},{"key":"?claimantHasDeclaredBankruptcy","val":"AE#NoBankruptcyReport"}]}]},{"query":"?- ?v:AE#VATravelVoucher, ?v[AE#hasVoucherClaimant->?c], ?c[AE#hasArrestRecord->?claimantHasArrestRecord].","resultList":[{"result":[{"key":"?v","val":"VO_30fa43a0_ef80_4793_a897_8864c7dfe7af_1503940242563_0"},{"key":"?c","val":"VO_30fa43a0_ef80_4793_a897_8864c7dfe7af_1503940242563_2"},{"key":"?claimantHasArrestRecord","val":"AE#UnknownArrestRecord"}]}]},{"query":"?- ?v:AE#VATravelVoucher, ?v[AE#hasVoucherClaimant->?c], ?c[AE#hasCriminalRecord->?claimantHasCriminalRecord].","resultList":[{"result":[{"key":"?v","val":"VO_30fa43a0_ef80_4793_a897_8864c7dfe7af_1503940242563_0"},{"key":"?c","val":"VO_30fa43a0_ef80_4793_a897_8864c7dfe7af_1503940242563_2"},{"key":"?claimantHasCriminalRecord","val":"AE#UnknownCriminalRecord"}]}]},{"query":"?- ?v:AE#VATravelVoucher, ?v[AE#hasVoucherBeneficiary->?b], ?b[AE#hasName->?cn], ?cn[label->?beneficiaryFullName].","resultList":[{"result":[{"key":"?v","val":"VO_30fa43a0_ef80_4793_a897_8864c7dfe7af_1503940242563_0"},{"key":"?b","val":"VO_30fa43a0_ef80_4793_a897_8864c7dfe7af_1503940242563_11"},{"key":"?cn","val":"VO_30fa43a0_ef80_4793_a897_8864c7dfe7af_1503940242563_10"},{"key":"?beneficiaryFullName","val":"Hugh J. Bray"}]},{"result":[{"key":"?v","val":"VO_30fa43a0_ef80_4793_a897_8864c7dfe7af_1503940242563_0"},{"key":"?b","val":"VO_30fa43a0_ef80_4793_a897_8864c7dfe7af_1503940242563_11"},{"key":"?cn","val":"NO_aeb8a994_cb4d_4290_abb4_1ef7d006cd3b_1503940248363_0"},{"key":"?beneficiaryFullName","val":"Hugh J. Bray"}]}]},{"query":"?- ?v:AE#VATravelVoucher, ?v[AE#hasVoucherBeneficiary->?b], ?b[AE#hasName->?cn], ?cn[AE#hasFirstName->?beneficiaryFirstName].","resultList":[{"result":[{"key":"?v","val":"VO_30fa43a0_ef80_4793_a897_8864c7dfe7af_1503940242563_0"},{"key":"?b","val":"VO_30fa43a0_ef80_4793_a897_8864c7dfe7af_1503940242563_11"},{"key":"?cn","val":"NO_aeb8a994_cb4d_4290_abb4_1ef7d006cd3b_1503940248363_0"},{"key":"?beneficiaryFirstName","val":"hugh"}]}]},{"query":"?- ?v:AE#VATravelVoucher, ?v[AE#hasVoucherBeneficiary->?b], ?b[AE#hasName->?cn], ?cn[AE#hasLastName->?beneficiaryLastName].","resultList":[{"result":[{"key":"?v","val":"VO_30fa43a0_ef80_4793_a897_8864c7dfe7af_1503940242563_0"},{"key":"?b","val":"VO_30fa43a0_ef80_4793_a897_8864c7dfe7af_1503940242563_11"},{"key":"?cn","val":"NO_aeb8a994_cb4d_4290_abb4_1ef7d006cd3b_1503940248363_0"},{"key":"?beneficiaryLastName","val":"bray"}]}]},{"query":"?- ?v:AE#VATravelVoucher, ?v[AE#hasVoucherBeneficiary->?b], ?b[AE#hasSocialSecurityNumber->?s], ?s[label->?beneficiarySsn].","resultList":[{"result":[{"key":"?v","val":"VO_30fa43a0_ef80_4793_a897_8864c7dfe7af_1503940242563_0"},{"key":"?b","val":"VO_30fa43a0_ef80_4793_a897_8864c7dfe7af_1503940242563_11"},{"key":"?s","val":"VO_30fa43a0_ef80_4793_a897_8864c7dfe7af_1503940242563_9"},{"key":"?beneficiarySsn","val":"994-27-0594"}]}]},{"query":"?- ?v:AE#VATravelVoucher, ?v[AE#hasVoucherBeneficiary->?b], ?b[AE#hasLiens->?beneficiaryHasLiens].","resultList":[{"result":[{"key":"?v","val":"VO_30fa43a0_ef80_4793_a897_8864c7dfe7af_1503940242563_0"},{"key":"?b","val":"VO_30fa43a0_ef80_4793_a897_8864c7dfe7af_1503940242563_11"},{"key":"?beneficiaryHasLiens","val":"AE#NoLienReport"}]}]},{"query":"?- ?v:AE#VATravelVoucher, ?v[AE#hasVoucherBeneficiary->?b], ?b[AE#hasDeclaredBankruptcy->?beneficiaryHasDeclaredBankruptcy].","resultList":[{"result":[{"key":"?v","val":"VO_30fa43a0_ef80_4793_a897_8864c7dfe7af_1503940242563_0"},{"key":"?b","val":"VO_30fa43a0_ef80_4793_a897_8864c7dfe7af_1503940242563_11"},{"key":"?beneficiaryHasDeclaredBankruptcy","val":"AE#NoBankruptcyReport"}]}]},{"query":"?- ?v:AE#VATravelVoucher, ?v[AE#hasVoucherBeneficiary->?b], ?b[AE#hasArrestRecord->?beneficiaryHasArrestRecord].","resultList":[{"result":[{"key":"?v","val":"VO_30fa43a0_ef80_4793_a897_8864c7dfe7af_1503940242563_0"},{"key":"?b","val":"VO_30fa43a0_ef80_4793_a897_8864c7dfe7af_1503940242563_11"},{"key":"?beneficiaryHasArrestRecord","val":"AE#UnknownArrestRecord"}]}]},{"query":"?- ?v:AE#VATravelVoucher, ?v[AE#hasVoucherBeneficiary->?b], ?b[AE#hasCriminalRecord->?beneficiaryHasCriminalRecord].","resultList":[{"result":[{"key":"?v","val":"VO_30fa43a0_ef80_4793_a897_8864c7dfe7af_1503940242563_0"},{"key":"?b","val":"VO_30fa43a0_ef80_4793_a897_8864c7dfe7af_1503940242563_11"},{"key":"?beneficiaryHasCriminalRecord","val":"AE#UnknownCriminalRecord"}]}]},{"query":"?- ?t:AE#Travelling, ?t[AE#hasPath->?p], ?p[AE#hasDistance->?d], ?d[AE#numericValue->?expectedDistanceValue], ?d[AE#hasUnitOfMeasure->?unitOfDistanceMeasure].","resultList":[{"result":[{"key":"?t","val":"VO_30fa43a0_ef80_4793_a897_8864c7dfe7af_1503940242563_6"},{"key":"?p","val":"ES_d02d85b3_7259_4ef6_89d1_5eb7f767af16_1503940269484_4"},{"key":"?d","val":"ES_d02d85b3_7259_4ef6_89d1_5eb7f767af16_1503940269484_0"},{"key":"?expectedDistanceValue","val":"7314.008320968756379443220794200897216796875"},{"key":"?unitOfDistanceMeasure","val":"meters"}]}]},{"query":"?- ?t:AE#Travelling, ?t[AE#hasPath->?p], ?p[AE#hasExpectedTravelTime->?d], ?d[AE#numericValue->?expectedTimeValue], ?d[AE#hasUnitOfMeasure->?unitOfTimeMeasure].","resultList":[{"result":[{"key":"?t","val":"VO_30fa43a0_ef80_4793_a897_8864c7dfe7af_1503940242563_6"},{"key":"?p","val":"ES_d02d85b3_7259_4ef6_89d1_5eb7f767af16_1503940269484_4"},{"key":"?d","val":"ES_d02d85b3_7259_4ef6_89d1_5eb7f767af16_1503940269484_2"},{"key":"?expectedTimeValue","val":"8.259243401116691529750823974609375"},{"key":"?unitOfTimeMeasure","val":"minutes"}]}]},{"query":"?- ?t:AE#Travelling, ?t[AE#hasDestination->?d], ?d[label->?destinationFullAddress].","resultList":[{"result":[{"key":"?t","val":"VO_30fa43a0_ef80_4793_a897_8864c7dfe7af_1503940242563_7"},{"key":"?d","val":"VO_30fa43a0_ef80_4793_a897_8864c7dfe7af_1503940242563_8"},{"key":"?destinationFullAddress","val":"2790 Truxton Road, Suite 130, San Diego, CA 92106"}]},{"result":[{"key":"?t","val":"VO_30fa43a0_ef80_4793_a897_8864c7dfe7af_1503940242563_6"},{"key":"?d","val":"VO_30fa43a0_ef80_4793_a897_8864c7dfe7af_1503940242563_5"},{"key":"?destinationFullAddress","val":"409 Manhattan Court. San Diego, CA 92115"}]}]},{"query":"?- ?t:AE#Travelling, ?t[AE#hasDestination->?d], ?d[AE#hasStreet->?s], ?s[label->?destinationStreetName], ?d[AE#hasCity->?c], ?c[label->?destinationCity], ?d[AE#hasState->?st], ?st[label->?destinationState], ?d[AE#hasZipcode->?destinationZipCode].","resultList":[{"result":[{"key":"?t","val":"VO_30fa43a0_ef80_4793_a897_8864c7dfe7af_1503940242563_7"},{"key":"?d","val":"VO_30fa43a0_ef80_4793_a897_8864c7dfe7af_1503940242563_8"},{"key":"?s","val":"NO_9d67098b_3535_4920_9a72_f86342190b7b_1503940252575_id5"},{"key":"?destinationStreetName","val":"2790 Truxton Road"},{"key":"?c","val":"NO_9d67098b_3535_4920_9a72_f86342190b7b_1503940252575_id11"},{"key":"?destinationCity","val":"San Diego"},{"key":"?st","val":"NO_9d67098b_3535_4920_9a72_f86342190b7b_1503940252575_id13"},{"key":"?destinationState","val":"CA"},{"key":"?destinationZipCode","val":"92106"}]}]},{"query":"?- ?t:AE#Travelling, ?t[AE#hasOrigin->?d], ?d[label->?originFullAddress].","resultList":[{"result":[{"key":"?t","val":"VO_30fa43a0_ef80_4793_a897_8864c7dfe7af_1503940242563_7"},{"key":"?d","val":"VO_30fa43a0_ef80_4793_a897_8864c7dfe7af_1503940242563_3"},{"key":"?originFullAddress","val":"409 Manhattan Court. San Diego, CA 92115"}]},{"result":[{"key":"?t","val":"VO_30fa43a0_ef80_4793_a897_8864c7dfe7af_1503940242563_6"},{"key":"?d","val":"VO_30fa43a0_ef80_4793_a897_8864c7dfe7af_1503940242563_8"},{"key":"?originFullAddress","val":"2790 Truxton Road, Suite 130, San Diego, CA 92106"}]}]},{"query":"?- ?t:AE#Travelling, ?t[AE#hasOrigin->?d], ?d[AE#hasStreet->?s], ?s[label->?originStreetName], ?d[AE#hasCity->?c], ?c[label->?originCity], ?d[AE#hasState->?st], ?st[label->?originState], ?d[AE#hasZipcode->?originZipCode].","resultList":[{"result":[{"key":"?t","val":"VO_30fa43a0_ef80_4793_a897_8864c7dfe7af_1503940242563_6"},{"key":"?d","val":"VO_30fa43a0_ef80_4793_a897_8864c7dfe7af_1503940242563_8"},{"key":"?s","val":"NO_9d67098b_3535_4920_9a72_f86342190b7b_1503940252575_id5"},{"key":"?originStreetName","val":"2790 Truxton Road"},{"key":"?c","val":"NO_9d67098b_3535_4920_9a72_f86342190b7b_1503940252575_id11"},{"key":"?originCity","val":"San Diego"},{"key":"?st","val":"NO_9d67098b_3535_4920_9a72_f86342190b7b_1503940252575_id13"},{"key":"?originState","val":"CA"},{"key":"?originZipCode","val":"92106"}]}]},{"query":"?- ?t:AE#Travelling, ?t[AE#hasPath->?p], ?p[AE#hasStartRegion->?s], ?s[AE#hasLatitude->?originLatitude], ?s[AE#hasLongitude->?originLongitude].","resultList":[{"result":[{"key":"?t","val":"VO_30fa43a0_ef80_4793_a897_8864c7dfe7af_1503940242563_6"},{"key":"?p","val":"ES_d02d85b3_7259_4ef6_89d1_5eb7f767af16_1503940269484_4"},{"key":"?s","val":"ES_d02d85b3_7259_4ef6_89d1_5eb7f767af16_1503940269484_3"},{"key":"?originLatitude","val":"32.74051839275188058309140615165233612060546875"},{"key":"?originLongitude","val":"-117.2130215001728856805129908025264739990234375"}]}]},{"query":"?- ?t:AE#Travelling, ?t[AE#hasPath->?p], ?p[AE#hasEndRegion->?e], ?e[AE#hasLatitude->?destinationLatitude], ?e[AE#hasLongitude->?destinationLongitude].","resultList":[{"result":[{"key":"?t","val":"VO_30fa43a0_ef80_4793_a897_8864c7dfe7af_1503940242563_6"},{"key":"?p","val":"ES_d02d85b3_7259_4ef6_89d1_5eb7f767af16_1503940269484_4"},{"key":"?e","val":"ES_d02d85b3_7259_4ef6_89d1_5eb7f767af16_1503940269484_1"},{"key":"?destinationLatitude","val":"32.77777660598034259464839124120771884918212890625"},{"key":"?destinationLongitude","val":"-117.2524865501500954678704147227108478546142578125"}]}]}]}
