{"dataList":[{"query":"?- ?v:AE#VATravelVoucher, ?v[AE#hasVoucherClaimant->?c], ?c[AE#hasName->?cn], ?cn[label->?claimantFullName].","resultList":[{"result":[{"key":"?v","val":"VO_3fbc9629_0a1f_4c44_b4fa_9c4f2bb2be67_1503941950789_0"},{"key":"?c","val":"VO_3fbc9629_0a1f_4c44_b4fa_9c4f2bb2be67_1503941950789_2"},{"key":"?cn","val":"VO_3fbc9629_0a1f_4c44_b4fa_9c4f2bb2be67_1503941950789_1"},{"key":"?claimantFullName","val":"Michael M. Shapter"}]},{"result":[{"key":"?v","val":"VO_3fbc9629_0a1f_4c44_b4fa_9c4f2bb2be67_1503941950789_0"},{"key":"?c","val":"VO_3fbc9629_0a1f_4c44_b4fa_9c4f2bb2be67_1503941950789_2"},{"key":"?cn","val":"NO_4b877837_bdfd_41b4_8271_6200f4165d79_1503941957972_0"},{"key":"?claimantFullName","val":"Michael M. Shapter"}]}]},{"query":"?- ?v:AE#VATravelVoucher, ?v[AE#hasVoucherClaimant->?c], ?c[AE#hasName->?cn], ?cn[AE#hasFirstName->?claimantFirstName].","resultList":[{"result":[{"key":"?v","val":"VO_3fbc9629_0a1f_4c44_b4fa_9c4f2bb2be67_1503941950789_0"},{"key":"?c","val":"VO_3fbc9629_0a1f_4c44_b4fa_9c4f2bb2be67_1503941950789_2"},{"key":"?cn","val":"NO_4b877837_bdfd_41b4_8271_6200f4165d79_1503941957972_0"},{"key":"?claimantFirstName","val":"michael"}]}]},{"query":"?- ?v:AE#VATravelVoucher, ?v[AE#hasVoucherClaimant->?c], ?c[AE#hasName->?cn], ?cn[AE#hasLastName->?claimantLastName].","resultList":[{"result":[{"key":"?v","val":"VO_3fbc9629_0a1f_4c44_b4fa_9c4f2bb2be67_1503941950789_0"},{"key":"?c","val":"VO_3fbc9629_0a1f_4c44_b4fa_9c4f2bb2be67_1503941950789_2"},{"key":"?cn","val":"NO_4b877837_bdfd_41b4_8271_6200f4165d79_1503941957972_0"},{"key":"?claimantLastName","val":"shapter"}]}]},{"query":"?- ?v:AE#VATravelVoucher, ?v[AE#hasVoucherClaimant->?c], ?c[AE#hasSocialSecurityNumber->?s], ?s[label->?claimantSsn].","resultList":[{"result":[{"key":"?v","val":"VO_3fbc9629_0a1f_4c44_b4fa_9c4f2bb2be67_1503941950789_0"},{"key":"?c","val":"VO_3fbc9629_0a1f_4c44_b4fa_9c4f2bb2be67_1503941950789_2"},{"key":"?s","val":"VO_3fbc9629_0a1f_4c44_b4fa_9c4f2bb2be67_1503941950789_12"},{"key":"?claimantSsn","val":"616-45-0192"}]}]},{"query":"?- ?v:AE#VATravelVoucher, ?v[AE#hasVoucherClaimant->?c], ?c[AE#hasLiens->?claimantHasLiens].","resultList":[{"result":[{"key":"?v","val":"VO_3fbc9629_0a1f_4c44_b4fa_9c4f2bb2be67_1503941950789_0"},{"key":"?c","val":"VO_3fbc9629_0a1f_4c44_b4fa_9c4f2bb2be67_1503941950789_2"},{"key":"?claimantHasLiens","val":"AE#NoLienReport"}]}]},{"query":"?- ?v:AE#VATravelVoucher, ?v[AE#hasVoucherClaimant->?c], ?c[AE#hasDeclaredBankruptcy->?claimantHasDeclaredBankruptcy].","resultList":[{"result":[{"key":"?v","val":"VO_3fbc9629_0a1f_4c44_b4fa_9c4f2bb2be67_1503941950789_0"},{"key":"?c","val":"VO_3fbc9629_0a1f_4c44_b4fa_9c4f2bb2be67_1503941950789_2"},{"key":"?claimantHasDeclaredBankruptcy","val":"AE#NoBankruptcyReport"}]}]},{"query":"?- ?v:AE#VATravelVoucher, ?v[AE#hasVoucherClaimant->?c], ?c[AE#hasArrestRecord->?claimantHasArrestRecord].","resultList":[{"result":[{"key":"?v","val":"VO_3fbc9629_0a1f_4c44_b4fa_9c4f2bb2be67_1503941950789_0"},{"key":"?c","val":"VO_3fbc9629_0a1f_4c44_b4fa_9c4f2bb2be67_1503941950789_2"},{"key":"?claimantHasArrestRecord","val":"AE#NoArrestRecord"}]}]},{"query":"?- ?v:AE#VATravelVoucher, ?v[AE#hasVoucherClaimant->?c], ?c[AE#hasCriminalRecord->?claimantHasCriminalRecord].","resultList":[{"result":[{"key":"?v","val":"VO_3fbc9629_0a1f_4c44_b4fa_9c4f2bb2be67_1503941950789_0"},{"key":"?c","val":"VO_3fbc9629_0a1f_4c44_b4fa_9c4f2bb2be67_1503941950789_2"},{"key":"?claimantHasCriminalRecord","val":"AE#NoCriminalRecord"}]}]},{"query":"?- ?v:AE#VATravelVoucher, ?v[AE#hasVoucherBeneficiary->?b], ?b[AE#hasName->?cn], ?cn[label->?beneficiaryFullName].","resultList":[{"result":[{"key":"?v","val":"VO_3fbc9629_0a1f_4c44_b4fa_9c4f2bb2be67_1503941950789_0"},{"key":"?b","val":"VO_3fbc9629_0a1f_4c44_b4fa_9c4f2bb2be67_1503941950789_11"},{"key":"?cn","val":"VO_3fbc9629_0a1f_4c44_b4fa_9c4f2bb2be67_1503941950789_10"},{"key":"?beneficiaryFullName","val":"Michael M. Shapter"}]},{"result":[{"key":"?v","val":"VO_3fbc9629_0a1f_4c44_b4fa_9c4f2bb2be67_1503941950789_0"},{"key":"?b","val":"VO_3fbc9629_0a1f_4c44_b4fa_9c4f2bb2be67_1503941950789_11"},{"key":"?cn","val":"NO_d0584a85_2ccc_4459_8cd0_7193503941c1_1503941956194_0"},{"key":"?beneficiaryFullName","val":"Michael M. Shapter"}]}]},{"query":"?- ?v:AE#VATravelVoucher, ?v[AE#hasVoucherBeneficiary->?b], ?b[AE#hasName->?cn], ?cn[AE#hasFirstName->?beneficiaryFirstName].","resultList":[{"result":[{"key":"?v","val":"VO_3fbc9629_0a1f_4c44_b4fa_9c4f2bb2be67_1503941950789_0"},{"key":"?b","val":"VO_3fbc9629_0a1f_4c44_b4fa_9c4f2bb2be67_1503941950789_11"},{"key":"?cn","val":"NO_d0584a85_2ccc_4459_8cd0_7193503941c1_1503941956194_0"},{"key":"?beneficiaryFirstName","val":"michael"}]}]},{"query":"?- ?v:AE#VATravelVoucher, ?v[AE#hasVoucherBeneficiary->?b], ?b[AE#hasName->?cn], ?cn[AE#hasLastName->?beneficiaryLastName].","resultList":[{"result":[{"key":"?v","val":"VO_3fbc9629_0a1f_4c44_b4fa_9c4f2bb2be67_1503941950789_0"},{"key":"?b","val":"VO_3fbc9629_0a1f_4c44_b4fa_9c4f2bb2be67_1503941950789_11"},{"key":"?cn","val":"NO_d0584a85_2ccc_4459_8cd0_7193503941c1_1503941956194_0"},{"key":"?beneficiaryLastName","val":"shapter"}]}]},{"query":"?- ?v:AE#VATravelVoucher, ?v[AE#hasVoucherBeneficiary->?b], ?b[AE#hasSocialSecurityNumber->?s], ?s[label->?beneficiarySsn].","resultList":[{"result":[{"key":"?v","val":"VO_3fbc9629_0a1f_4c44_b4fa_9c4f2bb2be67_1503941950789_0"},{"key":"?b","val":"VO_3fbc9629_0a1f_4c44_b4fa_9c4f2bb2be67_1503941950789_11"},{"key":"?s","val":"VO_3fbc9629_0a1f_4c44_b4fa_9c4f2bb2be67_1503941950789_9"},{"key":"?beneficiarySsn","val":"616-45-0192"}]}]},{"query":"?- ?v:AE#VATravelVoucher, ?v[AE#hasVoucherBeneficiary->?b], ?b[AE#hasLiens->?beneficiaryHasLiens].","resultList":[{"result":[{"key":"?v","val":"VO_3fbc9629_0a1f_4c44_b4fa_9c4f2bb2be67_1503941950789_0"},{"key":"?b","val":"VO_3fbc9629_0a1f_4c44_b4fa_9c4f2bb2be67_1503941950789_11"},{"key":"?beneficiaryHasLiens","val":"AE#NoLienReport"}]}]},{"query":"?- ?v:AE#VATravelVoucher, ?v[AE#hasVoucherBeneficiary->?b], ?b[AE#hasDeclaredBankruptcy->?beneficiaryHasDeclaredBankruptcy].","resultList":[{"result":[{"key":"?v","val":"VO_3fbc9629_0a1f_4c44_b4fa_9c4f2bb2be67_1503941950789_0"},{"key":"?b","val":"VO_3fbc9629_0a1f_4c44_b4fa_9c4f2bb2be67_1503941950789_11"},{"key":"?beneficiaryHasDeclaredBankruptcy","val":"AE#NoBankruptcyReport"}]}]},{"query":"?- ?v:AE#VATravelVoucher, ?v[AE#hasVoucherBeneficiary->?b], ?b[AE#hasArrestRecord->?beneficiaryHasArrestRecord].","resultList":[{"result":[{"key":"?v","val":"VO_3fbc9629_0a1f_4c44_b4fa_9c4f2bb2be67_1503941950789_0"},{"key":"?b","val":"VO_3fbc9629_0a1f_4c44_b4fa_9c4f2bb2be67_1503941950789_11"},{"key":"?beneficiaryHasArrestRecord","val":"AE#NoArrestRecord"}]}]},{"query":"?- ?v:AE#VATravelVoucher, ?v[AE#hasVoucherBeneficiary->?b], ?b[AE#hasCriminalRecord->?beneficiaryHasCriminalRecord].","resultList":[{"result":[{"key":"?v","val":"VO_3fbc9629_0a1f_4c44_b4fa_9c4f2bb2be67_1503941950789_0"},{"key":"?b","val":"VO_3fbc9629_0a1f_4c44_b4fa_9c4f2bb2be67_1503941950789_11"},{"key":"?beneficiaryHasCriminalRecord","val":"AE#NoCriminalRecord"}]}]},{"query":"?- ?t:AE#Travelling, ?t[AE#hasPath->?p], ?p[AE#hasDistance->?d], ?d[AE#numericValue->?expectedDistanceValue], ?d[AE#hasUnitOfMeasure->?unitOfDistanceMeasure].","resultList":[{"result":[{"key":"?t","val":"VO_3fbc9629_0a1f_4c44_b4fa_9c4f2bb2be67_1503941950789_6"},{"key":"?p","val":"ES_b6d073ee_26d7_417c_81bb_cefd7b679997_1503941976019_4"},{"key":"?d","val":"ES_b6d073ee_26d7_417c_81bb_cefd7b679997_1503941976019_0"},{"key":"?expectedDistanceValue","val":"19648.002742562312050722539424896240234375"},{"key":"?unitOfDistanceMeasure","val":"meters"}]}]},{"query":"?- ?t:AE#Travelling, ?t[AE#hasPath->?p], ?p[AE#hasExpectedTravelTime->?d], ?d[AE#numericValue->?expectedTimeValue], ?d[AE#hasUnitOfMeasure->?unitOfTimeMeasure].","resultList":[{"result":[{"key":"?t","val":"VO_3fbc9629_0a1f_4c44_b4fa_9c4f2bb2be67_1503941950789_6"},{"key":"?p","val":"ES_b6d073ee_26d7_417c_81bb_cefd7b679997_1503941976019_4"},{"key":"?d","val":"ES_b6d073ee_26d7_417c_81bb_cefd7b679997_1503941976019_2"},{"key":"?expectedTimeValue","val":"14.758639647625386714935302734375"},{"key":"?unitOfTimeMeasure","val":"minutes"}]}]},{"query":"?- ?t:AE#Travelling, ?t[AE#hasDestination->?d], ?d[label->?destinationFullAddress].","resultList":[{"result":[{"key":"?t","val":"VO_3fbc9629_0a1f_4c44_b4fa_9c4f2bb2be67_1503941950789_7"},{"key":"?d","val":"VO_3fbc9629_0a1f_4c44_b4fa_9c4f2bb2be67_1503941950789_8"},{"key":"?destinationFullAddress","val":"2790 Truxton Road, Suite 130, San Diego, CA 92106"}]},{"result":[{"key":"?t","val":"VO_3fbc9629_0a1f_4c44_b4fa_9c4f2bb2be67_1503941950789_6"},{"key":"?d","val":"VO_3fbc9629_0a1f_4c44_b4fa_9c4f2bb2be67_1503941950789_5"},{"key":"?destinationFullAddress","val":"5830 Pawnee Dr La Mesa, CA 91942"}]}]},{"query":"?- ?t:AE#Travelling, ?t[AE#hasDestination->?d], ?d[AE#hasStreet->?s], ?s[label->?destinationStreetName], ?d[AE#hasCity->?c], ?c[label->?destinationCity], ?d[AE#hasState->?st], ?st[label->?destinationState], ?d[AE#hasZipcode->?destinationZipCode].","resultList":[{"result":[{"key":"?t","val":"VO_3fbc9629_0a1f_4c44_b4fa_9c4f2bb2be67_1503941950789_7"},{"key":"?d","val":"VO_3fbc9629_0a1f_4c44_b4fa_9c4f2bb2be67_1503941950789_8"},{"key":"?s","val":"NO_dcb92e85_60e6_4952_9b71_e7379844156b_1503941959687_id5"},{"key":"?destinationStreetName","val":"2790 Truxton Road"},{"key":"?c","val":"NO_dcb92e85_60e6_4952_9b71_e7379844156b_1503941959687_id11"},{"key":"?destinationCity","val":"San Diego"},{"key":"?st","val":"NO_dcb92e85_60e6_4952_9b71_e7379844156b_1503941959687_id13"},{"key":"?destinationState","val":"CA"},{"key":"?destinationZipCode","val":"92106"}]}]},{"query":"?- ?t:AE#Travelling, ?t[AE#hasOrigin->?d], ?d[label->?originFullAddress].","resultList":[{"result":[{"key":"?t","val":"VO_3fbc9629_0a1f_4c44_b4fa_9c4f2bb2be67_1503941950789_7"},{"key":"?d","val":"VO_3fbc9629_0a1f_4c44_b4fa_9c4f2bb2be67_1503941950789_3"},{"key":"?originFullAddress","val":"5830 Pawnee Dr La Mesa, CA 91942"}]},{"result":[{"key":"?t","val":"VO_3fbc9629_0a1f_4c44_b4fa_9c4f2bb2be67_1503941950789_6"},{"key":"?d","val":"VO_3fbc9629_0a1f_4c44_b4fa_9c4f2bb2be67_1503941950789_8"},{"key":"?originFullAddress","val":"2790 Truxton Road, Suite 130, San Diego, CA 92106"}]}]},{"query":"?- ?t:AE#Travelling, ?t[AE#hasOrigin->?d], ?d[AE#hasStreet->?s], ?s[label->?originStreetName], ?d[AE#hasCity->?c], ?c[label->?originCity], ?d[AE#hasState->?st], ?st[label->?originState], ?d[AE#hasZipcode->?originZipCode].","resultList":[{"result":[{"key":"?t","val":"VO_3fbc9629_0a1f_4c44_b4fa_9c4f2bb2be67_1503941950789_6"},{"key":"?d","val":"VO_3fbc9629_0a1f_4c44_b4fa_9c4f2bb2be67_1503941950789_8"},{"key":"?s","val":"NO_dcb92e85_60e6_4952_9b71_e7379844156b_1503941959687_id5"},{"key":"?originStreetName","val":"2790 Truxton Road"},{"key":"?c","val":"NO_dcb92e85_60e6_4952_9b71_e7379844156b_1503941959687_id11"},{"key":"?originCity","val":"San Diego"},{"key":"?st","val":"NO_dcb92e85_60e6_4952_9b71_e7379844156b_1503941959687_id13"},{"key":"?originState","val":"CA"},{"key":"?originZipCode","val":"92106"}]}]},{"query":"?- ?t:AE#Travelling, ?t[AE#hasPath->?p], ?p[AE#hasStartRegion->?s], ?s[AE#hasLatitude->?originLatitude], ?s[AE#hasLongitude->?originLongitude].","resultList":[{"result":[{"key":"?t","val":"VO_3fbc9629_0a1f_4c44_b4fa_9c4f2bb2be67_1503941950789_6"},{"key":"?p","val":"ES_b6d073ee_26d7_417c_81bb_cefd7b679997_1503941976019_4"},{"key":"?s","val":"ES_b6d073ee_26d7_417c_81bb_cefd7b679997_1503941976019_3"},{"key":"?originLatitude","val":"32.74051839275188058309140615165233612060546875"},{"key":"?originLongitude","val":"-117.2130215001728856805129908025264739990234375"}]}]},{"query":"?- ?t:AE#Travelling, ?t[AE#hasPath->?p], ?p[AE#hasEndRegion->?e], ?e[AE#hasLatitude->?destinationLatitude], ?e[AE#hasLongitude->?destinationLongitude].","resultList":[{"result":[{"key":"?t","val":"VO_3fbc9629_0a1f_4c44_b4fa_9c4f2bb2be67_1503941950789_6"},{"key":"?p","val":"ES_b6d073ee_26d7_417c_81bb_cefd7b679997_1503941976019_4"},{"key":"?e","val":"ES_b6d073ee_26d7_417c_81bb_cefd7b679997_1503941976019_1"},{"key":"?destinationLatitude","val":"32.7824545495412422724257339723408222198486328125"},{"key":"?destinationLongitude","val":"-117.0354966899993058859763550572097301483154296875"}]}]}]}
