{"dataList":[{"query":"?- ?v:AE#VATravelVoucher, ?v[AE#hasVoucherClaimant->?c], ?c[AE#hasName->?cn], ?cn[label->?claimantFullName].","resultList":[{"result":[{"key":"?v","val":"VO_36de9da3_6ad7_4ef5_bd9c_def87f36bb6a_1503941342641_0"},{"key":"?c","val":"VO_36de9da3_6ad7_4ef5_bd9c_def87f36bb6a_1503941342641_2"},{"key":"?cn","val":"VO_36de9da3_6ad7_4ef5_bd9c_def87f36bb6a_1503941342641_1"},{"key":"?claimantFullName","val":"Tina C. Thomas"}]},{"result":[{"key":"?v","val":"VO_36de9da3_6ad7_4ef5_bd9c_def87f36bb6a_1503941342641_0"},{"key":"?c","val":"VO_36de9da3_6ad7_4ef5_bd9c_def87f36bb6a_1503941342641_2"},{"key":"?cn","val":"NO_8dce673d_cc68_4257_b873_d8b0ce6ce86e_1503941350620_0"},{"key":"?claimantFullName","val":"Tina C. Thomas"}]}]},{"query":"?- ?v:AE#VATravelVoucher, ?v[AE#hasVoucherClaimant->?c], ?c[AE#hasName->?cn], ?cn[AE#hasFirstName->?claimantFirstName].","resultList":[{"result":[{"key":"?v","val":"VO_36de9da3_6ad7_4ef5_bd9c_def87f36bb6a_1503941342641_0"},{"key":"?c","val":"VO_36de9da3_6ad7_4ef5_bd9c_def87f36bb6a_1503941342641_2"},{"key":"?cn","val":"NO_8dce673d_cc68_4257_b873_d8b0ce6ce86e_1503941350620_0"},{"key":"?claimantFirstName","val":"tina"}]}]},{"query":"?- ?v:AE#VATravelVoucher, ?v[AE#hasVoucherClaimant->?c], ?c[AE#hasName->?cn], ?cn[AE#hasLastName->?claimantLastName].","resultList":[{"result":[{"key":"?v","val":"VO_36de9da3_6ad7_4ef5_bd9c_def87f36bb6a_1503941342641_0"},{"key":"?c","val":"VO_36de9da3_6ad7_4ef5_bd9c_def87f36bb6a_1503941342641_2"},{"key":"?cn","val":"NO_8dce673d_cc68_4257_b873_d8b0ce6ce86e_1503941350620_0"},{"key":"?claimantLastName","val":"thomas"}]}]},{"query":"?- ?v:AE#VATravelVoucher, ?v[AE#hasVoucherClaimant->?c], ?c[AE#hasSocialSecurityNumber->?s], ?s[label->?claimantSsn].","resultList":[{"result":[{"key":"?v","val":"VO_36de9da3_6ad7_4ef5_bd9c_def87f36bb6a_1503941342641_0"},{"key":"?c","val":"VO_36de9da3_6ad7_4ef5_bd9c_def87f36bb6a_1503941342641_2"},{"key":"?s","val":"VO_36de9da3_6ad7_4ef5_bd9c_def87f36bb6a_1503941342641_12"},{"key":"?claimantSsn","val":"359-71-9904"}]}]},{"query":"?- ?v:AE#VATravelVoucher, ?v[AE#hasVoucherClaimant->?c], ?c[AE#hasLiens->?claimantHasLiens].","resultList":[{"result":[{"key":"?v","val":"VO_36de9da3_6ad7_4ef5_bd9c_def87f36bb6a_1503941342641_0"},{"key":"?c","val":"VO_36de9da3_6ad7_4ef5_bd9c_def87f36bb6a_1503941342641_2"},{"key":"?claimantHasLiens","val":"AE#NoLienReport"}]}]},{"query":"?- ?v:AE#VATravelVoucher, ?v[AE#hasVoucherClaimant->?c], ?c[AE#hasDeclaredBankruptcy->?claimantHasDeclaredBankruptcy].","resultList":[{"result":[{"key":"?v","val":"VO_36de9da3_6ad7_4ef5_bd9c_def87f36bb6a_1503941342641_0"},{"key":"?c","val":"VO_36de9da3_6ad7_4ef5_bd9c_def87f36bb6a_1503941342641_2"},{"key":"?claimantHasDeclaredBankruptcy","val":"AE#NoBankruptcyReport"}]}]},{"query":"?- ?v:AE#VATravelVoucher, ?v[AE#hasVoucherClaimant->?c], ?c[AE#hasArrestRecord->?claimantHasArrestRecord].","resultList":[{"result":[{"key":"?v","val":"VO_36de9da3_6ad7_4ef5_bd9c_def87f36bb6a_1503941342641_0"},{"key":"?c","val":"VO_36de9da3_6ad7_4ef5_bd9c_def87f36bb6a_1503941342641_2"},{"key":"?claimantHasArrestRecord","val":"AE#NoArrestRecord"}]}]},{"query":"?- ?v:AE#VATravelVoucher, ?v[AE#hasVoucherClaimant->?c], ?c[AE#hasCriminalRecord->?claimantHasCriminalRecord].","resultList":[{"result":[{"key":"?v","val":"VO_36de9da3_6ad7_4ef5_bd9c_def87f36bb6a_1503941342641_0"},{"key":"?c","val":"VO_36de9da3_6ad7_4ef5_bd9c_def87f36bb6a_1503941342641_2"},{"key":"?claimantHasCriminalRecord","val":"AE#NoCriminalRecord"}]}]},{"query":"?- ?v:AE#VATravelVoucher, ?v[AE#hasVoucherBeneficiary->?b], ?b[AE#hasName->?cn], ?cn[label->?beneficiaryFullName].","resultList":[{"result":[{"key":"?v","val":"VO_36de9da3_6ad7_4ef5_bd9c_def87f36bb6a_1503941342641_0"},{"key":"?b","val":"VO_36de9da3_6ad7_4ef5_bd9c_def87f36bb6a_1503941342641_11"},{"key":"?cn","val":"VO_36de9da3_6ad7_4ef5_bd9c_def87f36bb6a_1503941342641_10"},{"key":"?beneficiaryFullName","val":"Danny Richard Stender"}]},{"result":[{"key":"?v","val":"VO_36de9da3_6ad7_4ef5_bd9c_def87f36bb6a_1503941342641_0"},{"key":"?b","val":"VO_36de9da3_6ad7_4ef5_bd9c_def87f36bb6a_1503941342641_11"},{"key":"?cn","val":"NO_3c922c84_0352_4118_976c_e4da5d94f5c0_1503941348697_0"},{"key":"?beneficiaryFullName","val":"Danny Richard Stender"}]}]},{"query":"?- ?v:AE#VATravelVoucher, ?v[AE#hasVoucherBeneficiary->?b], ?b[AE#hasName->?cn], ?cn[AE#hasFirstName->?beneficiaryFirstName].","resultList":[{"result":[{"key":"?v","val":"VO_36de9da3_6ad7_4ef5_bd9c_def87f36bb6a_1503941342641_0"},{"key":"?b","val":"VO_36de9da3_6ad7_4ef5_bd9c_def87f36bb6a_1503941342641_11"},{"key":"?cn","val":"NO_3c922c84_0352_4118_976c_e4da5d94f5c0_1503941348697_0"},{"key":"?beneficiaryFirstName","val":"danny"}]}]},{"query":"?- ?v:AE#VATravelVoucher, ?v[AE#hasVoucherBeneficiary->?b], ?b[AE#hasName->?cn], ?cn[AE#hasLastName->?beneficiaryLastName].","resultList":[{"result":[{"key":"?v","val":"VO_36de9da3_6ad7_4ef5_bd9c_def87f36bb6a_1503941342641_0"},{"key":"?b","val":"VO_36de9da3_6ad7_4ef5_bd9c_def87f36bb6a_1503941342641_11"},{"key":"?cn","val":"NO_3c922c84_0352_4118_976c_e4da5d94f5c0_1503941348697_0"},{"key":"?beneficiaryLastName","val":"stender"}]}]},{"query":"?- ?v:AE#VATravelVoucher, ?v[AE#hasVoucherBeneficiary->?b], ?b[AE#hasSocialSecurityNumber->?s], ?s[label->?beneficiarySsn].","resultList":[{"result":[{"key":"?v","val":"VO_36de9da3_6ad7_4ef5_bd9c_def87f36bb6a_1503941342641_0"},{"key":"?b","val":"VO_36de9da3_6ad7_4ef5_bd9c_def87f36bb6a_1503941342641_11"},{"key":"?s","val":"VO_36de9da3_6ad7_4ef5_bd9c_def87f36bb6a_1503941342641_9"},{"key":"?beneficiarySsn","val":"264-82-9894"}]}]},{"query":"?- ?v:AE#VATravelVoucher, ?v[AE#hasVoucherBeneficiary->?b], ?b[AE#hasLiens->?beneficiaryHasLiens].","resultList":[{"result":[{"key":"?v","val":"VO_36de9da3_6ad7_4ef5_bd9c_def87f36bb6a_1503941342641_0"},{"key":"?b","val":"VO_36de9da3_6ad7_4ef5_bd9c_def87f36bb6a_1503941342641_11"},{"key":"?beneficiaryHasLiens","val":"AE#NoLienReport"}]}]},{"query":"?- ?v:AE#VATravelVoucher, ?v[AE#hasVoucherBeneficiary->?b], ?b[AE#hasDeclaredBankruptcy->?beneficiaryHasDeclaredBankruptcy].","resultList":[{"result":[{"key":"?v","val":"VO_36de9da3_6ad7_4ef5_bd9c_def87f36bb6a_1503941342641_0"},{"key":"?b","val":"VO_36de9da3_6ad7_4ef5_bd9c_def87f36bb6a_1503941342641_11"},{"key":"?beneficiaryHasDeclaredBankruptcy","val":"AE#NoBankruptcyReport"}]}]},{"query":"?- ?v:AE#VATravelVoucher, ?v[AE#hasVoucherBeneficiary->?b], ?b[AE#hasArrestRecord->?beneficiaryHasArrestRecord].","resultList":[{"result":[{"key":"?v","val":"VO_36de9da3_6ad7_4ef5_bd9c_def87f36bb6a_1503941342641_0"},{"key":"?b","val":"VO_36de9da3_6ad7_4ef5_bd9c_def87f36bb6a_1503941342641_11"},{"key":"?beneficiaryHasArrestRecord","val":"AE#UnknownArrestRecord"}]}]},{"query":"?- ?v:AE#VATravelVoucher, ?v[AE#hasVoucherBeneficiary->?b], ?b[AE#hasCriminalRecord->?beneficiaryHasCriminalRecord].","resultList":[{"result":[{"key":"?v","val":"VO_36de9da3_6ad7_4ef5_bd9c_def87f36bb6a_1503941342641_0"},{"key":"?b","val":"VO_36de9da3_6ad7_4ef5_bd9c_def87f36bb6a_1503941342641_11"},{"key":"?beneficiaryHasCriminalRecord","val":"AE#UnknownCriminalRecord"}]}]},{"query":"?- ?t:AE#Travelling, ?t[AE#hasPath->?p], ?p[AE#hasDistance->?d], ?d[AE#numericValue->?expectedDistanceValue], ?d[AE#hasUnitOfMeasure->?unitOfDistanceMeasure].","resultList":[{"result":[{"key":"?t","val":"VO_36de9da3_6ad7_4ef5_bd9c_def87f36bb6a_1503941342641_6"},{"key":"?p","val":"ES_41a62c43_bc64_41e2_9b40_ef528b4744a8_1503941369650_4"},{"key":"?d","val":"ES_41a62c43_bc64_41e2_9b40_ef528b4744a8_1503941369650_0"},{"key":"?expectedDistanceValue","val":"26439.03819823846060899086296558380126953125"},{"key":"?unitOfDistanceMeasure","val":"meters"}]}]},{"query":"?- ?t:AE#Travelling, ?t[AE#hasPath->?p], ?p[AE#hasExpectedTravelTime->?d], ?d[AE#numericValue->?expectedTimeValue], ?d[AE#hasUnitOfMeasure->?unitOfTimeMeasure].","resultList":[{"result":[{"key":"?t","val":"VO_36de9da3_6ad7_4ef5_bd9c_def87f36bb6a_1503941342641_6"},{"key":"?p","val":"ES_41a62c43_bc64_41e2_9b40_ef528b4744a8_1503941369650_4"},{"key":"?d","val":"ES_41a62c43_bc64_41e2_9b40_ef528b4744a8_1503941369650_2"},{"key":"?expectedTimeValue","val":"19.40749978995881974697113037109375"},{"key":"?unitOfTimeMeasure","val":"minutes"}]}]},{"query":"?- ?t:AE#Travelling, ?t[AE#hasDestination->?d], ?d[label->?destinationFullAddress].","resultList":[{"result":[{"key":"?t","val":"VO_36de9da3_6ad7_4ef5_bd9c_def87f36bb6a_1503941342641_7"},{"key":"?d","val":"VO_36de9da3_6ad7_4ef5_bd9c_def87f36bb6a_1503941342641_8"},{"key":"?destinationFullAddress","val":"2790 Truxton Road, Suite 130, San Diego, CA 92106"}]},{"result":[{"key":"?t","val":"VO_36de9da3_6ad7_4ef5_bd9c_def87f36bb6a_1503941342641_6"},{"key":"?d","val":"VO_36de9da3_6ad7_4ef5_bd9c_def87f36bb6a_1503941342641_5"},{"key":"?destinationFullAddress","val":"566 Nantucket Dr Chula Vista, CA 91911"}]}]},{"query":"?- ?t:AE#Travelling, ?t[AE#hasDestination->?d], ?d[AE#hasStreet->?s], ?s[label->?destinationStreetName], ?d[AE#hasCity->?c], ?c[label->?destinationCity], ?d[AE#hasState->?st], ?st[label->?destinationState], ?d[AE#hasZipcode->?destinationZipCode].","resultList":[{"result":[{"key":"?t","val":"VO_36de9da3_6ad7_4ef5_bd9c_def87f36bb6a_1503941342641_7"},{"key":"?d","val":"VO_36de9da3_6ad7_4ef5_bd9c_def87f36bb6a_1503941342641_8"},{"key":"?s","val":"NO_1920e31a_2aa6_4263_a4b4_b93d5794c15d_1503941352551_id5"},{"key":"?destinationStreetName","val":"2790 Truxton Road"},{"key":"?c","val":"NO_1920e31a_2aa6_4263_a4b4_b93d5794c15d_1503941352551_id11"},{"key":"?destinationCity","val":"San Diego"},{"key":"?st","val":"NO_1920e31a_2aa6_4263_a4b4_b93d5794c15d_1503941352551_id13"},{"key":"?destinationState","val":"CA"},{"key":"?destinationZipCode","val":"92106"}]},{"result":[{"key":"?t","val":"VO_36de9da3_6ad7_4ef5_bd9c_def87f36bb6a_1503941342641_6"},{"key":"?d","val":"VO_36de9da3_6ad7_4ef5_bd9c_def87f36bb6a_1503941342641_5"},{"key":"?s","val":"NO_1f2efc31_262c_47bf_8fd4_63f3a13f5d6f_1503941354540_id3"},{"key":"?destinationStreetName","val":"566 Nantucket Dr"},{"key":"?c","val":"NO_1f2efc31_262c_47bf_8fd4_63f3a13f5d6f_1503941354540_id9"},{"key":"?destinationCity","val":"Chula Vista"},{"key":"?st","val":"NO_1f2efc31_262c_47bf_8fd4_63f3a13f5d6f_1503941354540_id11"},{"key":"?destinationState","val":"CA"},{"key":"?destinationZipCode","val":"91911"}]}]},{"query":"?- ?t:AE#Travelling, ?t[AE#hasOrigin->?d], ?d[label->?originFullAddress].","resultList":[{"result":[{"key":"?t","val":"VO_36de9da3_6ad7_4ef5_bd9c_def87f36bb6a_1503941342641_7"},{"key":"?d","val":"VO_36de9da3_6ad7_4ef5_bd9c_def87f36bb6a_1503941342641_3"},{"key":"?originFullAddress","val":"332 Birchwood Street San Diego, CA 92120"}]},{"result":[{"key":"?t","val":"VO_36de9da3_6ad7_4ef5_bd9c_def87f36bb6a_1503941342641_6"},{"key":"?d","val":"VO_36de9da3_6ad7_4ef5_bd9c_def87f36bb6a_1503941342641_8"},{"key":"?originFullAddress","val":"2790 Truxton Road, Suite 130, San Diego, CA 92106"}]}]},{"query":"?- ?t:AE#Travelling, ?t[AE#hasOrigin->?d], ?d[AE#hasStreet->?s], ?s[label->?originStreetName], ?d[AE#hasCity->?c], ?c[label->?originCity], ?d[AE#hasState->?st], ?st[label->?originState], ?d[AE#hasZipcode->?originZipCode].","resultList":[{"result":[{"key":"?t","val":"VO_36de9da3_6ad7_4ef5_bd9c_def87f36bb6a_1503941342641_7"},{"key":"?d","val":"VO_36de9da3_6ad7_4ef5_bd9c_def87f36bb6a_1503941342641_3"},{"key":"?s","val":"NO_d6b47d8f_354b_456d_8317_a06b56654f98_1503941356561_id3"},{"key":"?originStreetName","val":"332 Birchwood Street"},{"key":"?c","val":"NO_d6b47d8f_354b_456d_8317_a06b56654f98_1503941356561_id9"},{"key":"?originCity","val":"San Diego"},{"key":"?st","val":"NO_d6b47d8f_354b_456d_8317_a06b56654f98_1503941356561_id11"},{"key":"?originState","val":"CA"},{"key":"?originZipCode","val":"92120"}]},{"result":[{"key":"?t","val":"VO_36de9da3_6ad7_4ef5_bd9c_def87f36bb6a_1503941342641_6"},{"key":"?d","val":"VO_36de9da3_6ad7_4ef5_bd9c_def87f36bb6a_1503941342641_8"},{"key":"?s","val":"NO_1920e31a_2aa6_4263_a4b4_b93d5794c15d_1503941352551_id5"},{"key":"?originStreetName","val":"2790 Truxton Road"},{"key":"?c","val":"NO_1920e31a_2aa6_4263_a4b4_b93d5794c15d_1503941352551_id11"},{"key":"?originCity","val":"San Diego"},{"key":"?st","val":"NO_1920e31a_2aa6_4263_a4b4_b93d5794c15d_1503941352551_id13"},{"key":"?originState","val":"CA"},{"key":"?originZipCode","val":"92106"}]}]},{"query":"?- ?t:AE#Travelling, ?t[AE#hasPath->?p], ?p[AE#hasStartRegion->?s], ?s[AE#hasLatitude->?originLatitude], ?s[AE#hasLongitude->?originLongitude].","resultList":[{"result":[{"key":"?t","val":"VO_36de9da3_6ad7_4ef5_bd9c_def87f36bb6a_1503941342641_6"},{"key":"?p","val":"ES_41a62c43_bc64_41e2_9b40_ef528b4744a8_1503941369650_4"},{"key":"?s","val":"ES_41a62c43_bc64_41e2_9b40_ef528b4744a8_1503941369650_3"},{"key":"?originLatitude","val":"32.74051839275188058309140615165233612060546875"},{"key":"?originLongitude","val":"-117.2130215001728856805129908025264739990234375"}]}]},{"query":"?- ?t:AE#Travelling, ?t[AE#hasPath->?p], ?p[AE#hasEndRegion->?e], ?e[AE#hasLatitude->?destinationLatitude], ?e[AE#hasLongitude->?destinationLongitude].","resultList":[{"result":[{"key":"?t","val":"VO_36de9da3_6ad7_4ef5_bd9c_def87f36bb6a_1503941342641_6"},{"key":"?p","val":"ES_41a62c43_bc64_41e2_9b40_ef528b4744a8_1503941369650_4"},{"key":"?e","val":"ES_41a62c43_bc64_41e2_9b40_ef528b4744a8_1503941369650_1"},{"key":"?destinationLatitude","val":"32.6189256305616481768083758652210235595703125"},{"key":"?destinationLongitude","val":"-117.031743733279455454976414330303668975830078125"}]}]}]}
