{"dataList":[{"query":"?- ?v:AE#VATravelVoucher, ?v[AE#hasVoucherClaimant->?c], ?c[AE#hasName->?cn], ?cn[label->?claimantFullName].","resultList":[{"result":[{"key":"?v","val":"VO_3c186b74_6cc6_44d1_aa03_ffd584ff36ef_1503939661056_0"},{"key":"?c","val":"VO_3c186b74_6cc6_44d1_aa03_ffd584ff36ef_1503939661056_2"},{"key":"?cn","val":"NO_75ffbbd6_587b_4eea_b887_ff4b25c0b3b4_1503939671100_0"},{"key":"?claimantFullName","val":"Don Richard Thomas"}]},{"result":[{"key":"?v","val":"VO_3c186b74_6cc6_44d1_aa03_ffd584ff36ef_1503939661056_0"},{"key":"?c","val":"VO_3c186b74_6cc6_44d1_aa03_ffd584ff36ef_1503939661056_2"},{"key":"?cn","val":"VO_3c186b74_6cc6_44d1_aa03_ffd584ff36ef_1503939661056_1"},{"key":"?claimantFullName","val":"Don Richard Thomas"}]}]},{"query":"?- ?v:AE#VATravelVoucher, ?v[AE#hasVoucherClaimant->?c], ?c[AE#hasName->?cn], ?cn[AE#hasFirstName->?claimantFirstName].","resultList":[{"result":[{"key":"?v","val":"VO_3c186b74_6cc6_44d1_aa03_ffd584ff36ef_1503939661056_0"},{"key":"?c","val":"VO_3c186b74_6cc6_44d1_aa03_ffd584ff36ef_1503939661056_2"},{"key":"?cn","val":"NO_75ffbbd6_587b_4eea_b887_ff4b25c0b3b4_1503939671100_0"},{"key":"?claimantFirstName","val":"don"}]}]},{"query":"?- ?v:AE#VATravelVoucher, ?v[AE#hasVoucherClaimant->?c], ?c[AE#hasName->?cn], ?cn[AE#hasLastName->?claimantLastName].","resultList":[{"result":[{"key":"?v","val":"VO_3c186b74_6cc6_44d1_aa03_ffd584ff36ef_1503939661056_0"},{"key":"?c","val":"VO_3c186b74_6cc6_44d1_aa03_ffd584ff36ef_1503939661056_2"},{"key":"?cn","val":"NO_75ffbbd6_587b_4eea_b887_ff4b25c0b3b4_1503939671100_0"},{"key":"?claimantLastName","val":"thomas"}]}]},{"query":"?- ?v:AE#VATravelVoucher, ?v[AE#hasVoucherClaimant->?c], ?c[AE#hasSocialSecurityNumber->?s], ?s[label->?claimantSsn].","resultList":[{"result":[{"key":"?v","val":"VO_3c186b74_6cc6_44d1_aa03_ffd584ff36ef_1503939661056_0"},{"key":"?c","val":"VO_3c186b74_6cc6_44d1_aa03_ffd584ff36ef_1503939661056_2"},{"key":"?s","val":"VO_3c186b74_6cc6_44d1_aa03_ffd584ff36ef_1503939661056_12"},{"key":"?claimantSsn","val":"985-07-1297"}]}]},{"query":"?- ?v:AE#VATravelVoucher, ?v[AE#hasVoucherClaimant->?c], ?c[AE#hasLiens->?claimantHasLiens].","resultList":[{"result":[{"key":"?v","val":"VO_3c186b74_6cc6_44d1_aa03_ffd584ff36ef_1503939661056_0"},{"key":"?c","val":"VO_3c186b74_6cc6_44d1_aa03_ffd584ff36ef_1503939661056_2"},{"key":"?claimantHasLiens","val":"AE#NoLienReport"}]}]},{"query":"?- ?v:AE#VATravelVoucher, ?v[AE#hasVoucherClaimant->?c], ?c[AE#hasDeclaredBankruptcy->?claimantHasDeclaredBankruptcy].","resultList":[{"result":[{"key":"?v","val":"VO_3c186b74_6cc6_44d1_aa03_ffd584ff36ef_1503939661056_0"},{"key":"?c","val":"VO_3c186b74_6cc6_44d1_aa03_ffd584ff36ef_1503939661056_2"},{"key":"?claimantHasDeclaredBankruptcy","val":"AE#NoBankruptcyReport"}]}]},{"query":"?- ?v:AE#VATravelVoucher, ?v[AE#hasVoucherClaimant->?c], ?c[AE#hasArrestRecord->?claimantHasArrestRecord].","resultList":[{"result":[{"key":"?v","val":"VO_3c186b74_6cc6_44d1_aa03_ffd584ff36ef_1503939661056_0"},{"key":"?c","val":"VO_3c186b74_6cc6_44d1_aa03_ffd584ff36ef_1503939661056_2"},{"key":"?claimantHasArrestRecord","val":"AE#NoArrestRecord"}]}]},{"query":"?- ?v:AE#VATravelVoucher, ?v[AE#hasVoucherClaimant->?c], ?c[AE#hasCriminalRecord->?claimantHasCriminalRecord].","resultList":[{"result":[{"key":"?v","val":"VO_3c186b74_6cc6_44d1_aa03_ffd584ff36ef_1503939661056_0"},{"key":"?c","val":"VO_3c186b74_6cc6_44d1_aa03_ffd584ff36ef_1503939661056_2"},{"key":"?claimantHasCriminalRecord","val":"AE#NoCriminalRecord"}]}]},{"query":"?- ?v:AE#VATravelVoucher, ?v[AE#hasVoucherBeneficiary->?b], ?b[AE#hasName->?cn], ?cn[label->?beneficiaryFullName].","resultList":[{"result":[{"key":"?v","val":"VO_3c186b74_6cc6_44d1_aa03_ffd584ff36ef_1503939661056_0"},{"key":"?b","val":"VO_3c186b74_6cc6_44d1_aa03_ffd584ff36ef_1503939661056_11"},{"key":"?cn","val":"NO_35f5bd1d_e807_4a1a_90bc_407c8d81e598_1503939668650_0"},{"key":"?beneficiaryFullName","val":"Francisco Charles Wellman"}]},{"result":[{"key":"?v","val":"VO_3c186b74_6cc6_44d1_aa03_ffd584ff36ef_1503939661056_0"},{"key":"?b","val":"VO_3c186b74_6cc6_44d1_aa03_ffd584ff36ef_1503939661056_11"},{"key":"?cn","val":"VO_3c186b74_6cc6_44d1_aa03_ffd584ff36ef_1503939661056_10"},{"key":"?beneficiaryFullName","val":"Francisco Charles Wellman"}]}]},{"query":"?- ?v:AE#VATravelVoucher, ?v[AE#hasVoucherBeneficiary->?b], ?b[AE#hasName->?cn], ?cn[AE#hasFirstName->?beneficiaryFirstName].","resultList":[{"result":[{"key":"?v","val":"VO_3c186b74_6cc6_44d1_aa03_ffd584ff36ef_1503939661056_0"},{"key":"?b","val":"VO_3c186b74_6cc6_44d1_aa03_ffd584ff36ef_1503939661056_11"},{"key":"?cn","val":"NO_35f5bd1d_e807_4a1a_90bc_407c8d81e598_1503939668650_0"},{"key":"?beneficiaryFirstName","val":"francisco"}]}]},{"query":"?- ?v:AE#VATravelVoucher, ?v[AE#hasVoucherBeneficiary->?b], ?b[AE#hasName->?cn], ?cn[AE#hasLastName->?beneficiaryLastName].","resultList":[{"result":[{"key":"?v","val":"VO_3c186b74_6cc6_44d1_aa03_ffd584ff36ef_1503939661056_0"},{"key":"?b","val":"VO_3c186b74_6cc6_44d1_aa03_ffd584ff36ef_1503939661056_11"},{"key":"?cn","val":"NO_35f5bd1d_e807_4a1a_90bc_407c8d81e598_1503939668650_0"},{"key":"?beneficiaryLastName","val":"wellman"}]}]},{"query":"?- ?v:AE#VATravelVoucher, ?v[AE#hasVoucherBeneficiary->?b], ?b[AE#hasSocialSecurityNumber->?s], ?s[label->?beneficiarySsn].","resultList":[{"result":[{"key":"?v","val":"VO_3c186b74_6cc6_44d1_aa03_ffd584ff36ef_1503939661056_0"},{"key":"?b","val":"VO_3c186b74_6cc6_44d1_aa03_ffd584ff36ef_1503939661056_11"},{"key":"?s","val":"VO_3c186b74_6cc6_44d1_aa03_ffd584ff36ef_1503939661056_9"},{"key":"?beneficiarySsn","val":"120-64-6397"}]}]},{"query":"?- ?v:AE#VATravelVoucher, ?v[AE#hasVoucherBeneficiary->?b], ?b[AE#hasLiens->?beneficiaryHasLiens].","resultList":[{"result":[{"key":"?v","val":"VO_3c186b74_6cc6_44d1_aa03_ffd584ff36ef_1503939661056_0"},{"key":"?b","val":"VO_3c186b74_6cc6_44d1_aa03_ffd584ff36ef_1503939661056_11"},{"key":"?beneficiaryHasLiens","val":"AE#NoLienReport"}]}]},{"query":"?- ?v:AE#VATravelVoucher, ?v[AE#hasVoucherBeneficiary->?b], ?b[AE#hasDeclaredBankruptcy->?beneficiaryHasDeclaredBankruptcy].","resultList":[{"result":[{"key":"?v","val":"VO_3c186b74_6cc6_44d1_aa03_ffd584ff36ef_1503939661056_0"},{"key":"?b","val":"VO_3c186b74_6cc6_44d1_aa03_ffd584ff36ef_1503939661056_11"},{"key":"?beneficiaryHasDeclaredBankruptcy","val":"AE#NoBankruptcyReport"}]}]},{"query":"?- ?v:AE#VATravelVoucher, ?v[AE#hasVoucherBeneficiary->?b], ?b[AE#hasArrestRecord->?beneficiaryHasArrestRecord].","resultList":[{"result":[{"key":"?v","val":"VO_3c186b74_6cc6_44d1_aa03_ffd584ff36ef_1503939661056_0"},{"key":"?b","val":"VO_3c186b74_6cc6_44d1_aa03_ffd584ff36ef_1503939661056_11"},{"key":"?beneficiaryHasArrestRecord","val":"AE#UnknownArrestRecord"}]}]},{"query":"?- ?v:AE#VATravelVoucher, ?v[AE#hasVoucherBeneficiary->?b], ?b[AE#hasCriminalRecord->?beneficiaryHasCriminalRecord].","resultList":[{"result":[{"key":"?v","val":"VO_3c186b74_6cc6_44d1_aa03_ffd584ff36ef_1503939661056_0"},{"key":"?b","val":"VO_3c186b74_6cc6_44d1_aa03_ffd584ff36ef_1503939661056_11"},{"key":"?beneficiaryHasCriminalRecord","val":"AE#NoCriminalRecord"}]}]},{"query":"?- ?t:AE#Travelling, ?t[AE#hasPath->?p], ?p[AE#hasDistance->?d], ?d[AE#numericValue->?expectedDistanceValue], ?d[AE#hasUnitOfMeasure->?unitOfDistanceMeasure].","resultList":[{"result":[{"key":"?t","val":"VO_3c186b74_6cc6_44d1_aa03_ffd584ff36ef_1503939661056_6"},{"key":"?p","val":"ES_c29f9272_3d5b_4e79_8ca1_9111e219a1b5_1503939691570_4"},{"key":"?d","val":"ES_c29f9272_3d5b_4e79_8ca1_9111e219a1b5_1503939691570_0"},{"key":"?expectedDistanceValue","val":"15327.5277994302959996275603771209716796875"},{"key":"?unitOfDistanceMeasure","val":"meters"}]}]},{"query":"?- ?t:AE#Travelling, ?t[AE#hasPath->?p], ?p[AE#hasExpectedTravelTime->?d], ?d[AE#numericValue->?expectedTimeValue], ?d[AE#hasUnitOfMeasure->?unitOfTimeMeasure].","resultList":[{"result":[{"key":"?t","val":"VO_3c186b74_6cc6_44d1_aa03_ffd584ff36ef_1503939661056_6"},{"key":"?p","val":"ES_c29f9272_3d5b_4e79_8ca1_9111e219a1b5_1503939691570_4"},{"key":"?d","val":"ES_c29f9272_3d5b_4e79_8ca1_9111e219a1b5_1503939691570_2"},{"key":"?expectedTimeValue","val":"14.11142564029432833194732666015625"},{"key":"?unitOfTimeMeasure","val":"minutes"}]}]},{"query":"?- ?t:AE#Travelling, ?t[AE#hasDestination->?d], ?d[label->?destinationFullAddress].","resultList":[{"result":[{"key":"?t","val":"VO_3c186b74_6cc6_44d1_aa03_ffd584ff36ef_1503939661056_7"},{"key":"?d","val":"VO_3c186b74_6cc6_44d1_aa03_ffd584ff36ef_1503939661056_8"},{"key":"?destinationFullAddress","val":"2790 Truxton Road, Suite 130, San Diego, CA 92106"}]},{"result":[{"key":"?t","val":"VO_3c186b74_6cc6_44d1_aa03_ffd584ff36ef_1503939661056_6"},{"key":"?d","val":"VO_3c186b74_6cc6_44d1_aa03_ffd584ff36ef_1503939661056_5"},{"key":"?destinationFullAddress","val":"8 N. Piper St. San Diego, CA 92115"}]}]},{"query":"?- ?t:AE#Travelling, ?t[AE#hasDestination->?d], ?d[AE#hasStreet->?s], ?s[label->?destinationStreetName], ?d[AE#hasCity->?c], ?c[label->?destinationCity], ?d[AE#hasState->?st], ?st[label->?destinationState], ?d[AE#hasZipcode->?destinationZipCode].","resultList":[{"result":[{"key":"?t","val":"VO_3c186b74_6cc6_44d1_aa03_ffd584ff36ef_1503939661056_7"},{"key":"?d","val":"VO_3c186b74_6cc6_44d1_aa03_ffd584ff36ef_1503939661056_8"},{"key":"?s","val":"NO_a4e66ce8_a951_41c9_b62a_36d9d71f5672_1503939673182_id5"},{"key":"?destinationStreetName","val":"2790 Truxton Road"},{"key":"?c","val":"NO_a4e66ce8_a951_41c9_b62a_36d9d71f5672_1503939673182_id11"},{"key":"?destinationCity","val":"San Diego"},{"key":"?st","val":"NO_a4e66ce8_a951_41c9_b62a_36d9d71f5672_1503939673182_id13"},{"key":"?destinationState","val":"CA"},{"key":"?destinationZipCode","val":"92106"}]},{"result":[{"key":"?t","val":"VO_3c186b74_6cc6_44d1_aa03_ffd584ff36ef_1503939661056_6"},{"key":"?d","val":"VO_3c186b74_6cc6_44d1_aa03_ffd584ff36ef_1503939661056_5"},{"key":"?s","val":"NO_91c18dac_caf6_4537_8d3c_bcf1adb4a70f_1503939675473_id3"},{"key":"?destinationStreetName","val":"8 N. Piper St."},{"key":"?c","val":"NO_91c18dac_caf6_4537_8d3c_bcf1adb4a70f_1503939675473_id9"},{"key":"?destinationCity","val":"San Diego"},{"key":"?st","val":"NO_91c18dac_caf6_4537_8d3c_bcf1adb4a70f_1503939675473_id11"},{"key":"?destinationState","val":"CA"},{"key":"?destinationZipCode","val":"92115"}]}]},{"query":"?- ?t:AE#Travelling, ?t[AE#hasOrigin->?d], ?d[label->?originFullAddress].","resultList":[{"result":[{"key":"?t","val":"VO_3c186b74_6cc6_44d1_aa03_ffd584ff36ef_1503939661056_7"},{"key":"?d","val":"VO_3c186b74_6cc6_44d1_aa03_ffd584ff36ef_1503939661056_3"},{"key":"?originFullAddress","val":"59 Strawberry Street San Diego, CA 92117"}]},{"result":[{"key":"?t","val":"VO_3c186b74_6cc6_44d1_aa03_ffd584ff36ef_1503939661056_6"},{"key":"?d","val":"VO_3c186b74_6cc6_44d1_aa03_ffd584ff36ef_1503939661056_8"},{"key":"?originFullAddress","val":"2790 Truxton Road, Suite 130, San Diego, CA 92106"}]}]},{"query":"?- ?t:AE#Travelling, ?t[AE#hasOrigin->?d], ?d[AE#hasStreet->?s], ?s[label->?originStreetName], ?d[AE#hasCity->?c], ?c[label->?originCity], ?d[AE#hasState->?st], ?st[label->?originState], ?d[AE#hasZipcode->?originZipCode].","resultList":[{"result":[{"key":"?t","val":"VO_3c186b74_6cc6_44d1_aa03_ffd584ff36ef_1503939661056_7"},{"key":"?d","val":"VO_3c186b74_6cc6_44d1_aa03_ffd584ff36ef_1503939661056_3"},{"key":"?s","val":"NO_a4b053c9_0488_4bb8_949f_b90ee9aae262_1503939677547_id3"},{"key":"?originStreetName","val":"59 Strawberry Street"},{"key":"?c","val":"NO_a4b053c9_0488_4bb8_949f_b90ee9aae262_1503939677547_id9"},{"key":"?originCity","val":"San Diego"},{"key":"?st","val":"NO_a4b053c9_0488_4bb8_949f_b90ee9aae262_1503939677547_id11"},{"key":"?originState","val":"CA"},{"key":"?originZipCode","val":"92117"}]},{"result":[{"key":"?t","val":"VO_3c186b74_6cc6_44d1_aa03_ffd584ff36ef_1503939661056_6"},{"key":"?d","val":"VO_3c186b74_6cc6_44d1_aa03_ffd584ff36ef_1503939661056_8"},{"key":"?s","val":"NO_a4e66ce8_a951_41c9_b62a_36d9d71f5672_1503939673182_id5"},{"key":"?originStreetName","val":"2790 Truxton Road"},{"key":"?c","val":"NO_a4e66ce8_a951_41c9_b62a_36d9d71f5672_1503939673182_id11"},{"key":"?originCity","val":"San Diego"},{"key":"?st","val":"NO_a4e66ce8_a951_41c9_b62a_36d9d71f5672_1503939673182_id13"},{"key":"?originState","val":"CA"},{"key":"?originZipCode","val":"92106"}]}]},{"query":"?- ?t:AE#Travelling, ?t[AE#hasPath->?p], ?p[AE#hasStartRegion->?s], ?s[AE#hasLatitude->?originLatitude], ?s[AE#hasLongitude->?originLongitude].","resultList":[{"result":[{"key":"?t","val":"VO_3c186b74_6cc6_44d1_aa03_ffd584ff36ef_1503939661056_6"},{"key":"?p","val":"ES_c29f9272_3d5b_4e79_8ca1_9111e219a1b5_1503939691570_4"},{"key":"?s","val":"ES_c29f9272_3d5b_4e79_8ca1_9111e219a1b5_1503939691570_3"},{"key":"?originLatitude","val":"32.74051839275188058309140615165233612060546875"},{"key":"?originLongitude","val":"-117.2130215001728856805129908025264739990234375"}]}]},{"query":"?- ?t:AE#Travelling, ?t[AE#hasPath->?p], ?p[AE#hasEndRegion->?e], ?e[AE#hasLatitude->?destinationLatitude], ?e[AE#hasLongitude->?destinationLongitude].","resultList":[{"result":[{"key":"?t","val":"VO_3c186b74_6cc6_44d1_aa03_ffd584ff36ef_1503939661056_6"},{"key":"?p","val":"ES_c29f9272_3d5b_4e79_8ca1_9111e219a1b5_1503939691570_4"},{"key":"?e","val":"ES_c29f9272_3d5b_4e79_8ca1_9111e219a1b5_1503939691570_1"},{"key":"?destinationLatitude","val":"32.758559999999988576746545732021331787109375"},{"key":"?destinationLongitude","val":"-117.08818999999999732608557678759098052978515625"}]}]}]}
