{"dataList":[{"query":"?- ?v:AE#VATravelVoucher, ?v[AE#hasVoucherClaimant->?c], ?c[AE#hasName->?cn], ?cn[label->?claimantFullName].","resultList":[{"result":[{"key":"?v","val":"VO_421ea195_884b_493b_976e_ab5ee3316177_1503939457872_0"},{"key":"?c","val":"VO_421ea195_884b_493b_976e_ab5ee3316177_1503939457872_2"},{"key":"?cn","val":"NO_5325c5de_d1c1_4c1a_99eb_fb07a6742d13_1503939465846_0"},{"key":"?claimantFullName","val":"Katie S. Rock"}]},{"result":[{"key":"?v","val":"VO_421ea195_884b_493b_976e_ab5ee3316177_1503939457872_0"},{"key":"?c","val":"VO_421ea195_884b_493b_976e_ab5ee3316177_1503939457872_2"},{"key":"?cn","val":"VO_421ea195_884b_493b_976e_ab5ee3316177_1503939457872_1"},{"key":"?claimantFullName","val":"Katie S. Rock"}]}]},{"query":"?- ?v:AE#VATravelVoucher, ?v[AE#hasVoucherClaimant->?c], ?c[AE#hasName->?cn], ?cn[AE#hasFirstName->?claimantFirstName].","resultList":[{"result":[{"key":"?v","val":"VO_421ea195_884b_493b_976e_ab5ee3316177_1503939457872_0"},{"key":"?c","val":"VO_421ea195_884b_493b_976e_ab5ee3316177_1503939457872_2"},{"key":"?cn","val":"NO_5325c5de_d1c1_4c1a_99eb_fb07a6742d13_1503939465846_0"},{"key":"?claimantFirstName","val":"katie"}]}]},{"query":"?- ?v:AE#VATravelVoucher, ?v[AE#hasVoucherClaimant->?c], ?c[AE#hasName->?cn], ?cn[AE#hasLastName->?claimantLastName].","resultList":[{"result":[{"key":"?v","val":"VO_421ea195_884b_493b_976e_ab5ee3316177_1503939457872_0"},{"key":"?c","val":"VO_421ea195_884b_493b_976e_ab5ee3316177_1503939457872_2"},{"key":"?cn","val":"NO_5325c5de_d1c1_4c1a_99eb_fb07a6742d13_1503939465846_0"},{"key":"?claimantLastName","val":"rock"}]}]},{"query":"?- ?v:AE#VATravelVoucher, ?v[AE#hasVoucherClaimant->?c], ?c[AE#hasSocialSecurityNumber->?s], ?s[label->?claimantSsn].","resultList":[{"result":[{"key":"?v","val":"VO_421ea195_884b_493b_976e_ab5ee3316177_1503939457872_0"},{"key":"?c","val":"VO_421ea195_884b_493b_976e_ab5ee3316177_1503939457872_2"},{"key":"?s","val":"VO_421ea195_884b_493b_976e_ab5ee3316177_1503939457872_12"},{"key":"?claimantSsn","val":"213-58-4699"}]}]},{"query":"?- ?v:AE#VATravelVoucher, ?v[AE#hasVoucherClaimant->?c], ?c[AE#hasLiens->?claimantHasLiens].","resultList":[{"result":[{"key":"?v","val":"VO_421ea195_884b_493b_976e_ab5ee3316177_1503939457872_0"},{"key":"?c","val":"VO_421ea195_884b_493b_976e_ab5ee3316177_1503939457872_2"},{"key":"?claimantHasLiens","val":"AE#NoLienReport"}]}]},{"query":"?- ?v:AE#VATravelVoucher, ?v[AE#hasVoucherClaimant->?c], ?c[AE#hasDeclaredBankruptcy->?claimantHasDeclaredBankruptcy].","resultList":[{"result":[{"key":"?v","val":"VO_421ea195_884b_493b_976e_ab5ee3316177_1503939457872_0"},{"key":"?c","val":"VO_421ea195_884b_493b_976e_ab5ee3316177_1503939457872_2"},{"key":"?claimantHasDeclaredBankruptcy","val":"AE#NoBankruptcyReport"}]}]},{"query":"?- ?v:AE#VATravelVoucher, ?v[AE#hasVoucherClaimant->?c], ?c[AE#hasArrestRecord->?claimantHasArrestRecord].","resultList":[{"result":[{"key":"?v","val":"VO_421ea195_884b_493b_976e_ab5ee3316177_1503939457872_0"},{"key":"?c","val":"VO_421ea195_884b_493b_976e_ab5ee3316177_1503939457872_2"},{"key":"?claimantHasArrestRecord","val":"AE#UnknownArrestRecord"}]}]},{"query":"?- ?v:AE#VATravelVoucher, ?v[AE#hasVoucherClaimant->?c], ?c[AE#hasCriminalRecord->?claimantHasCriminalRecord].","resultList":[{"result":[{"key":"?v","val":"VO_421ea195_884b_493b_976e_ab5ee3316177_1503939457872_0"},{"key":"?c","val":"VO_421ea195_884b_493b_976e_ab5ee3316177_1503939457872_2"},{"key":"?claimantHasCriminalRecord","val":"AE#NoCriminalRecord"}]}]},{"query":"?- ?v:AE#VATravelVoucher, ?v[AE#hasVoucherBeneficiary->?b], ?b[AE#hasName->?cn], ?cn[label->?beneficiaryFullName].","resultList":[{"result":[{"key":"?v","val":"VO_421ea195_884b_493b_976e_ab5ee3316177_1503939457872_0"},{"key":"?b","val":"VO_421ea195_884b_493b_976e_ab5ee3316177_1503939457872_11"},{"key":"?cn","val":"VO_421ea195_884b_493b_976e_ab5ee3316177_1503939457872_10"},{"key":"?beneficiaryFullName","val":"John William Burt"}]},{"result":[{"key":"?v","val":"VO_421ea195_884b_493b_976e_ab5ee3316177_1503939457872_0"},{"key":"?b","val":"VO_421ea195_884b_493b_976e_ab5ee3316177_1503939457872_11"},{"key":"?cn","val":"NO_017a0617_e0e8_4498_b4fc_05a3a2f913e5_1503939463751_0"},{"key":"?beneficiaryFullName","val":"John William Burt"}]}]},{"query":"?- ?v:AE#VATravelVoucher, ?v[AE#hasVoucherBeneficiary->?b], ?b[AE#hasName->?cn], ?cn[AE#hasFirstName->?beneficiaryFirstName].","resultList":[{"result":[{"key":"?v","val":"VO_421ea195_884b_493b_976e_ab5ee3316177_1503939457872_0"},{"key":"?b","val":"VO_421ea195_884b_493b_976e_ab5ee3316177_1503939457872_11"},{"key":"?cn","val":"NO_017a0617_e0e8_4498_b4fc_05a3a2f913e5_1503939463751_0"},{"key":"?beneficiaryFirstName","val":"john"}]}]},{"query":"?- ?v:AE#VATravelVoucher, ?v[AE#hasVoucherBeneficiary->?b], ?b[AE#hasName->?cn], ?cn[AE#hasLastName->?beneficiaryLastName].","resultList":[{"result":[{"key":"?v","val":"VO_421ea195_884b_493b_976e_ab5ee3316177_1503939457872_0"},{"key":"?b","val":"VO_421ea195_884b_493b_976e_ab5ee3316177_1503939457872_11"},{"key":"?cn","val":"NO_017a0617_e0e8_4498_b4fc_05a3a2f913e5_1503939463751_0"},{"key":"?beneficiaryLastName","val":"burt"}]}]},{"query":"?- ?v:AE#VATravelVoucher, ?v[AE#hasVoucherBeneficiary->?b], ?b[AE#hasSocialSecurityNumber->?s], ?s[label->?beneficiarySsn].","resultList":[{"result":[{"key":"?v","val":"VO_421ea195_884b_493b_976e_ab5ee3316177_1503939457872_0"},{"key":"?b","val":"VO_421ea195_884b_493b_976e_ab5ee3316177_1503939457872_11"},{"key":"?s","val":"VO_421ea195_884b_493b_976e_ab5ee3316177_1503939457872_9"},{"key":"?beneficiarySsn","val":"919-78-2296"}]}]},{"query":"?- ?v:AE#VATravelVoucher, ?v[AE#hasVoucherBeneficiary->?b], ?b[AE#hasLiens->?beneficiaryHasLiens].","resultList":[{"result":[{"key":"?v","val":"VO_421ea195_884b_493b_976e_ab5ee3316177_1503939457872_0"},{"key":"?b","val":"VO_421ea195_884b_493b_976e_ab5ee3316177_1503939457872_11"},{"key":"?beneficiaryHasLiens","val":"AE#UnknownLienReport"}]}]},{"query":"?- ?v:AE#VATravelVoucher, ?v[AE#hasVoucherBeneficiary->?b], ?b[AE#hasDeclaredBankruptcy->?beneficiaryHasDeclaredBankruptcy].","resultList":[{"result":[{"key":"?v","val":"VO_421ea195_884b_493b_976e_ab5ee3316177_1503939457872_0"},{"key":"?b","val":"VO_421ea195_884b_493b_976e_ab5ee3316177_1503939457872_11"},{"key":"?beneficiaryHasDeclaredBankruptcy","val":"AE#UnknownBankruptcyReport"}]}]},{"query":"?- ?v:AE#VATravelVoucher, ?v[AE#hasVoucherBeneficiary->?b], ?b[AE#hasArrestRecord->?beneficiaryHasArrestRecord].","resultList":[{"result":[{"key":"?v","val":"VO_421ea195_884b_493b_976e_ab5ee3316177_1503939457872_0"},{"key":"?b","val":"VO_421ea195_884b_493b_976e_ab5ee3316177_1503939457872_11"},{"key":"?beneficiaryHasArrestRecord","val":"AE#NoArrestRecord"}]}]},{"query":"?- ?v:AE#VATravelVoucher, ?v[AE#hasVoucherBeneficiary->?b], ?b[AE#hasCriminalRecord->?beneficiaryHasCriminalRecord].","resultList":[{"result":[{"key":"?v","val":"VO_421ea195_884b_493b_976e_ab5ee3316177_1503939457872_0"},{"key":"?b","val":"VO_421ea195_884b_493b_976e_ab5ee3316177_1503939457872_11"},{"key":"?beneficiaryHasCriminalRecord","val":"AE#NoCriminalRecord"}]}]},{"query":"?- ?t:AE#Travelling, ?t[AE#hasPath->?p], ?p[AE#hasDistance->?d], ?d[AE#numericValue->?expectedDistanceValue], ?d[AE#hasUnitOfMeasure->?unitOfDistanceMeasure].","resultList":[{"result":[{"key":"?t","val":"VO_421ea195_884b_493b_976e_ab5ee3316177_1503939457872_6"},{"key":"?p","val":"ES_a387be05_0e7f_4f4b_bd65_3e1837414d0b_1503939484876_4"},{"key":"?d","val":"ES_a387be05_0e7f_4f4b_bd65_3e1837414d0b_1503939484876_0"},{"key":"?expectedDistanceValue","val":"21259.2358297673636116087436676025390625"},{"key":"?unitOfDistanceMeasure","val":"meters"}]}]},{"query":"?- ?t:AE#Travelling, ?t[AE#hasPath->?p], ?p[AE#hasExpectedTravelTime->?d], ?d[AE#numericValue->?expectedTimeValue], ?d[AE#hasUnitOfMeasure->?unitOfTimeMeasure].","resultList":[{"result":[{"key":"?t","val":"VO_421ea195_884b_493b_976e_ab5ee3316177_1503939457872_6"},{"key":"?p","val":"ES_a387be05_0e7f_4f4b_bd65_3e1837414d0b_1503939484876_4"},{"key":"?d","val":"ES_a387be05_0e7f_4f4b_bd65_3e1837414d0b_1503939484876_2"},{"key":"?expectedTimeValue","val":"14.451988809742033481597900390625"},{"key":"?unitOfTimeMeasure","val":"minutes"}]}]},{"query":"?- ?t:AE#Travelling, ?t[AE#hasDestination->?d], ?d[label->?destinationFullAddress].","resultList":[{"result":[{"key":"?t","val":"VO_421ea195_884b_493b_976e_ab5ee3316177_1503939457872_7"},{"key":"?d","val":"VO_421ea195_884b_493b_976e_ab5ee3316177_1503939457872_8"},{"key":"?destinationFullAddress","val":"2790 Truxton Road, Suite 130, San Diego, CA 92106"}]},{"result":[{"key":"?t","val":"VO_421ea195_884b_493b_976e_ab5ee3316177_1503939457872_6"},{"key":"?d","val":"VO_421ea195_884b_493b_976e_ab5ee3316177_1503939457872_5"},{"key":"?destinationFullAddress","val":"766 Jefferson Ave. San Diego, CA 92154"}]}]},{"query":"?- ?t:AE#Travelling, ?t[AE#hasDestination->?d], ?d[AE#hasStreet->?s], ?s[label->?destinationStreetName], ?d[AE#hasCity->?c], ?c[label->?destinationCity], ?d[AE#hasState->?st], ?st[label->?destinationState], ?d[AE#hasZipcode->?destinationZipCode].","resultList":[{"result":[{"key":"?t","val":"VO_421ea195_884b_493b_976e_ab5ee3316177_1503939457872_7"},{"key":"?d","val":"VO_421ea195_884b_493b_976e_ab5ee3316177_1503939457872_8"},{"key":"?s","val":"NO_44973903_1765_406d_8691_f370e8361e85_1503939467755_id5"},{"key":"?destinationStreetName","val":"2790 Truxton Road"},{"key":"?c","val":"NO_44973903_1765_406d_8691_f370e8361e85_1503939467755_id11"},{"key":"?destinationCity","val":"San Diego"},{"key":"?st","val":"NO_44973903_1765_406d_8691_f370e8361e85_1503939467755_id13"},{"key":"?destinationState","val":"CA"},{"key":"?destinationZipCode","val":"92106"}]},{"result":[{"key":"?t","val":"VO_421ea195_884b_493b_976e_ab5ee3316177_1503939457872_6"},{"key":"?d","val":"VO_421ea195_884b_493b_976e_ab5ee3316177_1503939457872_5"},{"key":"?s","val":"NO_5cf8894f_454c_471c_a02f_0a2f9b3bb9e2_1503939469725_id3"},{"key":"?destinationStreetName","val":"766 Jefferson Ave."},{"key":"?c","val":"NO_5cf8894f_454c_471c_a02f_0a2f9b3bb9e2_1503939469725_id9"},{"key":"?destinationCity","val":"San Diego"},{"key":"?st","val":"NO_5cf8894f_454c_471c_a02f_0a2f9b3bb9e2_1503939469725_id11"},{"key":"?destinationState","val":"CA"},{"key":"?destinationZipCode","val":"92154"}]}]},{"query":"?- ?t:AE#Travelling, ?t[AE#hasOrigin->?d], ?d[label->?originFullAddress].","resultList":[{"result":[{"key":"?t","val":"VO_421ea195_884b_493b_976e_ab5ee3316177_1503939457872_7"},{"key":"?d","val":"VO_421ea195_884b_493b_976e_ab5ee3316177_1503939457872_3"},{"key":"?originFullAddress","val":"3534 Yosemite St, San Diego, CA 92109"}]},{"result":[{"key":"?t","val":"VO_421ea195_884b_493b_976e_ab5ee3316177_1503939457872_6"},{"key":"?d","val":"VO_421ea195_884b_493b_976e_ab5ee3316177_1503939457872_8"},{"key":"?originFullAddress","val":"2790 Truxton Road, Suite 130, San Diego, CA 92106"}]}]},{"query":"?- ?t:AE#Travelling, ?t[AE#hasOrigin->?d], ?d[AE#hasStreet->?s], ?s[label->?originStreetName], ?d[AE#hasCity->?c], ?c[label->?originCity], ?d[AE#hasState->?st], ?st[label->?originState], ?d[AE#hasZipcode->?originZipCode].","resultList":[{"result":[{"key":"?t","val":"VO_421ea195_884b_493b_976e_ab5ee3316177_1503939457872_7"},{"key":"?d","val":"VO_421ea195_884b_493b_976e_ab5ee3316177_1503939457872_3"},{"key":"?s","val":"NO_ab5894ee_168f_48b9_a2e5_8b9500960da8_1503939471887_id3"},{"key":"?originStreetName","val":"3534 Yosemite St"},{"key":"?c","val":"NO_ab5894ee_168f_48b9_a2e5_8b9500960da8_1503939471887_id9"},{"key":"?originCity","val":"San Diego"},{"key":"?st","val":"NO_ab5894ee_168f_48b9_a2e5_8b9500960da8_1503939471887_id11"},{"key":"?originState","val":"CA"},{"key":"?originZipCode","val":"92109"}]},{"result":[{"key":"?t","val":"VO_421ea195_884b_493b_976e_ab5ee3316177_1503939457872_6"},{"key":"?d","val":"VO_421ea195_884b_493b_976e_ab5ee3316177_1503939457872_8"},{"key":"?s","val":"NO_44973903_1765_406d_8691_f370e8361e85_1503939467755_id5"},{"key":"?originStreetName","val":"2790 Truxton Road"},{"key":"?c","val":"NO_44973903_1765_406d_8691_f370e8361e85_1503939467755_id11"},{"key":"?originCity","val":"San Diego"},{"key":"?st","val":"NO_44973903_1765_406d_8691_f370e8361e85_1503939467755_id13"},{"key":"?originState","val":"CA"},{"key":"?originZipCode","val":"92106"}]}]},{"query":"?- ?t:AE#Travelling, ?t[AE#hasPath->?p], ?p[AE#hasStartRegion->?s], ?s[AE#hasLatitude->?originLatitude], ?s[AE#hasLongitude->?originLongitude].","resultList":[{"result":[{"key":"?t","val":"VO_421ea195_884b_493b_976e_ab5ee3316177_1503939457872_6"},{"key":"?p","val":"ES_a387be05_0e7f_4f4b_bd65_3e1837414d0b_1503939484876_4"},{"key":"?s","val":"ES_a387be05_0e7f_4f4b_bd65_3e1837414d0b_1503939484876_3"},{"key":"?originLatitude","val":"32.74051839275188058309140615165233612060546875"},{"key":"?originLongitude","val":"-117.2130215001728856805129908025264739990234375"}]}]},{"query":"?- ?t:AE#Travelling, ?t[AE#hasPath->?p], ?p[AE#hasEndRegion->?e], ?e[AE#hasLatitude->?destinationLatitude], ?e[AE#hasLongitude->?destinationLongitude].","resultList":[{"result":[{"key":"?t","val":"VO_421ea195_884b_493b_976e_ab5ee3316177_1503939457872_6"},{"key":"?p","val":"ES_a387be05_0e7f_4f4b_bd65_3e1837414d0b_1503939484876_4"},{"key":"?e","val":"ES_a387be05_0e7f_4f4b_bd65_3e1837414d0b_1503939484876_1"},{"key":"?destinationLatitude","val":"32.62098320315661936774631612934172153472900390625"},{"key":"?destinationLongitude","val":"-117.0887834793408757150245946832001209259033203125"}]}]}]}
