{"dataList":[{"query":"?- ?v:AE#VATravelVoucher, ?v[AE#hasVoucherClaimant->?c], ?c[AE#hasName->?cn], ?cn[label->?claimantFullName].","resultList":[{"result":[{"key":"?v","val":"VO_4a606976_f33b_48fc_bcb5_60a37de901cb_1503944959983_0"},{"key":"?c","val":"VO_4a606976_f33b_48fc_bcb5_60a37de901cb_1503944959983_2"},{"key":"?cn","val":"NO_91aa6c0a_c9a0_41dd_9d2c_da326fb46c3d_1503944968396_0"},{"key":"?claimantFullName","val":"Michael Alfredo Shaw"}]},{"result":[{"key":"?v","val":"VO_4a606976_f33b_48fc_bcb5_60a37de901cb_1503944959983_0"},{"key":"?c","val":"VO_4a606976_f33b_48fc_bcb5_60a37de901cb_1503944959983_2"},{"key":"?cn","val":"VO_4a606976_f33b_48fc_bcb5_60a37de901cb_1503944959983_1"},{"key":"?claimantFullName","val":"Michael Alfredo Shaw"}]}]},{"query":"?- ?v:AE#VATravelVoucher, ?v[AE#hasVoucherClaimant->?c], ?c[AE#hasName->?cn], ?cn[AE#hasFirstName->?claimantFirstName].","resultList":[{"result":[{"key":"?v","val":"VO_4a606976_f33b_48fc_bcb5_60a37de901cb_1503944959983_0"},{"key":"?c","val":"VO_4a606976_f33b_48fc_bcb5_60a37de901cb_1503944959983_2"},{"key":"?cn","val":"NO_91aa6c0a_c9a0_41dd_9d2c_da326fb46c3d_1503944968396_0"},{"key":"?claimantFirstName","val":"michael"}]}]},{"query":"?- ?v:AE#VATravelVoucher, ?v[AE#hasVoucherClaimant->?c], ?c[AE#hasName->?cn], ?cn[AE#hasLastName->?claimantLastName].","resultList":[{"result":[{"key":"?v","val":"VO_4a606976_f33b_48fc_bcb5_60a37de901cb_1503944959983_0"},{"key":"?c","val":"VO_4a606976_f33b_48fc_bcb5_60a37de901cb_1503944959983_2"},{"key":"?cn","val":"NO_91aa6c0a_c9a0_41dd_9d2c_da326fb46c3d_1503944968396_0"},{"key":"?claimantLastName","val":"shaw"}]}]},{"query":"?- ?v:AE#VATravelVoucher, ?v[AE#hasVoucherClaimant->?c], ?c[AE#hasSocialSecurityNumber->?s], ?s[label->?claimantSsn].","resultList":[{"result":[{"key":"?v","val":"VO_4a606976_f33b_48fc_bcb5_60a37de901cb_1503944959983_0"},{"key":"?c","val":"VO_4a606976_f33b_48fc_bcb5_60a37de901cb_1503944959983_2"},{"key":"?s","val":"VO_4a606976_f33b_48fc_bcb5_60a37de901cb_1503944959983_12"},{"key":"?claimantSsn","val":"598-88-8529"}]}]},{"query":"?- ?v:AE#VATravelVoucher, ?v[AE#hasVoucherClaimant->?c], ?c[AE#hasLiens->?claimantHasLiens].","resultList":[{"result":[{"key":"?v","val":"VO_4a606976_f33b_48fc_bcb5_60a37de901cb_1503944959983_0"},{"key":"?c","val":"VO_4a606976_f33b_48fc_bcb5_60a37de901cb_1503944959983_2"},{"key":"?claimantHasLiens","val":"AE#NoLienReport"}]}]},{"query":"?- ?v:AE#VATravelVoucher, ?v[AE#hasVoucherClaimant->?c], ?c[AE#hasDeclaredBankruptcy->?claimantHasDeclaredBankruptcy].","resultList":[{"result":[{"key":"?v","val":"VO_4a606976_f33b_48fc_bcb5_60a37de901cb_1503944959983_0"},{"key":"?c","val":"VO_4a606976_f33b_48fc_bcb5_60a37de901cb_1503944959983_2"},{"key":"?claimantHasDeclaredBankruptcy","val":"AE#NoBankruptcyReport"}]}]},{"query":"?- ?v:AE#VATravelVoucher, ?v[AE#hasVoucherClaimant->?c], ?c[AE#hasArrestRecord->?claimantHasArrestRecord].","resultList":[{"result":[{"key":"?v","val":"VO_4a606976_f33b_48fc_bcb5_60a37de901cb_1503944959983_0"},{"key":"?c","val":"VO_4a606976_f33b_48fc_bcb5_60a37de901cb_1503944959983_2"},{"key":"?claimantHasArrestRecord","val":"AE#NoArrestRecord"}]}]},{"query":"?- ?v:AE#VATravelVoucher, ?v[AE#hasVoucherClaimant->?c], ?c[AE#hasCriminalRecord->?claimantHasCriminalRecord].","resultList":[{"result":[{"key":"?v","val":"VO_4a606976_f33b_48fc_bcb5_60a37de901cb_1503944959983_0"},{"key":"?c","val":"VO_4a606976_f33b_48fc_bcb5_60a37de901cb_1503944959983_2"},{"key":"?claimantHasCriminalRecord","val":"AE#NoCriminalRecord"}]}]},{"query":"?- ?v:AE#VATravelVoucher, ?v[AE#hasVoucherBeneficiary->?b], ?b[AE#hasName->?cn], ?cn[label->?beneficiaryFullName].","resultList":[{"result":[{"key":"?v","val":"VO_4a606976_f33b_48fc_bcb5_60a37de901cb_1503944959983_0"},{"key":"?b","val":"VO_4a606976_f33b_48fc_bcb5_60a37de901cb_1503944959983_11"},{"key":"?cn","val":"VO_4a606976_f33b_48fc_bcb5_60a37de901cb_1503944959983_10"},{"key":"?beneficiaryFullName","val":"Ruth Dona Niebuhr"}]},{"result":[{"key":"?v","val":"VO_4a606976_f33b_48fc_bcb5_60a37de901cb_1503944959983_0"},{"key":"?b","val":"VO_4a606976_f33b_48fc_bcb5_60a37de901cb_1503944959983_11"},{"key":"?cn","val":"NO_5a2fbe05_8676_41e2_a13a_597fa090699b_1503944966344_0"},{"key":"?beneficiaryFullName","val":"Ruth Dona Niebuhr"}]}]},{"query":"?- ?v:AE#VATravelVoucher, ?v[AE#hasVoucherBeneficiary->?b], ?b[AE#hasName->?cn], ?cn[AE#hasFirstName->?beneficiaryFirstName].","resultList":[{"result":[{"key":"?v","val":"VO_4a606976_f33b_48fc_bcb5_60a37de901cb_1503944959983_0"},{"key":"?b","val":"VO_4a606976_f33b_48fc_bcb5_60a37de901cb_1503944959983_11"},{"key":"?cn","val":"NO_5a2fbe05_8676_41e2_a13a_597fa090699b_1503944966344_0"},{"key":"?beneficiaryFirstName","val":"ruth"}]}]},{"query":"?- ?v:AE#VATravelVoucher, ?v[AE#hasVoucherBeneficiary->?b], ?b[AE#hasName->?cn], ?cn[AE#hasLastName->?beneficiaryLastName].","resultList":[{"result":[{"key":"?v","val":"VO_4a606976_f33b_48fc_bcb5_60a37de901cb_1503944959983_0"},{"key":"?b","val":"VO_4a606976_f33b_48fc_bcb5_60a37de901cb_1503944959983_11"},{"key":"?cn","val":"NO_5a2fbe05_8676_41e2_a13a_597fa090699b_1503944966344_0"},{"key":"?beneficiaryLastName","val":"niebuhr"}]}]},{"query":"?- ?v:AE#VATravelVoucher, ?v[AE#hasVoucherBeneficiary->?b], ?b[AE#hasSocialSecurityNumber->?s], ?s[label->?beneficiarySsn].","resultList":[{"result":[{"key":"?v","val":"VO_4a606976_f33b_48fc_bcb5_60a37de901cb_1503944959983_0"},{"key":"?b","val":"VO_4a606976_f33b_48fc_bcb5_60a37de901cb_1503944959983_11"},{"key":"?s","val":"VO_4a606976_f33b_48fc_bcb5_60a37de901cb_1503944959983_9"},{"key":"?beneficiarySsn","val":"461-36-6868"}]}]},{"query":"?- ?v:AE#VATravelVoucher, ?v[AE#hasVoucherBeneficiary->?b], ?b[AE#hasLiens->?beneficiaryHasLiens].","resultList":[{"result":[{"key":"?v","val":"VO_4a606976_f33b_48fc_bcb5_60a37de901cb_1503944959983_0"},{"key":"?b","val":"VO_4a606976_f33b_48fc_bcb5_60a37de901cb_1503944959983_11"},{"key":"?beneficiaryHasLiens","val":"AE#UnknownLienReport"}]}]},{"query":"?- ?v:AE#VATravelVoucher, ?v[AE#hasVoucherBeneficiary->?b], ?b[AE#hasDeclaredBankruptcy->?beneficiaryHasDeclaredBankruptcy].","resultList":[{"result":[{"key":"?v","val":"VO_4a606976_f33b_48fc_bcb5_60a37de901cb_1503944959983_0"},{"key":"?b","val":"VO_4a606976_f33b_48fc_bcb5_60a37de901cb_1503944959983_11"},{"key":"?beneficiaryHasDeclaredBankruptcy","val":"AE#NoBankruptcyReport"}]}]},{"query":"?- ?v:AE#VATravelVoucher, ?v[AE#hasVoucherBeneficiary->?b], ?b[AE#hasArrestRecord->?beneficiaryHasArrestRecord].","resultList":[{"result":[{"key":"?v","val":"VO_4a606976_f33b_48fc_bcb5_60a37de901cb_1503944959983_0"},{"key":"?b","val":"VO_4a606976_f33b_48fc_bcb5_60a37de901cb_1503944959983_11"},{"key":"?beneficiaryHasArrestRecord","val":"AE#NoArrestRecord"}]}]},{"query":"?- ?v:AE#VATravelVoucher, ?v[AE#hasVoucherBeneficiary->?b], ?b[AE#hasCriminalRecord->?beneficiaryHasCriminalRecord].","resultList":[{"result":[{"key":"?v","val":"VO_4a606976_f33b_48fc_bcb5_60a37de901cb_1503944959983_0"},{"key":"?b","val":"VO_4a606976_f33b_48fc_bcb5_60a37de901cb_1503944959983_11"},{"key":"?beneficiaryHasCriminalRecord","val":"AE#NoCriminalRecord"}]}]},{"query":"?- ?t:AE#Travelling, ?t[AE#hasPath->?p], ?p[AE#hasDistance->?d], ?d[AE#numericValue->?expectedDistanceValue], ?d[AE#hasUnitOfMeasure->?unitOfDistanceMeasure].","resultList":[{"result":[{"key":"?t","val":"VO_4a606976_f33b_48fc_bcb5_60a37de901cb_1503944959983_6"},{"key":"?p","val":"ES_c51fd65a_bdd1_4470_bd88_e20607a55e37_1503944986503_4"},{"key":"?d","val":"ES_c51fd65a_bdd1_4470_bd88_e20607a55e37_1503944986503_0"},{"key":"?expectedDistanceValue","val":"14359.643008024446316994726657867431640625"},{"key":"?unitOfDistanceMeasure","val":"meters"}]}]},{"query":"?- ?t:AE#Travelling, ?t[AE#hasPath->?p], ?p[AE#hasExpectedTravelTime->?d], ?d[AE#numericValue->?expectedTimeValue], ?d[AE#hasUnitOfMeasure->?unitOfTimeMeasure].","resultList":[{"result":[{"key":"?t","val":"VO_4a606976_f33b_48fc_bcb5_60a37de901cb_1503944959983_6"},{"key":"?p","val":"ES_c51fd65a_bdd1_4470_bd88_e20607a55e37_1503944986503_4"},{"key":"?d","val":"ES_c51fd65a_bdd1_4470_bd88_e20607a55e37_1503944986503_2"},{"key":"?expectedTimeValue","val":"11.86803362681530416011810302734375"},{"key":"?unitOfTimeMeasure","val":"minutes"}]}]},{"query":"?- ?t:AE#Travelling, ?t[AE#hasDestination->?d], ?d[label->?destinationFullAddress].","resultList":[{"result":[{"key":"?t","val":"VO_4a606976_f33b_48fc_bcb5_60a37de901cb_1503944959983_7"},{"key":"?d","val":"VO_4a606976_f33b_48fc_bcb5_60a37de901cb_1503944959983_8"},{"key":"?destinationFullAddress","val":"2790 Truxton Road, Suite 130, San Diego, CA 92106"}]},{"result":[{"key":"?t","val":"VO_4a606976_f33b_48fc_bcb5_60a37de901cb_1503944959983_6"},{"key":"?d","val":"VO_4a606976_f33b_48fc_bcb5_60a37de901cb_1503944959983_5"},{"key":"?destinationFullAddress","val":"668 Orange Ave. San Diego, CA 92126"}]}]},{"query":"?- ?t:AE#Travelling, ?t[AE#hasDestination->?d], ?d[AE#hasStreet->?s], ?s[label->?destinationStreetName], ?d[AE#hasCity->?c], ?c[label->?destinationCity], ?d[AE#hasState->?st], ?st[label->?destinationState], ?d[AE#hasZipcode->?destinationZipCode].","resultList":[{"result":[{"key":"?t","val":"VO_4a606976_f33b_48fc_bcb5_60a37de901cb_1503944959983_7"},{"key":"?d","val":"VO_4a606976_f33b_48fc_bcb5_60a37de901cb_1503944959983_8"},{"key":"?s","val":"NO_086c8141_43f0_44a4_8861_acc17f7048b8_1503944970271_id5"},{"key":"?destinationStreetName","val":"2790 Truxton Road"},{"key":"?c","val":"NO_086c8141_43f0_44a4_8861_acc17f7048b8_1503944970271_id11"},{"key":"?destinationCity","val":"San Diego"},{"key":"?st","val":"NO_086c8141_43f0_44a4_8861_acc17f7048b8_1503944970271_id13"},{"key":"?destinationState","val":"CA"},{"key":"?destinationZipCode","val":"92106"}]},{"result":[{"key":"?t","val":"VO_4a606976_f33b_48fc_bcb5_60a37de901cb_1503944959983_6"},{"key":"?d","val":"VO_4a606976_f33b_48fc_bcb5_60a37de901cb_1503944959983_5"},{"key":"?s","val":"NO_fe136420_a113_4730_a313_0ab0eeb63a3e_1503944972467_id3"},{"key":"?destinationStreetName","val":"668 Orange Ave."},{"key":"?c","val":"NO_fe136420_a113_4730_a313_0ab0eeb63a3e_1503944972467_id9"},{"key":"?destinationCity","val":"San Diego"},{"key":"?st","val":"NO_fe136420_a113_4730_a313_0ab0eeb63a3e_1503944972467_id11"},{"key":"?destinationState","val":"CA"},{"key":"?destinationZipCode","val":"92126"}]}]},{"query":"?- ?t:AE#Travelling, ?t[AE#hasOrigin->?d], ?d[label->?originFullAddress].","resultList":[{"result":[{"key":"?t","val":"VO_4a606976_f33b_48fc_bcb5_60a37de901cb_1503944959983_7"},{"key":"?d","val":"VO_4a606976_f33b_48fc_bcb5_60a37de901cb_1503944959983_3"},{"key":"?originFullAddress","val":"59 Strawberry Street San Diego, CA 92117"}]},{"result":[{"key":"?t","val":"VO_4a606976_f33b_48fc_bcb5_60a37de901cb_1503944959983_6"},{"key":"?d","val":"VO_4a606976_f33b_48fc_bcb5_60a37de901cb_1503944959983_8"},{"key":"?originFullAddress","val":"2790 Truxton Road, Suite 130, San Diego, CA 92106"}]}]},{"query":"?- ?t:AE#Travelling, ?t[AE#hasOrigin->?d], ?d[AE#hasStreet->?s], ?s[label->?originStreetName], ?d[AE#hasCity->?c], ?c[label->?originCity], ?d[AE#hasState->?st], ?st[label->?originState], ?d[AE#hasZipcode->?originZipCode].","resultList":[{"result":[{"key":"?t","val":"VO_4a606976_f33b_48fc_bcb5_60a37de901cb_1503944959983_7"},{"key":"?d","val":"VO_4a606976_f33b_48fc_bcb5_60a37de901cb_1503944959983_3"},{"key":"?s","val":"NO_532e494d_1dcf_4dcb_97d3_f993bf52c188_1503944974695_id3"},{"key":"?originStreetName","val":"59 Strawberry Street"},{"key":"?c","val":"NO_532e494d_1dcf_4dcb_97d3_f993bf52c188_1503944974695_id9"},{"key":"?originCity","val":"San Diego"},{"key":"?st","val":"NO_532e494d_1dcf_4dcb_97d3_f993bf52c188_1503944974695_id11"},{"key":"?originState","val":"CA"},{"key":"?originZipCode","val":"92117"}]},{"result":[{"key":"?t","val":"VO_4a606976_f33b_48fc_bcb5_60a37de901cb_1503944959983_6"},{"key":"?d","val":"VO_4a606976_f33b_48fc_bcb5_60a37de901cb_1503944959983_8"},{"key":"?s","val":"NO_086c8141_43f0_44a4_8861_acc17f7048b8_1503944970271_id5"},{"key":"?originStreetName","val":"2790 Truxton Road"},{"key":"?c","val":"NO_086c8141_43f0_44a4_8861_acc17f7048b8_1503944970271_id11"},{"key":"?originCity","val":"San Diego"},{"key":"?st","val":"NO_086c8141_43f0_44a4_8861_acc17f7048b8_1503944970271_id13"},{"key":"?originState","val":"CA"},{"key":"?originZipCode","val":"92106"}]}]},{"query":"?- ?t:AE#Travelling, ?t[AE#hasPath->?p], ?p[AE#hasStartRegion->?s], ?s[AE#hasLatitude->?originLatitude], ?s[AE#hasLongitude->?originLongitude].","resultList":[{"result":[{"key":"?t","val":"VO_4a606976_f33b_48fc_bcb5_60a37de901cb_1503944959983_6"},{"key":"?p","val":"ES_c51fd65a_bdd1_4470_bd88_e20607a55e37_1503944986503_4"},{"key":"?s","val":"ES_c51fd65a_bdd1_4470_bd88_e20607a55e37_1503944986503_3"},{"key":"?originLatitude","val":"32.74051839275188058309140615165233612060546875"},{"key":"?originLongitude","val":"-117.2130215001728856805129908025264739990234375"}]}]},{"query":"?- ?t:AE#Travelling, ?t[AE#hasPath->?p], ?p[AE#hasEndRegion->?e], ?e[AE#hasLatitude->?destinationLatitude], ?e[AE#hasLongitude->?destinationLongitude].","resultList":[{"result":[{"key":"?t","val":"VO_4a606976_f33b_48fc_bcb5_60a37de901cb_1503944959983_6"},{"key":"?p","val":"ES_c51fd65a_bdd1_4470_bd88_e20607a55e37_1503944986503_4"},{"key":"?e","val":"ES_c51fd65a_bdd1_4470_bd88_e20607a55e37_1503944986503_1"},{"key":"?destinationLatitude","val":"32.69065721543023528283811174333095550537109375"},{"key":"?destinationLongitude","val":"-117.177253937492224622474168427288532257080078125"}]}]}]}
