{"dataList":[{"query":"?- ?v:AE#VATravelVoucher, ?v[AE#hasVoucherClaimant->?c], ?c[AE#hasName->?cn], ?cn[label->?claimantFullName].","resultList":[{"result":[{"key":"?v","val":"VO_483baf94_8e9b_4ccf_9308_fc8c68cf2949_1503943438907_0"},{"key":"?c","val":"VO_483baf94_8e9b_4ccf_9308_fc8c68cf2949_1503943438907_2"},{"key":"?cn","val":"NO_539619b3_32c6_4d9b_9284_0e32df997aa5_1503943449050_0"},{"key":"?claimantFullName","val":"Amy G. Qureshi"}]},{"result":[{"key":"?v","val":"VO_483baf94_8e9b_4ccf_9308_fc8c68cf2949_1503943438907_0"},{"key":"?c","val":"VO_483baf94_8e9b_4ccf_9308_fc8c68cf2949_1503943438907_2"},{"key":"?cn","val":"VO_483baf94_8e9b_4ccf_9308_fc8c68cf2949_1503943438907_1"},{"key":"?claimantFullName","val":"Amy G. Qureshi"}]}]},{"query":"?- ?v:AE#VATravelVoucher, ?v[AE#hasVoucherClaimant->?c], ?c[AE#hasName->?cn], ?cn[AE#hasFirstName->?claimantFirstName].","resultList":[{"result":[{"key":"?v","val":"VO_483baf94_8e9b_4ccf_9308_fc8c68cf2949_1503943438907_0"},{"key":"?c","val":"VO_483baf94_8e9b_4ccf_9308_fc8c68cf2949_1503943438907_2"},{"key":"?cn","val":"NO_539619b3_32c6_4d9b_9284_0e32df997aa5_1503943449050_0"},{"key":"?claimantFirstName","val":"amy"}]}]},{"query":"?- ?v:AE#VATravelVoucher, ?v[AE#hasVoucherClaimant->?c], ?c[AE#hasName->?cn], ?cn[AE#hasLastName->?claimantLastName].","resultList":[{"result":[{"key":"?v","val":"VO_483baf94_8e9b_4ccf_9308_fc8c68cf2949_1503943438907_0"},{"key":"?c","val":"VO_483baf94_8e9b_4ccf_9308_fc8c68cf2949_1503943438907_2"},{"key":"?cn","val":"NO_539619b3_32c6_4d9b_9284_0e32df997aa5_1503943449050_0"},{"key":"?claimantLastName","val":"qureshi"}]}]},{"query":"?- ?v:AE#VATravelVoucher, ?v[AE#hasVoucherClaimant->?c], ?c[AE#hasSocialSecurityNumber->?s], ?s[label->?claimantSsn].","resultList":[{"result":[{"key":"?v","val":"VO_483baf94_8e9b_4ccf_9308_fc8c68cf2949_1503943438907_0"},{"key":"?c","val":"VO_483baf94_8e9b_4ccf_9308_fc8c68cf2949_1503943438907_2"},{"key":"?s","val":"VO_483baf94_8e9b_4ccf_9308_fc8c68cf2949_1503943438907_12"},{"key":"?claimantSsn","val":"106-99-0170"}]}]},{"query":"?- ?v:AE#VATravelVoucher, ?v[AE#hasVoucherClaimant->?c], ?c[AE#hasLiens->?claimantHasLiens].","resultList":[{"result":[{"key":"?v","val":"VO_483baf94_8e9b_4ccf_9308_fc8c68cf2949_1503943438907_0"},{"key":"?c","val":"VO_483baf94_8e9b_4ccf_9308_fc8c68cf2949_1503943438907_2"},{"key":"?claimantHasLiens","val":"AE#NoLienReport"}]}]},{"query":"?- ?v:AE#VATravelVoucher, ?v[AE#hasVoucherClaimant->?c], ?c[AE#hasDeclaredBankruptcy->?claimantHasDeclaredBankruptcy].","resultList":[{"result":[{"key":"?v","val":"VO_483baf94_8e9b_4ccf_9308_fc8c68cf2949_1503943438907_0"},{"key":"?c","val":"VO_483baf94_8e9b_4ccf_9308_fc8c68cf2949_1503943438907_2"},{"key":"?claimantHasDeclaredBankruptcy","val":"AE#NoBankruptcyReport"}]}]},{"query":"?- ?v:AE#VATravelVoucher, ?v[AE#hasVoucherClaimant->?c], ?c[AE#hasArrestRecord->?claimantHasArrestRecord].","resultList":[{"result":[{"key":"?v","val":"VO_483baf94_8e9b_4ccf_9308_fc8c68cf2949_1503943438907_0"},{"key":"?c","val":"VO_483baf94_8e9b_4ccf_9308_fc8c68cf2949_1503943438907_2"},{"key":"?claimantHasArrestRecord","val":"AE#NoArrestRecord"}]}]},{"query":"?- ?v:AE#VATravelVoucher, ?v[AE#hasVoucherClaimant->?c], ?c[AE#hasCriminalRecord->?claimantHasCriminalRecord].","resultList":[{"result":[{"key":"?v","val":"VO_483baf94_8e9b_4ccf_9308_fc8c68cf2949_1503943438907_0"},{"key":"?c","val":"VO_483baf94_8e9b_4ccf_9308_fc8c68cf2949_1503943438907_2"},{"key":"?claimantHasCriminalRecord","val":"AE#NoCriminalRecord"}]}]},{"query":"?- ?v:AE#VATravelVoucher, ?v[AE#hasVoucherBeneficiary->?b], ?b[AE#hasName->?cn], ?cn[label->?beneficiaryFullName].","resultList":[{"result":[{"key":"?v","val":"VO_483baf94_8e9b_4ccf_9308_fc8c68cf2949_1503943438907_0"},{"key":"?b","val":"VO_483baf94_8e9b_4ccf_9308_fc8c68cf2949_1503943438907_11"},{"key":"?cn","val":"VO_483baf94_8e9b_4ccf_9308_fc8c68cf2949_1503943438907_10"},{"key":"?beneficiaryFullName","val":"Brandon W. Jacob"}]},{"result":[{"key":"?v","val":"VO_483baf94_8e9b_4ccf_9308_fc8c68cf2949_1503943438907_0"},{"key":"?b","val":"VO_483baf94_8e9b_4ccf_9308_fc8c68cf2949_1503943438907_11"},{"key":"?cn","val":"NO_69d5f60d_5d57_4cf8_bfb3_06e814e6a709_1503943446487_0"},{"key":"?beneficiaryFullName","val":"Brandon W. Jacob"}]}]},{"query":"?- ?v:AE#VATravelVoucher, ?v[AE#hasVoucherBeneficiary->?b], ?b[AE#hasName->?cn], ?cn[AE#hasFirstName->?beneficiaryFirstName].","resultList":[{"result":[{"key":"?v","val":"VO_483baf94_8e9b_4ccf_9308_fc8c68cf2949_1503943438907_0"},{"key":"?b","val":"VO_483baf94_8e9b_4ccf_9308_fc8c68cf2949_1503943438907_11"},{"key":"?cn","val":"NO_69d5f60d_5d57_4cf8_bfb3_06e814e6a709_1503943446487_0"},{"key":"?beneficiaryFirstName","val":"brandon"}]}]},{"query":"?- ?v:AE#VATravelVoucher, ?v[AE#hasVoucherBeneficiary->?b], ?b[AE#hasName->?cn], ?cn[AE#hasLastName->?beneficiaryLastName].","resultList":[{"result":[{"key":"?v","val":"VO_483baf94_8e9b_4ccf_9308_fc8c68cf2949_1503943438907_0"},{"key":"?b","val":"VO_483baf94_8e9b_4ccf_9308_fc8c68cf2949_1503943438907_11"},{"key":"?cn","val":"NO_69d5f60d_5d57_4cf8_bfb3_06e814e6a709_1503943446487_0"},{"key":"?beneficiaryLastName","val":"jacob"}]}]},{"query":"?- ?v:AE#VATravelVoucher, ?v[AE#hasVoucherBeneficiary->?b], ?b[AE#hasSocialSecurityNumber->?s], ?s[label->?beneficiarySsn].","resultList":[{"result":[{"key":"?v","val":"VO_483baf94_8e9b_4ccf_9308_fc8c68cf2949_1503943438907_0"},{"key":"?b","val":"VO_483baf94_8e9b_4ccf_9308_fc8c68cf2949_1503943438907_11"},{"key":"?s","val":"VO_483baf94_8e9b_4ccf_9308_fc8c68cf2949_1503943438907_9"},{"key":"?beneficiarySsn","val":"849-40-6621"}]}]},{"query":"?- ?v:AE#VATravelVoucher, ?v[AE#hasVoucherBeneficiary->?b], ?b[AE#hasLiens->?beneficiaryHasLiens].","resultList":[{"result":[{"key":"?v","val":"VO_483baf94_8e9b_4ccf_9308_fc8c68cf2949_1503943438907_0"},{"key":"?b","val":"VO_483baf94_8e9b_4ccf_9308_fc8c68cf2949_1503943438907_11"},{"key":"?beneficiaryHasLiens","val":"AE#UnknownLienReport"}]}]},{"query":"?- ?v:AE#VATravelVoucher, ?v[AE#hasVoucherBeneficiary->?b], ?b[AE#hasDeclaredBankruptcy->?beneficiaryHasDeclaredBankruptcy].","resultList":[{"result":[{"key":"?v","val":"VO_483baf94_8e9b_4ccf_9308_fc8c68cf2949_1503943438907_0"},{"key":"?b","val":"VO_483baf94_8e9b_4ccf_9308_fc8c68cf2949_1503943438907_11"},{"key":"?beneficiaryHasDeclaredBankruptcy","val":"AE#NoBankruptcyReport"}]}]},{"query":"?- ?v:AE#VATravelVoucher, ?v[AE#hasVoucherBeneficiary->?b], ?b[AE#hasArrestRecord->?beneficiaryHasArrestRecord].","resultList":[{"result":[{"key":"?v","val":"VO_483baf94_8e9b_4ccf_9308_fc8c68cf2949_1503943438907_0"},{"key":"?b","val":"VO_483baf94_8e9b_4ccf_9308_fc8c68cf2949_1503943438907_11"},{"key":"?beneficiaryHasArrestRecord","val":"AE#NoArrestRecord"}]}]},{"query":"?- ?v:AE#VATravelVoucher, ?v[AE#hasVoucherBeneficiary->?b], ?b[AE#hasCriminalRecord->?beneficiaryHasCriminalRecord].","resultList":[{"result":[{"key":"?v","val":"VO_483baf94_8e9b_4ccf_9308_fc8c68cf2949_1503943438907_0"},{"key":"?b","val":"VO_483baf94_8e9b_4ccf_9308_fc8c68cf2949_1503943438907_11"},{"key":"?beneficiaryHasCriminalRecord","val":"AE#NoCriminalRecord"}]}]},{"query":"?- ?t:AE#Travelling, ?t[AE#hasPath->?p], ?p[AE#hasDistance->?d], ?d[AE#numericValue->?expectedDistanceValue], ?d[AE#hasUnitOfMeasure->?unitOfDistanceMeasure].","resultList":[{"result":[{"key":"?t","val":"VO_483baf94_8e9b_4ccf_9308_fc8c68cf2949_1503943438907_6"},{"key":"?p","val":"ES_e90eb27f_efa9_4fcc_8a23_464921f367fc_1503943467301_4"},{"key":"?d","val":"ES_e90eb27f_efa9_4fcc_8a23_464921f367fc_1503943467301_0"},{"key":"?expectedDistanceValue","val":"5853.8570599697277430095709860324859619140625"},{"key":"?unitOfDistanceMeasure","val":"meters"}]}]},{"query":"?- ?t:AE#Travelling, ?t[AE#hasPath->?p], ?p[AE#hasExpectedTravelTime->?d], ?d[AE#numericValue->?expectedTimeValue], ?d[AE#hasUnitOfMeasure->?unitOfTimeMeasure].","resultList":[{"result":[{"key":"?t","val":"VO_483baf94_8e9b_4ccf_9308_fc8c68cf2949_1503943438907_6"},{"key":"?p","val":"ES_e90eb27f_efa9_4fcc_8a23_464921f367fc_1503943467301_4"},{"key":"?d","val":"ES_e90eb27f_efa9_4fcc_8a23_464921f367fc_1503943467301_2"},{"key":"?expectedTimeValue","val":"6.8226484232582151889801025390625"},{"key":"?unitOfTimeMeasure","val":"minutes"}]}]},{"query":"?- ?t:AE#Travelling, ?t[AE#hasDestination->?d], ?d[label->?destinationFullAddress].","resultList":[{"result":[{"key":"?t","val":"VO_483baf94_8e9b_4ccf_9308_fc8c68cf2949_1503943438907_7"},{"key":"?d","val":"VO_483baf94_8e9b_4ccf_9308_fc8c68cf2949_1503943438907_8"},{"key":"?destinationFullAddress","val":"2790 Truxton Road, Suite 130, San Diego, CA 92106"}]},{"result":[{"key":"?t","val":"VO_483baf94_8e9b_4ccf_9308_fc8c68cf2949_1503943438907_6"},{"key":"?d","val":"VO_483baf94_8e9b_4ccf_9308_fc8c68cf2949_1503943438907_5"},{"key":"?destinationFullAddress","val":"3862 Fifth Ave, San Diego, CA 92103"}]}]},{"query":"?- ?t:AE#Travelling, ?t[AE#hasDestination->?d], ?d[AE#hasStreet->?s], ?s[label->?destinationStreetName], ?d[AE#hasCity->?c], ?c[label->?destinationCity], ?d[AE#hasState->?st], ?st[label->?destinationState], ?d[AE#hasZipcode->?destinationZipCode].","resultList":[{"result":[{"key":"?t","val":"VO_483baf94_8e9b_4ccf_9308_fc8c68cf2949_1503943438907_7"},{"key":"?d","val":"VO_483baf94_8e9b_4ccf_9308_fc8c68cf2949_1503943438907_8"},{"key":"?s","val":"NO_bc4d22fc_e5fe_404e_9f69_279b7a85c6d5_1503943450964_id5"},{"key":"?destinationStreetName","val":"2790 Truxton Road"},{"key":"?c","val":"NO_bc4d22fc_e5fe_404e_9f69_279b7a85c6d5_1503943450964_id11"},{"key":"?destinationCity","val":"San Diego"},{"key":"?st","val":"NO_bc4d22fc_e5fe_404e_9f69_279b7a85c6d5_1503943450964_id13"},{"key":"?destinationState","val":"CA"},{"key":"?destinationZipCode","val":"92106"}]},{"result":[{"key":"?t","val":"VO_483baf94_8e9b_4ccf_9308_fc8c68cf2949_1503943438907_6"},{"key":"?d","val":"VO_483baf94_8e9b_4ccf_9308_fc8c68cf2949_1503943438907_5"},{"key":"?s","val":"NO_e23aebdf_16c0_4ad7_852c_e29433ad7669_1503943452872_id3"},{"key":"?destinationStreetName","val":"3862 Fifth Ave"},{"key":"?c","val":"NO_e23aebdf_16c0_4ad7_852c_e29433ad7669_1503943452872_id9"},{"key":"?destinationCity","val":"San Diego"},{"key":"?st","val":"NO_e23aebdf_16c0_4ad7_852c_e29433ad7669_1503943452872_id11"},{"key":"?destinationState","val":"CA"},{"key":"?destinationZipCode","val":"92103"}]}]},{"query":"?- ?t:AE#Travelling, ?t[AE#hasOrigin->?d], ?d[label->?originFullAddress].","resultList":[{"result":[{"key":"?t","val":"VO_483baf94_8e9b_4ccf_9308_fc8c68cf2949_1503943438907_7"},{"key":"?d","val":"VO_483baf94_8e9b_4ccf_9308_fc8c68cf2949_1503943438907_3"},{"key":"?originFullAddress","val":"3343 43rd St, San Diego, CA 92105"}]},{"result":[{"key":"?t","val":"VO_483baf94_8e9b_4ccf_9308_fc8c68cf2949_1503943438907_6"},{"key":"?d","val":"VO_483baf94_8e9b_4ccf_9308_fc8c68cf2949_1503943438907_8"},{"key":"?originFullAddress","val":"2790 Truxton Road, Suite 130, San Diego, CA 92106"}]}]},{"query":"?- ?t:AE#Travelling, ?t[AE#hasOrigin->?d], ?d[AE#hasStreet->?s], ?s[label->?originStreetName], ?d[AE#hasCity->?c], ?c[label->?originCity], ?d[AE#hasState->?st], ?st[label->?originState], ?d[AE#hasZipcode->?originZipCode].","resultList":[{"result":[{"key":"?t","val":"VO_483baf94_8e9b_4ccf_9308_fc8c68cf2949_1503943438907_7"},{"key":"?d","val":"VO_483baf94_8e9b_4ccf_9308_fc8c68cf2949_1503943438907_3"},{"key":"?s","val":"NO_bafecee7_0b15_457a_8227_aaca53c7aa83_1503943454851_id3"},{"key":"?originStreetName","val":"3343 43rd St"},{"key":"?c","val":"NO_bafecee7_0b15_457a_8227_aaca53c7aa83_1503943454851_id9"},{"key":"?originCity","val":"San Diego"},{"key":"?st","val":"NO_bafecee7_0b15_457a_8227_aaca53c7aa83_1503943454851_id11"},{"key":"?originState","val":"CA"},{"key":"?originZipCode","val":"92105"}]},{"result":[{"key":"?t","val":"VO_483baf94_8e9b_4ccf_9308_fc8c68cf2949_1503943438907_6"},{"key":"?d","val":"VO_483baf94_8e9b_4ccf_9308_fc8c68cf2949_1503943438907_8"},{"key":"?s","val":"NO_bc4d22fc_e5fe_404e_9f69_279b7a85c6d5_1503943450964_id5"},{"key":"?originStreetName","val":"2790 Truxton Road"},{"key":"?c","val":"NO_bc4d22fc_e5fe_404e_9f69_279b7a85c6d5_1503943450964_id11"},{"key":"?originCity","val":"San Diego"},{"key":"?st","val":"NO_bc4d22fc_e5fe_404e_9f69_279b7a85c6d5_1503943450964_id13"},{"key":"?originState","val":"CA"},{"key":"?originZipCode","val":"92106"}]}]},{"query":"?- ?t:AE#Travelling, ?t[AE#hasPath->?p], ?p[AE#hasStartRegion->?s], ?s[AE#hasLatitude->?originLatitude], ?s[AE#hasLongitude->?originLongitude].","resultList":[{"result":[{"key":"?t","val":"VO_483baf94_8e9b_4ccf_9308_fc8c68cf2949_1503943438907_6"},{"key":"?p","val":"ES_e90eb27f_efa9_4fcc_8a23_464921f367fc_1503943467301_4"},{"key":"?s","val":"ES_e90eb27f_efa9_4fcc_8a23_464921f367fc_1503943467301_3"},{"key":"?originLatitude","val":"32.74051839275188058309140615165233612060546875"},{"key":"?originLongitude","val":"-117.2130215001728856805129908025264739990234375"}]}]},{"query":"?- ?t:AE#Travelling, ?t[AE#hasPath->?p], ?p[AE#hasEndRegion->?e], ?e[AE#hasLatitude->?destinationLatitude], ?e[AE#hasLongitude->?destinationLongitude].","resultList":[{"result":[{"key":"?t","val":"VO_483baf94_8e9b_4ccf_9308_fc8c68cf2949_1503943438907_6"},{"key":"?p","val":"ES_e90eb27f_efa9_4fcc_8a23_464921f367fc_1503943467301_4"},{"key":"?e","val":"ES_e90eb27f_efa9_4fcc_8a23_464921f367fc_1503943467301_1"},{"key":"?destinationLatitude","val":"32.7480207171793011866611777804791927337646484375"},{"key":"?destinationLongitude","val":"-117.160464135610624225591891445219516754150390625"}]}]}]}
