{"dataList":[{"query":"?- ?v:AE#VATravelVoucher, ?v[AE#hasVoucherClaimant->?c], ?c[AE#hasName->?cn], ?cn[label->?claimantFullName].","resultList":[{"result":[{"key":"?v","val":"VO_4bec42d7_2acc_4797_8f83_f4459e3fb682_1503942369629_0"},{"key":"?c","val":"VO_4bec42d7_2acc_4797_8f83_f4459e3fb682_1503942369629_2"},{"key":"?cn","val":"NO_4ef4bedb_2271_4829_955e_ec6dcab1c255_1503942377080_0"},{"key":"?claimantFullName","val":"Christopher P. Harvey"}]},{"result":[{"key":"?v","val":"VO_4bec42d7_2acc_4797_8f83_f4459e3fb682_1503942369629_0"},{"key":"?c","val":"VO_4bec42d7_2acc_4797_8f83_f4459e3fb682_1503942369629_2"},{"key":"?cn","val":"VO_4bec42d7_2acc_4797_8f83_f4459e3fb682_1503942369629_1"},{"key":"?claimantFullName","val":"Christopher P. Harvey"}]}]},{"query":"?- ?v:AE#VATravelVoucher, ?v[AE#hasVoucherClaimant->?c], ?c[AE#hasName->?cn], ?cn[AE#hasFirstName->?claimantFirstName].","resultList":[{"result":[{"key":"?v","val":"VO_4bec42d7_2acc_4797_8f83_f4459e3fb682_1503942369629_0"},{"key":"?c","val":"VO_4bec42d7_2acc_4797_8f83_f4459e3fb682_1503942369629_2"},{"key":"?cn","val":"NO_4ef4bedb_2271_4829_955e_ec6dcab1c255_1503942377080_0"},{"key":"?claimantFirstName","val":"christopher"}]}]},{"query":"?- ?v:AE#VATravelVoucher, ?v[AE#hasVoucherClaimant->?c], ?c[AE#hasName->?cn], ?cn[AE#hasLastName->?claimantLastName].","resultList":[{"result":[{"key":"?v","val":"VO_4bec42d7_2acc_4797_8f83_f4459e3fb682_1503942369629_0"},{"key":"?c","val":"VO_4bec42d7_2acc_4797_8f83_f4459e3fb682_1503942369629_2"},{"key":"?cn","val":"NO_4ef4bedb_2271_4829_955e_ec6dcab1c255_1503942377080_0"},{"key":"?claimantLastName","val":"harvey"}]}]},{"query":"?- ?v:AE#VATravelVoucher, ?v[AE#hasVoucherClaimant->?c], ?c[AE#hasSocialSecurityNumber->?s], ?s[label->?claimantSsn].","resultList":[{"result":[{"key":"?v","val":"VO_4bec42d7_2acc_4797_8f83_f4459e3fb682_1503942369629_0"},{"key":"?c","val":"VO_4bec42d7_2acc_4797_8f83_f4459e3fb682_1503942369629_2"},{"key":"?s","val":"VO_4bec42d7_2acc_4797_8f83_f4459e3fb682_1503942369629_12"},{"key":"?claimantSsn","val":"682-87-8410"}]}]},{"query":"?- ?v:AE#VATravelVoucher, ?v[AE#hasVoucherClaimant->?c], ?c[AE#hasLiens->?claimantHasLiens].","resultList":[{"result":[{"key":"?v","val":"VO_4bec42d7_2acc_4797_8f83_f4459e3fb682_1503942369629_0"},{"key":"?c","val":"VO_4bec42d7_2acc_4797_8f83_f4459e3fb682_1503942369629_2"},{"key":"?claimantHasLiens","val":"AE#NoLienReport"}]}]},{"query":"?- ?v:AE#VATravelVoucher, ?v[AE#hasVoucherClaimant->?c], ?c[AE#hasDeclaredBankruptcy->?claimantHasDeclaredBankruptcy].","resultList":[{"result":[{"key":"?v","val":"VO_4bec42d7_2acc_4797_8f83_f4459e3fb682_1503942369629_0"},{"key":"?c","val":"VO_4bec42d7_2acc_4797_8f83_f4459e3fb682_1503942369629_2"},{"key":"?claimantHasDeclaredBankruptcy","val":"AE#NoBankruptcyReport"}]}]},{"query":"?- ?v:AE#VATravelVoucher, ?v[AE#hasVoucherClaimant->?c], ?c[AE#hasArrestRecord->?claimantHasArrestRecord].","resultList":[{"result":[{"key":"?v","val":"VO_4bec42d7_2acc_4797_8f83_f4459e3fb682_1503942369629_0"},{"key":"?c","val":"VO_4bec42d7_2acc_4797_8f83_f4459e3fb682_1503942369629_2"},{"key":"?claimantHasArrestRecord","val":"AE#NoArrestRecord"}]}]},{"query":"?- ?v:AE#VATravelVoucher, ?v[AE#hasVoucherClaimant->?c], ?c[AE#hasCriminalRecord->?claimantHasCriminalRecord].","resultList":[{"result":[{"key":"?v","val":"VO_4bec42d7_2acc_4797_8f83_f4459e3fb682_1503942369629_0"},{"key":"?c","val":"VO_4bec42d7_2acc_4797_8f83_f4459e3fb682_1503942369629_2"},{"key":"?claimantHasCriminalRecord","val":"AE#NoCriminalRecord"}]}]},{"query":"?- ?v:AE#VATravelVoucher, ?v[AE#hasVoucherBeneficiary->?b], ?b[AE#hasName->?cn], ?cn[label->?beneficiaryFullName].","resultList":[{"result":[{"key":"?v","val":"VO_4bec42d7_2acc_4797_8f83_f4459e3fb682_1503942369629_0"},{"key":"?b","val":"VO_4bec42d7_2acc_4797_8f83_f4459e3fb682_1503942369629_11"},{"key":"?cn","val":"VO_4bec42d7_2acc_4797_8f83_f4459e3fb682_1503942369629_10"},{"key":"?beneficiaryFullName","val":"Christopher P. Harvey"}]},{"result":[{"key":"?v","val":"VO_4bec42d7_2acc_4797_8f83_f4459e3fb682_1503942369629_0"},{"key":"?b","val":"VO_4bec42d7_2acc_4797_8f83_f4459e3fb682_1503942369629_11"},{"key":"?cn","val":"NO_f77e7efc_a637_4c58_8bad_e2f04c7a4792_1503942375252_0"},{"key":"?beneficiaryFullName","val":"Christopher P. Harvey"}]}]},{"query":"?- ?v:AE#VATravelVoucher, ?v[AE#hasVoucherBeneficiary->?b], ?b[AE#hasName->?cn], ?cn[AE#hasFirstName->?beneficiaryFirstName].","resultList":[{"result":[{"key":"?v","val":"VO_4bec42d7_2acc_4797_8f83_f4459e3fb682_1503942369629_0"},{"key":"?b","val":"VO_4bec42d7_2acc_4797_8f83_f4459e3fb682_1503942369629_11"},{"key":"?cn","val":"NO_f77e7efc_a637_4c58_8bad_e2f04c7a4792_1503942375252_0"},{"key":"?beneficiaryFirstName","val":"christopher"}]}]},{"query":"?- ?v:AE#VATravelVoucher, ?v[AE#hasVoucherBeneficiary->?b], ?b[AE#hasName->?cn], ?cn[AE#hasLastName->?beneficiaryLastName].","resultList":[{"result":[{"key":"?v","val":"VO_4bec42d7_2acc_4797_8f83_f4459e3fb682_1503942369629_0"},{"key":"?b","val":"VO_4bec42d7_2acc_4797_8f83_f4459e3fb682_1503942369629_11"},{"key":"?cn","val":"NO_f77e7efc_a637_4c58_8bad_e2f04c7a4792_1503942375252_0"},{"key":"?beneficiaryLastName","val":"harvey"}]}]},{"query":"?- ?v:AE#VATravelVoucher, ?v[AE#hasVoucherBeneficiary->?b], ?b[AE#hasSocialSecurityNumber->?s], ?s[label->?beneficiarySsn].","resultList":[{"result":[{"key":"?v","val":"VO_4bec42d7_2acc_4797_8f83_f4459e3fb682_1503942369629_0"},{"key":"?b","val":"VO_4bec42d7_2acc_4797_8f83_f4459e3fb682_1503942369629_11"},{"key":"?s","val":"VO_4bec42d7_2acc_4797_8f83_f4459e3fb682_1503942369629_9"},{"key":"?beneficiarySsn","val":"682-87-8410"}]}]},{"query":"?- ?v:AE#VATravelVoucher, ?v[AE#hasVoucherBeneficiary->?b], ?b[AE#hasLiens->?beneficiaryHasLiens].","resultList":[{"result":[{"key":"?v","val":"VO_4bec42d7_2acc_4797_8f83_f4459e3fb682_1503942369629_0"},{"key":"?b","val":"VO_4bec42d7_2acc_4797_8f83_f4459e3fb682_1503942369629_11"},{"key":"?beneficiaryHasLiens","val":"AE#NoLienReport"}]}]},{"query":"?- ?v:AE#VATravelVoucher, ?v[AE#hasVoucherBeneficiary->?b], ?b[AE#hasDeclaredBankruptcy->?beneficiaryHasDeclaredBankruptcy].","resultList":[{"result":[{"key":"?v","val":"VO_4bec42d7_2acc_4797_8f83_f4459e3fb682_1503942369629_0"},{"key":"?b","val":"VO_4bec42d7_2acc_4797_8f83_f4459e3fb682_1503942369629_11"},{"key":"?beneficiaryHasDeclaredBankruptcy","val":"AE#NoBankruptcyReport"}]}]},{"query":"?- ?v:AE#VATravelVoucher, ?v[AE#hasVoucherBeneficiary->?b], ?b[AE#hasArrestRecord->?beneficiaryHasArrestRecord].","resultList":[{"result":[{"key":"?v","val":"VO_4bec42d7_2acc_4797_8f83_f4459e3fb682_1503942369629_0"},{"key":"?b","val":"VO_4bec42d7_2acc_4797_8f83_f4459e3fb682_1503942369629_11"},{"key":"?beneficiaryHasArrestRecord","val":"AE#NoArrestRecord"}]}]},{"query":"?- ?v:AE#VATravelVoucher, ?v[AE#hasVoucherBeneficiary->?b], ?b[AE#hasCriminalRecord->?beneficiaryHasCriminalRecord].","resultList":[{"result":[{"key":"?v","val":"VO_4bec42d7_2acc_4797_8f83_f4459e3fb682_1503942369629_0"},{"key":"?b","val":"VO_4bec42d7_2acc_4797_8f83_f4459e3fb682_1503942369629_11"},{"key":"?beneficiaryHasCriminalRecord","val":"AE#NoCriminalRecord"}]}]},{"query":"?- ?t:AE#Travelling, ?t[AE#hasPath->?p], ?p[AE#hasDistance->?d], ?d[AE#numericValue->?expectedDistanceValue], ?d[AE#hasUnitOfMeasure->?unitOfDistanceMeasure].","resultList":[{"result":[{"key":"?t","val":"VO_4bec42d7_2acc_4797_8f83_f4459e3fb682_1503942369629_6"},{"key":"?p","val":"ES_140de7d7_a247_4d7e_a579_4a608efc82a3_1503942394939_4"},{"key":"?d","val":"ES_140de7d7_a247_4d7e_a579_4a608efc82a3_1503942394939_0"},{"key":"?expectedDistanceValue","val":"7126.693902145643733092583715915679931640625"},{"key":"?unitOfDistanceMeasure","val":"meters"}]}]},{"query":"?- ?t:AE#Travelling, ?t[AE#hasPath->?p], ?p[AE#hasExpectedTravelTime->?d], ?d[AE#numericValue->?expectedTimeValue], ?d[AE#hasUnitOfMeasure->?unitOfTimeMeasure].","resultList":[{"result":[{"key":"?t","val":"VO_4bec42d7_2acc_4797_8f83_f4459e3fb682_1503942369629_6"},{"key":"?p","val":"ES_140de7d7_a247_4d7e_a579_4a608efc82a3_1503942394939_4"},{"key":"?d","val":"ES_140de7d7_a247_4d7e_a579_4a608efc82a3_1503942394939_2"},{"key":"?expectedTimeValue","val":"10.4162430181168019771575927734375"},{"key":"?unitOfTimeMeasure","val":"minutes"}]}]},{"query":"?- ?t:AE#Travelling, ?t[AE#hasDestination->?d], ?d[label->?destinationFullAddress].","resultList":[{"result":[{"key":"?t","val":"VO_4bec42d7_2acc_4797_8f83_f4459e3fb682_1503942369629_7"},{"key":"?d","val":"VO_4bec42d7_2acc_4797_8f83_f4459e3fb682_1503942369629_8"},{"key":"?destinationFullAddress","val":"2790 Truxton Road, Suite 130, San Diego, CA 92106"}]},{"result":[{"key":"?t","val":"VO_4bec42d7_2acc_4797_8f83_f4459e3fb682_1503942369629_6"},{"key":"?d","val":"VO_4bec42d7_2acc_4797_8f83_f4459e3fb682_1503942369629_5"},{"key":"?destinationFullAddress","val":"2135 Burgener Blvd, San Diego, CA 92110"}]}]},{"query":"?- ?t:AE#Travelling, ?t[AE#hasDestination->?d], ?d[AE#hasStreet->?s], ?s[label->?destinationStreetName], ?d[AE#hasCity->?c], ?c[label->?destinationCity], ?d[AE#hasState->?st], ?st[label->?destinationState], ?d[AE#hasZipcode->?destinationZipCode].","resultList":[{"result":[{"key":"?t","val":"VO_4bec42d7_2acc_4797_8f83_f4459e3fb682_1503942369629_7"},{"key":"?d","val":"VO_4bec42d7_2acc_4797_8f83_f4459e3fb682_1503942369629_8"},{"key":"?s","val":"NO_fd049aa6_3cfa_4344_af3c_f985ee4f6601_1503942378985_id5"},{"key":"?destinationStreetName","val":"2790 Truxton Road"},{"key":"?c","val":"NO_fd049aa6_3cfa_4344_af3c_f985ee4f6601_1503942378985_id11"},{"key":"?destinationCity","val":"San Diego"},{"key":"?st","val":"NO_fd049aa6_3cfa_4344_af3c_f985ee4f6601_1503942378985_id13"},{"key":"?destinationState","val":"CA"},{"key":"?destinationZipCode","val":"92106"}]},{"result":[{"key":"?t","val":"VO_4bec42d7_2acc_4797_8f83_f4459e3fb682_1503942369629_6"},{"key":"?d","val":"VO_4bec42d7_2acc_4797_8f83_f4459e3fb682_1503942369629_5"},{"key":"?s","val":"NO_31784ccb_2ec8_4f52_8df2_9364a0eac6b3_1503942380885_id3"},{"key":"?destinationStreetName","val":"2135 Burgener Blvd"},{"key":"?c","val":"NO_31784ccb_2ec8_4f52_8df2_9364a0eac6b3_1503942380885_id9"},{"key":"?destinationCity","val":"San Diego"},{"key":"?st","val":"NO_31784ccb_2ec8_4f52_8df2_9364a0eac6b3_1503942380885_id11"},{"key":"?destinationState","val":"CA"},{"key":"?destinationZipCode","val":"92110"}]}]},{"query":"?- ?t:AE#Travelling, ?t[AE#hasOrigin->?d], ?d[label->?originFullAddress].","resultList":[{"result":[{"key":"?t","val":"VO_4bec42d7_2acc_4797_8f83_f4459e3fb682_1503942369629_7"},{"key":"?d","val":"VO_4bec42d7_2acc_4797_8f83_f4459e3fb682_1503942369629_3"},{"key":"?originFullAddress","val":"2135 Burgener Blvd, San Diego, CA 92110"}]},{"result":[{"key":"?t","val":"VO_4bec42d7_2acc_4797_8f83_f4459e3fb682_1503942369629_6"},{"key":"?d","val":"VO_4bec42d7_2acc_4797_8f83_f4459e3fb682_1503942369629_8"},{"key":"?originFullAddress","val":"2790 Truxton Road, Suite 130, San Diego, CA 92106"}]}]},{"query":"?- ?t:AE#Travelling, ?t[AE#hasOrigin->?d], ?d[AE#hasStreet->?s], ?s[label->?originStreetName], ?d[AE#hasCity->?c], ?c[label->?originCity], ?d[AE#hasState->?st], ?st[label->?originState], ?d[AE#hasZipcode->?originZipCode].","resultList":[{"result":[{"key":"?t","val":"VO_4bec42d7_2acc_4797_8f83_f4459e3fb682_1503942369629_7"},{"key":"?d","val":"VO_4bec42d7_2acc_4797_8f83_f4459e3fb682_1503942369629_3"},{"key":"?s","val":"NO_091a7134_11ce_445b_8463_9beef84278da_1503942382902_id3"},{"key":"?originStreetName","val":"2135 Burgener Blvd"},{"key":"?c","val":"NO_091a7134_11ce_445b_8463_9beef84278da_1503942382902_id9"},{"key":"?originCity","val":"San Diego"},{"key":"?st","val":"NO_091a7134_11ce_445b_8463_9beef84278da_1503942382902_id11"},{"key":"?originState","val":"CA"},{"key":"?originZipCode","val":"92110"}]},{"result":[{"key":"?t","val":"VO_4bec42d7_2acc_4797_8f83_f4459e3fb682_1503942369629_6"},{"key":"?d","val":"VO_4bec42d7_2acc_4797_8f83_f4459e3fb682_1503942369629_8"},{"key":"?s","val":"NO_fd049aa6_3cfa_4344_af3c_f985ee4f6601_1503942378985_id5"},{"key":"?originStreetName","val":"2790 Truxton Road"},{"key":"?c","val":"NO_fd049aa6_3cfa_4344_af3c_f985ee4f6601_1503942378985_id11"},{"key":"?originCity","val":"San Diego"},{"key":"?st","val":"NO_fd049aa6_3cfa_4344_af3c_f985ee4f6601_1503942378985_id13"},{"key":"?originState","val":"CA"},{"key":"?originZipCode","val":"92106"}]}]},{"query":"?- ?t:AE#Travelling, ?t[AE#hasPath->?p], ?p[AE#hasStartRegion->?s], ?s[AE#hasLatitude->?originLatitude], ?s[AE#hasLongitude->?originLongitude].","resultList":[{"result":[{"key":"?t","val":"VO_4bec42d7_2acc_4797_8f83_f4459e3fb682_1503942369629_6"},{"key":"?p","val":"ES_140de7d7_a247_4d7e_a579_4a608efc82a3_1503942394939_4"},{"key":"?s","val":"ES_140de7d7_a247_4d7e_a579_4a608efc82a3_1503942394939_3"},{"key":"?originLatitude","val":"32.74051839275188058309140615165233612060546875"},{"key":"?originLongitude","val":"-117.2130215001728856805129908025264739990234375"}]}]},{"query":"?- ?t:AE#Travelling, ?t[AE#hasPath->?p], ?p[AE#hasEndRegion->?e], ?e[AE#hasLatitude->?destinationLatitude], ?e[AE#hasLongitude->?destinationLongitude].","resultList":[{"result":[{"key":"?t","val":"VO_4bec42d7_2acc_4797_8f83_f4459e3fb682_1503942369629_6"},{"key":"?p","val":"ES_140de7d7_a247_4d7e_a579_4a608efc82a3_1503942394939_4"},{"key":"?e","val":"ES_140de7d7_a247_4d7e_a579_4a608efc82a3_1503942394939_1"},{"key":"?destinationLatitude","val":"32.78080859645674394187153666280210018157958984375"},{"key":"?destinationLongitude","val":"-117.1882738674477906215543043799698352813720703125"}]}]}]}
