{"dataList":[{"query":"?- ?v:AE#VATravelVoucher, ?v[AE#hasVoucherClaimant->?c], ?c[AE#hasName->?cn], ?cn[label->?claimantFullName].","resultList":[{"result":[{"key":"?v","val":"VO_4f551dc3_fe8f_4c52_bcde_9ad1dd26b0c5_1503939009191_0"},{"key":"?c","val":"VO_4f551dc3_fe8f_4c52_bcde_9ad1dd26b0c5_1503939009191_2"},{"key":"?cn","val":"NO_671f920e_2cd7_46d9_ae0d_a3667eb56ac5_1503939016968_0"},{"key":"?claimantFullName","val":"Jessica Beryl Browning"}]},{"result":[{"key":"?v","val":"VO_4f551dc3_fe8f_4c52_bcde_9ad1dd26b0c5_1503939009191_0"},{"key":"?c","val":"VO_4f551dc3_fe8f_4c52_bcde_9ad1dd26b0c5_1503939009191_2"},{"key":"?cn","val":"VO_4f551dc3_fe8f_4c52_bcde_9ad1dd26b0c5_1503939009191_1"},{"key":"?claimantFullName","val":"Jessica Beryl Browning"}]}]},{"query":"?- ?v:AE#VATravelVoucher, ?v[AE#hasVoucherClaimant->?c], ?c[AE#hasName->?cn], ?cn[AE#hasFirstName->?claimantFirstName].","resultList":[{"result":[{"key":"?v","val":"VO_4f551dc3_fe8f_4c52_bcde_9ad1dd26b0c5_1503939009191_0"},{"key":"?c","val":"VO_4f551dc3_fe8f_4c52_bcde_9ad1dd26b0c5_1503939009191_2"},{"key":"?cn","val":"NO_671f920e_2cd7_46d9_ae0d_a3667eb56ac5_1503939016968_0"},{"key":"?claimantFirstName","val":"jessica"}]}]},{"query":"?- ?v:AE#VATravelVoucher, ?v[AE#hasVoucherClaimant->?c], ?c[AE#hasName->?cn], ?cn[AE#hasLastName->?claimantLastName].","resultList":[{"result":[{"key":"?v","val":"VO_4f551dc3_fe8f_4c52_bcde_9ad1dd26b0c5_1503939009191_0"},{"key":"?c","val":"VO_4f551dc3_fe8f_4c52_bcde_9ad1dd26b0c5_1503939009191_2"},{"key":"?cn","val":"NO_671f920e_2cd7_46d9_ae0d_a3667eb56ac5_1503939016968_0"},{"key":"?claimantLastName","val":"browning"}]}]},{"query":"?- ?v:AE#VATravelVoucher, ?v[AE#hasVoucherClaimant->?c], ?c[AE#hasSocialSecurityNumber->?s], ?s[label->?claimantSsn].","resultList":[{"result":[{"key":"?v","val":"VO_4f551dc3_fe8f_4c52_bcde_9ad1dd26b0c5_1503939009191_0"},{"key":"?c","val":"VO_4f551dc3_fe8f_4c52_bcde_9ad1dd26b0c5_1503939009191_2"},{"key":"?s","val":"VO_4f551dc3_fe8f_4c52_bcde_9ad1dd26b0c5_1503939009191_12"},{"key":"?claimantSsn","val":"301-27-6586"}]}]},{"query":"?- ?v:AE#VATravelVoucher, ?v[AE#hasVoucherClaimant->?c], ?c[AE#hasLiens->?claimantHasLiens].","resultList":[{"result":[{"key":"?v","val":"VO_4f551dc3_fe8f_4c52_bcde_9ad1dd26b0c5_1503939009191_0"},{"key":"?c","val":"VO_4f551dc3_fe8f_4c52_bcde_9ad1dd26b0c5_1503939009191_2"},{"key":"?claimantHasLiens","val":"AE#NoLienReport"}]}]},{"query":"?- ?v:AE#VATravelVoucher, ?v[AE#hasVoucherClaimant->?c], ?c[AE#hasDeclaredBankruptcy->?claimantHasDeclaredBankruptcy].","resultList":[{"result":[{"key":"?v","val":"VO_4f551dc3_fe8f_4c52_bcde_9ad1dd26b0c5_1503939009191_0"},{"key":"?c","val":"VO_4f551dc3_fe8f_4c52_bcde_9ad1dd26b0c5_1503939009191_2"},{"key":"?claimantHasDeclaredBankruptcy","val":"AE#NoBankruptcyReport"}]}]},{"query":"?- ?v:AE#VATravelVoucher, ?v[AE#hasVoucherClaimant->?c], ?c[AE#hasArrestRecord->?claimantHasArrestRecord].","resultList":[{"result":[{"key":"?v","val":"VO_4f551dc3_fe8f_4c52_bcde_9ad1dd26b0c5_1503939009191_0"},{"key":"?c","val":"VO_4f551dc3_fe8f_4c52_bcde_9ad1dd26b0c5_1503939009191_2"},{"key":"?claimantHasArrestRecord","val":"AE#NoArrestRecord"}]}]},{"query":"?- ?v:AE#VATravelVoucher, ?v[AE#hasVoucherClaimant->?c], ?c[AE#hasCriminalRecord->?claimantHasCriminalRecord].","resultList":[{"result":[{"key":"?v","val":"VO_4f551dc3_fe8f_4c52_bcde_9ad1dd26b0c5_1503939009191_0"},{"key":"?c","val":"VO_4f551dc3_fe8f_4c52_bcde_9ad1dd26b0c5_1503939009191_2"},{"key":"?claimantHasCriminalRecord","val":"AE#NoCriminalRecord"}]}]},{"query":"?- ?v:AE#VATravelVoucher, ?v[AE#hasVoucherBeneficiary->?b], ?b[AE#hasName->?cn], ?cn[label->?beneficiaryFullName].","resultList":[{"result":[{"key":"?v","val":"VO_4f551dc3_fe8f_4c52_bcde_9ad1dd26b0c5_1503939009191_0"},{"key":"?b","val":"VO_4f551dc3_fe8f_4c52_bcde_9ad1dd26b0c5_1503939009191_11"},{"key":"?cn","val":"VO_4f551dc3_fe8f_4c52_bcde_9ad1dd26b0c5_1503939009191_10"},{"key":"?beneficiaryFullName","val":"Andrew B. Somerset"}]},{"result":[{"key":"?v","val":"VO_4f551dc3_fe8f_4c52_bcde_9ad1dd26b0c5_1503939009191_0"},{"key":"?b","val":"VO_4f551dc3_fe8f_4c52_bcde_9ad1dd26b0c5_1503939009191_11"},{"key":"?cn","val":"NO_bfa4d3a3_0ef2_442c_aa52_b276653549b5_1503939014857_0"},{"key":"?beneficiaryFullName","val":"Andrew B. Somerset"}]}]},{"query":"?- ?v:AE#VATravelVoucher, ?v[AE#hasVoucherBeneficiary->?b], ?b[AE#hasName->?cn], ?cn[AE#hasFirstName->?beneficiaryFirstName].","resultList":[{"result":[{"key":"?v","val":"VO_4f551dc3_fe8f_4c52_bcde_9ad1dd26b0c5_1503939009191_0"},{"key":"?b","val":"VO_4f551dc3_fe8f_4c52_bcde_9ad1dd26b0c5_1503939009191_11"},{"key":"?cn","val":"NO_bfa4d3a3_0ef2_442c_aa52_b276653549b5_1503939014857_0"},{"key":"?beneficiaryFirstName","val":"andrew"}]}]},{"query":"?- ?v:AE#VATravelVoucher, ?v[AE#hasVoucherBeneficiary->?b], ?b[AE#hasName->?cn], ?cn[AE#hasLastName->?beneficiaryLastName].","resultList":[{"result":[{"key":"?v","val":"VO_4f551dc3_fe8f_4c52_bcde_9ad1dd26b0c5_1503939009191_0"},{"key":"?b","val":"VO_4f551dc3_fe8f_4c52_bcde_9ad1dd26b0c5_1503939009191_11"},{"key":"?cn","val":"NO_bfa4d3a3_0ef2_442c_aa52_b276653549b5_1503939014857_0"},{"key":"?beneficiaryLastName","val":"somerset"}]}]},{"query":"?- ?v:AE#VATravelVoucher, ?v[AE#hasVoucherBeneficiary->?b], ?b[AE#hasSocialSecurityNumber->?s], ?s[label->?beneficiarySsn].","resultList":[{"result":[{"key":"?v","val":"VO_4f551dc3_fe8f_4c52_bcde_9ad1dd26b0c5_1503939009191_0"},{"key":"?b","val":"VO_4f551dc3_fe8f_4c52_bcde_9ad1dd26b0c5_1503939009191_11"},{"key":"?s","val":"VO_4f551dc3_fe8f_4c52_bcde_9ad1dd26b0c5_1503939009191_9"},{"key":"?beneficiarySsn","val":"834-35-1500"}]}]},{"query":"?- ?v:AE#VATravelVoucher, ?v[AE#hasVoucherBeneficiary->?b], ?b[AE#hasLiens->?beneficiaryHasLiens].","resultList":[{"result":[{"key":"?v","val":"VO_4f551dc3_fe8f_4c52_bcde_9ad1dd26b0c5_1503939009191_0"},{"key":"?b","val":"VO_4f551dc3_fe8f_4c52_bcde_9ad1dd26b0c5_1503939009191_11"},{"key":"?beneficiaryHasLiens","val":"AE#UnknownLienReport"}]}]},{"query":"?- ?v:AE#VATravelVoucher, ?v[AE#hasVoucherBeneficiary->?b], ?b[AE#hasDeclaredBankruptcy->?beneficiaryHasDeclaredBankruptcy].","resultList":[{"result":[{"key":"?v","val":"VO_4f551dc3_fe8f_4c52_bcde_9ad1dd26b0c5_1503939009191_0"},{"key":"?b","val":"VO_4f551dc3_fe8f_4c52_bcde_9ad1dd26b0c5_1503939009191_11"},{"key":"?beneficiaryHasDeclaredBankruptcy","val":"AE#NoBankruptcyReport"}]}]},{"query":"?- ?v:AE#VATravelVoucher, ?v[AE#hasVoucherBeneficiary->?b], ?b[AE#hasArrestRecord->?beneficiaryHasArrestRecord].","resultList":[{"result":[{"key":"?v","val":"VO_4f551dc3_fe8f_4c52_bcde_9ad1dd26b0c5_1503939009191_0"},{"key":"?b","val":"VO_4f551dc3_fe8f_4c52_bcde_9ad1dd26b0c5_1503939009191_11"},{"key":"?beneficiaryHasArrestRecord","val":"AE#NoArrestRecord"}]}]},{"query":"?- ?v:AE#VATravelVoucher, ?v[AE#hasVoucherBeneficiary->?b], ?b[AE#hasCriminalRecord->?beneficiaryHasCriminalRecord].","resultList":[{"result":[{"key":"?v","val":"VO_4f551dc3_fe8f_4c52_bcde_9ad1dd26b0c5_1503939009191_0"},{"key":"?b","val":"VO_4f551dc3_fe8f_4c52_bcde_9ad1dd26b0c5_1503939009191_11"},{"key":"?beneficiaryHasCriminalRecord","val":"AE#NoCriminalRecord"}]}]},{"query":"?- ?t:AE#Travelling, ?t[AE#hasPath->?p], ?p[AE#hasDistance->?d], ?d[AE#numericValue->?expectedDistanceValue], ?d[AE#hasUnitOfMeasure->?unitOfDistanceMeasure].","resultList":[{"result":[{"key":"?t","val":"VO_4f551dc3_fe8f_4c52_bcde_9ad1dd26b0c5_1503939009191_6"},{"key":"?p","val":"ES_9d477bed_ee7f_45fa_84d8_64dc41fa46f6_1503939035571_4"},{"key":"?d","val":"ES_9d477bed_ee7f_45fa_84d8_64dc41fa46f6_1503939035571_0"},{"key":"?expectedDistanceValue","val":"20280.4003677915898151695728302001953125"},{"key":"?unitOfDistanceMeasure","val":"meters"}]}]},{"query":"?- ?t:AE#Travelling, ?t[AE#hasPath->?p], ?p[AE#hasExpectedTravelTime->?d], ?d[AE#numericValue->?expectedTimeValue], ?d[AE#hasUnitOfMeasure->?unitOfTimeMeasure].","resultList":[{"result":[{"key":"?t","val":"VO_4f551dc3_fe8f_4c52_bcde_9ad1dd26b0c5_1503939009191_6"},{"key":"?p","val":"ES_9d477bed_ee7f_45fa_84d8_64dc41fa46f6_1503939035571_4"},{"key":"?d","val":"ES_9d477bed_ee7f_45fa_84d8_64dc41fa46f6_1503939035571_2"},{"key":"?expectedTimeValue","val":"15.09631057851947844028472900390625"},{"key":"?unitOfTimeMeasure","val":"minutes"}]}]},{"query":"?- ?t:AE#Travelling, ?t[AE#hasDestination->?d], ?d[label->?destinationFullAddress].","resultList":[{"result":[{"key":"?t","val":"VO_4f551dc3_fe8f_4c52_bcde_9ad1dd26b0c5_1503939009191_7"},{"key":"?d","val":"VO_4f551dc3_fe8f_4c52_bcde_9ad1dd26b0c5_1503939009191_8"},{"key":"?destinationFullAddress","val":"2790 Truxton Road, Suite 130, San Diego, CA 92106"}]},{"result":[{"key":"?t","val":"VO_4f551dc3_fe8f_4c52_bcde_9ad1dd26b0c5_1503939009191_6"},{"key":"?d","val":"VO_4f551dc3_fe8f_4c52_bcde_9ad1dd26b0c5_1503939009191_5"},{"key":"?destinationFullAddress","val":"278 Mountainview Drive San Diego, CA 92126"}]}]},{"query":"?- ?t:AE#Travelling, ?t[AE#hasDestination->?d], ?d[AE#hasStreet->?s], ?s[label->?destinationStreetName], ?d[AE#hasCity->?c], ?c[label->?destinationCity], ?d[AE#hasState->?st], ?st[label->?destinationState], ?d[AE#hasZipcode->?destinationZipCode].","resultList":[{"result":[{"key":"?t","val":"VO_4f551dc3_fe8f_4c52_bcde_9ad1dd26b0c5_1503939009191_7"},{"key":"?d","val":"VO_4f551dc3_fe8f_4c52_bcde_9ad1dd26b0c5_1503939009191_8"},{"key":"?s","val":"NO_bec38d8a_e2d7_4697_a5c3_e375d0b72097_1503939019044_id5"},{"key":"?destinationStreetName","val":"2790 Truxton Road"},{"key":"?c","val":"NO_bec38d8a_e2d7_4697_a5c3_e375d0b72097_1503939019044_id11"},{"key":"?destinationCity","val":"San Diego"},{"key":"?st","val":"NO_bec38d8a_e2d7_4697_a5c3_e375d0b72097_1503939019044_id13"},{"key":"?destinationState","val":"CA"},{"key":"?destinationZipCode","val":"92106"}]},{"result":[{"key":"?t","val":"VO_4f551dc3_fe8f_4c52_bcde_9ad1dd26b0c5_1503939009191_6"},{"key":"?d","val":"VO_4f551dc3_fe8f_4c52_bcde_9ad1dd26b0c5_1503939009191_5"},{"key":"?s","val":"NO_57944737_422a_47d2_af33_f1c8702b9610_1503939020996_id3"},{"key":"?destinationStreetName","val":"278 Mountainview Drive"},{"key":"?c","val":"NO_57944737_422a_47d2_af33_f1c8702b9610_1503939020996_id9"},{"key":"?destinationCity","val":"San Diego"},{"key":"?st","val":"NO_57944737_422a_47d2_af33_f1c8702b9610_1503939020996_id11"},{"key":"?destinationState","val":"CA"},{"key":"?destinationZipCode","val":"92126"}]}]},{"query":"?- ?t:AE#Travelling, ?t[AE#hasOrigin->?d], ?d[label->?originFullAddress].","resultList":[{"result":[{"key":"?t","val":"VO_4f551dc3_fe8f_4c52_bcde_9ad1dd26b0c5_1503939009191_7"},{"key":"?d","val":"VO_4f551dc3_fe8f_4c52_bcde_9ad1dd26b0c5_1503939009191_3"},{"key":"?originFullAddress","val":"278 Mountainview Drive San Diego, CA 92126"}]},{"result":[{"key":"?t","val":"VO_4f551dc3_fe8f_4c52_bcde_9ad1dd26b0c5_1503939009191_6"},{"key":"?d","val":"VO_4f551dc3_fe8f_4c52_bcde_9ad1dd26b0c5_1503939009191_8"},{"key":"?originFullAddress","val":"2790 Truxton Road, Suite 130, San Diego, CA 92106"}]}]},{"query":"?- ?t:AE#Travelling, ?t[AE#hasOrigin->?d], ?d[AE#hasStreet->?s], ?s[label->?originStreetName], ?d[AE#hasCity->?c], ?c[label->?originCity], ?d[AE#hasState->?st], ?st[label->?originState], ?d[AE#hasZipcode->?originZipCode].","resultList":[{"result":[{"key":"?t","val":"VO_4f551dc3_fe8f_4c52_bcde_9ad1dd26b0c5_1503939009191_7"},{"key":"?d","val":"VO_4f551dc3_fe8f_4c52_bcde_9ad1dd26b0c5_1503939009191_3"},{"key":"?s","val":"NO_5c81dba2_378f_4fe8_be51_792734d03958_1503939022956_id3"},{"key":"?originStreetName","val":"278 Mountainview Drive"},{"key":"?c","val":"NO_5c81dba2_378f_4fe8_be51_792734d03958_1503939022956_id9"},{"key":"?originCity","val":"San Diego"},{"key":"?st","val":"NO_5c81dba2_378f_4fe8_be51_792734d03958_1503939022956_id11"},{"key":"?originState","val":"CA"},{"key":"?originZipCode","val":"92126"}]},{"result":[{"key":"?t","val":"VO_4f551dc3_fe8f_4c52_bcde_9ad1dd26b0c5_1503939009191_6"},{"key":"?d","val":"VO_4f551dc3_fe8f_4c52_bcde_9ad1dd26b0c5_1503939009191_8"},{"key":"?s","val":"NO_bec38d8a_e2d7_4697_a5c3_e375d0b72097_1503939019044_id5"},{"key":"?originStreetName","val":"2790 Truxton Road"},{"key":"?c","val":"NO_bec38d8a_e2d7_4697_a5c3_e375d0b72097_1503939019044_id11"},{"key":"?originCity","val":"San Diego"},{"key":"?st","val":"NO_bec38d8a_e2d7_4697_a5c3_e375d0b72097_1503939019044_id13"},{"key":"?originState","val":"CA"},{"key":"?originZipCode","val":"92106"}]}]},{"query":"?- ?t:AE#Travelling, ?t[AE#hasPath->?p], ?p[AE#hasStartRegion->?s], ?s[AE#hasLatitude->?originLatitude], ?s[AE#hasLongitude->?originLongitude].","resultList":[{"result":[{"key":"?t","val":"VO_4f551dc3_fe8f_4c52_bcde_9ad1dd26b0c5_1503939009191_6"},{"key":"?p","val":"ES_9d477bed_ee7f_45fa_84d8_64dc41fa46f6_1503939035571_4"},{"key":"?s","val":"ES_9d477bed_ee7f_45fa_84d8_64dc41fa46f6_1503939035571_3"},{"key":"?originLatitude","val":"32.74051839275188058309140615165233612060546875"},{"key":"?originLongitude","val":"-117.2130215001728856805129908025264739990234375"}]}]},{"query":"?- ?t:AE#Travelling, ?t[AE#hasPath->?p], ?p[AE#hasEndRegion->?e], ?e[AE#hasLatitude->?destinationLatitude], ?e[AE#hasLongitude->?destinationLongitude].","resultList":[{"result":[{"key":"?t","val":"VO_4f551dc3_fe8f_4c52_bcde_9ad1dd26b0c5_1503939009191_6"},{"key":"?p","val":"ES_9d477bed_ee7f_45fa_84d8_64dc41fa46f6_1503939035571_4"},{"key":"?e","val":"ES_9d477bed_ee7f_45fa_84d8_64dc41fa46f6_1503939035571_1"},{"key":"?destinationLatitude","val":"32.6483734927119115809546201489865779876708984375"},{"key":"?destinationLongitude","val":"-117.079831109999389582299045287072658538818359375"}]}]}]}
