{"dataList":[{"query":"?- ?v:AE#VATravelVoucher, ?v[AE#hasVoucherClaimant->?c], ?c[AE#hasName->?cn], ?cn[label->?claimantFullName].","resultList":[{"result":[{"key":"?v","val":"VO_46258e11_c6b6_4828_bd7f_5f8740890433_1503942217067_0"},{"key":"?c","val":"VO_46258e11_c6b6_4828_bd7f_5f8740890433_1503942217067_2"},{"key":"?cn","val":"NO_1bffb1da_4b7a_414f_b410_49ab1d03435d_1503942224664_0"},{"key":"?claimantFullName","val":"Lucien Clifford Roddis"}]},{"result":[{"key":"?v","val":"VO_46258e11_c6b6_4828_bd7f_5f8740890433_1503942217067_0"},{"key":"?c","val":"VO_46258e11_c6b6_4828_bd7f_5f8740890433_1503942217067_2"},{"key":"?cn","val":"VO_46258e11_c6b6_4828_bd7f_5f8740890433_1503942217067_1"},{"key":"?claimantFullName","val":"Lucien Clifford Roddis"}]}]},{"query":"?- ?v:AE#VATravelVoucher, ?v[AE#hasVoucherClaimant->?c], ?c[AE#hasName->?cn], ?cn[AE#hasFirstName->?claimantFirstName].","resultList":[{"result":[{"key":"?v","val":"VO_46258e11_c6b6_4828_bd7f_5f8740890433_1503942217067_0"},{"key":"?c","val":"VO_46258e11_c6b6_4828_bd7f_5f8740890433_1503942217067_2"},{"key":"?cn","val":"NO_1bffb1da_4b7a_414f_b410_49ab1d03435d_1503942224664_0"},{"key":"?claimantFirstName","val":"lucien"}]}]},{"query":"?- ?v:AE#VATravelVoucher, ?v[AE#hasVoucherClaimant->?c], ?c[AE#hasName->?cn], ?cn[AE#hasLastName->?claimantLastName].","resultList":[{"result":[{"key":"?v","val":"VO_46258e11_c6b6_4828_bd7f_5f8740890433_1503942217067_0"},{"key":"?c","val":"VO_46258e11_c6b6_4828_bd7f_5f8740890433_1503942217067_2"},{"key":"?cn","val":"NO_1bffb1da_4b7a_414f_b410_49ab1d03435d_1503942224664_0"},{"key":"?claimantLastName","val":"clifford_roddis"}]}]},{"query":"?- ?v:AE#VATravelVoucher, ?v[AE#hasVoucherClaimant->?c], ?c[AE#hasSocialSecurityNumber->?s], ?s[label->?claimantSsn].","resultList":[{"result":[{"key":"?v","val":"VO_46258e11_c6b6_4828_bd7f_5f8740890433_1503942217067_0"},{"key":"?c","val":"VO_46258e11_c6b6_4828_bd7f_5f8740890433_1503942217067_2"},{"key":"?s","val":"VO_46258e11_c6b6_4828_bd7f_5f8740890433_1503942217067_12"},{"key":"?claimantSsn","val":"934-38-0097"}]}]},{"query":"?- ?v:AE#VATravelVoucher, ?v[AE#hasVoucherClaimant->?c], ?c[AE#hasLiens->?claimantHasLiens].","resultList":[{"result":[{"key":"?v","val":"VO_46258e11_c6b6_4828_bd7f_5f8740890433_1503942217067_0"},{"key":"?c","val":"VO_46258e11_c6b6_4828_bd7f_5f8740890433_1503942217067_2"},{"key":"?claimantHasLiens","val":"AE#NoLienReport"}]}]},{"query":"?- ?v:AE#VATravelVoucher, ?v[AE#hasVoucherClaimant->?c], ?c[AE#hasDeclaredBankruptcy->?claimantHasDeclaredBankruptcy].","resultList":[{"result":[{"key":"?v","val":"VO_46258e11_c6b6_4828_bd7f_5f8740890433_1503942217067_0"},{"key":"?c","val":"VO_46258e11_c6b6_4828_bd7f_5f8740890433_1503942217067_2"},{"key":"?claimantHasDeclaredBankruptcy","val":"AE#NoBankruptcyReport"}]}]},{"query":"?- ?v:AE#VATravelVoucher, ?v[AE#hasVoucherClaimant->?c], ?c[AE#hasArrestRecord->?claimantHasArrestRecord].","resultList":[{"result":[{"key":"?v","val":"VO_46258e11_c6b6_4828_bd7f_5f8740890433_1503942217067_0"},{"key":"?c","val":"VO_46258e11_c6b6_4828_bd7f_5f8740890433_1503942217067_2"},{"key":"?claimantHasArrestRecord","val":"AE#UnknownArrestRecord"}]}]},{"query":"?- ?v:AE#VATravelVoucher, ?v[AE#hasVoucherClaimant->?c], ?c[AE#hasCriminalRecord->?claimantHasCriminalRecord].","resultList":[{"result":[{"key":"?v","val":"VO_46258e11_c6b6_4828_bd7f_5f8740890433_1503942217067_0"},{"key":"?c","val":"VO_46258e11_c6b6_4828_bd7f_5f8740890433_1503942217067_2"},{"key":"?claimantHasCriminalRecord","val":"AE#NoCriminalRecord"}]}]},{"query":"?- ?v:AE#VATravelVoucher, ?v[AE#hasVoucherBeneficiary->?b], ?b[AE#hasName->?cn], ?cn[label->?beneficiaryFullName].","resultList":[{"result":[{"key":"?v","val":"VO_46258e11_c6b6_4828_bd7f_5f8740890433_1503942217067_0"},{"key":"?b","val":"VO_46258e11_c6b6_4828_bd7f_5f8740890433_1503942217067_11"},{"key":"?cn","val":"VO_46258e11_c6b6_4828_bd7f_5f8740890433_1503942217067_10"},{"key":"?beneficiaryFullName","val":"Charles Christopher Bainton"}]},{"result":[{"key":"?v","val":"VO_46258e11_c6b6_4828_bd7f_5f8740890433_1503942217067_0"},{"key":"?b","val":"VO_46258e11_c6b6_4828_bd7f_5f8740890433_1503942217067_11"},{"key":"?cn","val":"NO_62affd30_fe91_4d4d_b398_08be9f4f6764_1503942222675_0"},{"key":"?beneficiaryFullName","val":"Charles Christopher Bainton"}]}]},{"query":"?- ?v:AE#VATravelVoucher, ?v[AE#hasVoucherBeneficiary->?b], ?b[AE#hasName->?cn], ?cn[AE#hasFirstName->?beneficiaryFirstName].","resultList":[{"result":[{"key":"?v","val":"VO_46258e11_c6b6_4828_bd7f_5f8740890433_1503942217067_0"},{"key":"?b","val":"VO_46258e11_c6b6_4828_bd7f_5f8740890433_1503942217067_11"},{"key":"?cn","val":"NO_62affd30_fe91_4d4d_b398_08be9f4f6764_1503942222675_0"},{"key":"?beneficiaryFirstName","val":"charles"}]}]},{"query":"?- ?v:AE#VATravelVoucher, ?v[AE#hasVoucherBeneficiary->?b], ?b[AE#hasName->?cn], ?cn[AE#hasLastName->?beneficiaryLastName].","resultList":[{"result":[{"key":"?v","val":"VO_46258e11_c6b6_4828_bd7f_5f8740890433_1503942217067_0"},{"key":"?b","val":"VO_46258e11_c6b6_4828_bd7f_5f8740890433_1503942217067_11"},{"key":"?cn","val":"NO_62affd30_fe91_4d4d_b398_08be9f4f6764_1503942222675_0"},{"key":"?beneficiaryLastName","val":"bainton"}]}]},{"query":"?- ?v:AE#VATravelVoucher, ?v[AE#hasVoucherBeneficiary->?b], ?b[AE#hasSocialSecurityNumber->?s], ?s[label->?beneficiarySsn].","resultList":[{"result":[{"key":"?v","val":"VO_46258e11_c6b6_4828_bd7f_5f8740890433_1503942217067_0"},{"key":"?b","val":"VO_46258e11_c6b6_4828_bd7f_5f8740890433_1503942217067_11"},{"key":"?s","val":"VO_46258e11_c6b6_4828_bd7f_5f8740890433_1503942217067_9"},{"key":"?beneficiarySsn","val":"789-53-8095"}]}]},{"query":"?- ?v:AE#VATravelVoucher, ?v[AE#hasVoucherBeneficiary->?b], ?b[AE#hasLiens->?beneficiaryHasLiens].","resultList":[{"result":[{"key":"?v","val":"VO_46258e11_c6b6_4828_bd7f_5f8740890433_1503942217067_0"},{"key":"?b","val":"VO_46258e11_c6b6_4828_bd7f_5f8740890433_1503942217067_11"},{"key":"?beneficiaryHasLiens","val":"AE#UnknownLienReport"}]}]},{"query":"?- ?v:AE#VATravelVoucher, ?v[AE#hasVoucherBeneficiary->?b], ?b[AE#hasDeclaredBankruptcy->?beneficiaryHasDeclaredBankruptcy].","resultList":[{"result":[{"key":"?v","val":"VO_46258e11_c6b6_4828_bd7f_5f8740890433_1503942217067_0"},{"key":"?b","val":"VO_46258e11_c6b6_4828_bd7f_5f8740890433_1503942217067_11"},{"key":"?beneficiaryHasDeclaredBankruptcy","val":"AE#NoBankruptcyReport"}]}]},{"query":"?- ?v:AE#VATravelVoucher, ?v[AE#hasVoucherBeneficiary->?b], ?b[AE#hasArrestRecord->?beneficiaryHasArrestRecord].","resultList":[{"result":[{"key":"?v","val":"VO_46258e11_c6b6_4828_bd7f_5f8740890433_1503942217067_0"},{"key":"?b","val":"VO_46258e11_c6b6_4828_bd7f_5f8740890433_1503942217067_11"},{"key":"?beneficiaryHasArrestRecord","val":"AE#UnknownArrestRecord"}]}]},{"query":"?- ?v:AE#VATravelVoucher, ?v[AE#hasVoucherBeneficiary->?b], ?b[AE#hasCriminalRecord->?beneficiaryHasCriminalRecord].","resultList":[{"result":[{"key":"?v","val":"VO_46258e11_c6b6_4828_bd7f_5f8740890433_1503942217067_0"},{"key":"?b","val":"VO_46258e11_c6b6_4828_bd7f_5f8740890433_1503942217067_11"},{"key":"?beneficiaryHasCriminalRecord","val":"AE#UnknownCriminalRecord"}]}]},{"query":"?- ?t:AE#Travelling, ?t[AE#hasPath->?p], ?p[AE#hasDistance->?d], ?d[AE#numericValue->?expectedDistanceValue], ?d[AE#hasUnitOfMeasure->?unitOfDistanceMeasure].","resultList":[{"result":[{"key":"?t","val":"VO_46258e11_c6b6_4828_bd7f_5f8740890433_1503942217067_6"},{"key":"?p","val":"ES_55a2d31d_6cd3_4a33_b5ed_17c649b9f350_1503942243995_4"},{"key":"?d","val":"ES_55a2d31d_6cd3_4a33_b5ed_17c649b9f350_1503942243995_0"},{"key":"?expectedDistanceValue","val":"21299.5785010429899557493627071380615234375"},{"key":"?unitOfDistanceMeasure","val":"meters"}]}]},{"query":"?- ?t:AE#Travelling, ?t[AE#hasPath->?p], ?p[AE#hasExpectedTravelTime->?d], ?d[AE#numericValue->?expectedTimeValue], ?d[AE#hasUnitOfMeasure->?unitOfTimeMeasure].","resultList":[{"result":[{"key":"?t","val":"VO_46258e11_c6b6_4828_bd7f_5f8740890433_1503942217067_6"},{"key":"?p","val":"ES_55a2d31d_6cd3_4a33_b5ed_17c649b9f350_1503942243995_4"},{"key":"?d","val":"ES_55a2d31d_6cd3_4a33_b5ed_17c649b9f350_1503942243995_2"},{"key":"?expectedTimeValue","val":"17.978996973834000527858734130859375"},{"key":"?unitOfTimeMeasure","val":"minutes"}]}]},{"query":"?- ?t:AE#Travelling, ?t[AE#hasDestination->?d], ?d[label->?destinationFullAddress].","resultList":[{"result":[{"key":"?t","val":"VO_46258e11_c6b6_4828_bd7f_5f8740890433_1503942217067_7"},{"key":"?d","val":"VO_46258e11_c6b6_4828_bd7f_5f8740890433_1503942217067_8"},{"key":"?destinationFullAddress","val":"2790 Truxton Road, Suite 130, San Diego, CA 92106"}]},{"result":[{"key":"?t","val":"VO_46258e11_c6b6_4828_bd7f_5f8740890433_1503942217067_6"},{"key":"?d","val":"VO_46258e11_c6b6_4828_bd7f_5f8740890433_1503942217067_5"},{"key":"?destinationFullAddress","val":"78 Pumpkin Hill Ave. San Diego, CA 92114"}]}]},{"query":"?- ?t:AE#Travelling, ?t[AE#hasDestination->?d], ?d[AE#hasStreet->?s], ?s[label->?destinationStreetName], ?d[AE#hasCity->?c], ?c[label->?destinationCity], ?d[AE#hasState->?st], ?st[label->?destinationState], ?d[AE#hasZipcode->?destinationZipCode].","resultList":[{"result":[{"key":"?t","val":"VO_46258e11_c6b6_4828_bd7f_5f8740890433_1503942217067_7"},{"key":"?d","val":"VO_46258e11_c6b6_4828_bd7f_5f8740890433_1503942217067_8"},{"key":"?s","val":"NO_4ba59ec9_f899_4291_9090_2562bd30389f_1503942226619_id5"},{"key":"?destinationStreetName","val":"2790 Truxton Road"},{"key":"?c","val":"NO_4ba59ec9_f899_4291_9090_2562bd30389f_1503942226619_id11"},{"key":"?destinationCity","val":"San Diego"},{"key":"?st","val":"NO_4ba59ec9_f899_4291_9090_2562bd30389f_1503942226619_id13"},{"key":"?destinationState","val":"CA"},{"key":"?destinationZipCode","val":"92106"}]},{"result":[{"key":"?t","val":"VO_46258e11_c6b6_4828_bd7f_5f8740890433_1503942217067_6"},{"key":"?d","val":"VO_46258e11_c6b6_4828_bd7f_5f8740890433_1503942217067_5"},{"key":"?s","val":"NO_316d5221_d26d_46ab_ba86_b9913a73ee9d_1503942228717_id3"},{"key":"?destinationStreetName","val":"78 Pumpkin Hill Ave."},{"key":"?c","val":"NO_316d5221_d26d_46ab_ba86_b9913a73ee9d_1503942228717_id9"},{"key":"?destinationCity","val":"San Diego"},{"key":"?st","val":"NO_316d5221_d26d_46ab_ba86_b9913a73ee9d_1503942228717_id11"},{"key":"?destinationState","val":"CA"},{"key":"?destinationZipCode","val":"92114"}]}]},{"query":"?- ?t:AE#Travelling, ?t[AE#hasOrigin->?d], ?d[label->?originFullAddress].","resultList":[{"result":[{"key":"?t","val":"VO_46258e11_c6b6_4828_bd7f_5f8740890433_1503942217067_7"},{"key":"?d","val":"VO_46258e11_c6b6_4828_bd7f_5f8740890433_1503942217067_3"},{"key":"?originFullAddress","val":"59 Strawberry Street San Diego, CA 92117"}]},{"result":[{"key":"?t","val":"VO_46258e11_c6b6_4828_bd7f_5f8740890433_1503942217067_6"},{"key":"?d","val":"VO_46258e11_c6b6_4828_bd7f_5f8740890433_1503942217067_8"},{"key":"?originFullAddress","val":"2790 Truxton Road, Suite 130, San Diego, CA 92106"}]}]},{"query":"?- ?t:AE#Travelling, ?t[AE#hasOrigin->?d], ?d[AE#hasStreet->?s], ?s[label->?originStreetName], ?d[AE#hasCity->?c], ?c[label->?originCity], ?d[AE#hasState->?st], ?st[label->?originState], ?d[AE#hasZipcode->?originZipCode].","resultList":[{"result":[{"key":"?t","val":"VO_46258e11_c6b6_4828_bd7f_5f8740890433_1503942217067_7"},{"key":"?d","val":"VO_46258e11_c6b6_4828_bd7f_5f8740890433_1503942217067_3"},{"key":"?s","val":"NO_cb1b9bb4_f8be_47f5_9082_fef18a1e65c3_1503942230769_id3"},{"key":"?originStreetName","val":"59 Strawberry Street"},{"key":"?c","val":"NO_cb1b9bb4_f8be_47f5_9082_fef18a1e65c3_1503942230769_id9"},{"key":"?originCity","val":"San Diego"},{"key":"?st","val":"NO_cb1b9bb4_f8be_47f5_9082_fef18a1e65c3_1503942230769_id11"},{"key":"?originState","val":"CA"},{"key":"?originZipCode","val":"92117"}]},{"result":[{"key":"?t","val":"VO_46258e11_c6b6_4828_bd7f_5f8740890433_1503942217067_6"},{"key":"?d","val":"VO_46258e11_c6b6_4828_bd7f_5f8740890433_1503942217067_8"},{"key":"?s","val":"NO_4ba59ec9_f899_4291_9090_2562bd30389f_1503942226619_id5"},{"key":"?originStreetName","val":"2790 Truxton Road"},{"key":"?c","val":"NO_4ba59ec9_f899_4291_9090_2562bd30389f_1503942226619_id11"},{"key":"?originCity","val":"San Diego"},{"key":"?st","val":"NO_4ba59ec9_f899_4291_9090_2562bd30389f_1503942226619_id13"},{"key":"?originState","val":"CA"},{"key":"?originZipCode","val":"92106"}]}]},{"query":"?- ?t:AE#Travelling, ?t[AE#hasPath->?p], ?p[AE#hasStartRegion->?s], ?s[AE#hasLatitude->?originLatitude], ?s[AE#hasLongitude->?originLongitude].","resultList":[{"result":[{"key":"?t","val":"VO_46258e11_c6b6_4828_bd7f_5f8740890433_1503942217067_6"},{"key":"?p","val":"ES_55a2d31d_6cd3_4a33_b5ed_17c649b9f350_1503942243995_4"},{"key":"?s","val":"ES_55a2d31d_6cd3_4a33_b5ed_17c649b9f350_1503942243995_3"},{"key":"?originLatitude","val":"32.74051839275188058309140615165233612060546875"},{"key":"?originLongitude","val":"-117.2130215001728856805129908025264739990234375"}]}]},{"query":"?- ?t:AE#Travelling, ?t[AE#hasPath->?p], ?p[AE#hasEndRegion->?e], ?e[AE#hasLatitude->?destinationLatitude], ?e[AE#hasLongitude->?destinationLongitude].","resultList":[{"result":[{"key":"?t","val":"VO_46258e11_c6b6_4828_bd7f_5f8740890433_1503942217067_6"},{"key":"?p","val":"ES_55a2d31d_6cd3_4a33_b5ed_17c649b9f350_1503942243995_4"},{"key":"?e","val":"ES_55a2d31d_6cd3_4a33_b5ed_17c649b9f350_1503942243995_1"},{"key":"?destinationLatitude","val":"32.70333010000007334383553825318813323974609375"},{"key":"?destinationLongitude","val":"-117.0296501999999918552930466830730438232421875"}]}]}]}
