{"dataList":[{"query":"?- ?v:AE#VATravelVoucher, ?v[AE#hasVoucherClaimant->?c], ?c[AE#hasName->?cn], ?cn[label->?claimantFullName].","resultList":[{"result":[{"key":"?v","val":"VO_44810226_e887_48f3_babd_1b8101b9bd3e_1503944925655_0"},{"key":"?c","val":"VO_44810226_e887_48f3_babd_1b8101b9bd3e_1503944925655_2"},{"key":"?cn","val":"NO_da83808c_c9e0_4dfb_bf7b_bf2da1332eea_1503944934808_0"},{"key":"?claimantFullName","val":"Edward Kevin Kinlaw"}]},{"result":[{"key":"?v","val":"VO_44810226_e887_48f3_babd_1b8101b9bd3e_1503944925655_0"},{"key":"?c","val":"VO_44810226_e887_48f3_babd_1b8101b9bd3e_1503944925655_2"},{"key":"?cn","val":"VO_44810226_e887_48f3_babd_1b8101b9bd3e_1503944925655_1"},{"key":"?claimantFullName","val":"Edward Kevin Kinlaw"}]}]},{"query":"?- ?v:AE#VATravelVoucher, ?v[AE#hasVoucherClaimant->?c], ?c[AE#hasName->?cn], ?cn[AE#hasFirstName->?claimantFirstName].","resultList":[{"result":[{"key":"?v","val":"VO_44810226_e887_48f3_babd_1b8101b9bd3e_1503944925655_0"},{"key":"?c","val":"VO_44810226_e887_48f3_babd_1b8101b9bd3e_1503944925655_2"},{"key":"?cn","val":"NO_da83808c_c9e0_4dfb_bf7b_bf2da1332eea_1503944934808_0"},{"key":"?claimantFirstName","val":"edward"}]}]},{"query":"?- ?v:AE#VATravelVoucher, ?v[AE#hasVoucherClaimant->?c], ?c[AE#hasName->?cn], ?cn[AE#hasLastName->?claimantLastName].","resultList":[{"result":[{"key":"?v","val":"VO_44810226_e887_48f3_babd_1b8101b9bd3e_1503944925655_0"},{"key":"?c","val":"VO_44810226_e887_48f3_babd_1b8101b9bd3e_1503944925655_2"},{"key":"?cn","val":"NO_da83808c_c9e0_4dfb_bf7b_bf2da1332eea_1503944934808_0"},{"key":"?claimantLastName","val":"kinlaw"}]}]},{"query":"?- ?v:AE#VATravelVoucher, ?v[AE#hasVoucherClaimant->?c], ?c[AE#hasSocialSecurityNumber->?s], ?s[label->?claimantSsn].","resultList":[{"result":[{"key":"?v","val":"VO_44810226_e887_48f3_babd_1b8101b9bd3e_1503944925655_0"},{"key":"?c","val":"VO_44810226_e887_48f3_babd_1b8101b9bd3e_1503944925655_2"},{"key":"?s","val":"VO_44810226_e887_48f3_babd_1b8101b9bd3e_1503944925655_12"},{"key":"?claimantSsn","val":"103-11-4858"}]}]},{"query":"?- ?v:AE#VATravelVoucher, ?v[AE#hasVoucherClaimant->?c], ?c[AE#hasLiens->?claimantHasLiens].","resultList":[{"result":[{"key":"?v","val":"VO_44810226_e887_48f3_babd_1b8101b9bd3e_1503944925655_0"},{"key":"?c","val":"VO_44810226_e887_48f3_babd_1b8101b9bd3e_1503944925655_2"},{"key":"?claimantHasLiens","val":"AE#NoLienReport"}]}]},{"query":"?- ?v:AE#VATravelVoucher, ?v[AE#hasVoucherClaimant->?c], ?c[AE#hasDeclaredBankruptcy->?claimantHasDeclaredBankruptcy].","resultList":[{"result":[{"key":"?v","val":"VO_44810226_e887_48f3_babd_1b8101b9bd3e_1503944925655_0"},{"key":"?c","val":"VO_44810226_e887_48f3_babd_1b8101b9bd3e_1503944925655_2"},{"key":"?claimantHasDeclaredBankruptcy","val":"AE#NoBankruptcyReport"}]}]},{"query":"?- ?v:AE#VATravelVoucher, ?v[AE#hasVoucherClaimant->?c], ?c[AE#hasArrestRecord->?claimantHasArrestRecord].","resultList":[{"result":[{"key":"?v","val":"VO_44810226_e887_48f3_babd_1b8101b9bd3e_1503944925655_0"},{"key":"?c","val":"VO_44810226_e887_48f3_babd_1b8101b9bd3e_1503944925655_2"},{"key":"?claimantHasArrestRecord","val":"AE#NoArrestRecord"}]}]},{"query":"?- ?v:AE#VATravelVoucher, ?v[AE#hasVoucherClaimant->?c], ?c[AE#hasCriminalRecord->?claimantHasCriminalRecord].","resultList":[{"result":[{"key":"?v","val":"VO_44810226_e887_48f3_babd_1b8101b9bd3e_1503944925655_0"},{"key":"?c","val":"VO_44810226_e887_48f3_babd_1b8101b9bd3e_1503944925655_2"},{"key":"?claimantHasCriminalRecord","val":"AE#NoCriminalRecord"}]}]},{"query":"?- ?v:AE#VATravelVoucher, ?v[AE#hasVoucherBeneficiary->?b], ?b[AE#hasName->?cn], ?cn[label->?beneficiaryFullName].","resultList":[{"result":[{"key":"?v","val":"VO_44810226_e887_48f3_babd_1b8101b9bd3e_1503944925655_0"},{"key":"?b","val":"VO_44810226_e887_48f3_babd_1b8101b9bd3e_1503944925655_11"},{"key":"?cn","val":"VO_44810226_e887_48f3_babd_1b8101b9bd3e_1503944925655_10"},{"key":"?beneficiaryFullName","val":"Edward Kevin Kinlaw"}]},{"result":[{"key":"?v","val":"VO_44810226_e887_48f3_babd_1b8101b9bd3e_1503944925655_0"},{"key":"?b","val":"VO_44810226_e887_48f3_babd_1b8101b9bd3e_1503944925655_11"},{"key":"?cn","val":"NO_30294707_dc22_4edb_9419_28c9332e8edb_1503944932494_0"},{"key":"?beneficiaryFullName","val":"Edward Kevin Kinlaw"}]}]},{"query":"?- ?v:AE#VATravelVoucher, ?v[AE#hasVoucherBeneficiary->?b], ?b[AE#hasName->?cn], ?cn[AE#hasFirstName->?beneficiaryFirstName].","resultList":[{"result":[{"key":"?v","val":"VO_44810226_e887_48f3_babd_1b8101b9bd3e_1503944925655_0"},{"key":"?b","val":"VO_44810226_e887_48f3_babd_1b8101b9bd3e_1503944925655_11"},{"key":"?cn","val":"NO_30294707_dc22_4edb_9419_28c9332e8edb_1503944932494_0"},{"key":"?beneficiaryFirstName","val":"edward"}]}]},{"query":"?- ?v:AE#VATravelVoucher, ?v[AE#hasVoucherBeneficiary->?b], ?b[AE#hasName->?cn], ?cn[AE#hasLastName->?beneficiaryLastName].","resultList":[{"result":[{"key":"?v","val":"VO_44810226_e887_48f3_babd_1b8101b9bd3e_1503944925655_0"},{"key":"?b","val":"VO_44810226_e887_48f3_babd_1b8101b9bd3e_1503944925655_11"},{"key":"?cn","val":"NO_30294707_dc22_4edb_9419_28c9332e8edb_1503944932494_0"},{"key":"?beneficiaryLastName","val":"kinlaw"}]}]},{"query":"?- ?v:AE#VATravelVoucher, ?v[AE#hasVoucherBeneficiary->?b], ?b[AE#hasSocialSecurityNumber->?s], ?s[label->?beneficiarySsn].","resultList":[{"result":[{"key":"?v","val":"VO_44810226_e887_48f3_babd_1b8101b9bd3e_1503944925655_0"},{"key":"?b","val":"VO_44810226_e887_48f3_babd_1b8101b9bd3e_1503944925655_11"},{"key":"?s","val":"VO_44810226_e887_48f3_babd_1b8101b9bd3e_1503944925655_9"},{"key":"?beneficiarySsn","val":"103-11-4858"}]}]},{"query":"?- ?v:AE#VATravelVoucher, ?v[AE#hasVoucherBeneficiary->?b], ?b[AE#hasLiens->?beneficiaryHasLiens].","resultList":[{"result":[{"key":"?v","val":"VO_44810226_e887_48f3_babd_1b8101b9bd3e_1503944925655_0"},{"key":"?b","val":"VO_44810226_e887_48f3_babd_1b8101b9bd3e_1503944925655_11"},{"key":"?beneficiaryHasLiens","val":"AE#NoLienReport"}]}]},{"query":"?- ?v:AE#VATravelVoucher, ?v[AE#hasVoucherBeneficiary->?b], ?b[AE#hasDeclaredBankruptcy->?beneficiaryHasDeclaredBankruptcy].","resultList":[{"result":[{"key":"?v","val":"VO_44810226_e887_48f3_babd_1b8101b9bd3e_1503944925655_0"},{"key":"?b","val":"VO_44810226_e887_48f3_babd_1b8101b9bd3e_1503944925655_11"},{"key":"?beneficiaryHasDeclaredBankruptcy","val":"AE#NoBankruptcyReport"}]}]},{"query":"?- ?v:AE#VATravelVoucher, ?v[AE#hasVoucherBeneficiary->?b], ?b[AE#hasArrestRecord->?beneficiaryHasArrestRecord].","resultList":[{"result":[{"key":"?v","val":"VO_44810226_e887_48f3_babd_1b8101b9bd3e_1503944925655_0"},{"key":"?b","val":"VO_44810226_e887_48f3_babd_1b8101b9bd3e_1503944925655_11"},{"key":"?beneficiaryHasArrestRecord","val":"AE#NoArrestRecord"}]}]},{"query":"?- ?v:AE#VATravelVoucher, ?v[AE#hasVoucherBeneficiary->?b], ?b[AE#hasCriminalRecord->?beneficiaryHasCriminalRecord].","resultList":[{"result":[{"key":"?v","val":"VO_44810226_e887_48f3_babd_1b8101b9bd3e_1503944925655_0"},{"key":"?b","val":"VO_44810226_e887_48f3_babd_1b8101b9bd3e_1503944925655_11"},{"key":"?beneficiaryHasCriminalRecord","val":"AE#NoCriminalRecord"}]}]},{"query":"?- ?t:AE#Travelling, ?t[AE#hasPath->?p], ?p[AE#hasDistance->?d], ?d[AE#numericValue->?expectedDistanceValue], ?d[AE#hasUnitOfMeasure->?unitOfDistanceMeasure].","resultList":[{"result":[{"key":"?t","val":"VO_44810226_e887_48f3_babd_1b8101b9bd3e_1503944925655_6"},{"key":"?p","val":"ES_ae548270_11db_42eb_9cd6_e374ea1ca213_1503944955588_4"},{"key":"?d","val":"ES_ae548270_11db_42eb_9cd6_e374ea1ca213_1503944955588_0"},{"key":"?expectedDistanceValue","val":"10685.52829662539079436101019382476806640625"},{"key":"?unitOfDistanceMeasure","val":"meters"}]}]},{"query":"?- ?t:AE#Travelling, ?t[AE#hasPath->?p], ?p[AE#hasExpectedTravelTime->?d], ?d[AE#numericValue->?expectedTimeValue], ?d[AE#hasUnitOfMeasure->?unitOfTimeMeasure].","resultList":[{"result":[{"key":"?t","val":"VO_44810226_e887_48f3_babd_1b8101b9bd3e_1503944925655_6"},{"key":"?p","val":"ES_ae548270_11db_42eb_9cd6_e374ea1ca213_1503944955588_4"},{"key":"?d","val":"ES_ae548270_11db_42eb_9cd6_e374ea1ca213_1503944955588_2"},{"key":"?expectedTimeValue","val":"9.852850855677388608455657958984375"},{"key":"?unitOfTimeMeasure","val":"minutes"}]}]},{"query":"?- ?t:AE#Travelling, ?t[AE#hasDestination->?d], ?d[label->?destinationFullAddress].","resultList":[{"result":[{"key":"?t","val":"VO_44810226_e887_48f3_babd_1b8101b9bd3e_1503944925655_7"},{"key":"?d","val":"VO_44810226_e887_48f3_babd_1b8101b9bd3e_1503944925655_8"},{"key":"?destinationFullAddress","val":"2790 Truxton Road, Suite 130, San Diego, CA 92106"}]},{"result":[{"key":"?t","val":"VO_44810226_e887_48f3_babd_1b8101b9bd3e_1503944925655_6"},{"key":"?d","val":"VO_44810226_e887_48f3_babd_1b8101b9bd3e_1503944925655_5"},{"key":"?destinationFullAddress","val":"2839 Dale St, San Diego, CA 92104"}]}]},{"query":"?- ?t:AE#Travelling, ?t[AE#hasDestination->?d], ?d[AE#hasStreet->?s], ?s[label->?destinationStreetName], ?d[AE#hasCity->?c], ?c[label->?destinationCity], ?d[AE#hasState->?st], ?st[label->?destinationState], ?d[AE#hasZipcode->?destinationZipCode].","resultList":[{"result":[{"key":"?t","val":"VO_44810226_e887_48f3_babd_1b8101b9bd3e_1503944925655_7"},{"key":"?d","val":"VO_44810226_e887_48f3_babd_1b8101b9bd3e_1503944925655_8"},{"key":"?s","val":"NO_a9f65569_c07d_4f41_999b_6c429924fc07_1503944936971_id5"},{"key":"?destinationStreetName","val":"2790 Truxton Road"},{"key":"?c","val":"NO_a9f65569_c07d_4f41_999b_6c429924fc07_1503944936971_id11"},{"key":"?destinationCity","val":"San Diego"},{"key":"?st","val":"NO_a9f65569_c07d_4f41_999b_6c429924fc07_1503944936971_id13"},{"key":"?destinationState","val":"CA"},{"key":"?destinationZipCode","val":"92106"}]},{"result":[{"key":"?t","val":"VO_44810226_e887_48f3_babd_1b8101b9bd3e_1503944925655_6"},{"key":"?d","val":"VO_44810226_e887_48f3_babd_1b8101b9bd3e_1503944925655_5"},{"key":"?s","val":"NO_be0b0b90_5ce5_4b60_9e04_f660d2574216_1503944939050_id3"},{"key":"?destinationStreetName","val":"2839 Dale St"},{"key":"?c","val":"NO_be0b0b90_5ce5_4b60_9e04_f660d2574216_1503944939050_id9"},{"key":"?destinationCity","val":"San Diego"},{"key":"?st","val":"NO_be0b0b90_5ce5_4b60_9e04_f660d2574216_1503944939050_id11"},{"key":"?destinationState","val":"CA"},{"key":"?destinationZipCode","val":"92104"}]}]},{"query":"?- ?t:AE#Travelling, ?t[AE#hasOrigin->?d], ?d[label->?originFullAddress].","resultList":[{"result":[{"key":"?t","val":"VO_44810226_e887_48f3_babd_1b8101b9bd3e_1503944925655_7"},{"key":"?d","val":"VO_44810226_e887_48f3_babd_1b8101b9bd3e_1503944925655_3"},{"key":"?originFullAddress","val":"2839 Dale St, San Diego, CA 92104"}]},{"result":[{"key":"?t","val":"VO_44810226_e887_48f3_babd_1b8101b9bd3e_1503944925655_6"},{"key":"?d","val":"VO_44810226_e887_48f3_babd_1b8101b9bd3e_1503944925655_8"},{"key":"?originFullAddress","val":"2790 Truxton Road, Suite 130, San Diego, CA 92106"}]}]},{"query":"?- ?t:AE#Travelling, ?t[AE#hasOrigin->?d], ?d[AE#hasStreet->?s], ?s[label->?originStreetName], ?d[AE#hasCity->?c], ?c[label->?originCity], ?d[AE#hasState->?st], ?st[label->?originState], ?d[AE#hasZipcode->?originZipCode].","resultList":[{"result":[{"key":"?t","val":"VO_44810226_e887_48f3_babd_1b8101b9bd3e_1503944925655_7"},{"key":"?d","val":"VO_44810226_e887_48f3_babd_1b8101b9bd3e_1503944925655_3"},{"key":"?s","val":"NO_316d5e62_d8d4_44bf_bc40_8feffa0c7504_1503944941291_id3"},{"key":"?originStreetName","val":"2839 Dale St"},{"key":"?c","val":"NO_316d5e62_d8d4_44bf_bc40_8feffa0c7504_1503944941291_id9"},{"key":"?originCity","val":"San Diego"},{"key":"?st","val":"NO_316d5e62_d8d4_44bf_bc40_8feffa0c7504_1503944941291_id11"},{"key":"?originState","val":"CA"},{"key":"?originZipCode","val":"92104"}]},{"result":[{"key":"?t","val":"VO_44810226_e887_48f3_babd_1b8101b9bd3e_1503944925655_6"},{"key":"?d","val":"VO_44810226_e887_48f3_babd_1b8101b9bd3e_1503944925655_8"},{"key":"?s","val":"NO_a9f65569_c07d_4f41_999b_6c429924fc07_1503944936971_id5"},{"key":"?originStreetName","val":"2790 Truxton Road"},{"key":"?c","val":"NO_a9f65569_c07d_4f41_999b_6c429924fc07_1503944936971_id11"},{"key":"?originCity","val":"San Diego"},{"key":"?st","val":"NO_a9f65569_c07d_4f41_999b_6c429924fc07_1503944936971_id13"},{"key":"?originState","val":"CA"},{"key":"?originZipCode","val":"92106"}]}]},{"query":"?- ?t:AE#Travelling, ?t[AE#hasPath->?p], ?p[AE#hasStartRegion->?s], ?s[AE#hasLatitude->?originLatitude], ?s[AE#hasLongitude->?originLongitude].","resultList":[{"result":[{"key":"?t","val":"VO_44810226_e887_48f3_babd_1b8101b9bd3e_1503944925655_6"},{"key":"?p","val":"ES_ae548270_11db_42eb_9cd6_e374ea1ca213_1503944955588_4"},{"key":"?s","val":"ES_ae548270_11db_42eb_9cd6_e374ea1ca213_1503944955588_3"},{"key":"?originLatitude","val":"32.74051839275188058309140615165233612060546875"},{"key":"?originLongitude","val":"-117.2130215001728856805129908025264739990234375"}]}]},{"query":"?- ?t:AE#Travelling, ?t[AE#hasPath->?p], ?p[AE#hasEndRegion->?e], ?e[AE#hasLatitude->?destinationLatitude], ?e[AE#hasLongitude->?destinationLongitude].","resultList":[{"result":[{"key":"?t","val":"VO_44810226_e887_48f3_babd_1b8101b9bd3e_1503944925655_6"},{"key":"?p","val":"ES_ae548270_11db_42eb_9cd6_e374ea1ca213_1503944955588_4"},{"key":"?e","val":"ES_ae548270_11db_42eb_9cd6_e374ea1ca213_1503944955588_1"},{"key":"?destinationLatitude","val":"32.7353484970858090719048050232231616973876953125"},{"key":"?destinationLongitude","val":"-117.130359375497874907523510046303272247314453125"}]}]}]}
