{"dataList":[{"query":"?- ?v:AE#VATravelVoucher, ?v[AE#hasVoucherClaimant->?c], ?c[AE#hasName->?cn], ?cn[label->?claimantFullName].","resultList":[{"result":[{"key":"?v","val":"VO_4d4ba478_1043_41a4_af59_e942bd2e7af6_1503941029971_0"},{"key":"?c","val":"VO_4d4ba478_1043_41a4_af59_e942bd2e7af6_1503941029971_2"},{"key":"?cn","val":"NO_2372a961_c7ff_4cc3_9a0c_b2b786071aba_1503941037468_0"},{"key":"?claimantFullName","val":"Carmen Bridget Farber"}]},{"result":[{"key":"?v","val":"VO_4d4ba478_1043_41a4_af59_e942bd2e7af6_1503941029971_0"},{"key":"?c","val":"VO_4d4ba478_1043_41a4_af59_e942bd2e7af6_1503941029971_2"},{"key":"?cn","val":"VO_4d4ba478_1043_41a4_af59_e942bd2e7af6_1503941029971_1"},{"key":"?claimantFullName","val":"Carmen Bridget Farber"}]}]},{"query":"?- ?v:AE#VATravelVoucher, ?v[AE#hasVoucherClaimant->?c], ?c[AE#hasName->?cn], ?cn[AE#hasFirstName->?claimantFirstName].","resultList":[{"result":[{"key":"?v","val":"VO_4d4ba478_1043_41a4_af59_e942bd2e7af6_1503941029971_0"},{"key":"?c","val":"VO_4d4ba478_1043_41a4_af59_e942bd2e7af6_1503941029971_2"},{"key":"?cn","val":"NO_2372a961_c7ff_4cc3_9a0c_b2b786071aba_1503941037468_0"},{"key":"?claimantFirstName","val":"carmen"}]}]},{"query":"?- ?v:AE#VATravelVoucher, ?v[AE#hasVoucherClaimant->?c], ?c[AE#hasName->?cn], ?cn[AE#hasLastName->?claimantLastName].","resultList":[{"result":[{"key":"?v","val":"VO_4d4ba478_1043_41a4_af59_e942bd2e7af6_1503941029971_0"},{"key":"?c","val":"VO_4d4ba478_1043_41a4_af59_e942bd2e7af6_1503941029971_2"},{"key":"?cn","val":"NO_2372a961_c7ff_4cc3_9a0c_b2b786071aba_1503941037468_0"},{"key":"?claimantLastName","val":"farber"}]}]},{"query":"?- ?v:AE#VATravelVoucher, ?v[AE#hasVoucherClaimant->?c], ?c[AE#hasSocialSecurityNumber->?s], ?s[label->?claimantSsn].","resultList":[{"result":[{"key":"?v","val":"VO_4d4ba478_1043_41a4_af59_e942bd2e7af6_1503941029971_0"},{"key":"?c","val":"VO_4d4ba478_1043_41a4_af59_e942bd2e7af6_1503941029971_2"},{"key":"?s","val":"VO_4d4ba478_1043_41a4_af59_e942bd2e7af6_1503941029971_12"},{"key":"?claimantSsn","val":"277-72-2148"}]}]},{"query":"?- ?v:AE#VATravelVoucher, ?v[AE#hasVoucherClaimant->?c], ?c[AE#hasLiens->?claimantHasLiens].","resultList":[{"result":[{"key":"?v","val":"VO_4d4ba478_1043_41a4_af59_e942bd2e7af6_1503941029971_0"},{"key":"?c","val":"VO_4d4ba478_1043_41a4_af59_e942bd2e7af6_1503941029971_2"},{"key":"?claimantHasLiens","val":"AE#NoLienReport"}]}]},{"query":"?- ?v:AE#VATravelVoucher, ?v[AE#hasVoucherClaimant->?c], ?c[AE#hasDeclaredBankruptcy->?claimantHasDeclaredBankruptcy].","resultList":[{"result":[{"key":"?v","val":"VO_4d4ba478_1043_41a4_af59_e942bd2e7af6_1503941029971_0"},{"key":"?c","val":"VO_4d4ba478_1043_41a4_af59_e942bd2e7af6_1503941029971_2"},{"key":"?claimantHasDeclaredBankruptcy","val":"AE#NoBankruptcyReport"}]}]},{"query":"?- ?v:AE#VATravelVoucher, ?v[AE#hasVoucherClaimant->?c], ?c[AE#hasArrestRecord->?claimantHasArrestRecord].","resultList":[{"result":[{"key":"?v","val":"VO_4d4ba478_1043_41a4_af59_e942bd2e7af6_1503941029971_0"},{"key":"?c","val":"VO_4d4ba478_1043_41a4_af59_e942bd2e7af6_1503941029971_2"},{"key":"?claimantHasArrestRecord","val":"AE#NoArrestRecord"}]}]},{"query":"?- ?v:AE#VATravelVoucher, ?v[AE#hasVoucherClaimant->?c], ?c[AE#hasCriminalRecord->?claimantHasCriminalRecord].","resultList":[{"result":[{"key":"?v","val":"VO_4d4ba478_1043_41a4_af59_e942bd2e7af6_1503941029971_0"},{"key":"?c","val":"VO_4d4ba478_1043_41a4_af59_e942bd2e7af6_1503941029971_2"},{"key":"?claimantHasCriminalRecord","val":"AE#NoCriminalRecord"}]}]},{"query":"?- ?v:AE#VATravelVoucher, ?v[AE#hasVoucherBeneficiary->?b], ?b[AE#hasName->?cn], ?cn[label->?beneficiaryFullName].","resultList":[{"result":[{"key":"?v","val":"VO_4d4ba478_1043_41a4_af59_e942bd2e7af6_1503941029971_0"},{"key":"?b","val":"VO_4d4ba478_1043_41a4_af59_e942bd2e7af6_1503941029971_11"},{"key":"?cn","val":"VO_4d4ba478_1043_41a4_af59_e942bd2e7af6_1503941029971_10"},{"key":"?beneficiaryFullName","val":"Melody B. Scoles"}]},{"result":[{"key":"?v","val":"VO_4d4ba478_1043_41a4_af59_e942bd2e7af6_1503941029971_0"},{"key":"?b","val":"VO_4d4ba478_1043_41a4_af59_e942bd2e7af6_1503941029971_11"},{"key":"?cn","val":"NO_ae8c85e4_4416_4061_bad7_3ca06aa66206_1503941035535_0"},{"key":"?beneficiaryFullName","val":"Melody B. Scoles"}]}]},{"query":"?- ?v:AE#VATravelVoucher, ?v[AE#hasVoucherBeneficiary->?b], ?b[AE#hasName->?cn], ?cn[AE#hasFirstName->?beneficiaryFirstName].","resultList":[{"result":[{"key":"?v","val":"VO_4d4ba478_1043_41a4_af59_e942bd2e7af6_1503941029971_0"},{"key":"?b","val":"VO_4d4ba478_1043_41a4_af59_e942bd2e7af6_1503941029971_11"},{"key":"?cn","val":"NO_ae8c85e4_4416_4061_bad7_3ca06aa66206_1503941035535_0"},{"key":"?beneficiaryFirstName","val":"melody"}]}]},{"query":"?- ?v:AE#VATravelVoucher, ?v[AE#hasVoucherBeneficiary->?b], ?b[AE#hasName->?cn], ?cn[AE#hasLastName->?beneficiaryLastName].","resultList":[{"result":[{"key":"?v","val":"VO_4d4ba478_1043_41a4_af59_e942bd2e7af6_1503941029971_0"},{"key":"?b","val":"VO_4d4ba478_1043_41a4_af59_e942bd2e7af6_1503941029971_11"},{"key":"?cn","val":"NO_ae8c85e4_4416_4061_bad7_3ca06aa66206_1503941035535_0"},{"key":"?beneficiaryLastName","val":"scoles"}]}]},{"query":"?- ?v:AE#VATravelVoucher, ?v[AE#hasVoucherBeneficiary->?b], ?b[AE#hasSocialSecurityNumber->?s], ?s[label->?beneficiarySsn].","resultList":[{"result":[{"key":"?v","val":"VO_4d4ba478_1043_41a4_af59_e942bd2e7af6_1503941029971_0"},{"key":"?b","val":"VO_4d4ba478_1043_41a4_af59_e942bd2e7af6_1503941029971_11"},{"key":"?s","val":"VO_4d4ba478_1043_41a4_af59_e942bd2e7af6_1503941029971_9"},{"key":"?beneficiarySsn","val":"205-63-3142"}]}]},{"query":"?- ?v:AE#VATravelVoucher, ?v[AE#hasVoucherBeneficiary->?b], ?b[AE#hasLiens->?beneficiaryHasLiens].","resultList":[{"result":[{"key":"?v","val":"VO_4d4ba478_1043_41a4_af59_e942bd2e7af6_1503941029971_0"},{"key":"?b","val":"VO_4d4ba478_1043_41a4_af59_e942bd2e7af6_1503941029971_11"},{"key":"?beneficiaryHasLiens","val":"AE#NoLienReport"}]}]},{"query":"?- ?v:AE#VATravelVoucher, ?v[AE#hasVoucherBeneficiary->?b], ?b[AE#hasDeclaredBankruptcy->?beneficiaryHasDeclaredBankruptcy].","resultList":[{"result":[{"key":"?v","val":"VO_4d4ba478_1043_41a4_af59_e942bd2e7af6_1503941029971_0"},{"key":"?b","val":"VO_4d4ba478_1043_41a4_af59_e942bd2e7af6_1503941029971_11"},{"key":"?beneficiaryHasDeclaredBankruptcy","val":"AE#NoBankruptcyReport"}]}]},{"query":"?- ?v:AE#VATravelVoucher, ?v[AE#hasVoucherBeneficiary->?b], ?b[AE#hasArrestRecord->?beneficiaryHasArrestRecord].","resultList":[{"result":[{"key":"?v","val":"VO_4d4ba478_1043_41a4_af59_e942bd2e7af6_1503941029971_0"},{"key":"?b","val":"VO_4d4ba478_1043_41a4_af59_e942bd2e7af6_1503941029971_11"},{"key":"?beneficiaryHasArrestRecord","val":"AE#NoArrestRecord"}]}]},{"query":"?- ?v:AE#VATravelVoucher, ?v[AE#hasVoucherBeneficiary->?b], ?b[AE#hasCriminalRecord->?beneficiaryHasCriminalRecord].","resultList":[{"result":[{"key":"?v","val":"VO_4d4ba478_1043_41a4_af59_e942bd2e7af6_1503941029971_0"},{"key":"?b","val":"VO_4d4ba478_1043_41a4_af59_e942bd2e7af6_1503941029971_11"},{"key":"?beneficiaryHasCriminalRecord","val":"AE#NoCriminalRecord"}]}]},{"query":"?- ?t:AE#Travelling, ?t[AE#hasPath->?p], ?p[AE#hasDistance->?d], ?d[AE#numericValue->?expectedDistanceValue], ?d[AE#hasUnitOfMeasure->?unitOfDistanceMeasure].","resultList":[{"result":[{"key":"?t","val":"VO_4d4ba478_1043_41a4_af59_e942bd2e7af6_1503941029971_6"},{"key":"?p","val":"ES_cd594b0e_9697_4768_ad60_1363c51d6f88_1503941057171_4"},{"key":"?d","val":"ES_cd594b0e_9697_4768_ad60_1363c51d6f88_1503941057171_0"},{"key":"?expectedDistanceValue","val":"15330.856803731336185592226684093475341796875"},{"key":"?unitOfDistanceMeasure","val":"meters"}]}]},{"query":"?- ?t:AE#Travelling, ?t[AE#hasPath->?p], ?p[AE#hasExpectedTravelTime->?d], ?d[AE#numericValue->?expectedTimeValue], ?d[AE#hasUnitOfMeasure->?unitOfTimeMeasure].","resultList":[{"result":[{"key":"?t","val":"VO_4d4ba478_1043_41a4_af59_e942bd2e7af6_1503941029971_6"},{"key":"?p","val":"ES_cd594b0e_9697_4768_ad60_1363c51d6f88_1503941057171_4"},{"key":"?d","val":"ES_cd594b0e_9697_4768_ad60_1363c51d6f88_1503941057171_2"},{"key":"?expectedTimeValue","val":"11.192439333535730838775634765625"},{"key":"?unitOfTimeMeasure","val":"minutes"}]}]},{"query":"?- ?t:AE#Travelling, ?t[AE#hasDestination->?d], ?d[label->?destinationFullAddress].","resultList":[{"result":[{"key":"?t","val":"VO_4d4ba478_1043_41a4_af59_e942bd2e7af6_1503941029971_7"},{"key":"?d","val":"VO_4d4ba478_1043_41a4_af59_e942bd2e7af6_1503941029971_8"},{"key":"?destinationFullAddress","val":"2790 Truxton Road, Suite 130, San Diego, CA 92106"}]},{"result":[{"key":"?t","val":"VO_4d4ba478_1043_41a4_af59_e942bd2e7af6_1503941029971_6"},{"key":"?d","val":"VO_4d4ba478_1043_41a4_af59_e942bd2e7af6_1503941029971_5"},{"key":"?destinationFullAddress","val":"823 Bellevue St. San Diego, CA 92105"}]}]},{"query":"?- ?t:AE#Travelling, ?t[AE#hasDestination->?d], ?d[AE#hasStreet->?s], ?s[label->?destinationStreetName], ?d[AE#hasCity->?c], ?c[label->?destinationCity], ?d[AE#hasState->?st], ?st[label->?destinationState], ?d[AE#hasZipcode->?destinationZipCode].","resultList":[{"result":[{"key":"?t","val":"VO_4d4ba478_1043_41a4_af59_e942bd2e7af6_1503941029971_7"},{"key":"?d","val":"VO_4d4ba478_1043_41a4_af59_e942bd2e7af6_1503941029971_8"},{"key":"?s","val":"NO_24313955_4e29_4c00_b5ca_40881ffe13e8_1503941039531_id5"},{"key":"?destinationStreetName","val":"2790 Truxton Road"},{"key":"?c","val":"NO_24313955_4e29_4c00_b5ca_40881ffe13e8_1503941039531_id11"},{"key":"?destinationCity","val":"San Diego"},{"key":"?st","val":"NO_24313955_4e29_4c00_b5ca_40881ffe13e8_1503941039531_id13"},{"key":"?destinationState","val":"CA"},{"key":"?destinationZipCode","val":"92106"}]},{"result":[{"key":"?t","val":"VO_4d4ba478_1043_41a4_af59_e942bd2e7af6_1503941029971_6"},{"key":"?d","val":"VO_4d4ba478_1043_41a4_af59_e942bd2e7af6_1503941029971_5"},{"key":"?s","val":"NO_48e759b6_4e00_4ebb_a494_9c449dd36518_1503941041584_id3"},{"key":"?destinationStreetName","val":"823 Bellevue St."},{"key":"?c","val":"NO_48e759b6_4e00_4ebb_a494_9c449dd36518_1503941041584_id9"},{"key":"?destinationCity","val":"San Diego"},{"key":"?st","val":"NO_48e759b6_4e00_4ebb_a494_9c449dd36518_1503941041584_id11"},{"key":"?destinationState","val":"CA"},{"key":"?destinationZipCode","val":"92105"}]}]},{"query":"?- ?t:AE#Travelling, ?t[AE#hasOrigin->?d], ?d[label->?originFullAddress].","resultList":[{"result":[{"key":"?t","val":"VO_4d4ba478_1043_41a4_af59_e942bd2e7af6_1503941029971_7"},{"key":"?d","val":"VO_4d4ba478_1043_41a4_af59_e942bd2e7af6_1503941029971_3"},{"key":"?originFullAddress","val":"93 Birchwood Street San Diego, CA 92114"}]},{"result":[{"key":"?t","val":"VO_4d4ba478_1043_41a4_af59_e942bd2e7af6_1503941029971_6"},{"key":"?d","val":"VO_4d4ba478_1043_41a4_af59_e942bd2e7af6_1503941029971_8"},{"key":"?originFullAddress","val":"2790 Truxton Road, Suite 130, San Diego, CA 92106"}]}]},{"query":"?- ?t:AE#Travelling, ?t[AE#hasOrigin->?d], ?d[AE#hasStreet->?s], ?s[label->?originStreetName], ?d[AE#hasCity->?c], ?c[label->?originCity], ?d[AE#hasState->?st], ?st[label->?originState], ?d[AE#hasZipcode->?originZipCode].","resultList":[{"result":[{"key":"?t","val":"VO_4d4ba478_1043_41a4_af59_e942bd2e7af6_1503941029971_7"},{"key":"?d","val":"VO_4d4ba478_1043_41a4_af59_e942bd2e7af6_1503941029971_3"},{"key":"?s","val":"NO_2104235a_31df_42ff_9acc_aedcc85b3b0a_1503941043826_id3"},{"key":"?originStreetName","val":"93 Birchwood Street"},{"key":"?c","val":"NO_2104235a_31df_42ff_9acc_aedcc85b3b0a_1503941043826_id9"},{"key":"?originCity","val":"San Diego"},{"key":"?st","val":"NO_2104235a_31df_42ff_9acc_aedcc85b3b0a_1503941043826_id11"},{"key":"?originState","val":"CA"},{"key":"?originZipCode","val":"92114"}]},{"result":[{"key":"?t","val":"VO_4d4ba478_1043_41a4_af59_e942bd2e7af6_1503941029971_6"},{"key":"?d","val":"VO_4d4ba478_1043_41a4_af59_e942bd2e7af6_1503941029971_8"},{"key":"?s","val":"NO_24313955_4e29_4c00_b5ca_40881ffe13e8_1503941039531_id5"},{"key":"?originStreetName","val":"2790 Truxton Road"},{"key":"?c","val":"NO_24313955_4e29_4c00_b5ca_40881ffe13e8_1503941039531_id11"},{"key":"?originCity","val":"San Diego"},{"key":"?st","val":"NO_24313955_4e29_4c00_b5ca_40881ffe13e8_1503941039531_id13"},{"key":"?originState","val":"CA"},{"key":"?originZipCode","val":"92106"}]}]},{"query":"?- ?t:AE#Travelling, ?t[AE#hasPath->?p], ?p[AE#hasStartRegion->?s], ?s[AE#hasLatitude->?originLatitude], ?s[AE#hasLongitude->?originLongitude].","resultList":[{"result":[{"key":"?t","val":"VO_4d4ba478_1043_41a4_af59_e942bd2e7af6_1503941029971_6"},{"key":"?p","val":"ES_cd594b0e_9697_4768_ad60_1363c51d6f88_1503941057171_4"},{"key":"?s","val":"ES_cd594b0e_9697_4768_ad60_1363c51d6f88_1503941057171_3"},{"key":"?originLatitude","val":"32.74051839275188058309140615165233612060546875"},{"key":"?originLongitude","val":"-117.2130215001728856805129908025264739990234375"}]}]},{"query":"?- ?t:AE#Travelling, ?t[AE#hasPath->?p], ?p[AE#hasEndRegion->?e], ?e[AE#hasLatitude->?destinationLatitude], ?e[AE#hasLongitude->?destinationLongitude].","resultList":[{"result":[{"key":"?t","val":"VO_4d4ba478_1043_41a4_af59_e942bd2e7af6_1503941029971_6"},{"key":"?p","val":"ES_cd594b0e_9697_4768_ad60_1363c51d6f88_1503941057171_4"},{"key":"?e","val":"ES_cd594b0e_9697_4768_ad60_1363c51d6f88_1503941057171_1"},{"key":"?destinationLatitude","val":"32.7494972000000643674866296350955963134765625"},{"key":"?destinationLongitude","val":"-117.1046149000000013984390534460544586181640625"}]}]}]}
