{"dataList":[{"query":"?- ?v:AE#VATravelVoucher, ?v[AE#hasVoucherClaimant->?c], ?c[AE#hasName->?cn], ?cn[label->?claimantFullName].","resultList":[{"result":[{"key":"?v","val":"VO_442da253_2f59_4404_9c35_e006f4645ded_1503942549428_0"},{"key":"?c","val":"VO_442da253_2f59_4404_9c35_e006f4645ded_1503942549428_2"},{"key":"?cn","val":"NO_87797334_4f95_4f05_bea8_d70a3bc24a8f_1503942556896_0"},{"key":"?claimantFullName","val":"William G. Andrews"}]},{"result":[{"key":"?v","val":"VO_442da253_2f59_4404_9c35_e006f4645ded_1503942549428_0"},{"key":"?c","val":"VO_442da253_2f59_4404_9c35_e006f4645ded_1503942549428_2"},{"key":"?cn","val":"VO_442da253_2f59_4404_9c35_e006f4645ded_1503942549428_1"},{"key":"?claimantFullName","val":"William G. Andrews"}]}]},{"query":"?- ?v:AE#VATravelVoucher, ?v[AE#hasVoucherClaimant->?c], ?c[AE#hasName->?cn], ?cn[AE#hasFirstName->?claimantFirstName].","resultList":[{"result":[{"key":"?v","val":"VO_442da253_2f59_4404_9c35_e006f4645ded_1503942549428_0"},{"key":"?c","val":"VO_442da253_2f59_4404_9c35_e006f4645ded_1503942549428_2"},{"key":"?cn","val":"NO_87797334_4f95_4f05_bea8_d70a3bc24a8f_1503942556896_0"},{"key":"?claimantFirstName","val":"william"}]}]},{"query":"?- ?v:AE#VATravelVoucher, ?v[AE#hasVoucherClaimant->?c], ?c[AE#hasName->?cn], ?cn[AE#hasLastName->?claimantLastName].","resultList":[{"result":[{"key":"?v","val":"VO_442da253_2f59_4404_9c35_e006f4645ded_1503942549428_0"},{"key":"?c","val":"VO_442da253_2f59_4404_9c35_e006f4645ded_1503942549428_2"},{"key":"?cn","val":"NO_87797334_4f95_4f05_bea8_d70a3bc24a8f_1503942556896_0"},{"key":"?claimantLastName","val":"andrews"}]}]},{"query":"?- ?v:AE#VATravelVoucher, ?v[AE#hasVoucherClaimant->?c], ?c[AE#hasSocialSecurityNumber->?s], ?s[label->?claimantSsn].","resultList":[{"result":[{"key":"?v","val":"VO_442da253_2f59_4404_9c35_e006f4645ded_1503942549428_0"},{"key":"?c","val":"VO_442da253_2f59_4404_9c35_e006f4645ded_1503942549428_2"},{"key":"?s","val":"VO_442da253_2f59_4404_9c35_e006f4645ded_1503942549428_12"},{"key":"?claimantSsn","val":"927-26-6221"}]}]},{"query":"?- ?v:AE#VATravelVoucher, ?v[AE#hasVoucherClaimant->?c], ?c[AE#hasLiens->?claimantHasLiens].","resultList":[{"result":[{"key":"?v","val":"VO_442da253_2f59_4404_9c35_e006f4645ded_1503942549428_0"},{"key":"?c","val":"VO_442da253_2f59_4404_9c35_e006f4645ded_1503942549428_2"},{"key":"?claimantHasLiens","val":"AE#NoLienReport"}]}]},{"query":"?- ?v:AE#VATravelVoucher, ?v[AE#hasVoucherClaimant->?c], ?c[AE#hasDeclaredBankruptcy->?claimantHasDeclaredBankruptcy].","resultList":[{"result":[{"key":"?v","val":"VO_442da253_2f59_4404_9c35_e006f4645ded_1503942549428_0"},{"key":"?c","val":"VO_442da253_2f59_4404_9c35_e006f4645ded_1503942549428_2"},{"key":"?claimantHasDeclaredBankruptcy","val":"AE#NoBankruptcyReport"}]}]},{"query":"?- ?v:AE#VATravelVoucher, ?v[AE#hasVoucherClaimant->?c], ?c[AE#hasArrestRecord->?claimantHasArrestRecord].","resultList":[{"result":[{"key":"?v","val":"VO_442da253_2f59_4404_9c35_e006f4645ded_1503942549428_0"},{"key":"?c","val":"VO_442da253_2f59_4404_9c35_e006f4645ded_1503942549428_2"},{"key":"?claimantHasArrestRecord","val":"AE#NoArrestRecord"}]}]},{"query":"?- ?v:AE#VATravelVoucher, ?v[AE#hasVoucherClaimant->?c], ?c[AE#hasCriminalRecord->?claimantHasCriminalRecord].","resultList":[{"result":[{"key":"?v","val":"VO_442da253_2f59_4404_9c35_e006f4645ded_1503942549428_0"},{"key":"?c","val":"VO_442da253_2f59_4404_9c35_e006f4645ded_1503942549428_2"},{"key":"?claimantHasCriminalRecord","val":"AE#NoCriminalRecord"}]}]},{"query":"?- ?v:AE#VATravelVoucher, ?v[AE#hasVoucherBeneficiary->?b], ?b[AE#hasName->?cn], ?cn[label->?beneficiaryFullName].","resultList":[{"result":[{"key":"?v","val":"VO_442da253_2f59_4404_9c35_e006f4645ded_1503942549428_0"},{"key":"?b","val":"VO_442da253_2f59_4404_9c35_e006f4645ded_1503942549428_11"},{"key":"?cn","val":"VO_442da253_2f59_4404_9c35_e006f4645ded_1503942549428_10"},{"key":"?beneficiaryFullName","val":"William G. Andrews"}]},{"result":[{"key":"?v","val":"VO_442da253_2f59_4404_9c35_e006f4645ded_1503942549428_0"},{"key":"?b","val":"VO_442da253_2f59_4404_9c35_e006f4645ded_1503942549428_11"},{"key":"?cn","val":"NO_bd56769b_bbc4_4f06_bbaa_548c494fa2f5_1503942554998_0"},{"key":"?beneficiaryFullName","val":"William G. Andrews"}]}]},{"query":"?- ?v:AE#VATravelVoucher, ?v[AE#hasVoucherBeneficiary->?b], ?b[AE#hasName->?cn], ?cn[AE#hasFirstName->?beneficiaryFirstName].","resultList":[{"result":[{"key":"?v","val":"VO_442da253_2f59_4404_9c35_e006f4645ded_1503942549428_0"},{"key":"?b","val":"VO_442da253_2f59_4404_9c35_e006f4645ded_1503942549428_11"},{"key":"?cn","val":"NO_bd56769b_bbc4_4f06_bbaa_548c494fa2f5_1503942554998_0"},{"key":"?beneficiaryFirstName","val":"william"}]}]},{"query":"?- ?v:AE#VATravelVoucher, ?v[AE#hasVoucherBeneficiary->?b], ?b[AE#hasName->?cn], ?cn[AE#hasLastName->?beneficiaryLastName].","resultList":[{"result":[{"key":"?v","val":"VO_442da253_2f59_4404_9c35_e006f4645ded_1503942549428_0"},{"key":"?b","val":"VO_442da253_2f59_4404_9c35_e006f4645ded_1503942549428_11"},{"key":"?cn","val":"NO_bd56769b_bbc4_4f06_bbaa_548c494fa2f5_1503942554998_0"},{"key":"?beneficiaryLastName","val":"andrews"}]}]},{"query":"?- ?v:AE#VATravelVoucher, ?v[AE#hasVoucherBeneficiary->?b], ?b[AE#hasSocialSecurityNumber->?s], ?s[label->?beneficiarySsn].","resultList":[{"result":[{"key":"?v","val":"VO_442da253_2f59_4404_9c35_e006f4645ded_1503942549428_0"},{"key":"?b","val":"VO_442da253_2f59_4404_9c35_e006f4645ded_1503942549428_11"},{"key":"?s","val":"VO_442da253_2f59_4404_9c35_e006f4645ded_1503942549428_9"},{"key":"?beneficiarySsn","val":"927-26-6221"}]}]},{"query":"?- ?v:AE#VATravelVoucher, ?v[AE#hasVoucherBeneficiary->?b], ?b[AE#hasLiens->?beneficiaryHasLiens].","resultList":[{"result":[{"key":"?v","val":"VO_442da253_2f59_4404_9c35_e006f4645ded_1503942549428_0"},{"key":"?b","val":"VO_442da253_2f59_4404_9c35_e006f4645ded_1503942549428_11"},{"key":"?beneficiaryHasLiens","val":"AE#NoLienReport"}]}]},{"query":"?- ?v:AE#VATravelVoucher, ?v[AE#hasVoucherBeneficiary->?b], ?b[AE#hasDeclaredBankruptcy->?beneficiaryHasDeclaredBankruptcy].","resultList":[{"result":[{"key":"?v","val":"VO_442da253_2f59_4404_9c35_e006f4645ded_1503942549428_0"},{"key":"?b","val":"VO_442da253_2f59_4404_9c35_e006f4645ded_1503942549428_11"},{"key":"?beneficiaryHasDeclaredBankruptcy","val":"AE#NoBankruptcyReport"}]}]},{"query":"?- ?v:AE#VATravelVoucher, ?v[AE#hasVoucherBeneficiary->?b], ?b[AE#hasArrestRecord->?beneficiaryHasArrestRecord].","resultList":[{"result":[{"key":"?v","val":"VO_442da253_2f59_4404_9c35_e006f4645ded_1503942549428_0"},{"key":"?b","val":"VO_442da253_2f59_4404_9c35_e006f4645ded_1503942549428_11"},{"key":"?beneficiaryHasArrestRecord","val":"AE#NoArrestRecord"}]}]},{"query":"?- ?v:AE#VATravelVoucher, ?v[AE#hasVoucherBeneficiary->?b], ?b[AE#hasCriminalRecord->?beneficiaryHasCriminalRecord].","resultList":[{"result":[{"key":"?v","val":"VO_442da253_2f59_4404_9c35_e006f4645ded_1503942549428_0"},{"key":"?b","val":"VO_442da253_2f59_4404_9c35_e006f4645ded_1503942549428_11"},{"key":"?beneficiaryHasCriminalRecord","val":"AE#NoCriminalRecord"}]}]},{"query":"?- ?t:AE#Travelling, ?t[AE#hasPath->?p], ?p[AE#hasDistance->?d], ?d[AE#numericValue->?expectedDistanceValue], ?d[AE#hasUnitOfMeasure->?unitOfDistanceMeasure].","resultList":[{"result":[{"key":"?t","val":"VO_442da253_2f59_4404_9c35_e006f4645ded_1503942549428_6"},{"key":"?p","val":"ES_3eaa29f5_2c14_4cf0_ba40_7550fa8e880f_1503942575923_4"},{"key":"?d","val":"ES_3eaa29f5_2c14_4cf0_ba40_7550fa8e880f_1503942575923_0"},{"key":"?expectedDistanceValue","val":"14417.42587762300172471441328525543212890625"},{"key":"?unitOfDistanceMeasure","val":"meters"}]}]},{"query":"?- ?t:AE#Travelling, ?t[AE#hasPath->?p], ?p[AE#hasExpectedTravelTime->?d], ?d[AE#numericValue->?expectedTimeValue], ?d[AE#hasUnitOfMeasure->?unitOfTimeMeasure].","resultList":[{"result":[{"key":"?t","val":"VO_442da253_2f59_4404_9c35_e006f4645ded_1503942549428_6"},{"key":"?p","val":"ES_3eaa29f5_2c14_4cf0_ba40_7550fa8e880f_1503942575923_4"},{"key":"?d","val":"ES_3eaa29f5_2c14_4cf0_ba40_7550fa8e880f_1503942575923_2"},{"key":"?expectedTimeValue","val":"13.40522831655107438564300537109375"},{"key":"?unitOfTimeMeasure","val":"minutes"}]}]},{"query":"?- ?t:AE#Travelling, ?t[AE#hasDestination->?d], ?d[label->?destinationFullAddress].","resultList":[{"result":[{"key":"?t","val":"VO_442da253_2f59_4404_9c35_e006f4645ded_1503942549428_7"},{"key":"?d","val":"VO_442da253_2f59_4404_9c35_e006f4645ded_1503942549428_8"},{"key":"?destinationFullAddress","val":"2790 Truxton Road, Suite 130, San Diego, CA 92106"}]},{"result":[{"key":"?t","val":"VO_442da253_2f59_4404_9c35_e006f4645ded_1503942549428_6"},{"key":"?d","val":"VO_442da253_2f59_4404_9c35_e006f4645ded_1503942549428_5"},{"key":"?destinationFullAddress","val":"4950 Canterbury Dr San Diego, CA 92116"}]}]},{"query":"?- ?t:AE#Travelling, ?t[AE#hasDestination->?d], ?d[AE#hasStreet->?s], ?s[label->?destinationStreetName], ?d[AE#hasCity->?c], ?c[label->?destinationCity], ?d[AE#hasState->?st], ?st[label->?destinationState], ?d[AE#hasZipcode->?destinationZipCode].","resultList":[{"result":[{"key":"?t","val":"VO_442da253_2f59_4404_9c35_e006f4645ded_1503942549428_7"},{"key":"?d","val":"VO_442da253_2f59_4404_9c35_e006f4645ded_1503942549428_8"},{"key":"?s","val":"NO_3b934e15_d55a_4d71_9e30_18fa1da25d1c_1503942558831_id5"},{"key":"?destinationStreetName","val":"2790 Truxton Road"},{"key":"?c","val":"NO_3b934e15_d55a_4d71_9e30_18fa1da25d1c_1503942558831_id11"},{"key":"?destinationCity","val":"San Diego"},{"key":"?st","val":"NO_3b934e15_d55a_4d71_9e30_18fa1da25d1c_1503942558831_id13"},{"key":"?destinationState","val":"CA"},{"key":"?destinationZipCode","val":"92106"}]},{"result":[{"key":"?t","val":"VO_442da253_2f59_4404_9c35_e006f4645ded_1503942549428_6"},{"key":"?d","val":"VO_442da253_2f59_4404_9c35_e006f4645ded_1503942549428_5"},{"key":"?s","val":"NO_10ac7d17_e644_4216_a4cd_71f2b7e01a47_1503942560831_id3"},{"key":"?destinationStreetName","val":"4950 Canterbury Dr"},{"key":"?c","val":"NO_10ac7d17_e644_4216_a4cd_71f2b7e01a47_1503942560831_id9"},{"key":"?destinationCity","val":"San Diego"},{"key":"?st","val":"NO_10ac7d17_e644_4216_a4cd_71f2b7e01a47_1503942560831_id11"},{"key":"?destinationState","val":"CA"},{"key":"?destinationZipCode","val":"92116"}]}]},{"query":"?- ?t:AE#Travelling, ?t[AE#hasOrigin->?d], ?d[label->?originFullAddress].","resultList":[{"result":[{"key":"?t","val":"VO_442da253_2f59_4404_9c35_e006f4645ded_1503942549428_7"},{"key":"?d","val":"VO_442da253_2f59_4404_9c35_e006f4645ded_1503942549428_3"},{"key":"?originFullAddress","val":"4950 Canterbury Dr San Diego, CA 92116"}]},{"result":[{"key":"?t","val":"VO_442da253_2f59_4404_9c35_e006f4645ded_1503942549428_6"},{"key":"?d","val":"VO_442da253_2f59_4404_9c35_e006f4645ded_1503942549428_8"},{"key":"?originFullAddress","val":"2790 Truxton Road, Suite 130, San Diego, CA 92106"}]}]},{"query":"?- ?t:AE#Travelling, ?t[AE#hasOrigin->?d], ?d[AE#hasStreet->?s], ?s[label->?originStreetName], ?d[AE#hasCity->?c], ?c[label->?originCity], ?d[AE#hasState->?st], ?st[label->?originState], ?d[AE#hasZipcode->?originZipCode].","resultList":[{"result":[{"key":"?t","val":"VO_442da253_2f59_4404_9c35_e006f4645ded_1503942549428_7"},{"key":"?d","val":"VO_442da253_2f59_4404_9c35_e006f4645ded_1503942549428_3"},{"key":"?s","val":"NO_874d2bfc_8cf3_42ef_9b09_4a8734d27261_1503942562715_id3"},{"key":"?originStreetName","val":"4950 Canterbury Dr"},{"key":"?c","val":"NO_874d2bfc_8cf3_42ef_9b09_4a8734d27261_1503942562715_id9"},{"key":"?originCity","val":"San Diego"},{"key":"?st","val":"NO_874d2bfc_8cf3_42ef_9b09_4a8734d27261_1503942562715_id11"},{"key":"?originState","val":"CA"},{"key":"?originZipCode","val":"92116"}]},{"result":[{"key":"?t","val":"VO_442da253_2f59_4404_9c35_e006f4645ded_1503942549428_6"},{"key":"?d","val":"VO_442da253_2f59_4404_9c35_e006f4645ded_1503942549428_8"},{"key":"?s","val":"NO_3b934e15_d55a_4d71_9e30_18fa1da25d1c_1503942558831_id5"},{"key":"?originStreetName","val":"2790 Truxton Road"},{"key":"?c","val":"NO_3b934e15_d55a_4d71_9e30_18fa1da25d1c_1503942558831_id11"},{"key":"?originCity","val":"San Diego"},{"key":"?st","val":"NO_3b934e15_d55a_4d71_9e30_18fa1da25d1c_1503942558831_id13"},{"key":"?originState","val":"CA"},{"key":"?originZipCode","val":"92106"}]}]},{"query":"?- ?t:AE#Travelling, ?t[AE#hasPath->?p], ?p[AE#hasStartRegion->?s], ?s[AE#hasLatitude->?originLatitude], ?s[AE#hasLongitude->?originLongitude].","resultList":[{"result":[{"key":"?t","val":"VO_442da253_2f59_4404_9c35_e006f4645ded_1503942549428_6"},{"key":"?p","val":"ES_3eaa29f5_2c14_4cf0_ba40_7550fa8e880f_1503942575923_4"},{"key":"?s","val":"ES_3eaa29f5_2c14_4cf0_ba40_7550fa8e880f_1503942575923_3"},{"key":"?originLatitude","val":"32.74051839275188058309140615165233612060546875"},{"key":"?originLongitude","val":"-117.2130215001728856805129908025264739990234375"}]}]},{"query":"?- ?t:AE#Travelling, ?t[AE#hasPath->?p], ?p[AE#hasEndRegion->?e], ?e[AE#hasLatitude->?destinationLatitude], ?e[AE#hasLongitude->?destinationLongitude].","resultList":[{"result":[{"key":"?t","val":"VO_442da253_2f59_4404_9c35_e006f4645ded_1503942549428_6"},{"key":"?p","val":"ES_3eaa29f5_2c14_4cf0_ba40_7550fa8e880f_1503942575923_4"},{"key":"?e","val":"ES_3eaa29f5_2c14_4cf0_ba40_7550fa8e880f_1503942575923_1"},{"key":"?destinationLatitude","val":"32.7684299744361169359763152897357940673828125"},{"key":"?destinationLongitude","val":"-117.10968515895280006589018739759922027587890625"}]}]}]}
