{"dataList":[{"query":"?- ?v:AE#VATravelVoucher, ?v[AE#hasVoucherClaimant->?c], ?c[AE#hasName->?cn], ?cn[label->?claimantFullName].","resultList":[{"result":[{"key":"?v","val":"VO_494c339e_39d5_4ab5_9907_d0d02db81312_1503943598586_0"},{"key":"?c","val":"VO_494c339e_39d5_4ab5_9907_d0d02db81312_1503943598586_2"},{"key":"?cn","val":"NO_ec1b7e14_b2f6_4e2b_b33c_c40d84a31f1c_1503943607509_0"},{"key":"?claimantFullName","val":"Ronald Dominic Bargas"}]},{"result":[{"key":"?v","val":"VO_494c339e_39d5_4ab5_9907_d0d02db81312_1503943598586_0"},{"key":"?c","val":"VO_494c339e_39d5_4ab5_9907_d0d02db81312_1503943598586_2"},{"key":"?cn","val":"VO_494c339e_39d5_4ab5_9907_d0d02db81312_1503943598586_1"},{"key":"?claimantFullName","val":"Ronald Dominic Bargas"}]}]},{"query":"?- ?v:AE#VATravelVoucher, ?v[AE#hasVoucherClaimant->?c], ?c[AE#hasName->?cn], ?cn[AE#hasFirstName->?claimantFirstName].","resultList":[{"result":[{"key":"?v","val":"VO_494c339e_39d5_4ab5_9907_d0d02db81312_1503943598586_0"},{"key":"?c","val":"VO_494c339e_39d5_4ab5_9907_d0d02db81312_1503943598586_2"},{"key":"?cn","val":"NO_ec1b7e14_b2f6_4e2b_b33c_c40d84a31f1c_1503943607509_0"},{"key":"?claimantFirstName","val":"ronald"}]}]},{"query":"?- ?v:AE#VATravelVoucher, ?v[AE#hasVoucherClaimant->?c], ?c[AE#hasName->?cn], ?cn[AE#hasLastName->?claimantLastName].","resultList":[{"result":[{"key":"?v","val":"VO_494c339e_39d5_4ab5_9907_d0d02db81312_1503943598586_0"},{"key":"?c","val":"VO_494c339e_39d5_4ab5_9907_d0d02db81312_1503943598586_2"},{"key":"?cn","val":"NO_ec1b7e14_b2f6_4e2b_b33c_c40d84a31f1c_1503943607509_0"},{"key":"?claimantLastName","val":"bargas"}]}]},{"query":"?- ?v:AE#VATravelVoucher, ?v[AE#hasVoucherClaimant->?c], ?c[AE#hasSocialSecurityNumber->?s], ?s[label->?claimantSsn].","resultList":[{"result":[{"key":"?v","val":"VO_494c339e_39d5_4ab5_9907_d0d02db81312_1503943598586_0"},{"key":"?c","val":"VO_494c339e_39d5_4ab5_9907_d0d02db81312_1503943598586_2"},{"key":"?s","val":"VO_494c339e_39d5_4ab5_9907_d0d02db81312_1503943598586_12"},{"key":"?claimantSsn","val":"645-48-1416"}]}]},{"query":"?- ?v:AE#VATravelVoucher, ?v[AE#hasVoucherClaimant->?c], ?c[AE#hasLiens->?claimantHasLiens].","resultList":[{"result":[{"key":"?v","val":"VO_494c339e_39d5_4ab5_9907_d0d02db81312_1503943598586_0"},{"key":"?c","val":"VO_494c339e_39d5_4ab5_9907_d0d02db81312_1503943598586_2"},{"key":"?claimantHasLiens","val":"AE#UnknownLienReport"}]}]},{"query":"?- ?v:AE#VATravelVoucher, ?v[AE#hasVoucherClaimant->?c], ?c[AE#hasDeclaredBankruptcy->?claimantHasDeclaredBankruptcy].","resultList":[{"result":[{"key":"?v","val":"VO_494c339e_39d5_4ab5_9907_d0d02db81312_1503943598586_0"},{"key":"?c","val":"VO_494c339e_39d5_4ab5_9907_d0d02db81312_1503943598586_2"},{"key":"?claimantHasDeclaredBankruptcy","val":"AE#NoBankruptcyReport"}]}]},{"query":"?- ?v:AE#VATravelVoucher, ?v[AE#hasVoucherClaimant->?c], ?c[AE#hasArrestRecord->?claimantHasArrestRecord].","resultList":[{"result":[{"key":"?v","val":"VO_494c339e_39d5_4ab5_9907_d0d02db81312_1503943598586_0"},{"key":"?c","val":"VO_494c339e_39d5_4ab5_9907_d0d02db81312_1503943598586_2"},{"key":"?claimantHasArrestRecord","val":"AE#NoArrestRecord"}]}]},{"query":"?- ?v:AE#VATravelVoucher, ?v[AE#hasVoucherClaimant->?c], ?c[AE#hasCriminalRecord->?claimantHasCriminalRecord].","resultList":[{"result":[{"key":"?v","val":"VO_494c339e_39d5_4ab5_9907_d0d02db81312_1503943598586_0"},{"key":"?c","val":"VO_494c339e_39d5_4ab5_9907_d0d02db81312_1503943598586_2"},{"key":"?claimantHasCriminalRecord","val":"AE#NoCriminalRecord"}]}]},{"query":"?- ?v:AE#VATravelVoucher, ?v[AE#hasVoucherBeneficiary->?b], ?b[AE#hasName->?cn], ?cn[label->?beneficiaryFullName].","resultList":[{"result":[{"key":"?v","val":"VO_494c339e_39d5_4ab5_9907_d0d02db81312_1503943598586_0"},{"key":"?b","val":"VO_494c339e_39d5_4ab5_9907_d0d02db81312_1503943598586_11"},{"key":"?cn","val":"VO_494c339e_39d5_4ab5_9907_d0d02db81312_1503943598586_10"},{"key":"?beneficiaryFullName","val":"Scott J. Grew"}]},{"result":[{"key":"?v","val":"VO_494c339e_39d5_4ab5_9907_d0d02db81312_1503943598586_0"},{"key":"?b","val":"VO_494c339e_39d5_4ab5_9907_d0d02db81312_1503943598586_11"},{"key":"?cn","val":"NO_51a96c70_c9f7_4639_8c12_020dd07b843f_1503943605132_0"},{"key":"?beneficiaryFullName","val":"Scott J."}]}]},{"query":"?- ?v:AE#VATravelVoucher, ?v[AE#hasVoucherBeneficiary->?b], ?b[AE#hasName->?cn], ?cn[AE#hasFirstName->?beneficiaryFirstName].","resultList":[{"result":[{"key":"?v","val":"VO_494c339e_39d5_4ab5_9907_d0d02db81312_1503943598586_0"},{"key":"?b","val":"VO_494c339e_39d5_4ab5_9907_d0d02db81312_1503943598586_11"},{"key":"?cn","val":"NO_51a96c70_c9f7_4639_8c12_020dd07b843f_1503943605132_0"},{"key":"?beneficiaryFirstName","val":"scott"}]}]},{"query":"?- ?v:AE#VATravelVoucher, ?v[AE#hasVoucherBeneficiary->?b], ?b[AE#hasName->?cn], ?cn[AE#hasLastName->?beneficiaryLastName].","resultList":[{"result":[{"key":"?v","val":"VO_494c339e_39d5_4ab5_9907_d0d02db81312_1503943598586_0"},{"key":"?b","val":"VO_494c339e_39d5_4ab5_9907_d0d02db81312_1503943598586_11"},{"key":"?cn","val":"NO_51a96c70_c9f7_4639_8c12_020dd07b843f_1503943605132_0"},{"key":"?beneficiaryLastName","val":"j_."}]}]},{"query":"?- ?v:AE#VATravelVoucher, ?v[AE#hasVoucherBeneficiary->?b], ?b[AE#hasSocialSecurityNumber->?s], ?s[label->?beneficiarySsn].","resultList":[{"result":[{"key":"?v","val":"VO_494c339e_39d5_4ab5_9907_d0d02db81312_1503943598586_0"},{"key":"?b","val":"VO_494c339e_39d5_4ab5_9907_d0d02db81312_1503943598586_11"},{"key":"?s","val":"VO_494c339e_39d5_4ab5_9907_d0d02db81312_1503943598586_9"},{"key":"?beneficiarySsn","val":"770-38-7864"}]}]},{"query":"?- ?v:AE#VATravelVoucher, ?v[AE#hasVoucherBeneficiary->?b], ?b[AE#hasLiens->?beneficiaryHasLiens].","resultList":[{"result":[{"key":"?v","val":"VO_494c339e_39d5_4ab5_9907_d0d02db81312_1503943598586_0"},{"key":"?b","val":"VO_494c339e_39d5_4ab5_9907_d0d02db81312_1503943598586_11"},{"key":"?beneficiaryHasLiens","val":"AE#NoLienReport"}]}]},{"query":"?- ?v:AE#VATravelVoucher, ?v[AE#hasVoucherBeneficiary->?b], ?b[AE#hasDeclaredBankruptcy->?beneficiaryHasDeclaredBankruptcy].","resultList":[{"result":[{"key":"?v","val":"VO_494c339e_39d5_4ab5_9907_d0d02db81312_1503943598586_0"},{"key":"?b","val":"VO_494c339e_39d5_4ab5_9907_d0d02db81312_1503943598586_11"},{"key":"?beneficiaryHasDeclaredBankruptcy","val":"AE#NoBankruptcyReport"}]}]},{"query":"?- ?v:AE#VATravelVoucher, ?v[AE#hasVoucherBeneficiary->?b], ?b[AE#hasArrestRecord->?beneficiaryHasArrestRecord].","resultList":[{"result":[{"key":"?v","val":"VO_494c339e_39d5_4ab5_9907_d0d02db81312_1503943598586_0"},{"key":"?b","val":"VO_494c339e_39d5_4ab5_9907_d0d02db81312_1503943598586_11"},{"key":"?beneficiaryHasArrestRecord","val":"AE#NoArrestRecord"}]}]},{"query":"?- ?v:AE#VATravelVoucher, ?v[AE#hasVoucherBeneficiary->?b], ?b[AE#hasCriminalRecord->?beneficiaryHasCriminalRecord].","resultList":[{"result":[{"key":"?v","val":"VO_494c339e_39d5_4ab5_9907_d0d02db81312_1503943598586_0"},{"key":"?b","val":"VO_494c339e_39d5_4ab5_9907_d0d02db81312_1503943598586_11"},{"key":"?beneficiaryHasCriminalRecord","val":"AE#NoCriminalRecord"}]}]},{"query":"?- ?t:AE#Travelling, ?t[AE#hasPath->?p], ?p[AE#hasDistance->?d], ?d[AE#numericValue->?expectedDistanceValue], ?d[AE#hasUnitOfMeasure->?unitOfDistanceMeasure].","resultList":[{"result":[{"key":"?t","val":"VO_494c339e_39d5_4ab5_9907_d0d02db81312_1503943598586_6"},{"key":"?p","val":"ES_d8ccc69e_3527_4324_b607_8d7b0838c5e8_1503943628736_4"},{"key":"?d","val":"ES_d8ccc69e_3527_4324_b607_8d7b0838c5e8_1503943628736_0"},{"key":"?expectedDistanceValue","val":"8771.6112570495461113750934600830078125"},{"key":"?unitOfDistanceMeasure","val":"meters"}]}]},{"query":"?- ?t:AE#Travelling, ?t[AE#hasPath->?p], ?p[AE#hasExpectedTravelTime->?d], ?d[AE#numericValue->?expectedTimeValue], ?d[AE#hasUnitOfMeasure->?unitOfTimeMeasure].","resultList":[{"result":[{"key":"?t","val":"VO_494c339e_39d5_4ab5_9907_d0d02db81312_1503943598586_6"},{"key":"?p","val":"ES_d8ccc69e_3527_4324_b607_8d7b0838c5e8_1503943628736_4"},{"key":"?d","val":"ES_d8ccc69e_3527_4324_b607_8d7b0838c5e8_1503943628736_2"},{"key":"?expectedTimeValue","val":"9.606476986664347350597381591796875"},{"key":"?unitOfTimeMeasure","val":"minutes"}]}]},{"query":"?- ?t:AE#Travelling, ?t[AE#hasDestination->?d], ?d[label->?destinationFullAddress].","resultList":[{"result":[{"key":"?t","val":"VO_494c339e_39d5_4ab5_9907_d0d02db81312_1503943598586_7"},{"key":"?d","val":"VO_494c339e_39d5_4ab5_9907_d0d02db81312_1503943598586_8"},{"key":"?destinationFullAddress","val":"2790 Truxton Road, Suite 130, San Diego, CA 92106"}]},{"result":[{"key":"?t","val":"VO_494c339e_39d5_4ab5_9907_d0d02db81312_1503943598586_6"},{"key":"?d","val":"VO_494c339e_39d5_4ab5_9907_d0d02db81312_1503943598586_5"},{"key":"?destinationFullAddress","val":"59 Strawberry Street San Diego, CA 92117"}]}]},{"query":"?- ?t:AE#Travelling, ?t[AE#hasDestination->?d], ?d[AE#hasStreet->?s], ?s[label->?destinationStreetName], ?d[AE#hasCity->?c], ?c[label->?destinationCity], ?d[AE#hasState->?st], ?st[label->?destinationState], ?d[AE#hasZipcode->?destinationZipCode].","resultList":[{"result":[{"key":"?t","val":"VO_494c339e_39d5_4ab5_9907_d0d02db81312_1503943598586_7"},{"key":"?d","val":"VO_494c339e_39d5_4ab5_9907_d0d02db81312_1503943598586_8"},{"key":"?s","val":"NO_8d8a4120_204b_40f7_9867_d962bb1b826f_1503943610434_id5"},{"key":"?destinationStreetName","val":"2790 Truxton Road"},{"key":"?c","val":"NO_8d8a4120_204b_40f7_9867_d962bb1b826f_1503943610434_id11"},{"key":"?destinationCity","val":"San Diego"},{"key":"?st","val":"NO_8d8a4120_204b_40f7_9867_d962bb1b826f_1503943610434_id13"},{"key":"?destinationState","val":"CA"},{"key":"?destinationZipCode","val":"92106"}]},{"result":[{"key":"?t","val":"VO_494c339e_39d5_4ab5_9907_d0d02db81312_1503943598586_6"},{"key":"?d","val":"VO_494c339e_39d5_4ab5_9907_d0d02db81312_1503943598586_5"},{"key":"?s","val":"NO_708df627_0d78_43b6_a546_2e4aa2cb4cde_1503943612924_id3"},{"key":"?destinationStreetName","val":"59 Strawberry Street"},{"key":"?c","val":"NO_708df627_0d78_43b6_a546_2e4aa2cb4cde_1503943612924_id9"},{"key":"?destinationCity","val":"San Diego"},{"key":"?st","val":"NO_708df627_0d78_43b6_a546_2e4aa2cb4cde_1503943612924_id11"},{"key":"?destinationState","val":"CA"},{"key":"?destinationZipCode","val":"92117"}]}]},{"query":"?- ?t:AE#Travelling, ?t[AE#hasOrigin->?d], ?d[label->?originFullAddress].","resultList":[{"result":[{"key":"?t","val":"VO_494c339e_39d5_4ab5_9907_d0d02db81312_1503943598586_7"},{"key":"?d","val":"VO_494c339e_39d5_4ab5_9907_d0d02db81312_1503943598586_3"},{"key":"?originFullAddress","val":"6758 Rosefield Dr, San Diego, CA 92115"}]},{"result":[{"key":"?t","val":"VO_494c339e_39d5_4ab5_9907_d0d02db81312_1503943598586_6"},{"key":"?d","val":"VO_494c339e_39d5_4ab5_9907_d0d02db81312_1503943598586_8"},{"key":"?originFullAddress","val":"2790 Truxton Road, Suite 130, San Diego, CA 92106"}]}]},{"query":"?- ?t:AE#Travelling, ?t[AE#hasOrigin->?d], ?d[AE#hasStreet->?s], ?s[label->?originStreetName], ?d[AE#hasCity->?c], ?c[label->?originCity], ?d[AE#hasState->?st], ?st[label->?originState], ?d[AE#hasZipcode->?originZipCode].","resultList":[{"result":[{"key":"?t","val":"VO_494c339e_39d5_4ab5_9907_d0d02db81312_1503943598586_7"},{"key":"?d","val":"VO_494c339e_39d5_4ab5_9907_d0d02db81312_1503943598586_3"},{"key":"?s","val":"NO_dec7293e_2378_4e3d_92fc_70cc2c8fe06f_1503943615155_id3"},{"key":"?originStreetName","val":"6758 Rosefield Dr"},{"key":"?c","val":"NO_dec7293e_2378_4e3d_92fc_70cc2c8fe06f_1503943615155_id9"},{"key":"?originCity","val":"San Diego"},{"key":"?st","val":"NO_dec7293e_2378_4e3d_92fc_70cc2c8fe06f_1503943615155_id11"},{"key":"?originState","val":"CA"},{"key":"?originZipCode","val":"92115"}]},{"result":[{"key":"?t","val":"VO_494c339e_39d5_4ab5_9907_d0d02db81312_1503943598586_6"},{"key":"?d","val":"VO_494c339e_39d5_4ab5_9907_d0d02db81312_1503943598586_8"},{"key":"?s","val":"NO_8d8a4120_204b_40f7_9867_d962bb1b826f_1503943610434_id5"},{"key":"?originStreetName","val":"2790 Truxton Road"},{"key":"?c","val":"NO_8d8a4120_204b_40f7_9867_d962bb1b826f_1503943610434_id11"},{"key":"?originCity","val":"San Diego"},{"key":"?st","val":"NO_8d8a4120_204b_40f7_9867_d962bb1b826f_1503943610434_id13"},{"key":"?originState","val":"CA"},{"key":"?originZipCode","val":"92106"}]}]},{"query":"?- ?t:AE#Travelling, ?t[AE#hasPath->?p], ?p[AE#hasStartRegion->?s], ?s[AE#hasLatitude->?originLatitude], ?s[AE#hasLongitude->?originLongitude].","resultList":[{"result":[{"key":"?t","val":"VO_494c339e_39d5_4ab5_9907_d0d02db81312_1503943598586_6"},{"key":"?p","val":"ES_d8ccc69e_3527_4324_b607_8d7b0838c5e8_1503943628736_4"},{"key":"?s","val":"ES_d8ccc69e_3527_4324_b607_8d7b0838c5e8_1503943628736_3"},{"key":"?originLatitude","val":"32.74051839275188058309140615165233612060546875"},{"key":"?originLongitude","val":"-117.2130215001728856805129908025264739990234375"}]}]},{"query":"?- ?t:AE#Travelling, ?t[AE#hasPath->?p], ?p[AE#hasEndRegion->?e], ?e[AE#hasLatitude->?destinationLatitude], ?e[AE#hasLongitude->?destinationLongitude].","resultList":[{"result":[{"key":"?t","val":"VO_494c339e_39d5_4ab5_9907_d0d02db81312_1503943598586_6"},{"key":"?p","val":"ES_d8ccc69e_3527_4324_b607_8d7b0838c5e8_1503943628736_4"},{"key":"?e","val":"ES_d8ccc69e_3527_4324_b607_8d7b0838c5e8_1503943628736_1"},{"key":"?destinationLatitude","val":"32.79662300000001096123014576733112335205078125"},{"key":"?destinationLongitude","val":"-117.197813600000017686397768557071685791015625"}]}]}]}
