{"dataList":[{"query":"?- ?v:AE#VATravelVoucher, ?v[AE#hasVoucherClaimant->?c], ?c[AE#hasName->?cn], ?cn[label->?claimantFullName].","resultList":[{"result":[{"key":"?v","val":"VO_4a48bd45_1278_4f27_9435_29fa9ae31921_1503942278158_0"},{"key":"?c","val":"VO_4a48bd45_1278_4f27_9435_29fa9ae31921_1503942278158_2"},{"key":"?cn","val":"NO_58f0e9ed_3b46_4b39_80ae_753410a89fdb_1503942285682_0"},{"key":"?claimantFullName","val":"Carl Everett Goodier"}]},{"result":[{"key":"?v","val":"VO_4a48bd45_1278_4f27_9435_29fa9ae31921_1503942278158_0"},{"key":"?c","val":"VO_4a48bd45_1278_4f27_9435_29fa9ae31921_1503942278158_2"},{"key":"?cn","val":"VO_4a48bd45_1278_4f27_9435_29fa9ae31921_1503942278158_1"},{"key":"?claimantFullName","val":"Carl Everett Goodier"}]}]},{"query":"?- ?v:AE#VATravelVoucher, ?v[AE#hasVoucherClaimant->?c], ?c[AE#hasName->?cn], ?cn[AE#hasFirstName->?claimantFirstName].","resultList":[{"result":[{"key":"?v","val":"VO_4a48bd45_1278_4f27_9435_29fa9ae31921_1503942278158_0"},{"key":"?c","val":"VO_4a48bd45_1278_4f27_9435_29fa9ae31921_1503942278158_2"},{"key":"?cn","val":"NO_58f0e9ed_3b46_4b39_80ae_753410a89fdb_1503942285682_0"},{"key":"?claimantFirstName","val":"carl"}]}]},{"query":"?- ?v:AE#VATravelVoucher, ?v[AE#hasVoucherClaimant->?c], ?c[AE#hasName->?cn], ?cn[AE#hasLastName->?claimantLastName].","resultList":[{"result":[{"key":"?v","val":"VO_4a48bd45_1278_4f27_9435_29fa9ae31921_1503942278158_0"},{"key":"?c","val":"VO_4a48bd45_1278_4f27_9435_29fa9ae31921_1503942278158_2"},{"key":"?cn","val":"NO_58f0e9ed_3b46_4b39_80ae_753410a89fdb_1503942285682_0"},{"key":"?claimantLastName","val":"goodier"}]}]},{"query":"?- ?v:AE#VATravelVoucher, ?v[AE#hasVoucherClaimant->?c], ?c[AE#hasSocialSecurityNumber->?s], ?s[label->?claimantSsn].","resultList":[{"result":[{"key":"?v","val":"VO_4a48bd45_1278_4f27_9435_29fa9ae31921_1503942278158_0"},{"key":"?c","val":"VO_4a48bd45_1278_4f27_9435_29fa9ae31921_1503942278158_2"},{"key":"?s","val":"VO_4a48bd45_1278_4f27_9435_29fa9ae31921_1503942278158_12"},{"key":"?claimantSsn","val":"233-98-9540"}]}]},{"query":"?- ?v:AE#VATravelVoucher, ?v[AE#hasVoucherClaimant->?c], ?c[AE#hasLiens->?claimantHasLiens].","resultList":[{"result":[{"key":"?v","val":"VO_4a48bd45_1278_4f27_9435_29fa9ae31921_1503942278158_0"},{"key":"?c","val":"VO_4a48bd45_1278_4f27_9435_29fa9ae31921_1503942278158_2"},{"key":"?claimantHasLiens","val":"AE#NoLienReport"}]}]},{"query":"?- ?v:AE#VATravelVoucher, ?v[AE#hasVoucherClaimant->?c], ?c[AE#hasDeclaredBankruptcy->?claimantHasDeclaredBankruptcy].","resultList":[{"result":[{"key":"?v","val":"VO_4a48bd45_1278_4f27_9435_29fa9ae31921_1503942278158_0"},{"key":"?c","val":"VO_4a48bd45_1278_4f27_9435_29fa9ae31921_1503942278158_2"},{"key":"?claimantHasDeclaredBankruptcy","val":"AE#NoBankruptcyReport"}]}]},{"query":"?- ?v:AE#VATravelVoucher, ?v[AE#hasVoucherClaimant->?c], ?c[AE#hasArrestRecord->?claimantHasArrestRecord].","resultList":[{"result":[{"key":"?v","val":"VO_4a48bd45_1278_4f27_9435_29fa9ae31921_1503942278158_0"},{"key":"?c","val":"VO_4a48bd45_1278_4f27_9435_29fa9ae31921_1503942278158_2"},{"key":"?claimantHasArrestRecord","val":"AE#NoArrestRecord"}]}]},{"query":"?- ?v:AE#VATravelVoucher, ?v[AE#hasVoucherClaimant->?c], ?c[AE#hasCriminalRecord->?claimantHasCriminalRecord].","resultList":[{"result":[{"key":"?v","val":"VO_4a48bd45_1278_4f27_9435_29fa9ae31921_1503942278158_0"},{"key":"?c","val":"VO_4a48bd45_1278_4f27_9435_29fa9ae31921_1503942278158_2"},{"key":"?claimantHasCriminalRecord","val":"AE#NoCriminalRecord"}]}]},{"query":"?- ?v:AE#VATravelVoucher, ?v[AE#hasVoucherBeneficiary->?b], ?b[AE#hasName->?cn], ?cn[label->?beneficiaryFullName].","resultList":[{"result":[{"key":"?v","val":"VO_4a48bd45_1278_4f27_9435_29fa9ae31921_1503942278158_0"},{"key":"?b","val":"VO_4a48bd45_1278_4f27_9435_29fa9ae31921_1503942278158_11"},{"key":"?cn","val":"VO_4a48bd45_1278_4f27_9435_29fa9ae31921_1503942278158_10"},{"key":"?beneficiaryFullName","val":"Carl Everett Goodier"}]},{"result":[{"key":"?v","val":"VO_4a48bd45_1278_4f27_9435_29fa9ae31921_1503942278158_0"},{"key":"?b","val":"VO_4a48bd45_1278_4f27_9435_29fa9ae31921_1503942278158_11"},{"key":"?cn","val":"NO_e7658667_02a5_4cc2_9ef1_32445af1bf2b_1503942283825_0"},{"key":"?beneficiaryFullName","val":"Carl Everett Goodier"}]}]},{"query":"?- ?v:AE#VATravelVoucher, ?v[AE#hasVoucherBeneficiary->?b], ?b[AE#hasName->?cn], ?cn[AE#hasFirstName->?beneficiaryFirstName].","resultList":[{"result":[{"key":"?v","val":"VO_4a48bd45_1278_4f27_9435_29fa9ae31921_1503942278158_0"},{"key":"?b","val":"VO_4a48bd45_1278_4f27_9435_29fa9ae31921_1503942278158_11"},{"key":"?cn","val":"NO_e7658667_02a5_4cc2_9ef1_32445af1bf2b_1503942283825_0"},{"key":"?beneficiaryFirstName","val":"carl"}]}]},{"query":"?- ?v:AE#VATravelVoucher, ?v[AE#hasVoucherBeneficiary->?b], ?b[AE#hasName->?cn], ?cn[AE#hasLastName->?beneficiaryLastName].","resultList":[{"result":[{"key":"?v","val":"VO_4a48bd45_1278_4f27_9435_29fa9ae31921_1503942278158_0"},{"key":"?b","val":"VO_4a48bd45_1278_4f27_9435_29fa9ae31921_1503942278158_11"},{"key":"?cn","val":"NO_e7658667_02a5_4cc2_9ef1_32445af1bf2b_1503942283825_0"},{"key":"?beneficiaryLastName","val":"goodier"}]}]},{"query":"?- ?v:AE#VATravelVoucher, ?v[AE#hasVoucherBeneficiary->?b], ?b[AE#hasSocialSecurityNumber->?s], ?s[label->?beneficiarySsn].","resultList":[{"result":[{"key":"?v","val":"VO_4a48bd45_1278_4f27_9435_29fa9ae31921_1503942278158_0"},{"key":"?b","val":"VO_4a48bd45_1278_4f27_9435_29fa9ae31921_1503942278158_11"},{"key":"?s","val":"VO_4a48bd45_1278_4f27_9435_29fa9ae31921_1503942278158_9"},{"key":"?beneficiarySsn","val":"233-98-9540"}]}]},{"query":"?- ?v:AE#VATravelVoucher, ?v[AE#hasVoucherBeneficiary->?b], ?b[AE#hasLiens->?beneficiaryHasLiens].","resultList":[{"result":[{"key":"?v","val":"VO_4a48bd45_1278_4f27_9435_29fa9ae31921_1503942278158_0"},{"key":"?b","val":"VO_4a48bd45_1278_4f27_9435_29fa9ae31921_1503942278158_11"},{"key":"?beneficiaryHasLiens","val":"AE#NoLienReport"}]}]},{"query":"?- ?v:AE#VATravelVoucher, ?v[AE#hasVoucherBeneficiary->?b], ?b[AE#hasDeclaredBankruptcy->?beneficiaryHasDeclaredBankruptcy].","resultList":[{"result":[{"key":"?v","val":"VO_4a48bd45_1278_4f27_9435_29fa9ae31921_1503942278158_0"},{"key":"?b","val":"VO_4a48bd45_1278_4f27_9435_29fa9ae31921_1503942278158_11"},{"key":"?beneficiaryHasDeclaredBankruptcy","val":"AE#NoBankruptcyReport"}]}]},{"query":"?- ?v:AE#VATravelVoucher, ?v[AE#hasVoucherBeneficiary->?b], ?b[AE#hasArrestRecord->?beneficiaryHasArrestRecord].","resultList":[{"result":[{"key":"?v","val":"VO_4a48bd45_1278_4f27_9435_29fa9ae31921_1503942278158_0"},{"key":"?b","val":"VO_4a48bd45_1278_4f27_9435_29fa9ae31921_1503942278158_11"},{"key":"?beneficiaryHasArrestRecord","val":"AE#NoArrestRecord"}]}]},{"query":"?- ?v:AE#VATravelVoucher, ?v[AE#hasVoucherBeneficiary->?b], ?b[AE#hasCriminalRecord->?beneficiaryHasCriminalRecord].","resultList":[{"result":[{"key":"?v","val":"VO_4a48bd45_1278_4f27_9435_29fa9ae31921_1503942278158_0"},{"key":"?b","val":"VO_4a48bd45_1278_4f27_9435_29fa9ae31921_1503942278158_11"},{"key":"?beneficiaryHasCriminalRecord","val":"AE#NoCriminalRecord"}]}]},{"query":"?- ?t:AE#Travelling, ?t[AE#hasPath->?p], ?p[AE#hasDistance->?d], ?d[AE#numericValue->?expectedDistanceValue], ?d[AE#hasUnitOfMeasure->?unitOfDistanceMeasure].","resultList":[{"result":[{"key":"?t","val":"VO_4a48bd45_1278_4f27_9435_29fa9ae31921_1503942278158_6"},{"key":"?p","val":"ES_c4cb2a92_e4fc_4c85_b12a_8f336d9ae37f_1503942304033_4"},{"key":"?d","val":"ES_c4cb2a92_e4fc_4c85_b12a_8f336d9ae37f_1503942304033_0"},{"key":"?expectedDistanceValue","val":"21299.5785010429899557493627071380615234375"},{"key":"?unitOfDistanceMeasure","val":"meters"}]}]},{"query":"?- ?t:AE#Travelling, ?t[AE#hasPath->?p], ?p[AE#hasExpectedTravelTime->?d], ?d[AE#numericValue->?expectedTimeValue], ?d[AE#hasUnitOfMeasure->?unitOfTimeMeasure].","resultList":[{"result":[{"key":"?t","val":"VO_4a48bd45_1278_4f27_9435_29fa9ae31921_1503942278158_6"},{"key":"?p","val":"ES_c4cb2a92_e4fc_4c85_b12a_8f336d9ae37f_1503942304033_4"},{"key":"?d","val":"ES_c4cb2a92_e4fc_4c85_b12a_8f336d9ae37f_1503942304033_2"},{"key":"?expectedTimeValue","val":"17.978996973834000527858734130859375"},{"key":"?unitOfTimeMeasure","val":"minutes"}]}]},{"query":"?- ?t:AE#Travelling, ?t[AE#hasDestination->?d], ?d[label->?destinationFullAddress].","resultList":[{"result":[{"key":"?t","val":"VO_4a48bd45_1278_4f27_9435_29fa9ae31921_1503942278158_7"},{"key":"?d","val":"VO_4a48bd45_1278_4f27_9435_29fa9ae31921_1503942278158_8"},{"key":"?destinationFullAddress","val":"2790 Truxton Road, Suite 130, San Diego, CA 92106"}]},{"result":[{"key":"?t","val":"VO_4a48bd45_1278_4f27_9435_29fa9ae31921_1503942278158_6"},{"key":"?d","val":"VO_4a48bd45_1278_4f27_9435_29fa9ae31921_1503942278158_5"},{"key":"?destinationFullAddress","val":"8402 Brickyard Street San Diego, CA 92114"}]}]},{"query":"?- ?t:AE#Travelling, ?t[AE#hasDestination->?d], ?d[AE#hasStreet->?s], ?s[label->?destinationStreetName], ?d[AE#hasCity->?c], ?c[label->?destinationCity], ?d[AE#hasState->?st], ?st[label->?destinationState], ?d[AE#hasZipcode->?destinationZipCode].","resultList":[{"result":[{"key":"?t","val":"VO_4a48bd45_1278_4f27_9435_29fa9ae31921_1503942278158_7"},{"key":"?d","val":"VO_4a48bd45_1278_4f27_9435_29fa9ae31921_1503942278158_8"},{"key":"?s","val":"NO_e8aa8fdb_3886_4af5_8d3e_1284a172a916_1503942287524_id5"},{"key":"?destinationStreetName","val":"2790 Truxton Road"},{"key":"?c","val":"NO_e8aa8fdb_3886_4af5_8d3e_1284a172a916_1503942287524_id11"},{"key":"?destinationCity","val":"San Diego"},{"key":"?st","val":"NO_e8aa8fdb_3886_4af5_8d3e_1284a172a916_1503942287524_id13"},{"key":"?destinationState","val":"CA"},{"key":"?destinationZipCode","val":"92106"}]},{"result":[{"key":"?t","val":"VO_4a48bd45_1278_4f27_9435_29fa9ae31921_1503942278158_6"},{"key":"?d","val":"VO_4a48bd45_1278_4f27_9435_29fa9ae31921_1503942278158_5"},{"key":"?s","val":"NO_abc09147_82fa_4c1b_91d1_b721b43366c6_1503942289496_id3"},{"key":"?destinationStreetName","val":"8402 Brickyard Street"},{"key":"?c","val":"NO_abc09147_82fa_4c1b_91d1_b721b43366c6_1503942289496_id9"},{"key":"?destinationCity","val":"San Diego"},{"key":"?st","val":"NO_abc09147_82fa_4c1b_91d1_b721b43366c6_1503942289496_id11"},{"key":"?destinationState","val":"CA"},{"key":"?destinationZipCode","val":"92114"}]}]},{"query":"?- ?t:AE#Travelling, ?t[AE#hasOrigin->?d], ?d[label->?originFullAddress].","resultList":[{"result":[{"key":"?t","val":"VO_4a48bd45_1278_4f27_9435_29fa9ae31921_1503942278158_7"},{"key":"?d","val":"VO_4a48bd45_1278_4f27_9435_29fa9ae31921_1503942278158_3"},{"key":"?originFullAddress","val":"8402 Brickyard Street San Diego, CA 92114"}]},{"result":[{"key":"?t","val":"VO_4a48bd45_1278_4f27_9435_29fa9ae31921_1503942278158_6"},{"key":"?d","val":"VO_4a48bd45_1278_4f27_9435_29fa9ae31921_1503942278158_8"},{"key":"?originFullAddress","val":"2790 Truxton Road, Suite 130, San Diego, CA 92106"}]}]},{"query":"?- ?t:AE#Travelling, ?t[AE#hasOrigin->?d], ?d[AE#hasStreet->?s], ?s[label->?originStreetName], ?d[AE#hasCity->?c], ?c[label->?originCity], ?d[AE#hasState->?st], ?st[label->?originState], ?d[AE#hasZipcode->?originZipCode].","resultList":[{"result":[{"key":"?t","val":"VO_4a48bd45_1278_4f27_9435_29fa9ae31921_1503942278158_7"},{"key":"?d","val":"VO_4a48bd45_1278_4f27_9435_29fa9ae31921_1503942278158_3"},{"key":"?s","val":"NO_62e36c42_62b2_4d09_980b_d123943cdfe9_1503942291385_id3"},{"key":"?originStreetName","val":"8402 Brickyard Street"},{"key":"?c","val":"NO_62e36c42_62b2_4d09_980b_d123943cdfe9_1503942291385_id9"},{"key":"?originCity","val":"San Diego"},{"key":"?st","val":"NO_62e36c42_62b2_4d09_980b_d123943cdfe9_1503942291385_id11"},{"key":"?originState","val":"CA"},{"key":"?originZipCode","val":"92114"}]},{"result":[{"key":"?t","val":"VO_4a48bd45_1278_4f27_9435_29fa9ae31921_1503942278158_6"},{"key":"?d","val":"VO_4a48bd45_1278_4f27_9435_29fa9ae31921_1503942278158_8"},{"key":"?s","val":"NO_e8aa8fdb_3886_4af5_8d3e_1284a172a916_1503942287524_id5"},{"key":"?originStreetName","val":"2790 Truxton Road"},{"key":"?c","val":"NO_e8aa8fdb_3886_4af5_8d3e_1284a172a916_1503942287524_id11"},{"key":"?originCity","val":"San Diego"},{"key":"?st","val":"NO_e8aa8fdb_3886_4af5_8d3e_1284a172a916_1503942287524_id13"},{"key":"?originState","val":"CA"},{"key":"?originZipCode","val":"92106"}]}]},{"query":"?- ?t:AE#Travelling, ?t[AE#hasPath->?p], ?p[AE#hasStartRegion->?s], ?s[AE#hasLatitude->?originLatitude], ?s[AE#hasLongitude->?originLongitude].","resultList":[{"result":[{"key":"?t","val":"VO_4a48bd45_1278_4f27_9435_29fa9ae31921_1503942278158_6"},{"key":"?p","val":"ES_c4cb2a92_e4fc_4c85_b12a_8f336d9ae37f_1503942304033_4"},{"key":"?s","val":"ES_c4cb2a92_e4fc_4c85_b12a_8f336d9ae37f_1503942304033_3"},{"key":"?originLatitude","val":"32.74051839275188058309140615165233612060546875"},{"key":"?originLongitude","val":"-117.2130215001728856805129908025264739990234375"}]}]},{"query":"?- ?t:AE#Travelling, ?t[AE#hasPath->?p], ?p[AE#hasEndRegion->?e], ?e[AE#hasLatitude->?destinationLatitude], ?e[AE#hasLongitude->?destinationLongitude].","resultList":[{"result":[{"key":"?t","val":"VO_4a48bd45_1278_4f27_9435_29fa9ae31921_1503942278158_6"},{"key":"?p","val":"ES_c4cb2a92_e4fc_4c85_b12a_8f336d9ae37f_1503942304033_4"},{"key":"?e","val":"ES_c4cb2a92_e4fc_4c85_b12a_8f336d9ae37f_1503942304033_1"},{"key":"?destinationLatitude","val":"32.70333010000007334383553825318813323974609375"},{"key":"?destinationLongitude","val":"-117.0296501999999918552930466830730438232421875"}]}]}]}
