{"dataList":[{"query":"?- ?v:AE#VATravelVoucher, ?v[AE#hasVoucherClaimant->?c], ?c[AE#hasName->?cn], ?cn[label->?claimantFullName].","resultList":[{"result":[{"key":"?v","val":"VO_54b1e6cc_e452_47da_81c3_1f65866ceae7_1503942489208_0"},{"key":"?c","val":"VO_54b1e6cc_e452_47da_81c3_1f65866ceae7_1503942489208_2"},{"key":"?cn","val":"NO_50869bf1_1046_4b1b_8575_f77f60cff93b_1503942496861_0"},{"key":"?claimantFullName","val":"Brandon W. Jacob"}]},{"result":[{"key":"?v","val":"VO_54b1e6cc_e452_47da_81c3_1f65866ceae7_1503942489208_0"},{"key":"?c","val":"VO_54b1e6cc_e452_47da_81c3_1f65866ceae7_1503942489208_2"},{"key":"?cn","val":"VO_54b1e6cc_e452_47da_81c3_1f65866ceae7_1503942489208_1"},{"key":"?claimantFullName","val":"Brandon W. Jacob"}]}]},{"query":"?- ?v:AE#VATravelVoucher, ?v[AE#hasVoucherClaimant->?c], ?c[AE#hasName->?cn], ?cn[AE#hasFirstName->?claimantFirstName].","resultList":[{"result":[{"key":"?v","val":"VO_54b1e6cc_e452_47da_81c3_1f65866ceae7_1503942489208_0"},{"key":"?c","val":"VO_54b1e6cc_e452_47da_81c3_1f65866ceae7_1503942489208_2"},{"key":"?cn","val":"NO_50869bf1_1046_4b1b_8575_f77f60cff93b_1503942496861_0"},{"key":"?claimantFirstName","val":"brandon"}]}]},{"query":"?- ?v:AE#VATravelVoucher, ?v[AE#hasVoucherClaimant->?c], ?c[AE#hasName->?cn], ?cn[AE#hasLastName->?claimantLastName].","resultList":[{"result":[{"key":"?v","val":"VO_54b1e6cc_e452_47da_81c3_1f65866ceae7_1503942489208_0"},{"key":"?c","val":"VO_54b1e6cc_e452_47da_81c3_1f65866ceae7_1503942489208_2"},{"key":"?cn","val":"NO_50869bf1_1046_4b1b_8575_f77f60cff93b_1503942496861_0"},{"key":"?claimantLastName","val":"jacob"}]}]},{"query":"?- ?v:AE#VATravelVoucher, ?v[AE#hasVoucherClaimant->?c], ?c[AE#hasSocialSecurityNumber->?s], ?s[label->?claimantSsn].","resultList":[{"result":[{"key":"?v","val":"VO_54b1e6cc_e452_47da_81c3_1f65866ceae7_1503942489208_0"},{"key":"?c","val":"VO_54b1e6cc_e452_47da_81c3_1f65866ceae7_1503942489208_2"},{"key":"?s","val":"VO_54b1e6cc_e452_47da_81c3_1f65866ceae7_1503942489208_12"},{"key":"?claimantSsn","val":"849-40-6621"}]}]},{"query":"?- ?v:AE#VATravelVoucher, ?v[AE#hasVoucherClaimant->?c], ?c[AE#hasLiens->?claimantHasLiens].","resultList":[{"result":[{"key":"?v","val":"VO_54b1e6cc_e452_47da_81c3_1f65866ceae7_1503942489208_0"},{"key":"?c","val":"VO_54b1e6cc_e452_47da_81c3_1f65866ceae7_1503942489208_2"},{"key":"?claimantHasLiens","val":"AE#UnknownLienReport"}]}]},{"query":"?- ?v:AE#VATravelVoucher, ?v[AE#hasVoucherClaimant->?c], ?c[AE#hasDeclaredBankruptcy->?claimantHasDeclaredBankruptcy].","resultList":[{"result":[{"key":"?v","val":"VO_54b1e6cc_e452_47da_81c3_1f65866ceae7_1503942489208_0"},{"key":"?c","val":"VO_54b1e6cc_e452_47da_81c3_1f65866ceae7_1503942489208_2"},{"key":"?claimantHasDeclaredBankruptcy","val":"AE#NoBankruptcyReport"}]}]},{"query":"?- ?v:AE#VATravelVoucher, ?v[AE#hasVoucherClaimant->?c], ?c[AE#hasArrestRecord->?claimantHasArrestRecord].","resultList":[{"result":[{"key":"?v","val":"VO_54b1e6cc_e452_47da_81c3_1f65866ceae7_1503942489208_0"},{"key":"?c","val":"VO_54b1e6cc_e452_47da_81c3_1f65866ceae7_1503942489208_2"},{"key":"?claimantHasArrestRecord","val":"AE#NoArrestRecord"}]}]},{"query":"?- ?v:AE#VATravelVoucher, ?v[AE#hasVoucherClaimant->?c], ?c[AE#hasCriminalRecord->?claimantHasCriminalRecord].","resultList":[{"result":[{"key":"?v","val":"VO_54b1e6cc_e452_47da_81c3_1f65866ceae7_1503942489208_0"},{"key":"?c","val":"VO_54b1e6cc_e452_47da_81c3_1f65866ceae7_1503942489208_2"},{"key":"?claimantHasCriminalRecord","val":"AE#NoCriminalRecord"}]}]},{"query":"?- ?v:AE#VATravelVoucher, ?v[AE#hasVoucherBeneficiary->?b], ?b[AE#hasName->?cn], ?cn[label->?beneficiaryFullName].","resultList":[{"result":[{"key":"?v","val":"VO_54b1e6cc_e452_47da_81c3_1f65866ceae7_1503942489208_0"},{"key":"?b","val":"VO_54b1e6cc_e452_47da_81c3_1f65866ceae7_1503942489208_11"},{"key":"?cn","val":"VO_54b1e6cc_e452_47da_81c3_1f65866ceae7_1503942489208_10"},{"key":"?beneficiaryFullName","val":"Robert Barney Bowles"}]},{"result":[{"key":"?v","val":"VO_54b1e6cc_e452_47da_81c3_1f65866ceae7_1503942489208_0"},{"key":"?b","val":"VO_54b1e6cc_e452_47da_81c3_1f65866ceae7_1503942489208_11"},{"key":"?cn","val":"NO_d5e886f2_3530_4422_a4f7_465b1716ceb4_1503942495047_0"},{"key":"?beneficiaryFullName","val":"Robert Barney Bowles"}]}]},{"query":"?- ?v:AE#VATravelVoucher, ?v[AE#hasVoucherBeneficiary->?b], ?b[AE#hasName->?cn], ?cn[AE#hasFirstName->?beneficiaryFirstName].","resultList":[{"result":[{"key":"?v","val":"VO_54b1e6cc_e452_47da_81c3_1f65866ceae7_1503942489208_0"},{"key":"?b","val":"VO_54b1e6cc_e452_47da_81c3_1f65866ceae7_1503942489208_11"},{"key":"?cn","val":"NO_d5e886f2_3530_4422_a4f7_465b1716ceb4_1503942495047_0"},{"key":"?beneficiaryFirstName","val":"robert"}]}]},{"query":"?- ?v:AE#VATravelVoucher, ?v[AE#hasVoucherBeneficiary->?b], ?b[AE#hasName->?cn], ?cn[AE#hasLastName->?beneficiaryLastName].","resultList":[{"result":[{"key":"?v","val":"VO_54b1e6cc_e452_47da_81c3_1f65866ceae7_1503942489208_0"},{"key":"?b","val":"VO_54b1e6cc_e452_47da_81c3_1f65866ceae7_1503942489208_11"},{"key":"?cn","val":"NO_d5e886f2_3530_4422_a4f7_465b1716ceb4_1503942495047_0"},{"key":"?beneficiaryLastName","val":"bowles"}]}]},{"query":"?- ?v:AE#VATravelVoucher, ?v[AE#hasVoucherBeneficiary->?b], ?b[AE#hasSocialSecurityNumber->?s], ?s[label->?beneficiarySsn].","resultList":[{"result":[{"key":"?v","val":"VO_54b1e6cc_e452_47da_81c3_1f65866ceae7_1503942489208_0"},{"key":"?b","val":"VO_54b1e6cc_e452_47da_81c3_1f65866ceae7_1503942489208_11"},{"key":"?s","val":"VO_54b1e6cc_e452_47da_81c3_1f65866ceae7_1503942489208_9"},{"key":"?beneficiarySsn","val":"320-77-9250"}]}]},{"query":"?- ?v:AE#VATravelVoucher, ?v[AE#hasVoucherBeneficiary->?b], ?b[AE#hasLiens->?beneficiaryHasLiens].","resultList":[{"result":[{"key":"?v","val":"VO_54b1e6cc_e452_47da_81c3_1f65866ceae7_1503942489208_0"},{"key":"?b","val":"VO_54b1e6cc_e452_47da_81c3_1f65866ceae7_1503942489208_11"},{"key":"?beneficiaryHasLiens","val":"AE#NoLienReport"}]}]},{"query":"?- ?v:AE#VATravelVoucher, ?v[AE#hasVoucherBeneficiary->?b], ?b[AE#hasDeclaredBankruptcy->?beneficiaryHasDeclaredBankruptcy].","resultList":[{"result":[{"key":"?v","val":"VO_54b1e6cc_e452_47da_81c3_1f65866ceae7_1503942489208_0"},{"key":"?b","val":"VO_54b1e6cc_e452_47da_81c3_1f65866ceae7_1503942489208_11"},{"key":"?beneficiaryHasDeclaredBankruptcy","val":"AE#NoBankruptcyReport"}]}]},{"query":"?- ?v:AE#VATravelVoucher, ?v[AE#hasVoucherBeneficiary->?b], ?b[AE#hasArrestRecord->?beneficiaryHasArrestRecord].","resultList":[{"result":[{"key":"?v","val":"VO_54b1e6cc_e452_47da_81c3_1f65866ceae7_1503942489208_0"},{"key":"?b","val":"VO_54b1e6cc_e452_47da_81c3_1f65866ceae7_1503942489208_11"},{"key":"?beneficiaryHasArrestRecord","val":"AE#NoArrestRecord"}]}]},{"query":"?- ?v:AE#VATravelVoucher, ?v[AE#hasVoucherBeneficiary->?b], ?b[AE#hasCriminalRecord->?beneficiaryHasCriminalRecord].","resultList":[{"result":[{"key":"?v","val":"VO_54b1e6cc_e452_47da_81c3_1f65866ceae7_1503942489208_0"},{"key":"?b","val":"VO_54b1e6cc_e452_47da_81c3_1f65866ceae7_1503942489208_11"},{"key":"?beneficiaryHasCriminalRecord","val":"AE#NoCriminalRecord"}]}]},{"query":"?- ?t:AE#Travelling, ?t[AE#hasPath->?p], ?p[AE#hasDistance->?d], ?d[AE#numericValue->?expectedDistanceValue], ?d[AE#hasUnitOfMeasure->?unitOfDistanceMeasure].","resultList":[{"result":[{"key":"?t","val":"VO_54b1e6cc_e452_47da_81c3_1f65866ceae7_1503942489208_6"},{"key":"?p","val":"ES_e6527ae0_2816_44ed_938a_2edb849b293f_1503942514836_4"},{"key":"?d","val":"ES_e6527ae0_2816_44ed_938a_2edb849b293f_1503942514836_0"},{"key":"?expectedDistanceValue","val":"8771.6112570495461113750934600830078125"},{"key":"?unitOfDistanceMeasure","val":"meters"}]}]},{"query":"?- ?t:AE#Travelling, ?t[AE#hasPath->?p], ?p[AE#hasExpectedTravelTime->?d], ?d[AE#numericValue->?expectedTimeValue], ?d[AE#hasUnitOfMeasure->?unitOfTimeMeasure].","resultList":[{"result":[{"key":"?t","val":"VO_54b1e6cc_e452_47da_81c3_1f65866ceae7_1503942489208_6"},{"key":"?p","val":"ES_e6527ae0_2816_44ed_938a_2edb849b293f_1503942514836_4"},{"key":"?d","val":"ES_e6527ae0_2816_44ed_938a_2edb849b293f_1503942514836_2"},{"key":"?expectedTimeValue","val":"9.606476986664347350597381591796875"},{"key":"?unitOfTimeMeasure","val":"minutes"}]}]},{"query":"?- ?t:AE#Travelling, ?t[AE#hasDestination->?d], ?d[label->?destinationFullAddress].","resultList":[{"result":[{"key":"?t","val":"VO_54b1e6cc_e452_47da_81c3_1f65866ceae7_1503942489208_7"},{"key":"?d","val":"VO_54b1e6cc_e452_47da_81c3_1f65866ceae7_1503942489208_8"},{"key":"?destinationFullAddress","val":"2790 Truxton Road, Suite 130, San Diego, CA 92106"}]},{"result":[{"key":"?t","val":"VO_54b1e6cc_e452_47da_81c3_1f65866ceae7_1503942489208_6"},{"key":"?d","val":"VO_54b1e6cc_e452_47da_81c3_1f65866ceae7_1503942489208_5"},{"key":"?destinationFullAddress","val":"85 Trusel Avenue San Diego, CA 92117"}]}]},{"query":"?- ?t:AE#Travelling, ?t[AE#hasDestination->?d], ?d[AE#hasStreet->?s], ?s[label->?destinationStreetName], ?d[AE#hasCity->?c], ?c[label->?destinationCity], ?d[AE#hasState->?st], ?st[label->?destinationState], ?d[AE#hasZipcode->?destinationZipCode].","resultList":[{"result":[{"key":"?t","val":"VO_54b1e6cc_e452_47da_81c3_1f65866ceae7_1503942489208_7"},{"key":"?d","val":"VO_54b1e6cc_e452_47da_81c3_1f65866ceae7_1503942489208_8"},{"key":"?s","val":"NO_0b4ac57e_0f23_4992_9210_f13b877fcf30_1503942498957_id5"},{"key":"?destinationStreetName","val":"2790 Truxton Road"},{"key":"?c","val":"NO_0b4ac57e_0f23_4992_9210_f13b877fcf30_1503942498957_id11"},{"key":"?destinationCity","val":"San Diego"},{"key":"?st","val":"NO_0b4ac57e_0f23_4992_9210_f13b877fcf30_1503942498957_id13"},{"key":"?destinationState","val":"CA"},{"key":"?destinationZipCode","val":"92106"}]},{"result":[{"key":"?t","val":"VO_54b1e6cc_e452_47da_81c3_1f65866ceae7_1503942489208_6"},{"key":"?d","val":"VO_54b1e6cc_e452_47da_81c3_1f65866ceae7_1503942489208_5"},{"key":"?s","val":"NO_e9bf4dc1_ff75_48eb_b2ed_065fed04afe6_1503942501012_id3"},{"key":"?destinationStreetName","val":"85 Trusel Avenue"},{"key":"?c","val":"NO_e9bf4dc1_ff75_48eb_b2ed_065fed04afe6_1503942501012_id9"},{"key":"?destinationCity","val":"San Diego"},{"key":"?st","val":"NO_e9bf4dc1_ff75_48eb_b2ed_065fed04afe6_1503942501012_id11"},{"key":"?destinationState","val":"CA"},{"key":"?destinationZipCode","val":"92117"}]}]},{"query":"?- ?t:AE#Travelling, ?t[AE#hasOrigin->?d], ?d[label->?originFullAddress].","resultList":[{"result":[{"key":"?t","val":"VO_54b1e6cc_e452_47da_81c3_1f65866ceae7_1503942489208_7"},{"key":"?d","val":"VO_54b1e6cc_e452_47da_81c3_1f65866ceae7_1503942489208_3"},{"key":"?originFullAddress","val":"3343 43rd St, San Diego, CA 92105"}]},{"result":[{"key":"?t","val":"VO_54b1e6cc_e452_47da_81c3_1f65866ceae7_1503942489208_6"},{"key":"?d","val":"VO_54b1e6cc_e452_47da_81c3_1f65866ceae7_1503942489208_8"},{"key":"?originFullAddress","val":"2790 Truxton Road, Suite 130, San Diego, CA 92106"}]}]},{"query":"?- ?t:AE#Travelling, ?t[AE#hasOrigin->?d], ?d[AE#hasStreet->?s], ?s[label->?originStreetName], ?d[AE#hasCity->?c], ?c[label->?originCity], ?d[AE#hasState->?st], ?st[label->?originState], ?d[AE#hasZipcode->?originZipCode].","resultList":[{"result":[{"key":"?t","val":"VO_54b1e6cc_e452_47da_81c3_1f65866ceae7_1503942489208_7"},{"key":"?d","val":"VO_54b1e6cc_e452_47da_81c3_1f65866ceae7_1503942489208_3"},{"key":"?s","val":"NO_c38e407a_7059_444b_b47c_eb40f4c4db81_1503942502900_id3"},{"key":"?originStreetName","val":"3343 43rd St"},{"key":"?c","val":"NO_c38e407a_7059_444b_b47c_eb40f4c4db81_1503942502900_id9"},{"key":"?originCity","val":"San Diego"},{"key":"?st","val":"NO_c38e407a_7059_444b_b47c_eb40f4c4db81_1503942502900_id11"},{"key":"?originState","val":"CA"},{"key":"?originZipCode","val":"92105"}]},{"result":[{"key":"?t","val":"VO_54b1e6cc_e452_47da_81c3_1f65866ceae7_1503942489208_6"},{"key":"?d","val":"VO_54b1e6cc_e452_47da_81c3_1f65866ceae7_1503942489208_8"},{"key":"?s","val":"NO_0b4ac57e_0f23_4992_9210_f13b877fcf30_1503942498957_id5"},{"key":"?originStreetName","val":"2790 Truxton Road"},{"key":"?c","val":"NO_0b4ac57e_0f23_4992_9210_f13b877fcf30_1503942498957_id11"},{"key":"?originCity","val":"San Diego"},{"key":"?st","val":"NO_0b4ac57e_0f23_4992_9210_f13b877fcf30_1503942498957_id13"},{"key":"?originState","val":"CA"},{"key":"?originZipCode","val":"92106"}]}]},{"query":"?- ?t:AE#Travelling, ?t[AE#hasPath->?p], ?p[AE#hasStartRegion->?s], ?s[AE#hasLatitude->?originLatitude], ?s[AE#hasLongitude->?originLongitude].","resultList":[{"result":[{"key":"?t","val":"VO_54b1e6cc_e452_47da_81c3_1f65866ceae7_1503942489208_6"},{"key":"?p","val":"ES_e6527ae0_2816_44ed_938a_2edb849b293f_1503942514836_4"},{"key":"?s","val":"ES_e6527ae0_2816_44ed_938a_2edb849b293f_1503942514836_3"},{"key":"?originLatitude","val":"32.74051839275188058309140615165233612060546875"},{"key":"?originLongitude","val":"-117.2130215001728856805129908025264739990234375"}]}]},{"query":"?- ?t:AE#Travelling, ?t[AE#hasPath->?p], ?p[AE#hasEndRegion->?e], ?e[AE#hasLatitude->?destinationLatitude], ?e[AE#hasLongitude->?destinationLongitude].","resultList":[{"result":[{"key":"?t","val":"VO_54b1e6cc_e452_47da_81c3_1f65866ceae7_1503942489208_6"},{"key":"?p","val":"ES_e6527ae0_2816_44ed_938a_2edb849b293f_1503942514836_4"},{"key":"?e","val":"ES_e6527ae0_2816_44ed_938a_2edb849b293f_1503942514836_1"},{"key":"?destinationLatitude","val":"32.79662300000001096123014576733112335205078125"},{"key":"?destinationLongitude","val":"-117.197813600000017686397768557071685791015625"}]}]}]}
