{"dataList":[{"query":"?- ?v:AE#VATravelVoucher, ?v[AE#hasVoucherClaimant->?c], ?c[AE#hasName->?cn], ?cn[label->?claimantFullName].","resultList":[{"result":[{"key":"?v","val":"VO_5393fdb8_b356_42dd_8f5e_9158eedc670b_1503939226961_0"},{"key":"?c","val":"VO_5393fdb8_b356_42dd_8f5e_9158eedc670b_1503939226961_2"},{"key":"?cn","val":"NO_57f1b3c1_fee8_463c_ae07_6023ab5949b8_1503939234475_0"},{"key":"?claimantFullName","val":"George J. Whiting"}]},{"result":[{"key":"?v","val":"VO_5393fdb8_b356_42dd_8f5e_9158eedc670b_1503939226961_0"},{"key":"?c","val":"VO_5393fdb8_b356_42dd_8f5e_9158eedc670b_1503939226961_2"},{"key":"?cn","val":"VO_5393fdb8_b356_42dd_8f5e_9158eedc670b_1503939226961_1"},{"key":"?claimantFullName","val":"George J. Whiting"}]}]},{"query":"?- ?v:AE#VATravelVoucher, ?v[AE#hasVoucherClaimant->?c], ?c[AE#hasName->?cn], ?cn[AE#hasFirstName->?claimantFirstName].","resultList":[{"result":[{"key":"?v","val":"VO_5393fdb8_b356_42dd_8f5e_9158eedc670b_1503939226961_0"},{"key":"?c","val":"VO_5393fdb8_b356_42dd_8f5e_9158eedc670b_1503939226961_2"},{"key":"?cn","val":"NO_57f1b3c1_fee8_463c_ae07_6023ab5949b8_1503939234475_0"},{"key":"?claimantFirstName","val":"george"}]}]},{"query":"?- ?v:AE#VATravelVoucher, ?v[AE#hasVoucherClaimant->?c], ?c[AE#hasName->?cn], ?cn[AE#hasLastName->?claimantLastName].","resultList":[{"result":[{"key":"?v","val":"VO_5393fdb8_b356_42dd_8f5e_9158eedc670b_1503939226961_0"},{"key":"?c","val":"VO_5393fdb8_b356_42dd_8f5e_9158eedc670b_1503939226961_2"},{"key":"?cn","val":"NO_57f1b3c1_fee8_463c_ae07_6023ab5949b8_1503939234475_0"},{"key":"?claimantLastName","val":"whiting"}]}]},{"query":"?- ?v:AE#VATravelVoucher, ?v[AE#hasVoucherClaimant->?c], ?c[AE#hasSocialSecurityNumber->?s], ?s[label->?claimantSsn].","resultList":[{"result":[{"key":"?v","val":"VO_5393fdb8_b356_42dd_8f5e_9158eedc670b_1503939226961_0"},{"key":"?c","val":"VO_5393fdb8_b356_42dd_8f5e_9158eedc670b_1503939226961_2"},{"key":"?s","val":"VO_5393fdb8_b356_42dd_8f5e_9158eedc670b_1503939226961_12"},{"key":"?claimantSsn","val":"879-69-1385"}]}]},{"query":"?- ?v:AE#VATravelVoucher, ?v[AE#hasVoucherClaimant->?c], ?c[AE#hasLiens->?claimantHasLiens].","resultList":[{"result":[{"key":"?v","val":"VO_5393fdb8_b356_42dd_8f5e_9158eedc670b_1503939226961_0"},{"key":"?c","val":"VO_5393fdb8_b356_42dd_8f5e_9158eedc670b_1503939226961_2"},{"key":"?claimantHasLiens","val":"AE#NoLienReport"}]}]},{"query":"?- ?v:AE#VATravelVoucher, ?v[AE#hasVoucherClaimant->?c], ?c[AE#hasDeclaredBankruptcy->?claimantHasDeclaredBankruptcy].","resultList":[{"result":[{"key":"?v","val":"VO_5393fdb8_b356_42dd_8f5e_9158eedc670b_1503939226961_0"},{"key":"?c","val":"VO_5393fdb8_b356_42dd_8f5e_9158eedc670b_1503939226961_2"},{"key":"?claimantHasDeclaredBankruptcy","val":"AE#NoBankruptcyReport"}]}]},{"query":"?- ?v:AE#VATravelVoucher, ?v[AE#hasVoucherClaimant->?c], ?c[AE#hasArrestRecord->?claimantHasArrestRecord].","resultList":[{"result":[{"key":"?v","val":"VO_5393fdb8_b356_42dd_8f5e_9158eedc670b_1503939226961_0"},{"key":"?c","val":"VO_5393fdb8_b356_42dd_8f5e_9158eedc670b_1503939226961_2"},{"key":"?claimantHasArrestRecord","val":"AE#NoArrestRecord"}]}]},{"query":"?- ?v:AE#VATravelVoucher, ?v[AE#hasVoucherClaimant->?c], ?c[AE#hasCriminalRecord->?claimantHasCriminalRecord].","resultList":[{"result":[{"key":"?v","val":"VO_5393fdb8_b356_42dd_8f5e_9158eedc670b_1503939226961_0"},{"key":"?c","val":"VO_5393fdb8_b356_42dd_8f5e_9158eedc670b_1503939226961_2"},{"key":"?claimantHasCriminalRecord","val":"AE#NoCriminalRecord"}]}]},{"query":"?- ?v:AE#VATravelVoucher, ?v[AE#hasVoucherBeneficiary->?b], ?b[AE#hasName->?cn], ?cn[label->?beneficiaryFullName].","resultList":[{"result":[{"key":"?v","val":"VO_5393fdb8_b356_42dd_8f5e_9158eedc670b_1503939226961_0"},{"key":"?b","val":"VO_5393fdb8_b356_42dd_8f5e_9158eedc670b_1503939226961_11"},{"key":"?cn","val":"VO_5393fdb8_b356_42dd_8f5e_9158eedc670b_1503939226961_10"},{"key":"?beneficiaryFullName","val":"George J. Whiting"}]},{"result":[{"key":"?v","val":"VO_5393fdb8_b356_42dd_8f5e_9158eedc670b_1503939226961_0"},{"key":"?b","val":"VO_5393fdb8_b356_42dd_8f5e_9158eedc670b_1503939226961_11"},{"key":"?cn","val":"NO_6d6b71a4_8fac_452b_92d8_1f8098865c78_1503939232642_0"},{"key":"?beneficiaryFullName","val":"George J. Whiting"}]}]},{"query":"?- ?v:AE#VATravelVoucher, ?v[AE#hasVoucherBeneficiary->?b], ?b[AE#hasName->?cn], ?cn[AE#hasFirstName->?beneficiaryFirstName].","resultList":[{"result":[{"key":"?v","val":"VO_5393fdb8_b356_42dd_8f5e_9158eedc670b_1503939226961_0"},{"key":"?b","val":"VO_5393fdb8_b356_42dd_8f5e_9158eedc670b_1503939226961_11"},{"key":"?cn","val":"NO_6d6b71a4_8fac_452b_92d8_1f8098865c78_1503939232642_0"},{"key":"?beneficiaryFirstName","val":"george"}]}]},{"query":"?- ?v:AE#VATravelVoucher, ?v[AE#hasVoucherBeneficiary->?b], ?b[AE#hasName->?cn], ?cn[AE#hasLastName->?beneficiaryLastName].","resultList":[{"result":[{"key":"?v","val":"VO_5393fdb8_b356_42dd_8f5e_9158eedc670b_1503939226961_0"},{"key":"?b","val":"VO_5393fdb8_b356_42dd_8f5e_9158eedc670b_1503939226961_11"},{"key":"?cn","val":"NO_6d6b71a4_8fac_452b_92d8_1f8098865c78_1503939232642_0"},{"key":"?beneficiaryLastName","val":"whiting"}]}]},{"query":"?- ?v:AE#VATravelVoucher, ?v[AE#hasVoucherBeneficiary->?b], ?b[AE#hasSocialSecurityNumber->?s], ?s[label->?beneficiarySsn].","resultList":[{"result":[{"key":"?v","val":"VO_5393fdb8_b356_42dd_8f5e_9158eedc670b_1503939226961_0"},{"key":"?b","val":"VO_5393fdb8_b356_42dd_8f5e_9158eedc670b_1503939226961_11"},{"key":"?s","val":"VO_5393fdb8_b356_42dd_8f5e_9158eedc670b_1503939226961_9"},{"key":"?beneficiarySsn","val":"879-69-1385"}]}]},{"query":"?- ?v:AE#VATravelVoucher, ?v[AE#hasVoucherBeneficiary->?b], ?b[AE#hasLiens->?beneficiaryHasLiens].","resultList":[{"result":[{"key":"?v","val":"VO_5393fdb8_b356_42dd_8f5e_9158eedc670b_1503939226961_0"},{"key":"?b","val":"VO_5393fdb8_b356_42dd_8f5e_9158eedc670b_1503939226961_11"},{"key":"?beneficiaryHasLiens","val":"AE#NoLienReport"}]}]},{"query":"?- ?v:AE#VATravelVoucher, ?v[AE#hasVoucherBeneficiary->?b], ?b[AE#hasDeclaredBankruptcy->?beneficiaryHasDeclaredBankruptcy].","resultList":[{"result":[{"key":"?v","val":"VO_5393fdb8_b356_42dd_8f5e_9158eedc670b_1503939226961_0"},{"key":"?b","val":"VO_5393fdb8_b356_42dd_8f5e_9158eedc670b_1503939226961_11"},{"key":"?beneficiaryHasDeclaredBankruptcy","val":"AE#NoBankruptcyReport"}]}]},{"query":"?- ?v:AE#VATravelVoucher, ?v[AE#hasVoucherBeneficiary->?b], ?b[AE#hasArrestRecord->?beneficiaryHasArrestRecord].","resultList":[{"result":[{"key":"?v","val":"VO_5393fdb8_b356_42dd_8f5e_9158eedc670b_1503939226961_0"},{"key":"?b","val":"VO_5393fdb8_b356_42dd_8f5e_9158eedc670b_1503939226961_11"},{"key":"?beneficiaryHasArrestRecord","val":"AE#NoArrestRecord"}]}]},{"query":"?- ?v:AE#VATravelVoucher, ?v[AE#hasVoucherBeneficiary->?b], ?b[AE#hasCriminalRecord->?beneficiaryHasCriminalRecord].","resultList":[{"result":[{"key":"?v","val":"VO_5393fdb8_b356_42dd_8f5e_9158eedc670b_1503939226961_0"},{"key":"?b","val":"VO_5393fdb8_b356_42dd_8f5e_9158eedc670b_1503939226961_11"},{"key":"?beneficiaryHasCriminalRecord","val":"AE#NoCriminalRecord"}]}]},{"query":"?- ?t:AE#Travelling, ?t[AE#hasPath->?p], ?p[AE#hasDistance->?d], ?d[AE#numericValue->?expectedDistanceValue], ?d[AE#hasUnitOfMeasure->?unitOfDistanceMeasure].","resultList":[{"result":[{"key":"?t","val":"VO_5393fdb8_b356_42dd_8f5e_9158eedc670b_1503939226961_6"},{"key":"?p","val":"ES_b1c7448e_a279_4d23_bfbf_cc2a61cb402c_1503939253519_4"},{"key":"?d","val":"ES_b1c7448e_a279_4d23_bfbf_cc2a61cb402c_1503939253519_0"},{"key":"?expectedDistanceValue","val":"15327.5277994302959996275603771209716796875"},{"key":"?unitOfDistanceMeasure","val":"meters"}]}]},{"query":"?- ?t:AE#Travelling, ?t[AE#hasPath->?p], ?p[AE#hasExpectedTravelTime->?d], ?d[AE#numericValue->?expectedTimeValue], ?d[AE#hasUnitOfMeasure->?unitOfTimeMeasure].","resultList":[{"result":[{"key":"?t","val":"VO_5393fdb8_b356_42dd_8f5e_9158eedc670b_1503939226961_6"},{"key":"?p","val":"ES_b1c7448e_a279_4d23_bfbf_cc2a61cb402c_1503939253519_4"},{"key":"?d","val":"ES_b1c7448e_a279_4d23_bfbf_cc2a61cb402c_1503939253519_2"},{"key":"?expectedTimeValue","val":"14.11142564029432833194732666015625"},{"key":"?unitOfTimeMeasure","val":"minutes"}]}]},{"query":"?- ?t:AE#Travelling, ?t[AE#hasDestination->?d], ?d[label->?destinationFullAddress].","resultList":[{"result":[{"key":"?t","val":"VO_5393fdb8_b356_42dd_8f5e_9158eedc670b_1503939226961_7"},{"key":"?d","val":"VO_5393fdb8_b356_42dd_8f5e_9158eedc670b_1503939226961_8"},{"key":"?destinationFullAddress","val":"2790 Truxton Road, Suite 130, San Diego, CA 92106"}]},{"result":[{"key":"?t","val":"VO_5393fdb8_b356_42dd_8f5e_9158eedc670b_1503939226961_6"},{"key":"?d","val":"VO_5393fdb8_b356_42dd_8f5e_9158eedc670b_1503939226961_5"},{"key":"?destinationFullAddress","val":"9470 N. Third Ave. San Diego, CA 92115"}]}]},{"query":"?- ?t:AE#Travelling, ?t[AE#hasDestination->?d], ?d[AE#hasStreet->?s], ?s[label->?destinationStreetName], ?d[AE#hasCity->?c], ?c[label->?destinationCity], ?d[AE#hasState->?st], ?st[label->?destinationState], ?d[AE#hasZipcode->?destinationZipCode].","resultList":[{"result":[{"key":"?t","val":"VO_5393fdb8_b356_42dd_8f5e_9158eedc670b_1503939226961_7"},{"key":"?d","val":"VO_5393fdb8_b356_42dd_8f5e_9158eedc670b_1503939226961_8"},{"key":"?s","val":"NO_3492ecbb_9e2d_4139_bf53_28a4db1f05d2_1503939236447_id5"},{"key":"?destinationStreetName","val":"2790 Truxton Road"},{"key":"?c","val":"NO_3492ecbb_9e2d_4139_bf53_28a4db1f05d2_1503939236447_id11"},{"key":"?destinationCity","val":"San Diego"},{"key":"?st","val":"NO_3492ecbb_9e2d_4139_bf53_28a4db1f05d2_1503939236447_id13"},{"key":"?destinationState","val":"CA"},{"key":"?destinationZipCode","val":"92106"}]},{"result":[{"key":"?t","val":"VO_5393fdb8_b356_42dd_8f5e_9158eedc670b_1503939226961_6"},{"key":"?d","val":"VO_5393fdb8_b356_42dd_8f5e_9158eedc670b_1503939226961_5"},{"key":"?s","val":"NO_1bf91e89_2f6b_4fb9_bb48_53bb622bf8ce_1503939238357_id3"},{"key":"?destinationStreetName","val":"9470 N. Third Ave."},{"key":"?c","val":"NO_1bf91e89_2f6b_4fb9_bb48_53bb622bf8ce_1503939238357_id9"},{"key":"?destinationCity","val":"San Diego"},{"key":"?st","val":"NO_1bf91e89_2f6b_4fb9_bb48_53bb622bf8ce_1503939238357_id11"},{"key":"?destinationState","val":"CA"},{"key":"?destinationZipCode","val":"92115"}]}]},{"query":"?- ?t:AE#Travelling, ?t[AE#hasOrigin->?d], ?d[label->?originFullAddress].","resultList":[{"result":[{"key":"?t","val":"VO_5393fdb8_b356_42dd_8f5e_9158eedc670b_1503939226961_7"},{"key":"?d","val":"VO_5393fdb8_b356_42dd_8f5e_9158eedc670b_1503939226961_3"},{"key":"?originFullAddress","val":"9470 N. Third Ave. San Diego, CA 92115"}]},{"result":[{"key":"?t","val":"VO_5393fdb8_b356_42dd_8f5e_9158eedc670b_1503939226961_6"},{"key":"?d","val":"VO_5393fdb8_b356_42dd_8f5e_9158eedc670b_1503939226961_8"},{"key":"?originFullAddress","val":"2790 Truxton Road, Suite 130, San Diego, CA 92106"}]}]},{"query":"?- ?t:AE#Travelling, ?t[AE#hasOrigin->?d], ?d[AE#hasStreet->?s], ?s[label->?originStreetName], ?d[AE#hasCity->?c], ?c[label->?originCity], ?d[AE#hasState->?st], ?st[label->?originState], ?d[AE#hasZipcode->?originZipCode].","resultList":[{"result":[{"key":"?t","val":"VO_5393fdb8_b356_42dd_8f5e_9158eedc670b_1503939226961_7"},{"key":"?d","val":"VO_5393fdb8_b356_42dd_8f5e_9158eedc670b_1503939226961_3"},{"key":"?s","val":"NO_b5e31e10_ecca_4abf_8c02_31606c4ed99f_1503939240325_id3"},{"key":"?originStreetName","val":"9470 N. Third Ave."},{"key":"?c","val":"NO_b5e31e10_ecca_4abf_8c02_31606c4ed99f_1503939240325_id9"},{"key":"?originCity","val":"San Diego"},{"key":"?st","val":"NO_b5e31e10_ecca_4abf_8c02_31606c4ed99f_1503939240325_id11"},{"key":"?originState","val":"CA"},{"key":"?originZipCode","val":"92115"}]},{"result":[{"key":"?t","val":"VO_5393fdb8_b356_42dd_8f5e_9158eedc670b_1503939226961_6"},{"key":"?d","val":"VO_5393fdb8_b356_42dd_8f5e_9158eedc670b_1503939226961_8"},{"key":"?s","val":"NO_3492ecbb_9e2d_4139_bf53_28a4db1f05d2_1503939236447_id5"},{"key":"?originStreetName","val":"2790 Truxton Road"},{"key":"?c","val":"NO_3492ecbb_9e2d_4139_bf53_28a4db1f05d2_1503939236447_id11"},{"key":"?originCity","val":"San Diego"},{"key":"?st","val":"NO_3492ecbb_9e2d_4139_bf53_28a4db1f05d2_1503939236447_id13"},{"key":"?originState","val":"CA"},{"key":"?originZipCode","val":"92106"}]}]},{"query":"?- ?t:AE#Travelling, ?t[AE#hasPath->?p], ?p[AE#hasStartRegion->?s], ?s[AE#hasLatitude->?originLatitude], ?s[AE#hasLongitude->?originLongitude].","resultList":[{"result":[{"key":"?t","val":"VO_5393fdb8_b356_42dd_8f5e_9158eedc670b_1503939226961_6"},{"key":"?p","val":"ES_b1c7448e_a279_4d23_bfbf_cc2a61cb402c_1503939253519_4"},{"key":"?s","val":"ES_b1c7448e_a279_4d23_bfbf_cc2a61cb402c_1503939253519_3"},{"key":"?originLatitude","val":"32.74051839275188058309140615165233612060546875"},{"key":"?originLongitude","val":"-117.2130215001728856805129908025264739990234375"}]}]},{"query":"?- ?t:AE#Travelling, ?t[AE#hasPath->?p], ?p[AE#hasEndRegion->?e], ?e[AE#hasLatitude->?destinationLatitude], ?e[AE#hasLongitude->?destinationLongitude].","resultList":[{"result":[{"key":"?t","val":"VO_5393fdb8_b356_42dd_8f5e_9158eedc670b_1503939226961_6"},{"key":"?p","val":"ES_b1c7448e_a279_4d23_bfbf_cc2a61cb402c_1503939253519_4"},{"key":"?e","val":"ES_b1c7448e_a279_4d23_bfbf_cc2a61cb402c_1503939253519_1"},{"key":"?destinationLatitude","val":"32.758559999999988576746545732021331787109375"},{"key":"?destinationLongitude","val":"-117.08818999999999732608557678759098052978515625"}]}]}]}
