{"dataList":[{"query":"?- ?v:AE#VATravelVoucher, ?v[AE#hasVoucherClaimant->?c], ?c[AE#hasName->?cn], ?cn[label->?claimantFullName].","resultList":[{"result":[{"key":"?v","val":"VO_57fbf5ff_b8c7_4c35_bc55_49a1686be2d5_1503942794764_0"},{"key":"?c","val":"VO_57fbf5ff_b8c7_4c35_bc55_49a1686be2d5_1503942794764_2"},{"key":"?cn","val":"NO_1e897eb5_9a27_42e7_848d_92e660950c34_1503942802490_0"},{"key":"?claimantFullName","val":"Paul Reginald Welch"}]},{"result":[{"key":"?v","val":"VO_57fbf5ff_b8c7_4c35_bc55_49a1686be2d5_1503942794764_0"},{"key":"?c","val":"VO_57fbf5ff_b8c7_4c35_bc55_49a1686be2d5_1503942794764_2"},{"key":"?cn","val":"VO_57fbf5ff_b8c7_4c35_bc55_49a1686be2d5_1503942794764_1"},{"key":"?claimantFullName","val":"Paul Reginald Welch"}]}]},{"query":"?- ?v:AE#VATravelVoucher, ?v[AE#hasVoucherClaimant->?c], ?c[AE#hasName->?cn], ?cn[AE#hasFirstName->?claimantFirstName].","resultList":[{"result":[{"key":"?v","val":"VO_57fbf5ff_b8c7_4c35_bc55_49a1686be2d5_1503942794764_0"},{"key":"?c","val":"VO_57fbf5ff_b8c7_4c35_bc55_49a1686be2d5_1503942794764_2"},{"key":"?cn","val":"NO_1e897eb5_9a27_42e7_848d_92e660950c34_1503942802490_0"},{"key":"?claimantFirstName","val":"paul"}]}]},{"query":"?- ?v:AE#VATravelVoucher, ?v[AE#hasVoucherClaimant->?c], ?c[AE#hasName->?cn], ?cn[AE#hasLastName->?claimantLastName].","resultList":[{"result":[{"key":"?v","val":"VO_57fbf5ff_b8c7_4c35_bc55_49a1686be2d5_1503942794764_0"},{"key":"?c","val":"VO_57fbf5ff_b8c7_4c35_bc55_49a1686be2d5_1503942794764_2"},{"key":"?cn","val":"NO_1e897eb5_9a27_42e7_848d_92e660950c34_1503942802490_0"},{"key":"?claimantLastName","val":"welch"}]}]},{"query":"?- ?v:AE#VATravelVoucher, ?v[AE#hasVoucherClaimant->?c], ?c[AE#hasSocialSecurityNumber->?s], ?s[label->?claimantSsn].","resultList":[{"result":[{"key":"?v","val":"VO_57fbf5ff_b8c7_4c35_bc55_49a1686be2d5_1503942794764_0"},{"key":"?c","val":"VO_57fbf5ff_b8c7_4c35_bc55_49a1686be2d5_1503942794764_2"},{"key":"?s","val":"VO_57fbf5ff_b8c7_4c35_bc55_49a1686be2d5_1503942794764_12"},{"key":"?claimantSsn","val":"071-58-3234"}]}]},{"query":"?- ?v:AE#VATravelVoucher, ?v[AE#hasVoucherClaimant->?c], ?c[AE#hasLiens->?claimantHasLiens].","resultList":[{"result":[{"key":"?v","val":"VO_57fbf5ff_b8c7_4c35_bc55_49a1686be2d5_1503942794764_0"},{"key":"?c","val":"VO_57fbf5ff_b8c7_4c35_bc55_49a1686be2d5_1503942794764_2"},{"key":"?claimantHasLiens","val":"AE#NoLienReport"}]}]},{"query":"?- ?v:AE#VATravelVoucher, ?v[AE#hasVoucherClaimant->?c], ?c[AE#hasDeclaredBankruptcy->?claimantHasDeclaredBankruptcy].","resultList":[{"result":[{"key":"?v","val":"VO_57fbf5ff_b8c7_4c35_bc55_49a1686be2d5_1503942794764_0"},{"key":"?c","val":"VO_57fbf5ff_b8c7_4c35_bc55_49a1686be2d5_1503942794764_2"},{"key":"?claimantHasDeclaredBankruptcy","val":"AE#NoBankruptcyReport"}]}]},{"query":"?- ?v:AE#VATravelVoucher, ?v[AE#hasVoucherClaimant->?c], ?c[AE#hasArrestRecord->?claimantHasArrestRecord].","resultList":[{"result":[{"key":"?v","val":"VO_57fbf5ff_b8c7_4c35_bc55_49a1686be2d5_1503942794764_0"},{"key":"?c","val":"VO_57fbf5ff_b8c7_4c35_bc55_49a1686be2d5_1503942794764_2"},{"key":"?claimantHasArrestRecord","val":"AE#NoArrestRecord"}]}]},{"query":"?- ?v:AE#VATravelVoucher, ?v[AE#hasVoucherClaimant->?c], ?c[AE#hasCriminalRecord->?claimantHasCriminalRecord].","resultList":[{"result":[{"key":"?v","val":"VO_57fbf5ff_b8c7_4c35_bc55_49a1686be2d5_1503942794764_0"},{"key":"?c","val":"VO_57fbf5ff_b8c7_4c35_bc55_49a1686be2d5_1503942794764_2"},{"key":"?claimantHasCriminalRecord","val":"AE#NoCriminalRecord"}]}]},{"query":"?- ?v:AE#VATravelVoucher, ?v[AE#hasVoucherBeneficiary->?b], ?b[AE#hasName->?cn], ?cn[label->?beneficiaryFullName].","resultList":[{"result":[{"key":"?v","val":"VO_57fbf5ff_b8c7_4c35_bc55_49a1686be2d5_1503942794764_0"},{"key":"?b","val":"VO_57fbf5ff_b8c7_4c35_bc55_49a1686be2d5_1503942794764_11"},{"key":"?cn","val":"VO_57fbf5ff_b8c7_4c35_bc55_49a1686be2d5_1503942794764_10"},{"key":"?beneficiaryFullName","val":"Paul Reginald Welch"}]},{"result":[{"key":"?v","val":"VO_57fbf5ff_b8c7_4c35_bc55_49a1686be2d5_1503942794764_0"},{"key":"?b","val":"VO_57fbf5ff_b8c7_4c35_bc55_49a1686be2d5_1503942794764_11"},{"key":"?cn","val":"NO_b2ee20d5_98db_4d58_be3b_717cb262bda2_1503942800557_0"},{"key":"?beneficiaryFullName","val":"Paul Reginald Welch"}]}]},{"query":"?- ?v:AE#VATravelVoucher, ?v[AE#hasVoucherBeneficiary->?b], ?b[AE#hasName->?cn], ?cn[AE#hasFirstName->?beneficiaryFirstName].","resultList":[{"result":[{"key":"?v","val":"VO_57fbf5ff_b8c7_4c35_bc55_49a1686be2d5_1503942794764_0"},{"key":"?b","val":"VO_57fbf5ff_b8c7_4c35_bc55_49a1686be2d5_1503942794764_11"},{"key":"?cn","val":"NO_b2ee20d5_98db_4d58_be3b_717cb262bda2_1503942800557_0"},{"key":"?beneficiaryFirstName","val":"paul"}]}]},{"query":"?- ?v:AE#VATravelVoucher, ?v[AE#hasVoucherBeneficiary->?b], ?b[AE#hasName->?cn], ?cn[AE#hasLastName->?beneficiaryLastName].","resultList":[{"result":[{"key":"?v","val":"VO_57fbf5ff_b8c7_4c35_bc55_49a1686be2d5_1503942794764_0"},{"key":"?b","val":"VO_57fbf5ff_b8c7_4c35_bc55_49a1686be2d5_1503942794764_11"},{"key":"?cn","val":"NO_b2ee20d5_98db_4d58_be3b_717cb262bda2_1503942800557_0"},{"key":"?beneficiaryLastName","val":"welch"}]}]},{"query":"?- ?v:AE#VATravelVoucher, ?v[AE#hasVoucherBeneficiary->?b], ?b[AE#hasSocialSecurityNumber->?s], ?s[label->?beneficiarySsn].","resultList":[{"result":[{"key":"?v","val":"VO_57fbf5ff_b8c7_4c35_bc55_49a1686be2d5_1503942794764_0"},{"key":"?b","val":"VO_57fbf5ff_b8c7_4c35_bc55_49a1686be2d5_1503942794764_11"},{"key":"?s","val":"VO_57fbf5ff_b8c7_4c35_bc55_49a1686be2d5_1503942794764_9"},{"key":"?beneficiarySsn","val":"071-58-3234"}]}]},{"query":"?- ?v:AE#VATravelVoucher, ?v[AE#hasVoucherBeneficiary->?b], ?b[AE#hasLiens->?beneficiaryHasLiens].","resultList":[{"result":[{"key":"?v","val":"VO_57fbf5ff_b8c7_4c35_bc55_49a1686be2d5_1503942794764_0"},{"key":"?b","val":"VO_57fbf5ff_b8c7_4c35_bc55_49a1686be2d5_1503942794764_11"},{"key":"?beneficiaryHasLiens","val":"AE#NoLienReport"}]}]},{"query":"?- ?v:AE#VATravelVoucher, ?v[AE#hasVoucherBeneficiary->?b], ?b[AE#hasDeclaredBankruptcy->?beneficiaryHasDeclaredBankruptcy].","resultList":[{"result":[{"key":"?v","val":"VO_57fbf5ff_b8c7_4c35_bc55_49a1686be2d5_1503942794764_0"},{"key":"?b","val":"VO_57fbf5ff_b8c7_4c35_bc55_49a1686be2d5_1503942794764_11"},{"key":"?beneficiaryHasDeclaredBankruptcy","val":"AE#NoBankruptcyReport"}]}]},{"query":"?- ?v:AE#VATravelVoucher, ?v[AE#hasVoucherBeneficiary->?b], ?b[AE#hasArrestRecord->?beneficiaryHasArrestRecord].","resultList":[{"result":[{"key":"?v","val":"VO_57fbf5ff_b8c7_4c35_bc55_49a1686be2d5_1503942794764_0"},{"key":"?b","val":"VO_57fbf5ff_b8c7_4c35_bc55_49a1686be2d5_1503942794764_11"},{"key":"?beneficiaryHasArrestRecord","val":"AE#NoArrestRecord"}]}]},{"query":"?- ?v:AE#VATravelVoucher, ?v[AE#hasVoucherBeneficiary->?b], ?b[AE#hasCriminalRecord->?beneficiaryHasCriminalRecord].","resultList":[{"result":[{"key":"?v","val":"VO_57fbf5ff_b8c7_4c35_bc55_49a1686be2d5_1503942794764_0"},{"key":"?b","val":"VO_57fbf5ff_b8c7_4c35_bc55_49a1686be2d5_1503942794764_11"},{"key":"?beneficiaryHasCriminalRecord","val":"AE#NoCriminalRecord"}]}]},{"query":"?- ?t:AE#Travelling, ?t[AE#hasPath->?p], ?p[AE#hasDistance->?d], ?d[AE#numericValue->?expectedDistanceValue], ?d[AE#hasUnitOfMeasure->?unitOfDistanceMeasure].","resultList":[{"result":[{"key":"?t","val":"VO_57fbf5ff_b8c7_4c35_bc55_49a1686be2d5_1503942794764_6"},{"key":"?p","val":"ES_d87365fa_7e56_409a_b050_668526861d26_1503942822847_4"},{"key":"?d","val":"ES_d87365fa_7e56_409a_b050_668526861d26_1503942822847_0"},{"key":"?expectedDistanceValue","val":"6961.9201414064955315552651882171630859375"},{"key":"?unitOfDistanceMeasure","val":"meters"}]}]},{"query":"?- ?t:AE#Travelling, ?t[AE#hasPath->?p], ?p[AE#hasExpectedTravelTime->?d], ?d[AE#numericValue->?expectedTimeValue], ?d[AE#hasUnitOfMeasure->?unitOfTimeMeasure].","resultList":[{"result":[{"key":"?t","val":"VO_57fbf5ff_b8c7_4c35_bc55_49a1686be2d5_1503942794764_6"},{"key":"?p","val":"ES_d87365fa_7e56_409a_b050_668526861d26_1503942822847_4"},{"key":"?d","val":"ES_d87365fa_7e56_409a_b050_668526861d26_1503942822847_2"},{"key":"?expectedTimeValue","val":"8.3535168296657502651214599609375"},{"key":"?unitOfTimeMeasure","val":"minutes"}]}]},{"query":"?- ?t:AE#Travelling, ?t[AE#hasDestination->?d], ?d[label->?destinationFullAddress].","resultList":[{"result":[{"key":"?t","val":"VO_57fbf5ff_b8c7_4c35_bc55_49a1686be2d5_1503942794764_7"},{"key":"?d","val":"VO_57fbf5ff_b8c7_4c35_bc55_49a1686be2d5_1503942794764_8"},{"key":"?destinationFullAddress","val":"2790 Truxton Road, Suite 130, San Diego, CA 92106"}]},{"result":[{"key":"?t","val":"VO_57fbf5ff_b8c7_4c35_bc55_49a1686be2d5_1503942794764_6"},{"key":"?d","val":"VO_57fbf5ff_b8c7_4c35_bc55_49a1686be2d5_1503942794764_5"},{"key":"?destinationFullAddress","val":"3534 Yosemite St, San Diego, CA 92109"}]}]},{"query":"?- ?t:AE#Travelling, ?t[AE#hasDestination->?d], ?d[AE#hasStreet->?s], ?s[label->?destinationStreetName], ?d[AE#hasCity->?c], ?c[label->?destinationCity], ?d[AE#hasState->?st], ?st[label->?destinationState], ?d[AE#hasZipcode->?destinationZipCode].","resultList":[{"result":[{"key":"?t","val":"VO_57fbf5ff_b8c7_4c35_bc55_49a1686be2d5_1503942794764_7"},{"key":"?d","val":"VO_57fbf5ff_b8c7_4c35_bc55_49a1686be2d5_1503942794764_8"},{"key":"?s","val":"NO_38d29254_cc76_49f2_9cc4_a4f8b8739b08_1503942804430_id5"},{"key":"?destinationStreetName","val":"2790 Truxton Road"},{"key":"?c","val":"NO_38d29254_cc76_49f2_9cc4_a4f8b8739b08_1503942804430_id11"},{"key":"?destinationCity","val":"San Diego"},{"key":"?st","val":"NO_38d29254_cc76_49f2_9cc4_a4f8b8739b08_1503942804430_id13"},{"key":"?destinationState","val":"CA"},{"key":"?destinationZipCode","val":"92106"}]},{"result":[{"key":"?t","val":"VO_57fbf5ff_b8c7_4c35_bc55_49a1686be2d5_1503942794764_6"},{"key":"?d","val":"VO_57fbf5ff_b8c7_4c35_bc55_49a1686be2d5_1503942794764_5"},{"key":"?s","val":"NO_c7ab198c_a378_4bf4_85b4_c3aa78b81d52_1503942806383_id3"},{"key":"?destinationStreetName","val":"3534 Yosemite St"},{"key":"?c","val":"NO_c7ab198c_a378_4bf4_85b4_c3aa78b81d52_1503942806383_id9"},{"key":"?destinationCity","val":"San Diego"},{"key":"?st","val":"NO_c7ab198c_a378_4bf4_85b4_c3aa78b81d52_1503942806383_id11"},{"key":"?destinationState","val":"CA"},{"key":"?destinationZipCode","val":"92109"}]}]},{"query":"?- ?t:AE#Travelling, ?t[AE#hasOrigin->?d], ?d[label->?originFullAddress].","resultList":[{"result":[{"key":"?t","val":"VO_57fbf5ff_b8c7_4c35_bc55_49a1686be2d5_1503942794764_7"},{"key":"?d","val":"VO_57fbf5ff_b8c7_4c35_bc55_49a1686be2d5_1503942794764_3"},{"key":"?originFullAddress","val":"3534 Yosemite St, San Diego, CA 92109"}]},{"result":[{"key":"?t","val":"VO_57fbf5ff_b8c7_4c35_bc55_49a1686be2d5_1503942794764_6"},{"key":"?d","val":"VO_57fbf5ff_b8c7_4c35_bc55_49a1686be2d5_1503942794764_8"},{"key":"?originFullAddress","val":"2790 Truxton Road, Suite 130, San Diego, CA 92106"}]}]},{"query":"?- ?t:AE#Travelling, ?t[AE#hasOrigin->?d], ?d[AE#hasStreet->?s], ?s[label->?originStreetName], ?d[AE#hasCity->?c], ?c[label->?originCity], ?d[AE#hasState->?st], ?st[label->?originState], ?d[AE#hasZipcode->?originZipCode].","resultList":[{"result":[{"key":"?t","val":"VO_57fbf5ff_b8c7_4c35_bc55_49a1686be2d5_1503942794764_7"},{"key":"?d","val":"VO_57fbf5ff_b8c7_4c35_bc55_49a1686be2d5_1503942794764_3"},{"key":"?s","val":"NO_3c905c82_6b4c_42ba_92df_b0da27290f97_1503942808415_id3"},{"key":"?originStreetName","val":"3534 Yosemite St"},{"key":"?c","val":"NO_3c905c82_6b4c_42ba_92df_b0da27290f97_1503942808415_id9"},{"key":"?originCity","val":"San Diego"},{"key":"?st","val":"NO_3c905c82_6b4c_42ba_92df_b0da27290f97_1503942808415_id11"},{"key":"?originState","val":"CA"},{"key":"?originZipCode","val":"92109"}]},{"result":[{"key":"?t","val":"VO_57fbf5ff_b8c7_4c35_bc55_49a1686be2d5_1503942794764_6"},{"key":"?d","val":"VO_57fbf5ff_b8c7_4c35_bc55_49a1686be2d5_1503942794764_8"},{"key":"?s","val":"NO_38d29254_cc76_49f2_9cc4_a4f8b8739b08_1503942804430_id5"},{"key":"?originStreetName","val":"2790 Truxton Road"},{"key":"?c","val":"NO_38d29254_cc76_49f2_9cc4_a4f8b8739b08_1503942804430_id11"},{"key":"?originCity","val":"San Diego"},{"key":"?st","val":"NO_38d29254_cc76_49f2_9cc4_a4f8b8739b08_1503942804430_id13"},{"key":"?originState","val":"CA"},{"key":"?originZipCode","val":"92106"}]}]},{"query":"?- ?t:AE#Travelling, ?t[AE#hasPath->?p], ?p[AE#hasStartRegion->?s], ?s[AE#hasLatitude->?originLatitude], ?s[AE#hasLongitude->?originLongitude].","resultList":[{"result":[{"key":"?t","val":"VO_57fbf5ff_b8c7_4c35_bc55_49a1686be2d5_1503942794764_6"},{"key":"?p","val":"ES_d87365fa_7e56_409a_b050_668526861d26_1503942822847_4"},{"key":"?s","val":"ES_d87365fa_7e56_409a_b050_668526861d26_1503942822847_3"},{"key":"?originLatitude","val":"32.74051839275188058309140615165233612060546875"},{"key":"?originLongitude","val":"-117.2130215001728856805129908025264739990234375"}]}]},{"query":"?- ?t:AE#Travelling, ?t[AE#hasPath->?p], ?p[AE#hasEndRegion->?e], ?e[AE#hasLatitude->?destinationLatitude], ?e[AE#hasLongitude->?destinationLongitude].","resultList":[{"result":[{"key":"?t","val":"VO_57fbf5ff_b8c7_4c35_bc55_49a1686be2d5_1503942794764_6"},{"key":"?p","val":"ES_d87365fa_7e56_409a_b050_668526861d26_1503942822847_4"},{"key":"?e","val":"ES_d87365fa_7e56_409a_b050_668526861d26_1503942822847_1"},{"key":"?destinationLatitude","val":"32.78365480766343154073183541186153888702392578125"},{"key":"?destinationLongitude","val":"-117.235724158635690628216252662241458892822265625"}]}]}]}
