{"dataList":[{"query":"?- ?v:AE#VATravelVoucher, ?v[AE#hasVoucherClaimant->?c], ?c[AE#hasName->?cn], ?cn[label->?claimantFullName].","resultList":[{"result":[{"key":"?v","val":"VO_52c21c14_89f8_405d_904c_32381025ff9e_1503944662233_0"},{"key":"?c","val":"VO_52c21c14_89f8_405d_904c_32381025ff9e_1503944662233_2"},{"key":"?cn","val":"NO_fd00ed2a_022b_4d2a_bef4_59a510686911_1503944670685_0"},{"key":"?claimantFullName","val":"Martin Eddie Walsh"}]},{"result":[{"key":"?v","val":"VO_52c21c14_89f8_405d_904c_32381025ff9e_1503944662233_0"},{"key":"?c","val":"VO_52c21c14_89f8_405d_904c_32381025ff9e_1503944662233_2"},{"key":"?cn","val":"VO_52c21c14_89f8_405d_904c_32381025ff9e_1503944662233_1"},{"key":"?claimantFullName","val":"Martin Eddie Walsh"}]}]},{"query":"?- ?v:AE#VATravelVoucher, ?v[AE#hasVoucherClaimant->?c], ?c[AE#hasName->?cn], ?cn[AE#hasFirstName->?claimantFirstName].","resultList":[{"result":[{"key":"?v","val":"VO_52c21c14_89f8_405d_904c_32381025ff9e_1503944662233_0"},{"key":"?c","val":"VO_52c21c14_89f8_405d_904c_32381025ff9e_1503944662233_2"},{"key":"?cn","val":"NO_fd00ed2a_022b_4d2a_bef4_59a510686911_1503944670685_0"},{"key":"?claimantFirstName","val":"martin"}]}]},{"query":"?- ?v:AE#VATravelVoucher, ?v[AE#hasVoucherClaimant->?c], ?c[AE#hasName->?cn], ?cn[AE#hasLastName->?claimantLastName].","resultList":[{"result":[{"key":"?v","val":"VO_52c21c14_89f8_405d_904c_32381025ff9e_1503944662233_0"},{"key":"?c","val":"VO_52c21c14_89f8_405d_904c_32381025ff9e_1503944662233_2"},{"key":"?cn","val":"NO_fd00ed2a_022b_4d2a_bef4_59a510686911_1503944670685_0"},{"key":"?claimantLastName","val":"walsh"}]}]},{"query":"?- ?v:AE#VATravelVoucher, ?v[AE#hasVoucherClaimant->?c], ?c[AE#hasSocialSecurityNumber->?s], ?s[label->?claimantSsn].","resultList":[{"result":[{"key":"?v","val":"VO_52c21c14_89f8_405d_904c_32381025ff9e_1503944662233_0"},{"key":"?c","val":"VO_52c21c14_89f8_405d_904c_32381025ff9e_1503944662233_2"},{"key":"?s","val":"VO_52c21c14_89f8_405d_904c_32381025ff9e_1503944662233_12"},{"key":"?claimantSsn","val":"274-57-0041"}]}]},{"query":"?- ?v:AE#VATravelVoucher, ?v[AE#hasVoucherClaimant->?c], ?c[AE#hasLiens->?claimantHasLiens].","resultList":[{"result":[{"key":"?v","val":"VO_52c21c14_89f8_405d_904c_32381025ff9e_1503944662233_0"},{"key":"?c","val":"VO_52c21c14_89f8_405d_904c_32381025ff9e_1503944662233_2"},{"key":"?claimantHasLiens","val":"AE#NoLienReport"}]}]},{"query":"?- ?v:AE#VATravelVoucher, ?v[AE#hasVoucherClaimant->?c], ?c[AE#hasDeclaredBankruptcy->?claimantHasDeclaredBankruptcy].","resultList":[{"result":[{"key":"?v","val":"VO_52c21c14_89f8_405d_904c_32381025ff9e_1503944662233_0"},{"key":"?c","val":"VO_52c21c14_89f8_405d_904c_32381025ff9e_1503944662233_2"},{"key":"?claimantHasDeclaredBankruptcy","val":"AE#NoBankruptcyReport"}]}]},{"query":"?- ?v:AE#VATravelVoucher, ?v[AE#hasVoucherClaimant->?c], ?c[AE#hasArrestRecord->?claimantHasArrestRecord].","resultList":[{"result":[{"key":"?v","val":"VO_52c21c14_89f8_405d_904c_32381025ff9e_1503944662233_0"},{"key":"?c","val":"VO_52c21c14_89f8_405d_904c_32381025ff9e_1503944662233_2"},{"key":"?claimantHasArrestRecord","val":"AE#NoArrestRecord"}]}]},{"query":"?- ?v:AE#VATravelVoucher, ?v[AE#hasVoucherClaimant->?c], ?c[AE#hasCriminalRecord->?claimantHasCriminalRecord].","resultList":[{"result":[{"key":"?v","val":"VO_52c21c14_89f8_405d_904c_32381025ff9e_1503944662233_0"},{"key":"?c","val":"VO_52c21c14_89f8_405d_904c_32381025ff9e_1503944662233_2"},{"key":"?claimantHasCriminalRecord","val":"AE#NoCriminalRecord"}]}]},{"query":"?- ?v:AE#VATravelVoucher, ?v[AE#hasVoucherBeneficiary->?b], ?b[AE#hasName->?cn], ?cn[label->?beneficiaryFullName].","resultList":[{"result":[{"key":"?v","val":"VO_52c21c14_89f8_405d_904c_32381025ff9e_1503944662233_0"},{"key":"?b","val":"VO_52c21c14_89f8_405d_904c_32381025ff9e_1503944662233_11"},{"key":"?cn","val":"VO_52c21c14_89f8_405d_904c_32381025ff9e_1503944662233_10"},{"key":"?beneficiaryFullName","val":"Charles J. Wilkins"}]},{"result":[{"key":"?v","val":"VO_52c21c14_89f8_405d_904c_32381025ff9e_1503944662233_0"},{"key":"?b","val":"VO_52c21c14_89f8_405d_904c_32381025ff9e_1503944662233_11"},{"key":"?cn","val":"NO_7fa5954b_2e74_4415_9ae0_9ec10e4374d9_1503944668341_0"},{"key":"?beneficiaryFullName","val":"Charles J. Wilkins"}]}]},{"query":"?- ?v:AE#VATravelVoucher, ?v[AE#hasVoucherBeneficiary->?b], ?b[AE#hasName->?cn], ?cn[AE#hasFirstName->?beneficiaryFirstName].","resultList":[{"result":[{"key":"?v","val":"VO_52c21c14_89f8_405d_904c_32381025ff9e_1503944662233_0"},{"key":"?b","val":"VO_52c21c14_89f8_405d_904c_32381025ff9e_1503944662233_11"},{"key":"?cn","val":"NO_7fa5954b_2e74_4415_9ae0_9ec10e4374d9_1503944668341_0"},{"key":"?beneficiaryFirstName","val":"charles"}]}]},{"query":"?- ?v:AE#VATravelVoucher, ?v[AE#hasVoucherBeneficiary->?b], ?b[AE#hasName->?cn], ?cn[AE#hasLastName->?beneficiaryLastName].","resultList":[{"result":[{"key":"?v","val":"VO_52c21c14_89f8_405d_904c_32381025ff9e_1503944662233_0"},{"key":"?b","val":"VO_52c21c14_89f8_405d_904c_32381025ff9e_1503944662233_11"},{"key":"?cn","val":"NO_7fa5954b_2e74_4415_9ae0_9ec10e4374d9_1503944668341_0"},{"key":"?beneficiaryLastName","val":"wilkins"}]}]},{"query":"?- ?v:AE#VATravelVoucher, ?v[AE#hasVoucherBeneficiary->?b], ?b[AE#hasSocialSecurityNumber->?s], ?s[label->?beneficiarySsn].","resultList":[{"result":[{"key":"?v","val":"VO_52c21c14_89f8_405d_904c_32381025ff9e_1503944662233_0"},{"key":"?b","val":"VO_52c21c14_89f8_405d_904c_32381025ff9e_1503944662233_11"},{"key":"?s","val":"VO_52c21c14_89f8_405d_904c_32381025ff9e_1503944662233_9"},{"key":"?beneficiarySsn","val":"260-47-2853"}]}]},{"query":"?- ?v:AE#VATravelVoucher, ?v[AE#hasVoucherBeneficiary->?b], ?b[AE#hasLiens->?beneficiaryHasLiens].","resultList":[{"result":[{"key":"?v","val":"VO_52c21c14_89f8_405d_904c_32381025ff9e_1503944662233_0"},{"key":"?b","val":"VO_52c21c14_89f8_405d_904c_32381025ff9e_1503944662233_11"},{"key":"?beneficiaryHasLiens","val":"AE#NoLienReport"}]}]},{"query":"?- ?v:AE#VATravelVoucher, ?v[AE#hasVoucherBeneficiary->?b], ?b[AE#hasDeclaredBankruptcy->?beneficiaryHasDeclaredBankruptcy].","resultList":[{"result":[{"key":"?v","val":"VO_52c21c14_89f8_405d_904c_32381025ff9e_1503944662233_0"},{"key":"?b","val":"VO_52c21c14_89f8_405d_904c_32381025ff9e_1503944662233_11"},{"key":"?beneficiaryHasDeclaredBankruptcy","val":"AE#NoBankruptcyReport"}]}]},{"query":"?- ?v:AE#VATravelVoucher, ?v[AE#hasVoucherBeneficiary->?b], ?b[AE#hasArrestRecord->?beneficiaryHasArrestRecord].","resultList":[{"result":[{"key":"?v","val":"VO_52c21c14_89f8_405d_904c_32381025ff9e_1503944662233_0"},{"key":"?b","val":"VO_52c21c14_89f8_405d_904c_32381025ff9e_1503944662233_11"},{"key":"?beneficiaryHasArrestRecord","val":"AE#NoArrestRecord"}]}]},{"query":"?- ?v:AE#VATravelVoucher, ?v[AE#hasVoucherBeneficiary->?b], ?b[AE#hasCriminalRecord->?beneficiaryHasCriminalRecord].","resultList":[{"result":[{"key":"?v","val":"VO_52c21c14_89f8_405d_904c_32381025ff9e_1503944662233_0"},{"key":"?b","val":"VO_52c21c14_89f8_405d_904c_32381025ff9e_1503944662233_11"},{"key":"?beneficiaryHasCriminalRecord","val":"AE#NoCriminalRecord"}]}]},{"query":"?- ?t:AE#Travelling, ?t[AE#hasPath->?p], ?p[AE#hasDistance->?d], ?d[AE#numericValue->?expectedDistanceValue], ?d[AE#hasUnitOfMeasure->?unitOfDistanceMeasure].","resultList":[{"result":[{"key":"?t","val":"VO_52c21c14_89f8_405d_904c_32381025ff9e_1503944662233_6"},{"key":"?p","val":"ES_20969e05_b01a_49ec_a413_0555b10e6b68_1503944689743_4"},{"key":"?d","val":"ES_20969e05_b01a_49ec_a413_0555b10e6b68_1503944689743_0"},{"key":"?expectedDistanceValue","val":"16150.848137405961097101680934429168701171875"},{"key":"?unitOfDistanceMeasure","val":"meters"}]}]},{"query":"?- ?t:AE#Travelling, ?t[AE#hasPath->?p], ?p[AE#hasExpectedTravelTime->?d], ?d[AE#numericValue->?expectedTimeValue], ?d[AE#hasUnitOfMeasure->?unitOfTimeMeasure].","resultList":[{"result":[{"key":"?t","val":"VO_52c21c14_89f8_405d_904c_32381025ff9e_1503944662233_6"},{"key":"?p","val":"ES_20969e05_b01a_49ec_a413_0555b10e6b68_1503944689743_4"},{"key":"?d","val":"ES_20969e05_b01a_49ec_a413_0555b10e6b68_1503944689743_2"},{"key":"?expectedTimeValue","val":"11.29778241156600415706634521484375"},{"key":"?unitOfTimeMeasure","val":"minutes"}]}]},{"query":"?- ?t:AE#Travelling, ?t[AE#hasDestination->?d], ?d[label->?destinationFullAddress].","resultList":[{"result":[{"key":"?t","val":"VO_52c21c14_89f8_405d_904c_32381025ff9e_1503944662233_7"},{"key":"?d","val":"VO_52c21c14_89f8_405d_904c_32381025ff9e_1503944662233_8"},{"key":"?destinationFullAddress","val":"2790 Truxton Road, Suite 130, San Diego, CA 92106"}]},{"result":[{"key":"?t","val":"VO_52c21c14_89f8_405d_904c_32381025ff9e_1503944662233_6"},{"key":"?d","val":"VO_52c21c14_89f8_405d_904c_32381025ff9e_1503944662233_5"},{"key":"?destinationFullAddress","val":"150 Fifth Street San Diego, CA 92114"}]}]},{"query":"?- ?t:AE#Travelling, ?t[AE#hasDestination->?d], ?d[AE#hasStreet->?s], ?s[label->?destinationStreetName], ?d[AE#hasCity->?c], ?c[label->?destinationCity], ?d[AE#hasState->?st], ?st[label->?destinationState], ?d[AE#hasZipcode->?destinationZipCode].","resultList":[{"result":[{"key":"?t","val":"VO_52c21c14_89f8_405d_904c_32381025ff9e_1503944662233_7"},{"key":"?d","val":"VO_52c21c14_89f8_405d_904c_32381025ff9e_1503944662233_8"},{"key":"?s","val":"NO_fa4f9c9c_f980_475d_ba52_d5ae97762403_1503944672951_id5"},{"key":"?destinationStreetName","val":"2790 Truxton Road"},{"key":"?c","val":"NO_fa4f9c9c_f980_475d_ba52_d5ae97762403_1503944672951_id11"},{"key":"?destinationCity","val":"San Diego"},{"key":"?st","val":"NO_fa4f9c9c_f980_475d_ba52_d5ae97762403_1503944672951_id13"},{"key":"?destinationState","val":"CA"},{"key":"?destinationZipCode","val":"92106"}]},{"result":[{"key":"?t","val":"VO_52c21c14_89f8_405d_904c_32381025ff9e_1503944662233_6"},{"key":"?d","val":"VO_52c21c14_89f8_405d_904c_32381025ff9e_1503944662233_5"},{"key":"?s","val":"NO_8aa0564d_4c50_43be_a9ba_7beaddb714b1_1503944675086_id3"},{"key":"?destinationStreetName","val":"150 Fifth Street"},{"key":"?c","val":"NO_8aa0564d_4c50_43be_a9ba_7beaddb714b1_1503944675086_id9"},{"key":"?destinationCity","val":"San Diego"},{"key":"?st","val":"NO_8aa0564d_4c50_43be_a9ba_7beaddb714b1_1503944675086_id11"},{"key":"?destinationState","val":"CA"},{"key":"?destinationZipCode","val":"92114"}]}]},{"query":"?- ?t:AE#Travelling, ?t[AE#hasOrigin->?d], ?d[label->?originFullAddress].","resultList":[{"result":[{"key":"?t","val":"VO_52c21c14_89f8_405d_904c_32381025ff9e_1503944662233_7"},{"key":"?d","val":"VO_52c21c14_89f8_405d_904c_32381025ff9e_1503944662233_3"},{"key":"?originFullAddress","val":"278 Mountainview Drive San Diego, CA 92126"}]},{"result":[{"key":"?t","val":"VO_52c21c14_89f8_405d_904c_32381025ff9e_1503944662233_6"},{"key":"?d","val":"VO_52c21c14_89f8_405d_904c_32381025ff9e_1503944662233_8"},{"key":"?originFullAddress","val":"2790 Truxton Road, Suite 130, San Diego, CA 92106"}]}]},{"query":"?- ?t:AE#Travelling, ?t[AE#hasOrigin->?d], ?d[AE#hasStreet->?s], ?s[label->?originStreetName], ?d[AE#hasCity->?c], ?c[label->?originCity], ?d[AE#hasState->?st], ?st[label->?originState], ?d[AE#hasZipcode->?originZipCode].","resultList":[{"result":[{"key":"?t","val":"VO_52c21c14_89f8_405d_904c_32381025ff9e_1503944662233_7"},{"key":"?d","val":"VO_52c21c14_89f8_405d_904c_32381025ff9e_1503944662233_3"},{"key":"?s","val":"NO_bc85e16b_9413_4368_9475_77672e12bdd9_1503944677047_id3"},{"key":"?originStreetName","val":"278 Mountainview Drive"},{"key":"?c","val":"NO_bc85e16b_9413_4368_9475_77672e12bdd9_1503944677047_id9"},{"key":"?originCity","val":"San Diego"},{"key":"?st","val":"NO_bc85e16b_9413_4368_9475_77672e12bdd9_1503944677047_id11"},{"key":"?originState","val":"CA"},{"key":"?originZipCode","val":"92126"}]},{"result":[{"key":"?t","val":"VO_52c21c14_89f8_405d_904c_32381025ff9e_1503944662233_6"},{"key":"?d","val":"VO_52c21c14_89f8_405d_904c_32381025ff9e_1503944662233_8"},{"key":"?s","val":"NO_fa4f9c9c_f980_475d_ba52_d5ae97762403_1503944672951_id5"},{"key":"?originStreetName","val":"2790 Truxton Road"},{"key":"?c","val":"NO_fa4f9c9c_f980_475d_ba52_d5ae97762403_1503944672951_id11"},{"key":"?originCity","val":"San Diego"},{"key":"?st","val":"NO_fa4f9c9c_f980_475d_ba52_d5ae97762403_1503944672951_id13"},{"key":"?originState","val":"CA"},{"key":"?originZipCode","val":"92106"}]}]},{"query":"?- ?t:AE#Travelling, ?t[AE#hasPath->?p], ?p[AE#hasStartRegion->?s], ?s[AE#hasLatitude->?originLatitude], ?s[AE#hasLongitude->?originLongitude].","resultList":[{"result":[{"key":"?t","val":"VO_52c21c14_89f8_405d_904c_32381025ff9e_1503944662233_6"},{"key":"?p","val":"ES_20969e05_b01a_49ec_a413_0555b10e6b68_1503944689743_4"},{"key":"?s","val":"ES_20969e05_b01a_49ec_a413_0555b10e6b68_1503944689743_3"},{"key":"?originLatitude","val":"32.74051839275188058309140615165233612060546875"},{"key":"?originLongitude","val":"-117.2130215001728856805129908025264739990234375"}]}]},{"query":"?- ?t:AE#Travelling, ?t[AE#hasPath->?p], ?p[AE#hasEndRegion->?e], ?e[AE#hasLatitude->?destinationLatitude], ?e[AE#hasLongitude->?destinationLongitude].","resultList":[{"result":[{"key":"?t","val":"VO_52c21c14_89f8_405d_904c_32381025ff9e_1503944662233_6"},{"key":"?p","val":"ES_20969e05_b01a_49ec_a413_0555b10e6b68_1503944689743_4"},{"key":"?e","val":"ES_20969e05_b01a_49ec_a413_0555b10e6b68_1503944689743_1"},{"key":"?destinationLatitude","val":"32.72617345619732276418289984576404094696044921875"},{"key":"?destinationLongitude","val":"-117.0724592852043457469335407949984073638916015625"}]}]}]}
