{"dataList":[{"query":"?- ?v:AE#VATravelVoucher, ?v[AE#hasVoucherClaimant->?c], ?c[AE#hasName->?cn], ?cn[label->?claimantFullName].","resultList":[{"result":[{"key":"?v","val":"VO_5239ba49_a4fa_4cc5_94e1_ef80c86e56ef_1503942460171_0"},{"key":"?c","val":"VO_5239ba49_a4fa_4cc5_94e1_ef80c86e56ef_1503942460171_2"},{"key":"?cn","val":"NO_9a631ce6_daf6_459f_8821_945cf8783c69_1503942467181_0"},{"key":"?claimantFullName","val":"Robert Bradley Parvez"}]},{"result":[{"key":"?v","val":"VO_5239ba49_a4fa_4cc5_94e1_ef80c86e56ef_1503942460171_0"},{"key":"?c","val":"VO_5239ba49_a4fa_4cc5_94e1_ef80c86e56ef_1503942460171_2"},{"key":"?cn","val":"VO_5239ba49_a4fa_4cc5_94e1_ef80c86e56ef_1503942460171_1"},{"key":"?claimantFullName","val":"Robert Bradley Parvez"}]}]},{"query":"?- ?v:AE#VATravelVoucher, ?v[AE#hasVoucherClaimant->?c], ?c[AE#hasName->?cn], ?cn[AE#hasFirstName->?claimantFirstName].","resultList":[{"result":[{"key":"?v","val":"VO_5239ba49_a4fa_4cc5_94e1_ef80c86e56ef_1503942460171_0"},{"key":"?c","val":"VO_5239ba49_a4fa_4cc5_94e1_ef80c86e56ef_1503942460171_2"},{"key":"?cn","val":"NO_9a631ce6_daf6_459f_8821_945cf8783c69_1503942467181_0"},{"key":"?claimantFirstName","val":"robert"}]}]},{"query":"?- ?v:AE#VATravelVoucher, ?v[AE#hasVoucherClaimant->?c], ?c[AE#hasName->?cn], ?cn[AE#hasLastName->?claimantLastName].","resultList":[{"result":[{"key":"?v","val":"VO_5239ba49_a4fa_4cc5_94e1_ef80c86e56ef_1503942460171_0"},{"key":"?c","val":"VO_5239ba49_a4fa_4cc5_94e1_ef80c86e56ef_1503942460171_2"},{"key":"?cn","val":"NO_9a631ce6_daf6_459f_8821_945cf8783c69_1503942467181_0"},{"key":"?claimantLastName","val":"parvez"}]}]},{"query":"?- ?v:AE#VATravelVoucher, ?v[AE#hasVoucherClaimant->?c], ?c[AE#hasSocialSecurityNumber->?s], ?s[label->?claimantSsn].","resultList":[{"result":[{"key":"?v","val":"VO_5239ba49_a4fa_4cc5_94e1_ef80c86e56ef_1503942460171_0"},{"key":"?c","val":"VO_5239ba49_a4fa_4cc5_94e1_ef80c86e56ef_1503942460171_2"},{"key":"?s","val":"VO_5239ba49_a4fa_4cc5_94e1_ef80c86e56ef_1503942460171_12"},{"key":"?claimantSsn","val":"608-47-5088"}]}]},{"query":"?- ?v:AE#VATravelVoucher, ?v[AE#hasVoucherClaimant->?c], ?c[AE#hasLiens->?claimantHasLiens].","resultList":[{"result":[{"key":"?v","val":"VO_5239ba49_a4fa_4cc5_94e1_ef80c86e56ef_1503942460171_0"},{"key":"?c","val":"VO_5239ba49_a4fa_4cc5_94e1_ef80c86e56ef_1503942460171_2"},{"key":"?claimantHasLiens","val":"AE#NoLienReport"}]}]},{"query":"?- ?v:AE#VATravelVoucher, ?v[AE#hasVoucherClaimant->?c], ?c[AE#hasDeclaredBankruptcy->?claimantHasDeclaredBankruptcy].","resultList":[{"result":[{"key":"?v","val":"VO_5239ba49_a4fa_4cc5_94e1_ef80c86e56ef_1503942460171_0"},{"key":"?c","val":"VO_5239ba49_a4fa_4cc5_94e1_ef80c86e56ef_1503942460171_2"},{"key":"?claimantHasDeclaredBankruptcy","val":"AE#NoBankruptcyReport"}]}]},{"query":"?- ?v:AE#VATravelVoucher, ?v[AE#hasVoucherClaimant->?c], ?c[AE#hasArrestRecord->?claimantHasArrestRecord].","resultList":[{"result":[{"key":"?v","val":"VO_5239ba49_a4fa_4cc5_94e1_ef80c86e56ef_1503942460171_0"},{"key":"?c","val":"VO_5239ba49_a4fa_4cc5_94e1_ef80c86e56ef_1503942460171_2"},{"key":"?claimantHasArrestRecord","val":"AE#UnknownArrestRecord"}]}]},{"query":"?- ?v:AE#VATravelVoucher, ?v[AE#hasVoucherClaimant->?c], ?c[AE#hasCriminalRecord->?claimantHasCriminalRecord].","resultList":[{"result":[{"key":"?v","val":"VO_5239ba49_a4fa_4cc5_94e1_ef80c86e56ef_1503942460171_0"},{"key":"?c","val":"VO_5239ba49_a4fa_4cc5_94e1_ef80c86e56ef_1503942460171_2"},{"key":"?claimantHasCriminalRecord","val":"AE#UnknownCriminalRecord"}]}]},{"query":"?- ?v:AE#VATravelVoucher, ?v[AE#hasVoucherBeneficiary->?b], ?b[AE#hasName->?cn], ?cn[label->?beneficiaryFullName].","resultList":[{"result":[{"key":"?v","val":"VO_5239ba49_a4fa_4cc5_94e1_ef80c86e56ef_1503942460171_0"},{"key":"?b","val":"VO_5239ba49_a4fa_4cc5_94e1_ef80c86e56ef_1503942460171_11"},{"key":"?cn","val":"VO_5239ba49_a4fa_4cc5_94e1_ef80c86e56ef_1503942460171_10"},{"key":"?beneficiaryFullName","val":"Nathan Jacob Holt"}]},{"result":[{"key":"?v","val":"VO_5239ba49_a4fa_4cc5_94e1_ef80c86e56ef_1503942460171_0"},{"key":"?b","val":"VO_5239ba49_a4fa_4cc5_94e1_ef80c86e56ef_1503942460171_11"},{"key":"?cn","val":"NO_bba7dda9_5921_435f_8770_a4b6b2aae1ed_1503942465354_0"},{"key":"?beneficiaryFullName","val":"Nathan Jacob Holt"}]}]},{"query":"?- ?v:AE#VATravelVoucher, ?v[AE#hasVoucherBeneficiary->?b], ?b[AE#hasName->?cn], ?cn[AE#hasFirstName->?beneficiaryFirstName].","resultList":[{"result":[{"key":"?v","val":"VO_5239ba49_a4fa_4cc5_94e1_ef80c86e56ef_1503942460171_0"},{"key":"?b","val":"VO_5239ba49_a4fa_4cc5_94e1_ef80c86e56ef_1503942460171_11"},{"key":"?cn","val":"NO_bba7dda9_5921_435f_8770_a4b6b2aae1ed_1503942465354_0"},{"key":"?beneficiaryFirstName","val":"nathan"}]}]},{"query":"?- ?v:AE#VATravelVoucher, ?v[AE#hasVoucherBeneficiary->?b], ?b[AE#hasName->?cn], ?cn[AE#hasLastName->?beneficiaryLastName].","resultList":[{"result":[{"key":"?v","val":"VO_5239ba49_a4fa_4cc5_94e1_ef80c86e56ef_1503942460171_0"},{"key":"?b","val":"VO_5239ba49_a4fa_4cc5_94e1_ef80c86e56ef_1503942460171_11"},{"key":"?cn","val":"NO_bba7dda9_5921_435f_8770_a4b6b2aae1ed_1503942465354_0"},{"key":"?beneficiaryLastName","val":"holt"}]}]},{"query":"?- ?v:AE#VATravelVoucher, ?v[AE#hasVoucherBeneficiary->?b], ?b[AE#hasSocialSecurityNumber->?s], ?s[label->?beneficiarySsn].","resultList":[{"result":[{"key":"?v","val":"VO_5239ba49_a4fa_4cc5_94e1_ef80c86e56ef_1503942460171_0"},{"key":"?b","val":"VO_5239ba49_a4fa_4cc5_94e1_ef80c86e56ef_1503942460171_11"},{"key":"?s","val":"VO_5239ba49_a4fa_4cc5_94e1_ef80c86e56ef_1503942460171_9"},{"key":"?beneficiarySsn","val":"484-17-8580"}]}]},{"query":"?- ?v:AE#VATravelVoucher, ?v[AE#hasVoucherBeneficiary->?b], ?b[AE#hasLiens->?beneficiaryHasLiens].","resultList":[{"result":[{"key":"?v","val":"VO_5239ba49_a4fa_4cc5_94e1_ef80c86e56ef_1503942460171_0"},{"key":"?b","val":"VO_5239ba49_a4fa_4cc5_94e1_ef80c86e56ef_1503942460171_11"},{"key":"?beneficiaryHasLiens","val":"AE#NoLienReport"}]}]},{"query":"?- ?v:AE#VATravelVoucher, ?v[AE#hasVoucherBeneficiary->?b], ?b[AE#hasDeclaredBankruptcy->?beneficiaryHasDeclaredBankruptcy].","resultList":[{"result":[{"key":"?v","val":"VO_5239ba49_a4fa_4cc5_94e1_ef80c86e56ef_1503942460171_0"},{"key":"?b","val":"VO_5239ba49_a4fa_4cc5_94e1_ef80c86e56ef_1503942460171_11"},{"key":"?beneficiaryHasDeclaredBankruptcy","val":"AE#NoBankruptcyReport"}]}]},{"query":"?- ?v:AE#VATravelVoucher, ?v[AE#hasVoucherBeneficiary->?b], ?b[AE#hasArrestRecord->?beneficiaryHasArrestRecord].","resultList":[{"result":[{"key":"?v","val":"VO_5239ba49_a4fa_4cc5_94e1_ef80c86e56ef_1503942460171_0"},{"key":"?b","val":"VO_5239ba49_a4fa_4cc5_94e1_ef80c86e56ef_1503942460171_11"},{"key":"?beneficiaryHasArrestRecord","val":"AE#NoArrestRecord"}]}]},{"query":"?- ?v:AE#VATravelVoucher, ?v[AE#hasVoucherBeneficiary->?b], ?b[AE#hasCriminalRecord->?beneficiaryHasCriminalRecord].","resultList":[{"result":[{"key":"?v","val":"VO_5239ba49_a4fa_4cc5_94e1_ef80c86e56ef_1503942460171_0"},{"key":"?b","val":"VO_5239ba49_a4fa_4cc5_94e1_ef80c86e56ef_1503942460171_11"},{"key":"?beneficiaryHasCriminalRecord","val":"AE#NoCriminalRecord"}]}]},{"query":"?- ?t:AE#Travelling, ?t[AE#hasPath->?p], ?p[AE#hasDistance->?d], ?d[AE#numericValue->?expectedDistanceValue], ?d[AE#hasUnitOfMeasure->?unitOfDistanceMeasure].","resultList":[{"result":[{"key":"?t","val":"VO_5239ba49_a4fa_4cc5_94e1_ef80c86e56ef_1503942460171_6"},{"key":"?p","val":"ES_c31c1aa6_1697_47b7_ba39_ab7eb0b8c2ed_1503942485419_4"},{"key":"?d","val":"ES_c31c1aa6_1697_47b7_ba39_ab7eb0b8c2ed_1503942485419_0"},{"key":"?expectedDistanceValue","val":"8771.6112570495461113750934600830078125"},{"key":"?unitOfDistanceMeasure","val":"meters"}]}]},{"query":"?- ?t:AE#Travelling, ?t[AE#hasPath->?p], ?p[AE#hasExpectedTravelTime->?d], ?d[AE#numericValue->?expectedTimeValue], ?d[AE#hasUnitOfMeasure->?unitOfTimeMeasure].","resultList":[{"result":[{"key":"?t","val":"VO_5239ba49_a4fa_4cc5_94e1_ef80c86e56ef_1503942460171_6"},{"key":"?p","val":"ES_c31c1aa6_1697_47b7_ba39_ab7eb0b8c2ed_1503942485419_4"},{"key":"?d","val":"ES_c31c1aa6_1697_47b7_ba39_ab7eb0b8c2ed_1503942485419_2"},{"key":"?expectedTimeValue","val":"9.606476986664347350597381591796875"},{"key":"?unitOfTimeMeasure","val":"minutes"}]}]},{"query":"?- ?t:AE#Travelling, ?t[AE#hasDestination->?d], ?d[label->?destinationFullAddress].","resultList":[{"result":[{"key":"?t","val":"VO_5239ba49_a4fa_4cc5_94e1_ef80c86e56ef_1503942460171_7"},{"key":"?d","val":"VO_5239ba49_a4fa_4cc5_94e1_ef80c86e56ef_1503942460171_8"},{"key":"?destinationFullAddress","val":"2790 Truxton Road, Suite 130, San Diego, CA 92106"}]},{"result":[{"key":"?t","val":"VO_5239ba49_a4fa_4cc5_94e1_ef80c86e56ef_1503942460171_6"},{"key":"?d","val":"VO_5239ba49_a4fa_4cc5_94e1_ef80c86e56ef_1503942460171_5"},{"key":"?destinationFullAddress","val":"85 Trusel Avenue San Diego, CA 92117"}]}]},{"query":"?- ?t:AE#Travelling, ?t[AE#hasDestination->?d], ?d[AE#hasStreet->?s], ?s[label->?destinationStreetName], ?d[AE#hasCity->?c], ?c[label->?destinationCity], ?d[AE#hasState->?st], ?st[label->?destinationState], ?d[AE#hasZipcode->?destinationZipCode].","resultList":[{"result":[{"key":"?t","val":"VO_5239ba49_a4fa_4cc5_94e1_ef80c86e56ef_1503942460171_7"},{"key":"?d","val":"VO_5239ba49_a4fa_4cc5_94e1_ef80c86e56ef_1503942460171_8"},{"key":"?s","val":"NO_d6422757_f731_4714_bbc5_09a669b6188b_1503942468980_id5"},{"key":"?destinationStreetName","val":"2790 Truxton Road"},{"key":"?c","val":"NO_d6422757_f731_4714_bbc5_09a669b6188b_1503942468980_id11"},{"key":"?destinationCity","val":"San Diego"},{"key":"?st","val":"NO_d6422757_f731_4714_bbc5_09a669b6188b_1503942468980_id13"},{"key":"?destinationState","val":"CA"},{"key":"?destinationZipCode","val":"92106"}]},{"result":[{"key":"?t","val":"VO_5239ba49_a4fa_4cc5_94e1_ef80c86e56ef_1503942460171_6"},{"key":"?d","val":"VO_5239ba49_a4fa_4cc5_94e1_ef80c86e56ef_1503942460171_5"},{"key":"?s","val":"NO_9d274a8e_bf40_4d1a_93d5_dbf609ad6f50_1503942470698_id3"},{"key":"?destinationStreetName","val":"85 Trusel Avenue"},{"key":"?c","val":"NO_9d274a8e_bf40_4d1a_93d5_dbf609ad6f50_1503942470698_id9"},{"key":"?destinationCity","val":"San Diego"},{"key":"?st","val":"NO_9d274a8e_bf40_4d1a_93d5_dbf609ad6f50_1503942470698_id11"},{"key":"?destinationState","val":"CA"},{"key":"?destinationZipCode","val":"92117"}]}]},{"query":"?- ?t:AE#Travelling, ?t[AE#hasOrigin->?d], ?d[label->?originFullAddress].","resultList":[{"result":[{"key":"?t","val":"VO_5239ba49_a4fa_4cc5_94e1_ef80c86e56ef_1503942460171_7"},{"key":"?d","val":"VO_5239ba49_a4fa_4cc5_94e1_ef80c86e56ef_1503942460171_3"},{"key":"?originFullAddress","val":"59 Strawberry Street San Diego, CA 92117"}]},{"result":[{"key":"?t","val":"VO_5239ba49_a4fa_4cc5_94e1_ef80c86e56ef_1503942460171_6"},{"key":"?d","val":"VO_5239ba49_a4fa_4cc5_94e1_ef80c86e56ef_1503942460171_8"},{"key":"?originFullAddress","val":"2790 Truxton Road, Suite 130, San Diego, CA 92106"}]}]},{"query":"?- ?t:AE#Travelling, ?t[AE#hasOrigin->?d], ?d[AE#hasStreet->?s], ?s[label->?originStreetName], ?d[AE#hasCity->?c], ?c[label->?originCity], ?d[AE#hasState->?st], ?st[label->?originState], ?d[AE#hasZipcode->?originZipCode].","resultList":[{"result":[{"key":"?t","val":"VO_5239ba49_a4fa_4cc5_94e1_ef80c86e56ef_1503942460171_7"},{"key":"?d","val":"VO_5239ba49_a4fa_4cc5_94e1_ef80c86e56ef_1503942460171_3"},{"key":"?s","val":"NO_3749e48c_a4c7_473b_90f3_a4901a6606b8_1503942472431_id3"},{"key":"?originStreetName","val":"59 Strawberry Street"},{"key":"?c","val":"NO_3749e48c_a4c7_473b_90f3_a4901a6606b8_1503942472431_id9"},{"key":"?originCity","val":"San Diego"},{"key":"?st","val":"NO_3749e48c_a4c7_473b_90f3_a4901a6606b8_1503942472431_id11"},{"key":"?originState","val":"CA"},{"key":"?originZipCode","val":"92117"}]},{"result":[{"key":"?t","val":"VO_5239ba49_a4fa_4cc5_94e1_ef80c86e56ef_1503942460171_6"},{"key":"?d","val":"VO_5239ba49_a4fa_4cc5_94e1_ef80c86e56ef_1503942460171_8"},{"key":"?s","val":"NO_d6422757_f731_4714_bbc5_09a669b6188b_1503942468980_id5"},{"key":"?originStreetName","val":"2790 Truxton Road"},{"key":"?c","val":"NO_d6422757_f731_4714_bbc5_09a669b6188b_1503942468980_id11"},{"key":"?originCity","val":"San Diego"},{"key":"?st","val":"NO_d6422757_f731_4714_bbc5_09a669b6188b_1503942468980_id13"},{"key":"?originState","val":"CA"},{"key":"?originZipCode","val":"92106"}]}]},{"query":"?- ?t:AE#Travelling, ?t[AE#hasPath->?p], ?p[AE#hasStartRegion->?s], ?s[AE#hasLatitude->?originLatitude], ?s[AE#hasLongitude->?originLongitude].","resultList":[{"result":[{"key":"?t","val":"VO_5239ba49_a4fa_4cc5_94e1_ef80c86e56ef_1503942460171_6"},{"key":"?p","val":"ES_c31c1aa6_1697_47b7_ba39_ab7eb0b8c2ed_1503942485419_4"},{"key":"?s","val":"ES_c31c1aa6_1697_47b7_ba39_ab7eb0b8c2ed_1503942485419_3"},{"key":"?originLatitude","val":"32.74051839275188058309140615165233612060546875"},{"key":"?originLongitude","val":"-117.2130215001728856805129908025264739990234375"}]}]},{"query":"?- ?t:AE#Travelling, ?t[AE#hasPath->?p], ?p[AE#hasEndRegion->?e], ?e[AE#hasLatitude->?destinationLatitude], ?e[AE#hasLongitude->?destinationLongitude].","resultList":[{"result":[{"key":"?t","val":"VO_5239ba49_a4fa_4cc5_94e1_ef80c86e56ef_1503942460171_6"},{"key":"?p","val":"ES_c31c1aa6_1697_47b7_ba39_ab7eb0b8c2ed_1503942485419_4"},{"key":"?e","val":"ES_c31c1aa6_1697_47b7_ba39_ab7eb0b8c2ed_1503942485419_1"},{"key":"?destinationLatitude","val":"32.79662300000001096123014576733112335205078125"},{"key":"?destinationLongitude","val":"-117.197813600000017686397768557071685791015625"}]}]}]}
