{"dataList":[{"query":"?- ?v:AE#VATravelVoucher, ?v[AE#hasVoucherClaimant->?c], ?c[AE#hasName->?cn], ?cn[label->?claimantFullName].","resultList":[{"result":[{"key":"?v","val":"VO_5268fe43_5eef_40a1_aea1_1802c73a4f0a_1503941061452_0"},{"key":"?c","val":"VO_5268fe43_5eef_40a1_aea1_1802c73a4f0a_1503941061452_2"},{"key":"?cn","val":"NO_c6dad59f_b47c_4850_b6a8_f460f5b790d4_1503941069680_0"},{"key":"?claimantFullName","val":"Louis Philip Burns"}]},{"result":[{"key":"?v","val":"VO_5268fe43_5eef_40a1_aea1_1802c73a4f0a_1503941061452_0"},{"key":"?c","val":"VO_5268fe43_5eef_40a1_aea1_1802c73a4f0a_1503941061452_2"},{"key":"?cn","val":"VO_5268fe43_5eef_40a1_aea1_1802c73a4f0a_1503941061452_1"},{"key":"?claimantFullName","val":"Louis Philip Burns"}]}]},{"query":"?- ?v:AE#VATravelVoucher, ?v[AE#hasVoucherClaimant->?c], ?c[AE#hasName->?cn], ?cn[AE#hasFirstName->?claimantFirstName].","resultList":[{"result":[{"key":"?v","val":"VO_5268fe43_5eef_40a1_aea1_1802c73a4f0a_1503941061452_0"},{"key":"?c","val":"VO_5268fe43_5eef_40a1_aea1_1802c73a4f0a_1503941061452_2"},{"key":"?cn","val":"NO_c6dad59f_b47c_4850_b6a8_f460f5b790d4_1503941069680_0"},{"key":"?claimantFirstName","val":"louis"}]}]},{"query":"?- ?v:AE#VATravelVoucher, ?v[AE#hasVoucherClaimant->?c], ?c[AE#hasName->?cn], ?cn[AE#hasLastName->?claimantLastName].","resultList":[{"result":[{"key":"?v","val":"VO_5268fe43_5eef_40a1_aea1_1802c73a4f0a_1503941061452_0"},{"key":"?c","val":"VO_5268fe43_5eef_40a1_aea1_1802c73a4f0a_1503941061452_2"},{"key":"?cn","val":"NO_c6dad59f_b47c_4850_b6a8_f460f5b790d4_1503941069680_0"},{"key":"?claimantLastName","val":"burns"}]}]},{"query":"?- ?v:AE#VATravelVoucher, ?v[AE#hasVoucherClaimant->?c], ?c[AE#hasSocialSecurityNumber->?s], ?s[label->?claimantSsn].","resultList":[{"result":[{"key":"?v","val":"VO_5268fe43_5eef_40a1_aea1_1802c73a4f0a_1503941061452_0"},{"key":"?c","val":"VO_5268fe43_5eef_40a1_aea1_1802c73a4f0a_1503941061452_2"},{"key":"?s","val":"VO_5268fe43_5eef_40a1_aea1_1802c73a4f0a_1503941061452_12"},{"key":"?claimantSsn","val":"271-74-0895"}]}]},{"query":"?- ?v:AE#VATravelVoucher, ?v[AE#hasVoucherClaimant->?c], ?c[AE#hasLiens->?claimantHasLiens].","resultList":[{"result":[{"key":"?v","val":"VO_5268fe43_5eef_40a1_aea1_1802c73a4f0a_1503941061452_0"},{"key":"?c","val":"VO_5268fe43_5eef_40a1_aea1_1802c73a4f0a_1503941061452_2"},{"key":"?claimantHasLiens","val":"AE#UnknownLienReport"}]}]},{"query":"?- ?v:AE#VATravelVoucher, ?v[AE#hasVoucherClaimant->?c], ?c[AE#hasDeclaredBankruptcy->?claimantHasDeclaredBankruptcy].","resultList":[{"result":[{"key":"?v","val":"VO_5268fe43_5eef_40a1_aea1_1802c73a4f0a_1503941061452_0"},{"key":"?c","val":"VO_5268fe43_5eef_40a1_aea1_1802c73a4f0a_1503941061452_2"},{"key":"?claimantHasDeclaredBankruptcy","val":"AE#NoBankruptcyReport"}]}]},{"query":"?- ?v:AE#VATravelVoucher, ?v[AE#hasVoucherClaimant->?c], ?c[AE#hasArrestRecord->?claimantHasArrestRecord].","resultList":[{"result":[{"key":"?v","val":"VO_5268fe43_5eef_40a1_aea1_1802c73a4f0a_1503941061452_0"},{"key":"?c","val":"VO_5268fe43_5eef_40a1_aea1_1802c73a4f0a_1503941061452_2"},{"key":"?claimantHasArrestRecord","val":"AE#NoArrestRecord"}]}]},{"query":"?- ?v:AE#VATravelVoucher, ?v[AE#hasVoucherClaimant->?c], ?c[AE#hasCriminalRecord->?claimantHasCriminalRecord].","resultList":[{"result":[{"key":"?v","val":"VO_5268fe43_5eef_40a1_aea1_1802c73a4f0a_1503941061452_0"},{"key":"?c","val":"VO_5268fe43_5eef_40a1_aea1_1802c73a4f0a_1503941061452_2"},{"key":"?claimantHasCriminalRecord","val":"AE#NoCriminalRecord"}]}]},{"query":"?- ?v:AE#VATravelVoucher, ?v[AE#hasVoucherBeneficiary->?b], ?b[AE#hasName->?cn], ?cn[label->?beneficiaryFullName].","resultList":[{"result":[{"key":"?v","val":"VO_5268fe43_5eef_40a1_aea1_1802c73a4f0a_1503941061452_0"},{"key":"?b","val":"VO_5268fe43_5eef_40a1_aea1_1802c73a4f0a_1503941061452_11"},{"key":"?cn","val":"NO_1b7736f6_8e96_4daf_92cb_bb54ab0e7ea3_1503941067572_0"},{"key":"?beneficiaryFullName","val":"Scott J."}]},{"result":[{"key":"?v","val":"VO_5268fe43_5eef_40a1_aea1_1802c73a4f0a_1503941061452_0"},{"key":"?b","val":"VO_5268fe43_5eef_40a1_aea1_1802c73a4f0a_1503941061452_11"},{"key":"?cn","val":"VO_5268fe43_5eef_40a1_aea1_1802c73a4f0a_1503941061452_10"},{"key":"?beneficiaryFullName","val":"Scott J. Grew"}]}]},{"query":"?- ?v:AE#VATravelVoucher, ?v[AE#hasVoucherBeneficiary->?b], ?b[AE#hasName->?cn], ?cn[AE#hasFirstName->?beneficiaryFirstName].","resultList":[{"result":[{"key":"?v","val":"VO_5268fe43_5eef_40a1_aea1_1802c73a4f0a_1503941061452_0"},{"key":"?b","val":"VO_5268fe43_5eef_40a1_aea1_1802c73a4f0a_1503941061452_11"},{"key":"?cn","val":"NO_1b7736f6_8e96_4daf_92cb_bb54ab0e7ea3_1503941067572_0"},{"key":"?beneficiaryFirstName","val":"scott"}]}]},{"query":"?- ?v:AE#VATravelVoucher, ?v[AE#hasVoucherBeneficiary->?b], ?b[AE#hasName->?cn], ?cn[AE#hasLastName->?beneficiaryLastName].","resultList":[{"result":[{"key":"?v","val":"VO_5268fe43_5eef_40a1_aea1_1802c73a4f0a_1503941061452_0"},{"key":"?b","val":"VO_5268fe43_5eef_40a1_aea1_1802c73a4f0a_1503941061452_11"},{"key":"?cn","val":"NO_1b7736f6_8e96_4daf_92cb_bb54ab0e7ea3_1503941067572_0"},{"key":"?beneficiaryLastName","val":"j_."}]}]},{"query":"?- ?v:AE#VATravelVoucher, ?v[AE#hasVoucherBeneficiary->?b], ?b[AE#hasSocialSecurityNumber->?s], ?s[label->?beneficiarySsn].","resultList":[{"result":[{"key":"?v","val":"VO_5268fe43_5eef_40a1_aea1_1802c73a4f0a_1503941061452_0"},{"key":"?b","val":"VO_5268fe43_5eef_40a1_aea1_1802c73a4f0a_1503941061452_11"},{"key":"?s","val":"VO_5268fe43_5eef_40a1_aea1_1802c73a4f0a_1503941061452_9"},{"key":"?beneficiarySsn","val":"770-38-7864"}]}]},{"query":"?- ?v:AE#VATravelVoucher, ?v[AE#hasVoucherBeneficiary->?b], ?b[AE#hasLiens->?beneficiaryHasLiens].","resultList":[{"result":[{"key":"?v","val":"VO_5268fe43_5eef_40a1_aea1_1802c73a4f0a_1503941061452_0"},{"key":"?b","val":"VO_5268fe43_5eef_40a1_aea1_1802c73a4f0a_1503941061452_11"},{"key":"?beneficiaryHasLiens","val":"AE#NoLienReport"}]}]},{"query":"?- ?v:AE#VATravelVoucher, ?v[AE#hasVoucherBeneficiary->?b], ?b[AE#hasDeclaredBankruptcy->?beneficiaryHasDeclaredBankruptcy].","resultList":[{"result":[{"key":"?v","val":"VO_5268fe43_5eef_40a1_aea1_1802c73a4f0a_1503941061452_0"},{"key":"?b","val":"VO_5268fe43_5eef_40a1_aea1_1802c73a4f0a_1503941061452_11"},{"key":"?beneficiaryHasDeclaredBankruptcy","val":"AE#NoBankruptcyReport"}]}]},{"query":"?- ?v:AE#VATravelVoucher, ?v[AE#hasVoucherBeneficiary->?b], ?b[AE#hasArrestRecord->?beneficiaryHasArrestRecord].","resultList":[{"result":[{"key":"?v","val":"VO_5268fe43_5eef_40a1_aea1_1802c73a4f0a_1503941061452_0"},{"key":"?b","val":"VO_5268fe43_5eef_40a1_aea1_1802c73a4f0a_1503941061452_11"},{"key":"?beneficiaryHasArrestRecord","val":"AE#NoArrestRecord"}]}]},{"query":"?- ?v:AE#VATravelVoucher, ?v[AE#hasVoucherBeneficiary->?b], ?b[AE#hasCriminalRecord->?beneficiaryHasCriminalRecord].","resultList":[{"result":[{"key":"?v","val":"VO_5268fe43_5eef_40a1_aea1_1802c73a4f0a_1503941061452_0"},{"key":"?b","val":"VO_5268fe43_5eef_40a1_aea1_1802c73a4f0a_1503941061452_11"},{"key":"?beneficiaryHasCriminalRecord","val":"AE#NoCriminalRecord"}]}]},{"query":"?- ?t:AE#Travelling, ?t[AE#hasPath->?p], ?p[AE#hasDistance->?d], ?d[AE#numericValue->?expectedDistanceValue], ?d[AE#hasUnitOfMeasure->?unitOfDistanceMeasure].","resultList":[{"result":[{"key":"?t","val":"VO_5268fe43_5eef_40a1_aea1_1802c73a4f0a_1503941061452_6"},{"key":"?p","val":"ES_98e87f76_e26e_4f5f_b004_18a9f71dc111_1503941088010_4"},{"key":"?d","val":"ES_98e87f76_e26e_4f5f_b004_18a9f71dc111_1503941088010_0"},{"key":"?expectedDistanceValue","val":"21355.5336463799976627342402935028076171875"},{"key":"?unitOfDistanceMeasure","val":"meters"}]}]},{"query":"?- ?t:AE#Travelling, ?t[AE#hasPath->?p], ?p[AE#hasExpectedTravelTime->?d], ?d[AE#numericValue->?expectedTimeValue], ?d[AE#hasUnitOfMeasure->?unitOfTimeMeasure].","resultList":[{"result":[{"key":"?t","val":"VO_5268fe43_5eef_40a1_aea1_1802c73a4f0a_1503941061452_6"},{"key":"?p","val":"ES_98e87f76_e26e_4f5f_b004_18a9f71dc111_1503941088010_4"},{"key":"?d","val":"ES_98e87f76_e26e_4f5f_b004_18a9f71dc111_1503941088010_2"},{"key":"?expectedTimeValue","val":"16.08712515793740749359130859375"},{"key":"?unitOfTimeMeasure","val":"minutes"}]}]},{"query":"?- ?t:AE#Travelling, ?t[AE#hasDestination->?d], ?d[label->?destinationFullAddress].","resultList":[{"result":[{"key":"?t","val":"VO_5268fe43_5eef_40a1_aea1_1802c73a4f0a_1503941061452_7"},{"key":"?d","val":"VO_5268fe43_5eef_40a1_aea1_1802c73a4f0a_1503941061452_8"},{"key":"?destinationFullAddress","val":"2790 Truxton Road, Suite 130, San Diego, CA 92106"}]},{"result":[{"key":"?t","val":"VO_5268fe43_5eef_40a1_aea1_1802c73a4f0a_1503941061452_6"},{"key":"?d","val":"VO_5268fe43_5eef_40a1_aea1_1802c73a4f0a_1503941061452_5"},{"key":"?destinationFullAddress","val":"6352 Lake Shore Dr San Diego, CA 92119"}]}]},{"query":"?- ?t:AE#Travelling, ?t[AE#hasDestination->?d], ?d[AE#hasStreet->?s], ?s[label->?destinationStreetName], ?d[AE#hasCity->?c], ?c[label->?destinationCity], ?d[AE#hasState->?st], ?st[label->?destinationState], ?d[AE#hasZipcode->?destinationZipCode].","resultList":[{"result":[{"key":"?t","val":"VO_5268fe43_5eef_40a1_aea1_1802c73a4f0a_1503941061452_7"},{"key":"?d","val":"VO_5268fe43_5eef_40a1_aea1_1802c73a4f0a_1503941061452_8"},{"key":"?s","val":"NO_4c20f9fc_1130_4100_afcc_a271a2ef9c09_1503941071725_id5"},{"key":"?destinationStreetName","val":"2790 Truxton Road"},{"key":"?c","val":"NO_4c20f9fc_1130_4100_afcc_a271a2ef9c09_1503941071725_id11"},{"key":"?destinationCity","val":"San Diego"},{"key":"?st","val":"NO_4c20f9fc_1130_4100_afcc_a271a2ef9c09_1503941071725_id13"},{"key":"?destinationState","val":"CA"},{"key":"?destinationZipCode","val":"92106"}]},{"result":[{"key":"?t","val":"VO_5268fe43_5eef_40a1_aea1_1802c73a4f0a_1503941061452_6"},{"key":"?d","val":"VO_5268fe43_5eef_40a1_aea1_1802c73a4f0a_1503941061452_5"},{"key":"?s","val":"NO_5f982898_fadd_489c_80ad_0bb1f7235ea0_1503941073514_id3"},{"key":"?destinationStreetName","val":"6352 Lake Shore Dr"},{"key":"?c","val":"NO_5f982898_fadd_489c_80ad_0bb1f7235ea0_1503941073514_id9"},{"key":"?destinationCity","val":"San Diego"},{"key":"?st","val":"NO_5f982898_fadd_489c_80ad_0bb1f7235ea0_1503941073514_id11"},{"key":"?destinationState","val":"CA"},{"key":"?destinationZipCode","val":"92119"}]}]},{"query":"?- ?t:AE#Travelling, ?t[AE#hasOrigin->?d], ?d[label->?originFullAddress].","resultList":[{"result":[{"key":"?t","val":"VO_5268fe43_5eef_40a1_aea1_1802c73a4f0a_1503941061452_7"},{"key":"?d","val":"VO_5268fe43_5eef_40a1_aea1_1802c73a4f0a_1503941061452_3"},{"key":"?originFullAddress","val":"57 Pennsylvania St. San Diego, CA 92126"}]},{"result":[{"key":"?t","val":"VO_5268fe43_5eef_40a1_aea1_1802c73a4f0a_1503941061452_6"},{"key":"?d","val":"VO_5268fe43_5eef_40a1_aea1_1802c73a4f0a_1503941061452_8"},{"key":"?originFullAddress","val":"2790 Truxton Road, Suite 130, San Diego, CA 92106"}]}]},{"query":"?- ?t:AE#Travelling, ?t[AE#hasOrigin->?d], ?d[AE#hasStreet->?s], ?s[label->?originStreetName], ?d[AE#hasCity->?c], ?c[label->?originCity], ?d[AE#hasState->?st], ?st[label->?originState], ?d[AE#hasZipcode->?originZipCode].","resultList":[{"result":[{"key":"?t","val":"VO_5268fe43_5eef_40a1_aea1_1802c73a4f0a_1503941061452_7"},{"key":"?d","val":"VO_5268fe43_5eef_40a1_aea1_1802c73a4f0a_1503941061452_3"},{"key":"?s","val":"NO_66cd117c_b4dc_4c09_88f2_96b82d15ad74_1503941075381_id3"},{"key":"?originStreetName","val":"57 Pennsylvania St."},{"key":"?c","val":"NO_66cd117c_b4dc_4c09_88f2_96b82d15ad74_1503941075381_id9"},{"key":"?originCity","val":"San Diego"},{"key":"?st","val":"NO_66cd117c_b4dc_4c09_88f2_96b82d15ad74_1503941075381_id11"},{"key":"?originState","val":"CA"},{"key":"?originZipCode","val":"92126"}]},{"result":[{"key":"?t","val":"VO_5268fe43_5eef_40a1_aea1_1802c73a4f0a_1503941061452_6"},{"key":"?d","val":"VO_5268fe43_5eef_40a1_aea1_1802c73a4f0a_1503941061452_8"},{"key":"?s","val":"NO_4c20f9fc_1130_4100_afcc_a271a2ef9c09_1503941071725_id5"},{"key":"?originStreetName","val":"2790 Truxton Road"},{"key":"?c","val":"NO_4c20f9fc_1130_4100_afcc_a271a2ef9c09_1503941071725_id11"},{"key":"?originCity","val":"San Diego"},{"key":"?st","val":"NO_4c20f9fc_1130_4100_afcc_a271a2ef9c09_1503941071725_id13"},{"key":"?originState","val":"CA"},{"key":"?originZipCode","val":"92106"}]}]},{"query":"?- ?t:AE#Travelling, ?t[AE#hasPath->?p], ?p[AE#hasStartRegion->?s], ?s[AE#hasLatitude->?originLatitude], ?s[AE#hasLongitude->?originLongitude].","resultList":[{"result":[{"key":"?t","val":"VO_5268fe43_5eef_40a1_aea1_1802c73a4f0a_1503941061452_6"},{"key":"?p","val":"ES_98e87f76_e26e_4f5f_b004_18a9f71dc111_1503941088010_4"},{"key":"?s","val":"ES_98e87f76_e26e_4f5f_b004_18a9f71dc111_1503941088010_3"},{"key":"?originLatitude","val":"32.74051839275188058309140615165233612060546875"},{"key":"?originLongitude","val":"-117.2130215001728856805129908025264739990234375"}]}]},{"query":"?- ?t:AE#Travelling, ?t[AE#hasPath->?p], ?p[AE#hasEndRegion->?e], ?e[AE#hasLatitude->?destinationLatitude], ?e[AE#hasLongitude->?destinationLongitude].","resultList":[{"result":[{"key":"?t","val":"VO_5268fe43_5eef_40a1_aea1_1802c73a4f0a_1503941061452_6"},{"key":"?p","val":"ES_98e87f76_e26e_4f5f_b004_18a9f71dc111_1503941088010_4"},{"key":"?e","val":"ES_98e87f76_e26e_4f5f_b004_18a9f71dc111_1503941088010_1"},{"key":"?destinationLatitude","val":"32.7961704646256890782751725055277347564697265625"},{"key":"?destinationLongitude","val":"-117.035987843499100335975526832044124603271484375"}]}]}]}
