{"dataList":[{"query":"?- ?v:AE#VATravelVoucher, ?v[AE#hasVoucherClaimant->?c], ?c[AE#hasName->?cn], ?cn[label->?claimantFullName].","resultList":[{"result":[{"key":"?v","val":"VO_5a69936e_c903_484d_975f_8d6d43387890_1503939163578_0"},{"key":"?c","val":"VO_5a69936e_c903_484d_975f_8d6d43387890_1503939163578_2"},{"key":"?cn","val":"NO_8db8dcc4_076e_4a03_a965_f3d2aaead422_1503939171583_0"},{"key":"?claimantFullName","val":"Robert F. Cuthill"}]},{"result":[{"key":"?v","val":"VO_5a69936e_c903_484d_975f_8d6d43387890_1503939163578_0"},{"key":"?c","val":"VO_5a69936e_c903_484d_975f_8d6d43387890_1503939163578_2"},{"key":"?cn","val":"VO_5a69936e_c903_484d_975f_8d6d43387890_1503939163578_1"},{"key":"?claimantFullName","val":"Robert F. Cuthill"}]}]},{"query":"?- ?v:AE#VATravelVoucher, ?v[AE#hasVoucherClaimant->?c], ?c[AE#hasName->?cn], ?cn[AE#hasFirstName->?claimantFirstName].","resultList":[{"result":[{"key":"?v","val":"VO_5a69936e_c903_484d_975f_8d6d43387890_1503939163578_0"},{"key":"?c","val":"VO_5a69936e_c903_484d_975f_8d6d43387890_1503939163578_2"},{"key":"?cn","val":"NO_8db8dcc4_076e_4a03_a965_f3d2aaead422_1503939171583_0"},{"key":"?claimantFirstName","val":"robert"}]}]},{"query":"?- ?v:AE#VATravelVoucher, ?v[AE#hasVoucherClaimant->?c], ?c[AE#hasName->?cn], ?cn[AE#hasLastName->?claimantLastName].","resultList":[{"result":[{"key":"?v","val":"VO_5a69936e_c903_484d_975f_8d6d43387890_1503939163578_0"},{"key":"?c","val":"VO_5a69936e_c903_484d_975f_8d6d43387890_1503939163578_2"},{"key":"?cn","val":"NO_8db8dcc4_076e_4a03_a965_f3d2aaead422_1503939171583_0"},{"key":"?claimantLastName","val":"cuthill"}]}]},{"query":"?- ?v:AE#VATravelVoucher, ?v[AE#hasVoucherClaimant->?c], ?c[AE#hasSocialSecurityNumber->?s], ?s[label->?claimantSsn].","resultList":[{"result":[{"key":"?v","val":"VO_5a69936e_c903_484d_975f_8d6d43387890_1503939163578_0"},{"key":"?c","val":"VO_5a69936e_c903_484d_975f_8d6d43387890_1503939163578_2"},{"key":"?s","val":"VO_5a69936e_c903_484d_975f_8d6d43387890_1503939163578_12"},{"key":"?claimantSsn","val":"303-12-7941"}]}]},{"query":"?- ?v:AE#VATravelVoucher, ?v[AE#hasVoucherClaimant->?c], ?c[AE#hasLiens->?claimantHasLiens].","resultList":[{"result":[{"key":"?v","val":"VO_5a69936e_c903_484d_975f_8d6d43387890_1503939163578_0"},{"key":"?c","val":"VO_5a69936e_c903_484d_975f_8d6d43387890_1503939163578_2"},{"key":"?claimantHasLiens","val":"AE#NoLienReport"}]}]},{"query":"?- ?v:AE#VATravelVoucher, ?v[AE#hasVoucherClaimant->?c], ?c[AE#hasDeclaredBankruptcy->?claimantHasDeclaredBankruptcy].","resultList":[{"result":[{"key":"?v","val":"VO_5a69936e_c903_484d_975f_8d6d43387890_1503939163578_0"},{"key":"?c","val":"VO_5a69936e_c903_484d_975f_8d6d43387890_1503939163578_2"},{"key":"?claimantHasDeclaredBankruptcy","val":"AE#NoBankruptcyReport"}]}]},{"query":"?- ?v:AE#VATravelVoucher, ?v[AE#hasVoucherClaimant->?c], ?c[AE#hasArrestRecord->?claimantHasArrestRecord].","resultList":[{"result":[{"key":"?v","val":"VO_5a69936e_c903_484d_975f_8d6d43387890_1503939163578_0"},{"key":"?c","val":"VO_5a69936e_c903_484d_975f_8d6d43387890_1503939163578_2"},{"key":"?claimantHasArrestRecord","val":"AE#NoArrestRecord"}]}]},{"query":"?- ?v:AE#VATravelVoucher, ?v[AE#hasVoucherClaimant->?c], ?c[AE#hasCriminalRecord->?claimantHasCriminalRecord].","resultList":[{"result":[{"key":"?v","val":"VO_5a69936e_c903_484d_975f_8d6d43387890_1503939163578_0"},{"key":"?c","val":"VO_5a69936e_c903_484d_975f_8d6d43387890_1503939163578_2"},{"key":"?claimantHasCriminalRecord","val":"AE#NoCriminalRecord"}]}]},{"query":"?- ?v:AE#VATravelVoucher, ?v[AE#hasVoucherBeneficiary->?b], ?b[AE#hasName->?cn], ?cn[label->?beneficiaryFullName].","resultList":[{"result":[{"key":"?v","val":"VO_5a69936e_c903_484d_975f_8d6d43387890_1503939163578_0"},{"key":"?b","val":"VO_5a69936e_c903_484d_975f_8d6d43387890_1503939163578_11"},{"key":"?cn","val":"VO_5a69936e_c903_484d_975f_8d6d43387890_1503939163578_10"},{"key":"?beneficiaryFullName","val":"Robert Daniel Shaffer"}]},{"result":[{"key":"?v","val":"VO_5a69936e_c903_484d_975f_8d6d43387890_1503939163578_0"},{"key":"?b","val":"VO_5a69936e_c903_484d_975f_8d6d43387890_1503939163578_11"},{"key":"?cn","val":"NO_91b098e2_6679_45b4_8308_57207da8acf1_1503939169462_0"},{"key":"?beneficiaryFullName","val":"Robert Daniel Shaffer"}]}]},{"query":"?- ?v:AE#VATravelVoucher, ?v[AE#hasVoucherBeneficiary->?b], ?b[AE#hasName->?cn], ?cn[AE#hasFirstName->?beneficiaryFirstName].","resultList":[{"result":[{"key":"?v","val":"VO_5a69936e_c903_484d_975f_8d6d43387890_1503939163578_0"},{"key":"?b","val":"VO_5a69936e_c903_484d_975f_8d6d43387890_1503939163578_11"},{"key":"?cn","val":"NO_91b098e2_6679_45b4_8308_57207da8acf1_1503939169462_0"},{"key":"?beneficiaryFirstName","val":"robert"}]}]},{"query":"?- ?v:AE#VATravelVoucher, ?v[AE#hasVoucherBeneficiary->?b], ?b[AE#hasName->?cn], ?cn[AE#hasLastName->?beneficiaryLastName].","resultList":[{"result":[{"key":"?v","val":"VO_5a69936e_c903_484d_975f_8d6d43387890_1503939163578_0"},{"key":"?b","val":"VO_5a69936e_c903_484d_975f_8d6d43387890_1503939163578_11"},{"key":"?cn","val":"NO_91b098e2_6679_45b4_8308_57207da8acf1_1503939169462_0"},{"key":"?beneficiaryLastName","val":"shaffer"}]}]},{"query":"?- ?v:AE#VATravelVoucher, ?v[AE#hasVoucherBeneficiary->?b], ?b[AE#hasSocialSecurityNumber->?s], ?s[label->?beneficiarySsn].","resultList":[{"result":[{"key":"?v","val":"VO_5a69936e_c903_484d_975f_8d6d43387890_1503939163578_0"},{"key":"?b","val":"VO_5a69936e_c903_484d_975f_8d6d43387890_1503939163578_11"},{"key":"?s","val":"VO_5a69936e_c903_484d_975f_8d6d43387890_1503939163578_9"},{"key":"?beneficiarySsn","val":"331-60-7960"}]}]},{"query":"?- ?v:AE#VATravelVoucher, ?v[AE#hasVoucherBeneficiary->?b], ?b[AE#hasLiens->?beneficiaryHasLiens].","resultList":[{"result":[{"key":"?v","val":"VO_5a69936e_c903_484d_975f_8d6d43387890_1503939163578_0"},{"key":"?b","val":"VO_5a69936e_c903_484d_975f_8d6d43387890_1503939163578_11"},{"key":"?beneficiaryHasLiens","val":"AE#UnknownLienReport"}]}]},{"query":"?- ?v:AE#VATravelVoucher, ?v[AE#hasVoucherBeneficiary->?b], ?b[AE#hasDeclaredBankruptcy->?beneficiaryHasDeclaredBankruptcy].","resultList":[{"result":[{"key":"?v","val":"VO_5a69936e_c903_484d_975f_8d6d43387890_1503939163578_0"},{"key":"?b","val":"VO_5a69936e_c903_484d_975f_8d6d43387890_1503939163578_11"},{"key":"?beneficiaryHasDeclaredBankruptcy","val":"AE#NoBankruptcyReport"}]}]},{"query":"?- ?v:AE#VATravelVoucher, ?v[AE#hasVoucherBeneficiary->?b], ?b[AE#hasArrestRecord->?beneficiaryHasArrestRecord].","resultList":[{"result":[{"key":"?v","val":"VO_5a69936e_c903_484d_975f_8d6d43387890_1503939163578_0"},{"key":"?b","val":"VO_5a69936e_c903_484d_975f_8d6d43387890_1503939163578_11"},{"key":"?beneficiaryHasArrestRecord","val":"AE#NoArrestRecord"}]}]},{"query":"?- ?v:AE#VATravelVoucher, ?v[AE#hasVoucherBeneficiary->?b], ?b[AE#hasCriminalRecord->?beneficiaryHasCriminalRecord].","resultList":[{"result":[{"key":"?v","val":"VO_5a69936e_c903_484d_975f_8d6d43387890_1503939163578_0"},{"key":"?b","val":"VO_5a69936e_c903_484d_975f_8d6d43387890_1503939163578_11"},{"key":"?beneficiaryHasCriminalRecord","val":"AE#NoCriminalRecord"}]}]},{"query":"?- ?t:AE#Travelling, ?t[AE#hasPath->?p], ?p[AE#hasDistance->?d], ?d[AE#numericValue->?expectedDistanceValue], ?d[AE#hasUnitOfMeasure->?unitOfDistanceMeasure].","resultList":[{"result":[{"key":"?t","val":"VO_5a69936e_c903_484d_975f_8d6d43387890_1503939163578_6"},{"key":"?p","val":"ES_184c8555_d971_4a12_849f_2d27523d2324_1503939191826_4"},{"key":"?d","val":"ES_184c8555_d971_4a12_849f_2d27523d2324_1503939191826_0"},{"key":"?expectedDistanceValue","val":"6246.9374930982967271120287477970123291015625"},{"key":"?unitOfDistanceMeasure","val":"meters"}]}]},{"query":"?- ?t:AE#Travelling, ?t[AE#hasPath->?p], ?p[AE#hasExpectedTravelTime->?d], ?d[AE#numericValue->?expectedTimeValue], ?d[AE#hasUnitOfMeasure->?unitOfTimeMeasure].","resultList":[{"result":[{"key":"?t","val":"VO_5a69936e_c903_484d_975f_8d6d43387890_1503939163578_6"},{"key":"?p","val":"ES_184c8555_d971_4a12_849f_2d27523d2324_1503939191826_4"},{"key":"?d","val":"ES_184c8555_d971_4a12_849f_2d27523d2324_1503939191826_2"},{"key":"?expectedTimeValue","val":"7.433702203561551868915557861328125"},{"key":"?unitOfTimeMeasure","val":"minutes"}]}]},{"query":"?- ?t:AE#Travelling, ?t[AE#hasDestination->?d], ?d[label->?destinationFullAddress].","resultList":[{"result":[{"key":"?t","val":"VO_5a69936e_c903_484d_975f_8d6d43387890_1503939163578_7"},{"key":"?d","val":"VO_5a69936e_c903_484d_975f_8d6d43387890_1503939163578_8"},{"key":"?destinationFullAddress","val":"2790 Truxton Road, Suite 130, San Diego, CA 92106"}]},{"result":[{"key":"?t","val":"VO_5a69936e_c903_484d_975f_8d6d43387890_1503939163578_6"},{"key":"?d","val":"VO_5a69936e_c903_484d_975f_8d6d43387890_1503939163578_5"},{"key":"?destinationFullAddress","val":"10 Walnut Ave. San Diego, CA 92154"}]}]},{"query":"?- ?t:AE#Travelling, ?t[AE#hasDestination->?d], ?d[AE#hasStreet->?s], ?s[label->?destinationStreetName], ?d[AE#hasCity->?c], ?c[label->?destinationCity], ?d[AE#hasState->?st], ?st[label->?destinationState], ?d[AE#hasZipcode->?destinationZipCode].","resultList":[{"result":[{"key":"?t","val":"VO_5a69936e_c903_484d_975f_8d6d43387890_1503939163578_7"},{"key":"?d","val":"VO_5a69936e_c903_484d_975f_8d6d43387890_1503939163578_8"},{"key":"?s","val":"NO_ba6df590_0609_4f2e_89df_f605146af5e0_1503939173681_id5"},{"key":"?destinationStreetName","val":"2790 Truxton Road"},{"key":"?c","val":"NO_ba6df590_0609_4f2e_89df_f605146af5e0_1503939173681_id11"},{"key":"?destinationCity","val":"San Diego"},{"key":"?st","val":"NO_ba6df590_0609_4f2e_89df_f605146af5e0_1503939173681_id13"},{"key":"?destinationState","val":"CA"},{"key":"?destinationZipCode","val":"92106"}]},{"result":[{"key":"?t","val":"VO_5a69936e_c903_484d_975f_8d6d43387890_1503939163578_6"},{"key":"?d","val":"VO_5a69936e_c903_484d_975f_8d6d43387890_1503939163578_5"},{"key":"?s","val":"NO_4a6b85e5_983c_4e6c_b1e1_9f257fc77fb8_1503939175814_id3"},{"key":"?destinationStreetName","val":"10 Walnut Ave."},{"key":"?c","val":"NO_4a6b85e5_983c_4e6c_b1e1_9f257fc77fb8_1503939175814_id9"},{"key":"?destinationCity","val":"San Diego"},{"key":"?st","val":"NO_4a6b85e5_983c_4e6c_b1e1_9f257fc77fb8_1503939175814_id11"},{"key":"?destinationState","val":"CA"},{"key":"?destinationZipCode","val":"92154"}]}]},{"query":"?- ?t:AE#Travelling, ?t[AE#hasOrigin->?d], ?d[label->?originFullAddress].","resultList":[{"result":[{"key":"?t","val":"VO_5a69936e_c903_484d_975f_8d6d43387890_1503939163578_7"},{"key":"?d","val":"VO_5a69936e_c903_484d_975f_8d6d43387890_1503939163578_3"},{"key":"?originFullAddress","val":"2135 Burgener Blvd, San Diego, CA 92110"}]},{"result":[{"key":"?t","val":"VO_5a69936e_c903_484d_975f_8d6d43387890_1503939163578_6"},{"key":"?d","val":"VO_5a69936e_c903_484d_975f_8d6d43387890_1503939163578_8"},{"key":"?originFullAddress","val":"2790 Truxton Road, Suite 130, San Diego, CA 92106"}]}]},{"query":"?- ?t:AE#Travelling, ?t[AE#hasOrigin->?d], ?d[AE#hasStreet->?s], ?s[label->?originStreetName], ?d[AE#hasCity->?c], ?c[label->?originCity], ?d[AE#hasState->?st], ?st[label->?originState], ?d[AE#hasZipcode->?originZipCode].","resultList":[{"result":[{"key":"?t","val":"VO_5a69936e_c903_484d_975f_8d6d43387890_1503939163578_7"},{"key":"?d","val":"VO_5a69936e_c903_484d_975f_8d6d43387890_1503939163578_3"},{"key":"?s","val":"NO_2514dacc_4a43_4c71_a7e0_827700ec078c_1503939177893_id3"},{"key":"?originStreetName","val":"2135 Burgener Blvd"},{"key":"?c","val":"NO_2514dacc_4a43_4c71_a7e0_827700ec078c_1503939177893_id9"},{"key":"?originCity","val":"San Diego"},{"key":"?st","val":"NO_2514dacc_4a43_4c71_a7e0_827700ec078c_1503939177893_id11"},{"key":"?originState","val":"CA"},{"key":"?originZipCode","val":"92110"}]},{"result":[{"key":"?t","val":"VO_5a69936e_c903_484d_975f_8d6d43387890_1503939163578_6"},{"key":"?d","val":"VO_5a69936e_c903_484d_975f_8d6d43387890_1503939163578_8"},{"key":"?s","val":"NO_ba6df590_0609_4f2e_89df_f605146af5e0_1503939173681_id5"},{"key":"?originStreetName","val":"2790 Truxton Road"},{"key":"?c","val":"NO_ba6df590_0609_4f2e_89df_f605146af5e0_1503939173681_id11"},{"key":"?originCity","val":"San Diego"},{"key":"?st","val":"NO_ba6df590_0609_4f2e_89df_f605146af5e0_1503939173681_id13"},{"key":"?originState","val":"CA"},{"key":"?originZipCode","val":"92106"}]}]},{"query":"?- ?t:AE#Travelling, ?t[AE#hasPath->?p], ?p[AE#hasStartRegion->?s], ?s[AE#hasLatitude->?originLatitude], ?s[AE#hasLongitude->?originLongitude].","resultList":[{"result":[{"key":"?t","val":"VO_5a69936e_c903_484d_975f_8d6d43387890_1503939163578_6"},{"key":"?p","val":"ES_184c8555_d971_4a12_849f_2d27523d2324_1503939191826_4"},{"key":"?s","val":"ES_184c8555_d971_4a12_849f_2d27523d2324_1503939191826_3"},{"key":"?originLatitude","val":"32.74051839275188058309140615165233612060546875"},{"key":"?originLongitude","val":"-117.2130215001728856805129908025264739990234375"}]}]},{"query":"?- ?t:AE#Travelling, ?t[AE#hasPath->?p], ?p[AE#hasEndRegion->?e], ?e[AE#hasLatitude->?destinationLatitude], ?e[AE#hasLongitude->?destinationLongitude].","resultList":[{"result":[{"key":"?t","val":"VO_5a69936e_c903_484d_975f_8d6d43387890_1503939163578_6"},{"key":"?p","val":"ES_184c8555_d971_4a12_849f_2d27523d2324_1503939191826_4"},{"key":"?e","val":"ES_184c8555_d971_4a12_849f_2d27523d2324_1503939191826_1"},{"key":"?destinationLatitude","val":"32.74150997557574527263568597845733165740966796875"},{"key":"?destinationLongitude","val":"-117.16388502442424623950500972568988800048828125"}]}]}]}
