{"dataList":[{"query":"?- ?v:AE#VATravelVoucher, ?v[AE#hasVoucherClaimant->?c], ?c[AE#hasName->?cn], ?cn[label->?claimantFullName].","resultList":[{"result":[{"key":"?v","val":"VO_58567489_5d8d_4620_8988_1d042462d87e_1503940080654_0"},{"key":"?c","val":"VO_58567489_5d8d_4620_8988_1d042462d87e_1503940080654_2"},{"key":"?cn","val":"NO_83b89ece_39b1_4298_9d3b_a59cc69a0f7f_1503940088713_0"},{"key":"?claimantFullName","val":"Wade William Woods"}]},{"result":[{"key":"?v","val":"VO_58567489_5d8d_4620_8988_1d042462d87e_1503940080654_0"},{"key":"?c","val":"VO_58567489_5d8d_4620_8988_1d042462d87e_1503940080654_2"},{"key":"?cn","val":"VO_58567489_5d8d_4620_8988_1d042462d87e_1503940080654_1"},{"key":"?claimantFullName","val":"Wade William Woods"}]}]},{"query":"?- ?v:AE#VATravelVoucher, ?v[AE#hasVoucherClaimant->?c], ?c[AE#hasName->?cn], ?cn[AE#hasFirstName->?claimantFirstName].","resultList":[{"result":[{"key":"?v","val":"VO_58567489_5d8d_4620_8988_1d042462d87e_1503940080654_0"},{"key":"?c","val":"VO_58567489_5d8d_4620_8988_1d042462d87e_1503940080654_2"},{"key":"?cn","val":"NO_83b89ece_39b1_4298_9d3b_a59cc69a0f7f_1503940088713_0"},{"key":"?claimantFirstName","val":"wade"}]}]},{"query":"?- ?v:AE#VATravelVoucher, ?v[AE#hasVoucherClaimant->?c], ?c[AE#hasName->?cn], ?cn[AE#hasLastName->?claimantLastName].","resultList":[{"result":[{"key":"?v","val":"VO_58567489_5d8d_4620_8988_1d042462d87e_1503940080654_0"},{"key":"?c","val":"VO_58567489_5d8d_4620_8988_1d042462d87e_1503940080654_2"},{"key":"?cn","val":"NO_83b89ece_39b1_4298_9d3b_a59cc69a0f7f_1503940088713_0"},{"key":"?claimantLastName","val":"william_woods"}]}]},{"query":"?- ?v:AE#VATravelVoucher, ?v[AE#hasVoucherClaimant->?c], ?c[AE#hasSocialSecurityNumber->?s], ?s[label->?claimantSsn].","resultList":[{"result":[{"key":"?v","val":"VO_58567489_5d8d_4620_8988_1d042462d87e_1503940080654_0"},{"key":"?c","val":"VO_58567489_5d8d_4620_8988_1d042462d87e_1503940080654_2"},{"key":"?s","val":"VO_58567489_5d8d_4620_8988_1d042462d87e_1503940080654_12"},{"key":"?claimantSsn","val":"798-58-4518"}]}]},{"query":"?- ?v:AE#VATravelVoucher, ?v[AE#hasVoucherClaimant->?c], ?c[AE#hasLiens->?claimantHasLiens].","resultList":[{"result":[{"key":"?v","val":"VO_58567489_5d8d_4620_8988_1d042462d87e_1503940080654_0"},{"key":"?c","val":"VO_58567489_5d8d_4620_8988_1d042462d87e_1503940080654_2"},{"key":"?claimantHasLiens","val":"AE#NoLienReport"}]}]},{"query":"?- ?v:AE#VATravelVoucher, ?v[AE#hasVoucherClaimant->?c], ?c[AE#hasDeclaredBankruptcy->?claimantHasDeclaredBankruptcy].","resultList":[{"result":[{"key":"?v","val":"VO_58567489_5d8d_4620_8988_1d042462d87e_1503940080654_0"},{"key":"?c","val":"VO_58567489_5d8d_4620_8988_1d042462d87e_1503940080654_2"},{"key":"?claimantHasDeclaredBankruptcy","val":"AE#NoBankruptcyReport"}]}]},{"query":"?- ?v:AE#VATravelVoucher, ?v[AE#hasVoucherClaimant->?c], ?c[AE#hasArrestRecord->?claimantHasArrestRecord].","resultList":[{"result":[{"key":"?v","val":"VO_58567489_5d8d_4620_8988_1d042462d87e_1503940080654_0"},{"key":"?c","val":"VO_58567489_5d8d_4620_8988_1d042462d87e_1503940080654_2"},{"key":"?claimantHasArrestRecord","val":"AE#NoArrestRecord"}]}]},{"query":"?- ?v:AE#VATravelVoucher, ?v[AE#hasVoucherClaimant->?c], ?c[AE#hasCriminalRecord->?claimantHasCriminalRecord].","resultList":[{"result":[{"key":"?v","val":"VO_58567489_5d8d_4620_8988_1d042462d87e_1503940080654_0"},{"key":"?c","val":"VO_58567489_5d8d_4620_8988_1d042462d87e_1503940080654_2"},{"key":"?claimantHasCriminalRecord","val":"AE#NoCriminalRecord"}]}]},{"query":"?- ?v:AE#VATravelVoucher, ?v[AE#hasVoucherBeneficiary->?b], ?b[AE#hasName->?cn], ?cn[label->?beneficiaryFullName].","resultList":[{"result":[{"key":"?v","val":"VO_58567489_5d8d_4620_8988_1d042462d87e_1503940080654_0"},{"key":"?b","val":"VO_58567489_5d8d_4620_8988_1d042462d87e_1503940080654_11"},{"key":"?cn","val":"VO_58567489_5d8d_4620_8988_1d042462d87e_1503940080654_10"},{"key":"?beneficiaryFullName","val":"Wade William Woods"}]},{"result":[{"key":"?v","val":"VO_58567489_5d8d_4620_8988_1d042462d87e_1503940080654_0"},{"key":"?b","val":"VO_58567489_5d8d_4620_8988_1d042462d87e_1503940080654_11"},{"key":"?cn","val":"NO_d524398a_cddf_4a96_bb8b_6b2a55d5d047_1503940086604_0"},{"key":"?beneficiaryFullName","val":"Wade William Woods"}]}]},{"query":"?- ?v:AE#VATravelVoucher, ?v[AE#hasVoucherBeneficiary->?b], ?b[AE#hasName->?cn], ?cn[AE#hasFirstName->?beneficiaryFirstName].","resultList":[{"result":[{"key":"?v","val":"VO_58567489_5d8d_4620_8988_1d042462d87e_1503940080654_0"},{"key":"?b","val":"VO_58567489_5d8d_4620_8988_1d042462d87e_1503940080654_11"},{"key":"?cn","val":"NO_d524398a_cddf_4a96_bb8b_6b2a55d5d047_1503940086604_0"},{"key":"?beneficiaryFirstName","val":"wade"}]}]},{"query":"?- ?v:AE#VATravelVoucher, ?v[AE#hasVoucherBeneficiary->?b], ?b[AE#hasName->?cn], ?cn[AE#hasLastName->?beneficiaryLastName].","resultList":[{"result":[{"key":"?v","val":"VO_58567489_5d8d_4620_8988_1d042462d87e_1503940080654_0"},{"key":"?b","val":"VO_58567489_5d8d_4620_8988_1d042462d87e_1503940080654_11"},{"key":"?cn","val":"NO_d524398a_cddf_4a96_bb8b_6b2a55d5d047_1503940086604_0"},{"key":"?beneficiaryLastName","val":"william_woods"}]}]},{"query":"?- ?v:AE#VATravelVoucher, ?v[AE#hasVoucherBeneficiary->?b], ?b[AE#hasSocialSecurityNumber->?s], ?s[label->?beneficiarySsn].","resultList":[{"result":[{"key":"?v","val":"VO_58567489_5d8d_4620_8988_1d042462d87e_1503940080654_0"},{"key":"?b","val":"VO_58567489_5d8d_4620_8988_1d042462d87e_1503940080654_11"},{"key":"?s","val":"VO_58567489_5d8d_4620_8988_1d042462d87e_1503940080654_9"},{"key":"?beneficiarySsn","val":"798-58-4518"}]}]},{"query":"?- ?v:AE#VATravelVoucher, ?v[AE#hasVoucherBeneficiary->?b], ?b[AE#hasLiens->?beneficiaryHasLiens].","resultList":[{"result":[{"key":"?v","val":"VO_58567489_5d8d_4620_8988_1d042462d87e_1503940080654_0"},{"key":"?b","val":"VO_58567489_5d8d_4620_8988_1d042462d87e_1503940080654_11"},{"key":"?beneficiaryHasLiens","val":"AE#NoLienReport"}]}]},{"query":"?- ?v:AE#VATravelVoucher, ?v[AE#hasVoucherBeneficiary->?b], ?b[AE#hasDeclaredBankruptcy->?beneficiaryHasDeclaredBankruptcy].","resultList":[{"result":[{"key":"?v","val":"VO_58567489_5d8d_4620_8988_1d042462d87e_1503940080654_0"},{"key":"?b","val":"VO_58567489_5d8d_4620_8988_1d042462d87e_1503940080654_11"},{"key":"?beneficiaryHasDeclaredBankruptcy","val":"AE#NoBankruptcyReport"}]}]},{"query":"?- ?v:AE#VATravelVoucher, ?v[AE#hasVoucherBeneficiary->?b], ?b[AE#hasArrestRecord->?beneficiaryHasArrestRecord].","resultList":[{"result":[{"key":"?v","val":"VO_58567489_5d8d_4620_8988_1d042462d87e_1503940080654_0"},{"key":"?b","val":"VO_58567489_5d8d_4620_8988_1d042462d87e_1503940080654_11"},{"key":"?beneficiaryHasArrestRecord","val":"AE#NoArrestRecord"}]}]},{"query":"?- ?v:AE#VATravelVoucher, ?v[AE#hasVoucherBeneficiary->?b], ?b[AE#hasCriminalRecord->?beneficiaryHasCriminalRecord].","resultList":[{"result":[{"key":"?v","val":"VO_58567489_5d8d_4620_8988_1d042462d87e_1503940080654_0"},{"key":"?b","val":"VO_58567489_5d8d_4620_8988_1d042462d87e_1503940080654_11"},{"key":"?beneficiaryHasCriminalRecord","val":"AE#NoCriminalRecord"}]}]},{"query":"?- ?t:AE#Travelling, ?t[AE#hasPath->?p], ?p[AE#hasDistance->?d], ?d[AE#numericValue->?expectedDistanceValue], ?d[AE#hasUnitOfMeasure->?unitOfDistanceMeasure].","resultList":[{"result":[{"key":"?t","val":"VO_58567489_5d8d_4620_8988_1d042462d87e_1503940080654_6"},{"key":"?p","val":"ES_f12fe332_36b1_43ea_b2b8_40477b82e7b3_1503940110065_4"},{"key":"?d","val":"ES_f12fe332_36b1_43ea_b2b8_40477b82e7b3_1503940110065_0"},{"key":"?expectedDistanceValue","val":"16150.848137405961097101680934429168701171875"},{"key":"?unitOfDistanceMeasure","val":"meters"}]}]},{"query":"?- ?t:AE#Travelling, ?t[AE#hasPath->?p], ?p[AE#hasExpectedTravelTime->?d], ?d[AE#numericValue->?expectedTimeValue], ?d[AE#hasUnitOfMeasure->?unitOfTimeMeasure].","resultList":[{"result":[{"key":"?t","val":"VO_58567489_5d8d_4620_8988_1d042462d87e_1503940080654_6"},{"key":"?p","val":"ES_f12fe332_36b1_43ea_b2b8_40477b82e7b3_1503940110065_4"},{"key":"?d","val":"ES_f12fe332_36b1_43ea_b2b8_40477b82e7b3_1503940110065_2"},{"key":"?expectedTimeValue","val":"11.29778241156600415706634521484375"},{"key":"?unitOfTimeMeasure","val":"minutes"}]}]},{"query":"?- ?t:AE#Travelling, ?t[AE#hasDestination->?d], ?d[label->?destinationFullAddress].","resultList":[{"result":[{"key":"?t","val":"VO_58567489_5d8d_4620_8988_1d042462d87e_1503940080654_7"},{"key":"?d","val":"VO_58567489_5d8d_4620_8988_1d042462d87e_1503940080654_8"},{"key":"?destinationFullAddress","val":"2790 Truxton Road, Suite 130, San Diego, CA 92106"}]},{"result":[{"key":"?t","val":"VO_58567489_5d8d_4620_8988_1d042462d87e_1503940080654_6"},{"key":"?d","val":"VO_58567489_5d8d_4620_8988_1d042462d87e_1503940080654_5"},{"key":"?destinationFullAddress","val":"150 Fifth Street San Diego, CA 92114"}]}]},{"query":"?- ?t:AE#Travelling, ?t[AE#hasDestination->?d], ?d[AE#hasStreet->?s], ?s[label->?destinationStreetName], ?d[AE#hasCity->?c], ?c[label->?destinationCity], ?d[AE#hasState->?st], ?st[label->?destinationState], ?d[AE#hasZipcode->?destinationZipCode].","resultList":[{"result":[{"key":"?t","val":"VO_58567489_5d8d_4620_8988_1d042462d87e_1503940080654_7"},{"key":"?d","val":"VO_58567489_5d8d_4620_8988_1d042462d87e_1503940080654_8"},{"key":"?s","val":"NO_eed757a5_f36d_46e2_a598_1b3b91b226da_1503940090925_id5"},{"key":"?destinationStreetName","val":"2790 Truxton Road"},{"key":"?c","val":"NO_eed757a5_f36d_46e2_a598_1b3b91b226da_1503940090925_id11"},{"key":"?destinationCity","val":"San Diego"},{"key":"?st","val":"NO_eed757a5_f36d_46e2_a598_1b3b91b226da_1503940090925_id13"},{"key":"?destinationState","val":"CA"},{"key":"?destinationZipCode","val":"92106"}]},{"result":[{"key":"?t","val":"VO_58567489_5d8d_4620_8988_1d042462d87e_1503940080654_6"},{"key":"?d","val":"VO_58567489_5d8d_4620_8988_1d042462d87e_1503940080654_5"},{"key":"?s","val":"NO_65392b83_42bc_4e94_b405_db18e7dab3c2_1503940093398_id3"},{"key":"?destinationStreetName","val":"150 Fifth Street"},{"key":"?c","val":"NO_65392b83_42bc_4e94_b405_db18e7dab3c2_1503940093398_id9"},{"key":"?destinationCity","val":"San Diego"},{"key":"?st","val":"NO_65392b83_42bc_4e94_b405_db18e7dab3c2_1503940093398_id11"},{"key":"?destinationState","val":"CA"},{"key":"?destinationZipCode","val":"92114"}]}]},{"query":"?- ?t:AE#Travelling, ?t[AE#hasOrigin->?d], ?d[label->?originFullAddress].","resultList":[{"result":[{"key":"?t","val":"VO_58567489_5d8d_4620_8988_1d042462d87e_1503940080654_7"},{"key":"?d","val":"VO_58567489_5d8d_4620_8988_1d042462d87e_1503940080654_3"},{"key":"?originFullAddress","val":"150 Fifth Street San Diego, CA 92114"}]},{"result":[{"key":"?t","val":"VO_58567489_5d8d_4620_8988_1d042462d87e_1503940080654_6"},{"key":"?d","val":"VO_58567489_5d8d_4620_8988_1d042462d87e_1503940080654_8"},{"key":"?originFullAddress","val":"2790 Truxton Road, Suite 130, San Diego, CA 92106"}]}]},{"query":"?- ?t:AE#Travelling, ?t[AE#hasOrigin->?d], ?d[AE#hasStreet->?s], ?s[label->?originStreetName], ?d[AE#hasCity->?c], ?c[label->?originCity], ?d[AE#hasState->?st], ?st[label->?originState], ?d[AE#hasZipcode->?originZipCode].","resultList":[{"result":[{"key":"?t","val":"VO_58567489_5d8d_4620_8988_1d042462d87e_1503940080654_7"},{"key":"?d","val":"VO_58567489_5d8d_4620_8988_1d042462d87e_1503940080654_3"},{"key":"?s","val":"NO_3ef572a3_0197_4c97_bdba_e3c457833295_1503940095656_id3"},{"key":"?originStreetName","val":"150 Fifth Street"},{"key":"?c","val":"NO_3ef572a3_0197_4c97_bdba_e3c457833295_1503940095656_id9"},{"key":"?originCity","val":"San Diego"},{"key":"?st","val":"NO_3ef572a3_0197_4c97_bdba_e3c457833295_1503940095656_id11"},{"key":"?originState","val":"CA"},{"key":"?originZipCode","val":"92114"}]},{"result":[{"key":"?t","val":"VO_58567489_5d8d_4620_8988_1d042462d87e_1503940080654_6"},{"key":"?d","val":"VO_58567489_5d8d_4620_8988_1d042462d87e_1503940080654_8"},{"key":"?s","val":"NO_eed757a5_f36d_46e2_a598_1b3b91b226da_1503940090925_id5"},{"key":"?originStreetName","val":"2790 Truxton Road"},{"key":"?c","val":"NO_eed757a5_f36d_46e2_a598_1b3b91b226da_1503940090925_id11"},{"key":"?originCity","val":"San Diego"},{"key":"?st","val":"NO_eed757a5_f36d_46e2_a598_1b3b91b226da_1503940090925_id13"},{"key":"?originState","val":"CA"},{"key":"?originZipCode","val":"92106"}]}]},{"query":"?- ?t:AE#Travelling, ?t[AE#hasPath->?p], ?p[AE#hasStartRegion->?s], ?s[AE#hasLatitude->?originLatitude], ?s[AE#hasLongitude->?originLongitude].","resultList":[{"result":[{"key":"?t","val":"VO_58567489_5d8d_4620_8988_1d042462d87e_1503940080654_6"},{"key":"?p","val":"ES_f12fe332_36b1_43ea_b2b8_40477b82e7b3_1503940110065_4"},{"key":"?s","val":"ES_f12fe332_36b1_43ea_b2b8_40477b82e7b3_1503940110065_3"},{"key":"?originLatitude","val":"32.74051839275188058309140615165233612060546875"},{"key":"?originLongitude","val":"-117.2130215001728856805129908025264739990234375"}]}]},{"query":"?- ?t:AE#Travelling, ?t[AE#hasPath->?p], ?p[AE#hasEndRegion->?e], ?e[AE#hasLatitude->?destinationLatitude], ?e[AE#hasLongitude->?destinationLongitude].","resultList":[{"result":[{"key":"?t","val":"VO_58567489_5d8d_4620_8988_1d042462d87e_1503940080654_6"},{"key":"?p","val":"ES_f12fe332_36b1_43ea_b2b8_40477b82e7b3_1503940110065_4"},{"key":"?e","val":"ES_f12fe332_36b1_43ea_b2b8_40477b82e7b3_1503940110065_1"},{"key":"?destinationLatitude","val":"32.72617345619732276418289984576404094696044921875"},{"key":"?destinationLongitude","val":"-117.0724592852043457469335407949984073638916015625"}]}]}]}
