{"dataList":[{"query":"?- ?v:AE#VATravelVoucher, ?v[AE#hasVoucherClaimant->?c], ?c[AE#hasName->?cn], ?cn[label->?claimantFullName].","resultList":[{"result":[{"key":"?v","val":"VO_5553ab6e_a5a0_4050_a41a_7751fb09c446_1503942340326_0"},{"key":"?c","val":"VO_5553ab6e_a5a0_4050_a41a_7751fb09c446_1503942340326_2"},{"key":"?cn","val":"NO_c2d8afac_bb61_497b_8095_ce855f952d99_1503942347888_0"},{"key":"?claimantFullName","val":"Charles Cooper"}]},{"result":[{"key":"?v","val":"VO_5553ab6e_a5a0_4050_a41a_7751fb09c446_1503942340326_0"},{"key":"?c","val":"VO_5553ab6e_a5a0_4050_a41a_7751fb09c446_1503942340326_2"},{"key":"?cn","val":"VO_5553ab6e_a5a0_4050_a41a_7751fb09c446_1503942340326_1"},{"key":"?claimantFullName","val":"Charles  Cooper"}]}]},{"query":"?- ?v:AE#VATravelVoucher, ?v[AE#hasVoucherClaimant->?c], ?c[AE#hasName->?cn], ?cn[AE#hasFirstName->?claimantFirstName].","resultList":[{"result":[{"key":"?v","val":"VO_5553ab6e_a5a0_4050_a41a_7751fb09c446_1503942340326_0"},{"key":"?c","val":"VO_5553ab6e_a5a0_4050_a41a_7751fb09c446_1503942340326_2"},{"key":"?cn","val":"NO_c2d8afac_bb61_497b_8095_ce855f952d99_1503942347888_0"},{"key":"?claimantFirstName","val":"charles"}]}]},{"query":"?- ?v:AE#VATravelVoucher, ?v[AE#hasVoucherClaimant->?c], ?c[AE#hasName->?cn], ?cn[AE#hasLastName->?claimantLastName].","resultList":[{"result":[{"key":"?v","val":"VO_5553ab6e_a5a0_4050_a41a_7751fb09c446_1503942340326_0"},{"key":"?c","val":"VO_5553ab6e_a5a0_4050_a41a_7751fb09c446_1503942340326_2"},{"key":"?cn","val":"NO_c2d8afac_bb61_497b_8095_ce855f952d99_1503942347888_0"},{"key":"?claimantLastName","val":"cooper"}]}]},{"query":"?- ?v:AE#VATravelVoucher, ?v[AE#hasVoucherClaimant->?c], ?c[AE#hasSocialSecurityNumber->?s], ?s[label->?claimantSsn].","resultList":[{"result":[{"key":"?v","val":"VO_5553ab6e_a5a0_4050_a41a_7751fb09c446_1503942340326_0"},{"key":"?c","val":"VO_5553ab6e_a5a0_4050_a41a_7751fb09c446_1503942340326_2"},{"key":"?s","val":"VO_5553ab6e_a5a0_4050_a41a_7751fb09c446_1503942340326_12"},{"key":"?claimantSsn","val":"034-01-2522"}]}]},{"query":"?- ?v:AE#VATravelVoucher, ?v[AE#hasVoucherClaimant->?c], ?c[AE#hasLiens->?claimantHasLiens].","resultList":[{"result":[{"key":"?v","val":"VO_5553ab6e_a5a0_4050_a41a_7751fb09c446_1503942340326_0"},{"key":"?c","val":"VO_5553ab6e_a5a0_4050_a41a_7751fb09c446_1503942340326_2"},{"key":"?claimantHasLiens","val":"AE#NoLienReport"}]}]},{"query":"?- ?v:AE#VATravelVoucher, ?v[AE#hasVoucherClaimant->?c], ?c[AE#hasDeclaredBankruptcy->?claimantHasDeclaredBankruptcy].","resultList":[{"result":[{"key":"?v","val":"VO_5553ab6e_a5a0_4050_a41a_7751fb09c446_1503942340326_0"},{"key":"?c","val":"VO_5553ab6e_a5a0_4050_a41a_7751fb09c446_1503942340326_2"},{"key":"?claimantHasDeclaredBankruptcy","val":"AE#NoBankruptcyReport"}]}]},{"query":"?- ?v:AE#VATravelVoucher, ?v[AE#hasVoucherClaimant->?c], ?c[AE#hasArrestRecord->?claimantHasArrestRecord].","resultList":[{"result":[{"key":"?v","val":"VO_5553ab6e_a5a0_4050_a41a_7751fb09c446_1503942340326_0"},{"key":"?c","val":"VO_5553ab6e_a5a0_4050_a41a_7751fb09c446_1503942340326_2"},{"key":"?claimantHasArrestRecord","val":"AE#NoArrestRecord"}]}]},{"query":"?- ?v:AE#VATravelVoucher, ?v[AE#hasVoucherClaimant->?c], ?c[AE#hasCriminalRecord->?claimantHasCriminalRecord].","resultList":[{"result":[{"key":"?v","val":"VO_5553ab6e_a5a0_4050_a41a_7751fb09c446_1503942340326_0"},{"key":"?c","val":"VO_5553ab6e_a5a0_4050_a41a_7751fb09c446_1503942340326_2"},{"key":"?claimantHasCriminalRecord","val":"AE#NoCriminalRecord"}]}]},{"query":"?- ?v:AE#VATravelVoucher, ?v[AE#hasVoucherBeneficiary->?b], ?b[AE#hasName->?cn], ?cn[label->?beneficiaryFullName].","resultList":[{"result":[{"key":"?v","val":"VO_5553ab6e_a5a0_4050_a41a_7751fb09c446_1503942340326_0"},{"key":"?b","val":"VO_5553ab6e_a5a0_4050_a41a_7751fb09c446_1503942340326_11"},{"key":"?cn","val":"VO_5553ab6e_a5a0_4050_a41a_7751fb09c446_1503942340326_10"},{"key":"?beneficiaryFullName","val":"Charles  Cooper"}]},{"result":[{"key":"?v","val":"VO_5553ab6e_a5a0_4050_a41a_7751fb09c446_1503942340326_0"},{"key":"?b","val":"VO_5553ab6e_a5a0_4050_a41a_7751fb09c446_1503942340326_11"},{"key":"?cn","val":"NO_c728b891_2d3f_4a4c_9233_222dcb6be394_1503942346012_0"},{"key":"?beneficiaryFullName","val":"Charles Cooper"}]}]},{"query":"?- ?v:AE#VATravelVoucher, ?v[AE#hasVoucherBeneficiary->?b], ?b[AE#hasName->?cn], ?cn[AE#hasFirstName->?beneficiaryFirstName].","resultList":[{"result":[{"key":"?v","val":"VO_5553ab6e_a5a0_4050_a41a_7751fb09c446_1503942340326_0"},{"key":"?b","val":"VO_5553ab6e_a5a0_4050_a41a_7751fb09c446_1503942340326_11"},{"key":"?cn","val":"NO_c728b891_2d3f_4a4c_9233_222dcb6be394_1503942346012_0"},{"key":"?beneficiaryFirstName","val":"charles"}]}]},{"query":"?- ?v:AE#VATravelVoucher, ?v[AE#hasVoucherBeneficiary->?b], ?b[AE#hasName->?cn], ?cn[AE#hasLastName->?beneficiaryLastName].","resultList":[{"result":[{"key":"?v","val":"VO_5553ab6e_a5a0_4050_a41a_7751fb09c446_1503942340326_0"},{"key":"?b","val":"VO_5553ab6e_a5a0_4050_a41a_7751fb09c446_1503942340326_11"},{"key":"?cn","val":"NO_c728b891_2d3f_4a4c_9233_222dcb6be394_1503942346012_0"},{"key":"?beneficiaryLastName","val":"cooper"}]}]},{"query":"?- ?v:AE#VATravelVoucher, ?v[AE#hasVoucherBeneficiary->?b], ?b[AE#hasSocialSecurityNumber->?s], ?s[label->?beneficiarySsn].","resultList":[{"result":[{"key":"?v","val":"VO_5553ab6e_a5a0_4050_a41a_7751fb09c446_1503942340326_0"},{"key":"?b","val":"VO_5553ab6e_a5a0_4050_a41a_7751fb09c446_1503942340326_11"},{"key":"?s","val":"VO_5553ab6e_a5a0_4050_a41a_7751fb09c446_1503942340326_9"},{"key":"?beneficiarySsn","val":"034-01-2522"}]}]},{"query":"?- ?v:AE#VATravelVoucher, ?v[AE#hasVoucherBeneficiary->?b], ?b[AE#hasLiens->?beneficiaryHasLiens].","resultList":[{"result":[{"key":"?v","val":"VO_5553ab6e_a5a0_4050_a41a_7751fb09c446_1503942340326_0"},{"key":"?b","val":"VO_5553ab6e_a5a0_4050_a41a_7751fb09c446_1503942340326_11"},{"key":"?beneficiaryHasLiens","val":"AE#NoLienReport"}]}]},{"query":"?- ?v:AE#VATravelVoucher, ?v[AE#hasVoucherBeneficiary->?b], ?b[AE#hasDeclaredBankruptcy->?beneficiaryHasDeclaredBankruptcy].","resultList":[{"result":[{"key":"?v","val":"VO_5553ab6e_a5a0_4050_a41a_7751fb09c446_1503942340326_0"},{"key":"?b","val":"VO_5553ab6e_a5a0_4050_a41a_7751fb09c446_1503942340326_11"},{"key":"?beneficiaryHasDeclaredBankruptcy","val":"AE#NoBankruptcyReport"}]}]},{"query":"?- ?v:AE#VATravelVoucher, ?v[AE#hasVoucherBeneficiary->?b], ?b[AE#hasArrestRecord->?beneficiaryHasArrestRecord].","resultList":[{"result":[{"key":"?v","val":"VO_5553ab6e_a5a0_4050_a41a_7751fb09c446_1503942340326_0"},{"key":"?b","val":"VO_5553ab6e_a5a0_4050_a41a_7751fb09c446_1503942340326_11"},{"key":"?beneficiaryHasArrestRecord","val":"AE#NoArrestRecord"}]}]},{"query":"?- ?v:AE#VATravelVoucher, ?v[AE#hasVoucherBeneficiary->?b], ?b[AE#hasCriminalRecord->?beneficiaryHasCriminalRecord].","resultList":[{"result":[{"key":"?v","val":"VO_5553ab6e_a5a0_4050_a41a_7751fb09c446_1503942340326_0"},{"key":"?b","val":"VO_5553ab6e_a5a0_4050_a41a_7751fb09c446_1503942340326_11"},{"key":"?beneficiaryHasCriminalRecord","val":"AE#NoCriminalRecord"}]}]},{"query":"?- ?t:AE#Travelling, ?t[AE#hasPath->?p], ?p[AE#hasDistance->?d], ?d[AE#numericValue->?expectedDistanceValue], ?d[AE#hasUnitOfMeasure->?unitOfDistanceMeasure].","resultList":[{"result":[{"key":"?t","val":"VO_5553ab6e_a5a0_4050_a41a_7751fb09c446_1503942340326_6"},{"key":"?p","val":"ES_00629659_b188_40e4_8bf6_6ac7c43a6b1e_1503942365558_4"},{"key":"?d","val":"ES_00629659_b188_40e4_8bf6_6ac7c43a6b1e_1503942365558_0"},{"key":"?expectedDistanceValue","val":"1546.013720853640506902593187987804412841796875"},{"key":"?unitOfDistanceMeasure","val":"meters"}]}]},{"query":"?- ?t:AE#Travelling, ?t[AE#hasPath->?p], ?p[AE#hasExpectedTravelTime->?d], ?d[AE#numericValue->?expectedTimeValue], ?d[AE#hasUnitOfMeasure->?unitOfTimeMeasure].","resultList":[{"result":[{"key":"?t","val":"VO_5553ab6e_a5a0_4050_a41a_7751fb09c446_1503942340326_6"},{"key":"?p","val":"ES_00629659_b188_40e4_8bf6_6ac7c43a6b1e_1503942365558_4"},{"key":"?d","val":"ES_00629659_b188_40e4_8bf6_6ac7c43a6b1e_1503942365558_2"},{"key":"?expectedTimeValue","val":"3.93814708921127021312713623046875"},{"key":"?unitOfTimeMeasure","val":"minutes"}]}]},{"query":"?- ?t:AE#Travelling, ?t[AE#hasDestination->?d], ?d[label->?destinationFullAddress].","resultList":[{"result":[{"key":"?t","val":"VO_5553ab6e_a5a0_4050_a41a_7751fb09c446_1503942340326_7"},{"key":"?d","val":"VO_5553ab6e_a5a0_4050_a41a_7751fb09c446_1503942340326_8"},{"key":"?destinationFullAddress","val":"2790 Truxton Road, Suite 130, San Diego, CA 92106"}]},{"result":[{"key":"?t","val":"VO_5553ab6e_a5a0_4050_a41a_7751fb09c446_1503942340326_6"},{"key":"?d","val":"VO_5553ab6e_a5a0_4050_a41a_7751fb09c446_1503942340326_5"},{"key":"?destinationFullAddress","val":"3775 Elliott St San Diego, CA 92106"}]}]},{"query":"?- ?t:AE#Travelling, ?t[AE#hasDestination->?d], ?d[AE#hasStreet->?s], ?s[label->?destinationStreetName], ?d[AE#hasCity->?c], ?c[label->?destinationCity], ?d[AE#hasState->?st], ?st[label->?destinationState], ?d[AE#hasZipcode->?destinationZipCode].","resultList":[{"result":[{"key":"?t","val":"VO_5553ab6e_a5a0_4050_a41a_7751fb09c446_1503942340326_7"},{"key":"?d","val":"VO_5553ab6e_a5a0_4050_a41a_7751fb09c446_1503942340326_8"},{"key":"?s","val":"NO_c7d6b32e_24df_48d1_a1ad_01728491a090_1503942349793_id5"},{"key":"?destinationStreetName","val":"2790 Truxton Road"},{"key":"?c","val":"NO_c7d6b32e_24df_48d1_a1ad_01728491a090_1503942349793_id11"},{"key":"?destinationCity","val":"San Diego"},{"key":"?st","val":"NO_c7d6b32e_24df_48d1_a1ad_01728491a090_1503942349793_id13"},{"key":"?destinationState","val":"CA"},{"key":"?destinationZipCode","val":"92106"}]},{"result":[{"key":"?t","val":"VO_5553ab6e_a5a0_4050_a41a_7751fb09c446_1503942340326_6"},{"key":"?d","val":"VO_5553ab6e_a5a0_4050_a41a_7751fb09c446_1503942340326_5"},{"key":"?s","val":"NO_32fbcfd3_9d8c_4d23_a33c_b8ae4c4fece7_1503942351739_id3"},{"key":"?destinationStreetName","val":"3775 Elliott St"},{"key":"?c","val":"NO_32fbcfd3_9d8c_4d23_a33c_b8ae4c4fece7_1503942351739_id9"},{"key":"?destinationCity","val":"San Diego"},{"key":"?st","val":"NO_32fbcfd3_9d8c_4d23_a33c_b8ae4c4fece7_1503942351739_id11"},{"key":"?destinationState","val":"CA"},{"key":"?destinationZipCode","val":"92106"}]}]},{"query":"?- ?t:AE#Travelling, ?t[AE#hasOrigin->?d], ?d[label->?originFullAddress].","resultList":[{"result":[{"key":"?t","val":"VO_5553ab6e_a5a0_4050_a41a_7751fb09c446_1503942340326_7"},{"key":"?d","val":"VO_5553ab6e_a5a0_4050_a41a_7751fb09c446_1503942340326_3"},{"key":"?originFullAddress","val":"3775 Elliott St San Diego, CA 92106"}]},{"result":[{"key":"?t","val":"VO_5553ab6e_a5a0_4050_a41a_7751fb09c446_1503942340326_6"},{"key":"?d","val":"VO_5553ab6e_a5a0_4050_a41a_7751fb09c446_1503942340326_8"},{"key":"?originFullAddress","val":"2790 Truxton Road, Suite 130, San Diego, CA 92106"}]}]},{"query":"?- ?t:AE#Travelling, ?t[AE#hasOrigin->?d], ?d[AE#hasStreet->?s], ?s[label->?originStreetName], ?d[AE#hasCity->?c], ?c[label->?originCity], ?d[AE#hasState->?st], ?st[label->?originState], ?d[AE#hasZipcode->?originZipCode].","resultList":[{"result":[{"key":"?t","val":"VO_5553ab6e_a5a0_4050_a41a_7751fb09c446_1503942340326_7"},{"key":"?d","val":"VO_5553ab6e_a5a0_4050_a41a_7751fb09c446_1503942340326_3"},{"key":"?s","val":"NO_38a75378_7e41_4bb5_83e8_ff1790e1a884_1503942353441_id3"},{"key":"?originStreetName","val":"3775 Elliott St"},{"key":"?c","val":"NO_38a75378_7e41_4bb5_83e8_ff1790e1a884_1503942353441_id9"},{"key":"?originCity","val":"San Diego"},{"key":"?st","val":"NO_38a75378_7e41_4bb5_83e8_ff1790e1a884_1503942353441_id11"},{"key":"?originState","val":"CA"},{"key":"?originZipCode","val":"92106"}]},{"result":[{"key":"?t","val":"VO_5553ab6e_a5a0_4050_a41a_7751fb09c446_1503942340326_6"},{"key":"?d","val":"VO_5553ab6e_a5a0_4050_a41a_7751fb09c446_1503942340326_8"},{"key":"?s","val":"NO_c7d6b32e_24df_48d1_a1ad_01728491a090_1503942349793_id5"},{"key":"?originStreetName","val":"2790 Truxton Road"},{"key":"?c","val":"NO_c7d6b32e_24df_48d1_a1ad_01728491a090_1503942349793_id11"},{"key":"?originCity","val":"San Diego"},{"key":"?st","val":"NO_c7d6b32e_24df_48d1_a1ad_01728491a090_1503942349793_id13"},{"key":"?originState","val":"CA"},{"key":"?originZipCode","val":"92106"}]}]},{"query":"?- ?t:AE#Travelling, ?t[AE#hasPath->?p], ?p[AE#hasStartRegion->?s], ?s[AE#hasLatitude->?originLatitude], ?s[AE#hasLongitude->?originLongitude].","resultList":[{"result":[{"key":"?t","val":"VO_5553ab6e_a5a0_4050_a41a_7751fb09c446_1503942340326_6"},{"key":"?p","val":"ES_00629659_b188_40e4_8bf6_6ac7c43a6b1e_1503942365558_4"},{"key":"?s","val":"ES_00629659_b188_40e4_8bf6_6ac7c43a6b1e_1503942365558_3"},{"key":"?originLatitude","val":"32.74051839275188058309140615165233612060546875"},{"key":"?originLongitude","val":"-117.2130215001728856805129908025264739990234375"}]}]},{"query":"?- ?t:AE#Travelling, ?t[AE#hasPath->?p], ?p[AE#hasEndRegion->?e], ?e[AE#hasLatitude->?destinationLatitude], ?e[AE#hasLongitude->?destinationLongitude].","resultList":[{"result":[{"key":"?t","val":"VO_5553ab6e_a5a0_4050_a41a_7751fb09c446_1503942340326_6"},{"key":"?p","val":"ES_00629659_b188_40e4_8bf6_6ac7c43a6b1e_1503942365558_4"},{"key":"?e","val":"ES_00629659_b188_40e4_8bf6_6ac7c43a6b1e_1503942365558_1"},{"key":"?destinationLatitude","val":"32.74576264083342636013185256160795688629150390625"},{"key":"?destinationLongitude","val":"-117.2254886862483687082203687168657779693603515625"}]}]}]}
