{"dataList":[{"query":"?- ?v:AE#VATravelVoucher, ?v[AE#hasVoucherClaimant->?c], ?c[AE#hasName->?cn], ?cn[label->?claimantFullName].","resultList":[{"result":[{"key":"?v","val":"VO_691d8a8f_110c_4acd_81d6_c4ca1f515ea3_1503942610817_0"},{"key":"?c","val":"VO_691d8a8f_110c_4acd_81d6_c4ca1f515ea3_1503942610817_2"},{"key":"?cn","val":"NO_8795f238_31be_44e3_b52e_623a46ee9c21_1503942618709_0"},{"key":"?claimantFullName","val":"Elizabeth Constance Stoddard"}]},{"result":[{"key":"?v","val":"VO_691d8a8f_110c_4acd_81d6_c4ca1f515ea3_1503942610817_0"},{"key":"?c","val":"VO_691d8a8f_110c_4acd_81d6_c4ca1f515ea3_1503942610817_2"},{"key":"?cn","val":"VO_691d8a8f_110c_4acd_81d6_c4ca1f515ea3_1503942610817_1"},{"key":"?claimantFullName","val":"Elizabeth Constance Stoddard"}]}]},{"query":"?- ?v:AE#VATravelVoucher, ?v[AE#hasVoucherClaimant->?c], ?c[AE#hasName->?cn], ?cn[AE#hasFirstName->?claimantFirstName].","resultList":[{"result":[{"key":"?v","val":"VO_691d8a8f_110c_4acd_81d6_c4ca1f515ea3_1503942610817_0"},{"key":"?c","val":"VO_691d8a8f_110c_4acd_81d6_c4ca1f515ea3_1503942610817_2"},{"key":"?cn","val":"NO_8795f238_31be_44e3_b52e_623a46ee9c21_1503942618709_0"},{"key":"?claimantFirstName","val":"elizabeth"}]}]},{"query":"?- ?v:AE#VATravelVoucher, ?v[AE#hasVoucherClaimant->?c], ?c[AE#hasName->?cn], ?cn[AE#hasLastName->?claimantLastName].","resultList":[{"result":[{"key":"?v","val":"VO_691d8a8f_110c_4acd_81d6_c4ca1f515ea3_1503942610817_0"},{"key":"?c","val":"VO_691d8a8f_110c_4acd_81d6_c4ca1f515ea3_1503942610817_2"},{"key":"?cn","val":"NO_8795f238_31be_44e3_b52e_623a46ee9c21_1503942618709_0"},{"key":"?claimantLastName","val":"stoddard"}]}]},{"query":"?- ?v:AE#VATravelVoucher, ?v[AE#hasVoucherClaimant->?c], ?c[AE#hasSocialSecurityNumber->?s], ?s[label->?claimantSsn].","resultList":[{"result":[{"key":"?v","val":"VO_691d8a8f_110c_4acd_81d6_c4ca1f515ea3_1503942610817_0"},{"key":"?c","val":"VO_691d8a8f_110c_4acd_81d6_c4ca1f515ea3_1503942610817_2"},{"key":"?s","val":"VO_691d8a8f_110c_4acd_81d6_c4ca1f515ea3_1503942610817_12"},{"key":"?claimantSsn","val":"921-59-0846"}]}]},{"query":"?- ?v:AE#VATravelVoucher, ?v[AE#hasVoucherClaimant->?c], ?c[AE#hasLiens->?claimantHasLiens].","resultList":[{"result":[{"key":"?v","val":"VO_691d8a8f_110c_4acd_81d6_c4ca1f515ea3_1503942610817_0"},{"key":"?c","val":"VO_691d8a8f_110c_4acd_81d6_c4ca1f515ea3_1503942610817_2"},{"key":"?claimantHasLiens","val":"AE#UnknownLienReport"}]}]},{"query":"?- ?v:AE#VATravelVoucher, ?v[AE#hasVoucherClaimant->?c], ?c[AE#hasDeclaredBankruptcy->?claimantHasDeclaredBankruptcy].","resultList":[{"result":[{"key":"?v","val":"VO_691d8a8f_110c_4acd_81d6_c4ca1f515ea3_1503942610817_0"},{"key":"?c","val":"VO_691d8a8f_110c_4acd_81d6_c4ca1f515ea3_1503942610817_2"},{"key":"?claimantHasDeclaredBankruptcy","val":"AE#NoBankruptcyReport"}]}]},{"query":"?- ?v:AE#VATravelVoucher, ?v[AE#hasVoucherClaimant->?c], ?c[AE#hasArrestRecord->?claimantHasArrestRecord].","resultList":[{"result":[{"key":"?v","val":"VO_691d8a8f_110c_4acd_81d6_c4ca1f515ea3_1503942610817_0"},{"key":"?c","val":"VO_691d8a8f_110c_4acd_81d6_c4ca1f515ea3_1503942610817_2"},{"key":"?claimantHasArrestRecord","val":"AE#NoArrestRecord"}]}]},{"query":"?- ?v:AE#VATravelVoucher, ?v[AE#hasVoucherClaimant->?c], ?c[AE#hasCriminalRecord->?claimantHasCriminalRecord].","resultList":[{"result":[{"key":"?v","val":"VO_691d8a8f_110c_4acd_81d6_c4ca1f515ea3_1503942610817_0"},{"key":"?c","val":"VO_691d8a8f_110c_4acd_81d6_c4ca1f515ea3_1503942610817_2"},{"key":"?claimantHasCriminalRecord","val":"AE#NoCriminalRecord"}]}]},{"query":"?- ?v:AE#VATravelVoucher, ?v[AE#hasVoucherBeneficiary->?b], ?b[AE#hasName->?cn], ?cn[label->?beneficiaryFullName].","resultList":[{"result":[{"key":"?v","val":"VO_691d8a8f_110c_4acd_81d6_c4ca1f515ea3_1503942610817_0"},{"key":"?b","val":"VO_691d8a8f_110c_4acd_81d6_c4ca1f515ea3_1503942610817_11"},{"key":"?cn","val":"VO_691d8a8f_110c_4acd_81d6_c4ca1f515ea3_1503942610817_10"},{"key":"?beneficiaryFullName","val":"Kevin M. Jefferson"}]},{"result":[{"key":"?v","val":"VO_691d8a8f_110c_4acd_81d6_c4ca1f515ea3_1503942610817_0"},{"key":"?b","val":"VO_691d8a8f_110c_4acd_81d6_c4ca1f515ea3_1503942610817_11"},{"key":"?cn","val":"NO_6a55da2a_f4dc_49a4_a958_0baf890cd852_1503942616636_0"},{"key":"?beneficiaryFullName","val":"Kevin M. Jefferson"}]}]},{"query":"?- ?v:AE#VATravelVoucher, ?v[AE#hasVoucherBeneficiary->?b], ?b[AE#hasName->?cn], ?cn[AE#hasFirstName->?beneficiaryFirstName].","resultList":[{"result":[{"key":"?v","val":"VO_691d8a8f_110c_4acd_81d6_c4ca1f515ea3_1503942610817_0"},{"key":"?b","val":"VO_691d8a8f_110c_4acd_81d6_c4ca1f515ea3_1503942610817_11"},{"key":"?cn","val":"NO_6a55da2a_f4dc_49a4_a958_0baf890cd852_1503942616636_0"},{"key":"?beneficiaryFirstName","val":"kevin"}]}]},{"query":"?- ?v:AE#VATravelVoucher, ?v[AE#hasVoucherBeneficiary->?b], ?b[AE#hasName->?cn], ?cn[AE#hasLastName->?beneficiaryLastName].","resultList":[{"result":[{"key":"?v","val":"VO_691d8a8f_110c_4acd_81d6_c4ca1f515ea3_1503942610817_0"},{"key":"?b","val":"VO_691d8a8f_110c_4acd_81d6_c4ca1f515ea3_1503942610817_11"},{"key":"?cn","val":"NO_6a55da2a_f4dc_49a4_a958_0baf890cd852_1503942616636_0"},{"key":"?beneficiaryLastName","val":"jefferson"}]}]},{"query":"?- ?v:AE#VATravelVoucher, ?v[AE#hasVoucherBeneficiary->?b], ?b[AE#hasSocialSecurityNumber->?s], ?s[label->?beneficiarySsn].","resultList":[{"result":[{"key":"?v","val":"VO_691d8a8f_110c_4acd_81d6_c4ca1f515ea3_1503942610817_0"},{"key":"?b","val":"VO_691d8a8f_110c_4acd_81d6_c4ca1f515ea3_1503942610817_11"},{"key":"?s","val":"VO_691d8a8f_110c_4acd_81d6_c4ca1f515ea3_1503942610817_9"},{"key":"?beneficiarySsn","val":"960-37-1898"}]}]},{"query":"?- ?v:AE#VATravelVoucher, ?v[AE#hasVoucherBeneficiary->?b], ?b[AE#hasLiens->?beneficiaryHasLiens].","resultList":[{"result":[{"key":"?v","val":"VO_691d8a8f_110c_4acd_81d6_c4ca1f515ea3_1503942610817_0"},{"key":"?b","val":"VO_691d8a8f_110c_4acd_81d6_c4ca1f515ea3_1503942610817_11"},{"key":"?beneficiaryHasLiens","val":"AE#NoLienReport"}]}]},{"query":"?- ?v:AE#VATravelVoucher, ?v[AE#hasVoucherBeneficiary->?b], ?b[AE#hasDeclaredBankruptcy->?beneficiaryHasDeclaredBankruptcy].","resultList":[{"result":[{"key":"?v","val":"VO_691d8a8f_110c_4acd_81d6_c4ca1f515ea3_1503942610817_0"},{"key":"?b","val":"VO_691d8a8f_110c_4acd_81d6_c4ca1f515ea3_1503942610817_11"},{"key":"?beneficiaryHasDeclaredBankruptcy","val":"AE#NoBankruptcyReport"}]}]},{"query":"?- ?v:AE#VATravelVoucher, ?v[AE#hasVoucherBeneficiary->?b], ?b[AE#hasArrestRecord->?beneficiaryHasArrestRecord].","resultList":[{"result":[{"key":"?v","val":"VO_691d8a8f_110c_4acd_81d6_c4ca1f515ea3_1503942610817_0"},{"key":"?b","val":"VO_691d8a8f_110c_4acd_81d6_c4ca1f515ea3_1503942610817_11"},{"key":"?beneficiaryHasArrestRecord","val":"AE#NoArrestRecord"}]}]},{"query":"?- ?v:AE#VATravelVoucher, ?v[AE#hasVoucherBeneficiary->?b], ?b[AE#hasCriminalRecord->?beneficiaryHasCriminalRecord].","resultList":[{"result":[{"key":"?v","val":"VO_691d8a8f_110c_4acd_81d6_c4ca1f515ea3_1503942610817_0"},{"key":"?b","val":"VO_691d8a8f_110c_4acd_81d6_c4ca1f515ea3_1503942610817_11"},{"key":"?beneficiaryHasCriminalRecord","val":"AE#NoCriminalRecord"}]}]},{"query":"?- ?t:AE#Travelling, ?t[AE#hasPath->?p], ?p[AE#hasDistance->?d], ?d[AE#numericValue->?expectedDistanceValue], ?d[AE#hasUnitOfMeasure->?unitOfDistanceMeasure].","resultList":[{"result":[{"key":"?t","val":"VO_691d8a8f_110c_4acd_81d6_c4ca1f515ea3_1503942610817_6"},{"key":"?p","val":"ES_8c7588ab_cd94_40f6_be60_6a3cf136fcf6_1503942636693_4"},{"key":"?d","val":"ES_8c7588ab_cd94_40f6_be60_6a3cf136fcf6_1503942636693_0"},{"key":"?expectedDistanceValue","val":"8771.6112570495461113750934600830078125"},{"key":"?unitOfDistanceMeasure","val":"meters"}]}]},{"query":"?- ?t:AE#Travelling, ?t[AE#hasPath->?p], ?p[AE#hasExpectedTravelTime->?d], ?d[AE#numericValue->?expectedTimeValue], ?d[AE#hasUnitOfMeasure->?unitOfTimeMeasure].","resultList":[{"result":[{"key":"?t","val":"VO_691d8a8f_110c_4acd_81d6_c4ca1f515ea3_1503942610817_6"},{"key":"?p","val":"ES_8c7588ab_cd94_40f6_be60_6a3cf136fcf6_1503942636693_4"},{"key":"?d","val":"ES_8c7588ab_cd94_40f6_be60_6a3cf136fcf6_1503942636693_2"},{"key":"?expectedTimeValue","val":"9.606476986664347350597381591796875"},{"key":"?unitOfTimeMeasure","val":"minutes"}]}]},{"query":"?- ?t:AE#Travelling, ?t[AE#hasDestination->?d], ?d[label->?destinationFullAddress].","resultList":[{"result":[{"key":"?t","val":"VO_691d8a8f_110c_4acd_81d6_c4ca1f515ea3_1503942610817_7"},{"key":"?d","val":"VO_691d8a8f_110c_4acd_81d6_c4ca1f515ea3_1503942610817_8"},{"key":"?destinationFullAddress","val":"2790 Truxton Road, Suite 130, San Diego, CA 92106"}]},{"result":[{"key":"?t","val":"VO_691d8a8f_110c_4acd_81d6_c4ca1f515ea3_1503942610817_6"},{"key":"?d","val":"VO_691d8a8f_110c_4acd_81d6_c4ca1f515ea3_1503942610817_5"},{"key":"?destinationFullAddress","val":"85 Trusel Avenue San Diego, CA 92117"}]}]},{"query":"?- ?t:AE#Travelling, ?t[AE#hasDestination->?d], ?d[AE#hasStreet->?s], ?s[label->?destinationStreetName], ?d[AE#hasCity->?c], ?c[label->?destinationCity], ?d[AE#hasState->?st], ?st[label->?destinationState], ?d[AE#hasZipcode->?destinationZipCode].","resultList":[{"result":[{"key":"?t","val":"VO_691d8a8f_110c_4acd_81d6_c4ca1f515ea3_1503942610817_7"},{"key":"?d","val":"VO_691d8a8f_110c_4acd_81d6_c4ca1f515ea3_1503942610817_8"},{"key":"?s","val":"NO_03dc3fed_03aa_4115_b0e1_cfba7a2f0ea4_1503942620627_id5"},{"key":"?destinationStreetName","val":"2790 Truxton Road"},{"key":"?c","val":"NO_03dc3fed_03aa_4115_b0e1_cfba7a2f0ea4_1503942620627_id11"},{"key":"?destinationCity","val":"San Diego"},{"key":"?st","val":"NO_03dc3fed_03aa_4115_b0e1_cfba7a2f0ea4_1503942620627_id13"},{"key":"?destinationState","val":"CA"},{"key":"?destinationZipCode","val":"92106"}]},{"result":[{"key":"?t","val":"VO_691d8a8f_110c_4acd_81d6_c4ca1f515ea3_1503942610817_6"},{"key":"?d","val":"VO_691d8a8f_110c_4acd_81d6_c4ca1f515ea3_1503942610817_5"},{"key":"?s","val":"NO_7a498a8a_511a_4029_9eeb_2d0012c4ef8d_1503942622522_id3"},{"key":"?destinationStreetName","val":"85 Trusel Avenue"},{"key":"?c","val":"NO_7a498a8a_511a_4029_9eeb_2d0012c4ef8d_1503942622522_id9"},{"key":"?destinationCity","val":"San Diego"},{"key":"?st","val":"NO_7a498a8a_511a_4029_9eeb_2d0012c4ef8d_1503942622522_id11"},{"key":"?destinationState","val":"CA"},{"key":"?destinationZipCode","val":"92117"}]}]},{"query":"?- ?t:AE#Travelling, ?t[AE#hasOrigin->?d], ?d[label->?originFullAddress].","resultList":[{"result":[{"key":"?t","val":"VO_691d8a8f_110c_4acd_81d6_c4ca1f515ea3_1503942610817_7"},{"key":"?d","val":"VO_691d8a8f_110c_4acd_81d6_c4ca1f515ea3_1503942610817_3"},{"key":"?originFullAddress","val":"3341 Riviera Dr, San Diego, CA 92109"}]},{"result":[{"key":"?t","val":"VO_691d8a8f_110c_4acd_81d6_c4ca1f515ea3_1503942610817_6"},{"key":"?d","val":"VO_691d8a8f_110c_4acd_81d6_c4ca1f515ea3_1503942610817_8"},{"key":"?originFullAddress","val":"2790 Truxton Road, Suite 130, San Diego, CA 92106"}]}]},{"query":"?- ?t:AE#Travelling, ?t[AE#hasOrigin->?d], ?d[AE#hasStreet->?s], ?s[label->?originStreetName], ?d[AE#hasCity->?c], ?c[label->?originCity], ?d[AE#hasState->?st], ?st[label->?originState], ?d[AE#hasZipcode->?originZipCode].","resultList":[{"result":[{"key":"?t","val":"VO_691d8a8f_110c_4acd_81d6_c4ca1f515ea3_1503942610817_7"},{"key":"?d","val":"VO_691d8a8f_110c_4acd_81d6_c4ca1f515ea3_1503942610817_3"},{"key":"?s","val":"NO_69a4b9e7_9b57_47d9_a18a_6686aa1d7356_1503942624410_id3"},{"key":"?originStreetName","val":"3341 Riviera Dr"},{"key":"?c","val":"NO_69a4b9e7_9b57_47d9_a18a_6686aa1d7356_1503942624410_id9"},{"key":"?originCity","val":"San Diego"},{"key":"?st","val":"NO_69a4b9e7_9b57_47d9_a18a_6686aa1d7356_1503942624410_id11"},{"key":"?originState","val":"CA"},{"key":"?originZipCode","val":"92109"}]},{"result":[{"key":"?t","val":"VO_691d8a8f_110c_4acd_81d6_c4ca1f515ea3_1503942610817_6"},{"key":"?d","val":"VO_691d8a8f_110c_4acd_81d6_c4ca1f515ea3_1503942610817_8"},{"key":"?s","val":"NO_03dc3fed_03aa_4115_b0e1_cfba7a2f0ea4_1503942620627_id5"},{"key":"?originStreetName","val":"2790 Truxton Road"},{"key":"?c","val":"NO_03dc3fed_03aa_4115_b0e1_cfba7a2f0ea4_1503942620627_id11"},{"key":"?originCity","val":"San Diego"},{"key":"?st","val":"NO_03dc3fed_03aa_4115_b0e1_cfba7a2f0ea4_1503942620627_id13"},{"key":"?originState","val":"CA"},{"key":"?originZipCode","val":"92106"}]}]},{"query":"?- ?t:AE#Travelling, ?t[AE#hasPath->?p], ?p[AE#hasStartRegion->?s], ?s[AE#hasLatitude->?originLatitude], ?s[AE#hasLongitude->?originLongitude].","resultList":[{"result":[{"key":"?t","val":"VO_691d8a8f_110c_4acd_81d6_c4ca1f515ea3_1503942610817_6"},{"key":"?p","val":"ES_8c7588ab_cd94_40f6_be60_6a3cf136fcf6_1503942636693_4"},{"key":"?s","val":"ES_8c7588ab_cd94_40f6_be60_6a3cf136fcf6_1503942636693_3"},{"key":"?originLatitude","val":"32.74051839275188058309140615165233612060546875"},{"key":"?originLongitude","val":"-117.2130215001728856805129908025264739990234375"}]}]},{"query":"?- ?t:AE#Travelling, ?t[AE#hasPath->?p], ?p[AE#hasEndRegion->?e], ?e[AE#hasLatitude->?destinationLatitude], ?e[AE#hasLongitude->?destinationLongitude].","resultList":[{"result":[{"key":"?t","val":"VO_691d8a8f_110c_4acd_81d6_c4ca1f515ea3_1503942610817_6"},{"key":"?p","val":"ES_8c7588ab_cd94_40f6_be60_6a3cf136fcf6_1503942636693_4"},{"key":"?e","val":"ES_8c7588ab_cd94_40f6_be60_6a3cf136fcf6_1503942636693_1"},{"key":"?destinationLatitude","val":"32.79662300000001096123014576733112335205078125"},{"key":"?destinationLongitude","val":"-117.197813600000017686397768557071685791015625"}]}]}]}
