{"dataList":[{"query":"?- ?v:AE#VATravelVoucher, ?v[AE#hasVoucherClaimant->?c], ?c[AE#hasName->?cn], ?cn[label->?claimantFullName].","resultList":[{"result":[{"key":"?v","val":"VO_68ae5ca6_ac92_4d32_8284_61ff8a7261df_1503942068605_0"},{"key":"?c","val":"VO_68ae5ca6_ac92_4d32_8284_61ff8a7261df_1503942068605_2"},{"key":"?cn","val":"NO_e0862ffa_750b_4e6f_a139_accd0c0d2165_1503942075630_0"},{"key":"?claimantFullName","val":"Donald M. Lewis"}]},{"result":[{"key":"?v","val":"VO_68ae5ca6_ac92_4d32_8284_61ff8a7261df_1503942068605_0"},{"key":"?c","val":"VO_68ae5ca6_ac92_4d32_8284_61ff8a7261df_1503942068605_2"},{"key":"?cn","val":"VO_68ae5ca6_ac92_4d32_8284_61ff8a7261df_1503942068605_1"},{"key":"?claimantFullName","val":"Donald M. Lewis"}]}]},{"query":"?- ?v:AE#VATravelVoucher, ?v[AE#hasVoucherClaimant->?c], ?c[AE#hasName->?cn], ?cn[AE#hasFirstName->?claimantFirstName].","resultList":[{"result":[{"key":"?v","val":"VO_68ae5ca6_ac92_4d32_8284_61ff8a7261df_1503942068605_0"},{"key":"?c","val":"VO_68ae5ca6_ac92_4d32_8284_61ff8a7261df_1503942068605_2"},{"key":"?cn","val":"NO_e0862ffa_750b_4e6f_a139_accd0c0d2165_1503942075630_0"},{"key":"?claimantFirstName","val":"donald"}]}]},{"query":"?- ?v:AE#VATravelVoucher, ?v[AE#hasVoucherClaimant->?c], ?c[AE#hasName->?cn], ?cn[AE#hasLastName->?claimantLastName].","resultList":[{"result":[{"key":"?v","val":"VO_68ae5ca6_ac92_4d32_8284_61ff8a7261df_1503942068605_0"},{"key":"?c","val":"VO_68ae5ca6_ac92_4d32_8284_61ff8a7261df_1503942068605_2"},{"key":"?cn","val":"NO_e0862ffa_750b_4e6f_a139_accd0c0d2165_1503942075630_0"},{"key":"?claimantLastName","val":"lewis"}]}]},{"query":"?- ?v:AE#VATravelVoucher, ?v[AE#hasVoucherClaimant->?c], ?c[AE#hasSocialSecurityNumber->?s], ?s[label->?claimantSsn].","resultList":[{"result":[{"key":"?v","val":"VO_68ae5ca6_ac92_4d32_8284_61ff8a7261df_1503942068605_0"},{"key":"?c","val":"VO_68ae5ca6_ac92_4d32_8284_61ff8a7261df_1503942068605_2"},{"key":"?s","val":"VO_68ae5ca6_ac92_4d32_8284_61ff8a7261df_1503942068605_12"},{"key":"?claimantSsn","val":"456-08-0680"}]}]},{"query":"?- ?v:AE#VATravelVoucher, ?v[AE#hasVoucherClaimant->?c], ?c[AE#hasLiens->?claimantHasLiens].","resultList":[{"result":[{"key":"?v","val":"VO_68ae5ca6_ac92_4d32_8284_61ff8a7261df_1503942068605_0"},{"key":"?c","val":"VO_68ae5ca6_ac92_4d32_8284_61ff8a7261df_1503942068605_2"},{"key":"?claimantHasLiens","val":"AE#NoLienReport"}]}]},{"query":"?- ?v:AE#VATravelVoucher, ?v[AE#hasVoucherClaimant->?c], ?c[AE#hasDeclaredBankruptcy->?claimantHasDeclaredBankruptcy].","resultList":[{"result":[{"key":"?v","val":"VO_68ae5ca6_ac92_4d32_8284_61ff8a7261df_1503942068605_0"},{"key":"?c","val":"VO_68ae5ca6_ac92_4d32_8284_61ff8a7261df_1503942068605_2"},{"key":"?claimantHasDeclaredBankruptcy","val":"AE#NoBankruptcyReport"}]}]},{"query":"?- ?v:AE#VATravelVoucher, ?v[AE#hasVoucherClaimant->?c], ?c[AE#hasArrestRecord->?claimantHasArrestRecord].","resultList":[{"result":[{"key":"?v","val":"VO_68ae5ca6_ac92_4d32_8284_61ff8a7261df_1503942068605_0"},{"key":"?c","val":"VO_68ae5ca6_ac92_4d32_8284_61ff8a7261df_1503942068605_2"},{"key":"?claimantHasArrestRecord","val":"AE#NoArrestRecord"}]}]},{"query":"?- ?v:AE#VATravelVoucher, ?v[AE#hasVoucherClaimant->?c], ?c[AE#hasCriminalRecord->?claimantHasCriminalRecord].","resultList":[{"result":[{"key":"?v","val":"VO_68ae5ca6_ac92_4d32_8284_61ff8a7261df_1503942068605_0"},{"key":"?c","val":"VO_68ae5ca6_ac92_4d32_8284_61ff8a7261df_1503942068605_2"},{"key":"?claimantHasCriminalRecord","val":"AE#NoCriminalRecord"}]}]},{"query":"?- ?v:AE#VATravelVoucher, ?v[AE#hasVoucherBeneficiary->?b], ?b[AE#hasName->?cn], ?cn[label->?beneficiaryFullName].","resultList":[{"result":[{"key":"?v","val":"VO_68ae5ca6_ac92_4d32_8284_61ff8a7261df_1503942068605_0"},{"key":"?b","val":"VO_68ae5ca6_ac92_4d32_8284_61ff8a7261df_1503942068605_11"},{"key":"?cn","val":"VO_68ae5ca6_ac92_4d32_8284_61ff8a7261df_1503942068605_10"},{"key":"?beneficiaryFullName","val":"Donald M. Lewis"}]},{"result":[{"key":"?v","val":"VO_68ae5ca6_ac92_4d32_8284_61ff8a7261df_1503942068605_0"},{"key":"?b","val":"VO_68ae5ca6_ac92_4d32_8284_61ff8a7261df_1503942068605_11"},{"key":"?cn","val":"NO_f940c3d9_6cdb_4362_962b_10a3de832dca_1503942073884_0"},{"key":"?beneficiaryFullName","val":"Donald M. Lewis"}]}]},{"query":"?- ?v:AE#VATravelVoucher, ?v[AE#hasVoucherBeneficiary->?b], ?b[AE#hasName->?cn], ?cn[AE#hasFirstName->?beneficiaryFirstName].","resultList":[{"result":[{"key":"?v","val":"VO_68ae5ca6_ac92_4d32_8284_61ff8a7261df_1503942068605_0"},{"key":"?b","val":"VO_68ae5ca6_ac92_4d32_8284_61ff8a7261df_1503942068605_11"},{"key":"?cn","val":"NO_f940c3d9_6cdb_4362_962b_10a3de832dca_1503942073884_0"},{"key":"?beneficiaryFirstName","val":"donald"}]}]},{"query":"?- ?v:AE#VATravelVoucher, ?v[AE#hasVoucherBeneficiary->?b], ?b[AE#hasName->?cn], ?cn[AE#hasLastName->?beneficiaryLastName].","resultList":[{"result":[{"key":"?v","val":"VO_68ae5ca6_ac92_4d32_8284_61ff8a7261df_1503942068605_0"},{"key":"?b","val":"VO_68ae5ca6_ac92_4d32_8284_61ff8a7261df_1503942068605_11"},{"key":"?cn","val":"NO_f940c3d9_6cdb_4362_962b_10a3de832dca_1503942073884_0"},{"key":"?beneficiaryLastName","val":"lewis"}]}]},{"query":"?- ?v:AE#VATravelVoucher, ?v[AE#hasVoucherBeneficiary->?b], ?b[AE#hasSocialSecurityNumber->?s], ?s[label->?beneficiarySsn].","resultList":[{"result":[{"key":"?v","val":"VO_68ae5ca6_ac92_4d32_8284_61ff8a7261df_1503942068605_0"},{"key":"?b","val":"VO_68ae5ca6_ac92_4d32_8284_61ff8a7261df_1503942068605_11"},{"key":"?s","val":"VO_68ae5ca6_ac92_4d32_8284_61ff8a7261df_1503942068605_9"},{"key":"?beneficiarySsn","val":"456-08-0680"}]}]},{"query":"?- ?v:AE#VATravelVoucher, ?v[AE#hasVoucherBeneficiary->?b], ?b[AE#hasLiens->?beneficiaryHasLiens].","resultList":[{"result":[{"key":"?v","val":"VO_68ae5ca6_ac92_4d32_8284_61ff8a7261df_1503942068605_0"},{"key":"?b","val":"VO_68ae5ca6_ac92_4d32_8284_61ff8a7261df_1503942068605_11"},{"key":"?beneficiaryHasLiens","val":"AE#NoLienReport"}]}]},{"query":"?- ?v:AE#VATravelVoucher, ?v[AE#hasVoucherBeneficiary->?b], ?b[AE#hasDeclaredBankruptcy->?beneficiaryHasDeclaredBankruptcy].","resultList":[{"result":[{"key":"?v","val":"VO_68ae5ca6_ac92_4d32_8284_61ff8a7261df_1503942068605_0"},{"key":"?b","val":"VO_68ae5ca6_ac92_4d32_8284_61ff8a7261df_1503942068605_11"},{"key":"?beneficiaryHasDeclaredBankruptcy","val":"AE#NoBankruptcyReport"}]}]},{"query":"?- ?v:AE#VATravelVoucher, ?v[AE#hasVoucherBeneficiary->?b], ?b[AE#hasArrestRecord->?beneficiaryHasArrestRecord].","resultList":[{"result":[{"key":"?v","val":"VO_68ae5ca6_ac92_4d32_8284_61ff8a7261df_1503942068605_0"},{"key":"?b","val":"VO_68ae5ca6_ac92_4d32_8284_61ff8a7261df_1503942068605_11"},{"key":"?beneficiaryHasArrestRecord","val":"AE#NoArrestRecord"}]}]},{"query":"?- ?v:AE#VATravelVoucher, ?v[AE#hasVoucherBeneficiary->?b], ?b[AE#hasCriminalRecord->?beneficiaryHasCriminalRecord].","resultList":[{"result":[{"key":"?v","val":"VO_68ae5ca6_ac92_4d32_8284_61ff8a7261df_1503942068605_0"},{"key":"?b","val":"VO_68ae5ca6_ac92_4d32_8284_61ff8a7261df_1503942068605_11"},{"key":"?beneficiaryHasCriminalRecord","val":"AE#NoCriminalRecord"}]}]},{"query":"?- ?t:AE#Travelling, ?t[AE#hasPath->?p], ?p[AE#hasDistance->?d], ?d[AE#numericValue->?expectedDistanceValue], ?d[AE#hasUnitOfMeasure->?unitOfDistanceMeasure].","resultList":[{"result":[{"key":"?t","val":"VO_68ae5ca6_ac92_4d32_8284_61ff8a7261df_1503942068605_6"},{"key":"?p","val":"ES_2a8bb56e_5460_4fab_b836_a869907db29e_1503942092116_4"},{"key":"?d","val":"ES_2a8bb56e_5460_4fab_b836_a869907db29e_1503942092116_0"},{"key":"?expectedDistanceValue","val":"16150.848137405961097101680934429168701171875"},{"key":"?unitOfDistanceMeasure","val":"meters"}]}]},{"query":"?- ?t:AE#Travelling, ?t[AE#hasPath->?p], ?p[AE#hasExpectedTravelTime->?d], ?d[AE#numericValue->?expectedTimeValue], ?d[AE#hasUnitOfMeasure->?unitOfTimeMeasure].","resultList":[{"result":[{"key":"?t","val":"VO_68ae5ca6_ac92_4d32_8284_61ff8a7261df_1503942068605_6"},{"key":"?p","val":"ES_2a8bb56e_5460_4fab_b836_a869907db29e_1503942092116_4"},{"key":"?d","val":"ES_2a8bb56e_5460_4fab_b836_a869907db29e_1503942092116_2"},{"key":"?expectedTimeValue","val":"11.29778241156600415706634521484375"},{"key":"?unitOfTimeMeasure","val":"minutes"}]}]},{"query":"?- ?t:AE#Travelling, ?t[AE#hasDestination->?d], ?d[label->?destinationFullAddress].","resultList":[{"result":[{"key":"?t","val":"VO_68ae5ca6_ac92_4d32_8284_61ff8a7261df_1503942068605_7"},{"key":"?d","val":"VO_68ae5ca6_ac92_4d32_8284_61ff8a7261df_1503942068605_8"},{"key":"?destinationFullAddress","val":"2790 Truxton Road, Suite 130, San Diego, CA 92106"}]},{"result":[{"key":"?t","val":"VO_68ae5ca6_ac92_4d32_8284_61ff8a7261df_1503942068605_6"},{"key":"?d","val":"VO_68ae5ca6_ac92_4d32_8284_61ff8a7261df_1503942068605_5"},{"key":"?destinationFullAddress","val":"150 Fifth Street San Diego, CA 92114"}]}]},{"query":"?- ?t:AE#Travelling, ?t[AE#hasDestination->?d], ?d[AE#hasStreet->?s], ?s[label->?destinationStreetName], ?d[AE#hasCity->?c], ?c[label->?destinationCity], ?d[AE#hasState->?st], ?st[label->?destinationState], ?d[AE#hasZipcode->?destinationZipCode].","resultList":[{"result":[{"key":"?t","val":"VO_68ae5ca6_ac92_4d32_8284_61ff8a7261df_1503942068605_7"},{"key":"?d","val":"VO_68ae5ca6_ac92_4d32_8284_61ff8a7261df_1503942068605_8"},{"key":"?s","val":"NO_67cc98af_b55b_4625_a62f_d3c5915d161f_1503942077412_id5"},{"key":"?destinationStreetName","val":"2790 Truxton Road"},{"key":"?c","val":"NO_67cc98af_b55b_4625_a62f_d3c5915d161f_1503942077412_id11"},{"key":"?destinationCity","val":"San Diego"},{"key":"?st","val":"NO_67cc98af_b55b_4625_a62f_d3c5915d161f_1503942077412_id13"},{"key":"?destinationState","val":"CA"},{"key":"?destinationZipCode","val":"92106"}]},{"result":[{"key":"?t","val":"VO_68ae5ca6_ac92_4d32_8284_61ff8a7261df_1503942068605_6"},{"key":"?d","val":"VO_68ae5ca6_ac92_4d32_8284_61ff8a7261df_1503942068605_5"},{"key":"?s","val":"NO_5bf0f616_e132_498e_b2d3_55eb3666d580_1503942079123_id3"},{"key":"?destinationStreetName","val":"150 Fifth Street"},{"key":"?c","val":"NO_5bf0f616_e132_498e_b2d3_55eb3666d580_1503942079123_id9"},{"key":"?destinationCity","val":"San Diego"},{"key":"?st","val":"NO_5bf0f616_e132_498e_b2d3_55eb3666d580_1503942079123_id11"},{"key":"?destinationState","val":"CA"},{"key":"?destinationZipCode","val":"92114"}]}]},{"query":"?- ?t:AE#Travelling, ?t[AE#hasOrigin->?d], ?d[label->?originFullAddress].","resultList":[{"result":[{"key":"?t","val":"VO_68ae5ca6_ac92_4d32_8284_61ff8a7261df_1503942068605_7"},{"key":"?d","val":"VO_68ae5ca6_ac92_4d32_8284_61ff8a7261df_1503942068605_3"},{"key":"?originFullAddress","val":"150 Fifth Street San Diego, CA 92114"}]},{"result":[{"key":"?t","val":"VO_68ae5ca6_ac92_4d32_8284_61ff8a7261df_1503942068605_6"},{"key":"?d","val":"VO_68ae5ca6_ac92_4d32_8284_61ff8a7261df_1503942068605_8"},{"key":"?originFullAddress","val":"2790 Truxton Road, Suite 130, San Diego, CA 92106"}]}]},{"query":"?- ?t:AE#Travelling, ?t[AE#hasOrigin->?d], ?d[AE#hasStreet->?s], ?s[label->?originStreetName], ?d[AE#hasCity->?c], ?c[label->?originCity], ?d[AE#hasState->?st], ?st[label->?originState], ?d[AE#hasZipcode->?originZipCode].","resultList":[{"result":[{"key":"?t","val":"VO_68ae5ca6_ac92_4d32_8284_61ff8a7261df_1503942068605_7"},{"key":"?d","val":"VO_68ae5ca6_ac92_4d32_8284_61ff8a7261df_1503942068605_3"},{"key":"?s","val":"NO_0cca364b_fbe8_4a22_9388_8aacbad3e250_1503942080922_id3"},{"key":"?originStreetName","val":"150 Fifth Street"},{"key":"?c","val":"NO_0cca364b_fbe8_4a22_9388_8aacbad3e250_1503942080922_id9"},{"key":"?originCity","val":"San Diego"},{"key":"?st","val":"NO_0cca364b_fbe8_4a22_9388_8aacbad3e250_1503942080922_id11"},{"key":"?originState","val":"CA"},{"key":"?originZipCode","val":"92114"}]},{"result":[{"key":"?t","val":"VO_68ae5ca6_ac92_4d32_8284_61ff8a7261df_1503942068605_6"},{"key":"?d","val":"VO_68ae5ca6_ac92_4d32_8284_61ff8a7261df_1503942068605_8"},{"key":"?s","val":"NO_67cc98af_b55b_4625_a62f_d3c5915d161f_1503942077412_id5"},{"key":"?originStreetName","val":"2790 Truxton Road"},{"key":"?c","val":"NO_67cc98af_b55b_4625_a62f_d3c5915d161f_1503942077412_id11"},{"key":"?originCity","val":"San Diego"},{"key":"?st","val":"NO_67cc98af_b55b_4625_a62f_d3c5915d161f_1503942077412_id13"},{"key":"?originState","val":"CA"},{"key":"?originZipCode","val":"92106"}]}]},{"query":"?- ?t:AE#Travelling, ?t[AE#hasPath->?p], ?p[AE#hasStartRegion->?s], ?s[AE#hasLatitude->?originLatitude], ?s[AE#hasLongitude->?originLongitude].","resultList":[{"result":[{"key":"?t","val":"VO_68ae5ca6_ac92_4d32_8284_61ff8a7261df_1503942068605_6"},{"key":"?p","val":"ES_2a8bb56e_5460_4fab_b836_a869907db29e_1503942092116_4"},{"key":"?s","val":"ES_2a8bb56e_5460_4fab_b836_a869907db29e_1503942092116_3"},{"key":"?originLatitude","val":"32.74051839275188058309140615165233612060546875"},{"key":"?originLongitude","val":"-117.2130215001728856805129908025264739990234375"}]}]},{"query":"?- ?t:AE#Travelling, ?t[AE#hasPath->?p], ?p[AE#hasEndRegion->?e], ?e[AE#hasLatitude->?destinationLatitude], ?e[AE#hasLongitude->?destinationLongitude].","resultList":[{"result":[{"key":"?t","val":"VO_68ae5ca6_ac92_4d32_8284_61ff8a7261df_1503942068605_6"},{"key":"?p","val":"ES_2a8bb56e_5460_4fab_b836_a869907db29e_1503942092116_4"},{"key":"?e","val":"ES_2a8bb56e_5460_4fab_b836_a869907db29e_1503942092116_1"},{"key":"?destinationLatitude","val":"32.72617345619732276418289984576404094696044921875"},{"key":"?destinationLongitude","val":"-117.0724592852043457469335407949984073638916015625"}]}]}]}
