{"dataList":[{"query":"?- ?v:AE#VATravelVoucher, ?v[AE#hasVoucherClaimant->?c], ?c[AE#hasName->?cn], ?cn[label->?claimantFullName].","resultList":[{"result":[{"key":"?v","val":"VO_69653683_f2ee_41d5_a89b_b5b5a4cfed6a_1503943008690_0"},{"key":"?c","val":"VO_69653683_f2ee_41d5_a89b_b5b5a4cfed6a_1503943008690_2"},{"key":"?cn","val":"NO_95971b30_ca50_4ce0_9b10_6b10bdb4eabb_1503943016067_0"},{"key":"?claimantFullName","val":"Philip K. Mistry"}]},{"result":[{"key":"?v","val":"VO_69653683_f2ee_41d5_a89b_b5b5a4cfed6a_1503943008690_0"},{"key":"?c","val":"VO_69653683_f2ee_41d5_a89b_b5b5a4cfed6a_1503943008690_2"},{"key":"?cn","val":"VO_69653683_f2ee_41d5_a89b_b5b5a4cfed6a_1503943008690_1"},{"key":"?claimantFullName","val":"Philip K. Mistry"}]}]},{"query":"?- ?v:AE#VATravelVoucher, ?v[AE#hasVoucherClaimant->?c], ?c[AE#hasName->?cn], ?cn[AE#hasFirstName->?claimantFirstName].","resultList":[{"result":[{"key":"?v","val":"VO_69653683_f2ee_41d5_a89b_b5b5a4cfed6a_1503943008690_0"},{"key":"?c","val":"VO_69653683_f2ee_41d5_a89b_b5b5a4cfed6a_1503943008690_2"},{"key":"?cn","val":"NO_95971b30_ca50_4ce0_9b10_6b10bdb4eabb_1503943016067_0"},{"key":"?claimantFirstName","val":"philip"}]}]},{"query":"?- ?v:AE#VATravelVoucher, ?v[AE#hasVoucherClaimant->?c], ?c[AE#hasName->?cn], ?cn[AE#hasLastName->?claimantLastName].","resultList":[{"result":[{"key":"?v","val":"VO_69653683_f2ee_41d5_a89b_b5b5a4cfed6a_1503943008690_0"},{"key":"?c","val":"VO_69653683_f2ee_41d5_a89b_b5b5a4cfed6a_1503943008690_2"},{"key":"?cn","val":"NO_95971b30_ca50_4ce0_9b10_6b10bdb4eabb_1503943016067_0"},{"key":"?claimantLastName","val":"mistry"}]}]},{"query":"?- ?v:AE#VATravelVoucher, ?v[AE#hasVoucherClaimant->?c], ?c[AE#hasSocialSecurityNumber->?s], ?s[label->?claimantSsn].","resultList":[{"result":[{"key":"?v","val":"VO_69653683_f2ee_41d5_a89b_b5b5a4cfed6a_1503943008690_0"},{"key":"?c","val":"VO_69653683_f2ee_41d5_a89b_b5b5a4cfed6a_1503943008690_2"},{"key":"?s","val":"VO_69653683_f2ee_41d5_a89b_b5b5a4cfed6a_1503943008690_12"},{"key":"?claimantSsn","val":"430-90-7376"}]}]},{"query":"?- ?v:AE#VATravelVoucher, ?v[AE#hasVoucherClaimant->?c], ?c[AE#hasLiens->?claimantHasLiens].","resultList":[{"result":[{"key":"?v","val":"VO_69653683_f2ee_41d5_a89b_b5b5a4cfed6a_1503943008690_0"},{"key":"?c","val":"VO_69653683_f2ee_41d5_a89b_b5b5a4cfed6a_1503943008690_2"},{"key":"?claimantHasLiens","val":"AE#NoLienReport"}]}]},{"query":"?- ?v:AE#VATravelVoucher, ?v[AE#hasVoucherClaimant->?c], ?c[AE#hasDeclaredBankruptcy->?claimantHasDeclaredBankruptcy].","resultList":[{"result":[{"key":"?v","val":"VO_69653683_f2ee_41d5_a89b_b5b5a4cfed6a_1503943008690_0"},{"key":"?c","val":"VO_69653683_f2ee_41d5_a89b_b5b5a4cfed6a_1503943008690_2"},{"key":"?claimantHasDeclaredBankruptcy","val":"AE#NoBankruptcyReport"}]}]},{"query":"?- ?v:AE#VATravelVoucher, ?v[AE#hasVoucherClaimant->?c], ?c[AE#hasArrestRecord->?claimantHasArrestRecord].","resultList":[{"result":[{"key":"?v","val":"VO_69653683_f2ee_41d5_a89b_b5b5a4cfed6a_1503943008690_0"},{"key":"?c","val":"VO_69653683_f2ee_41d5_a89b_b5b5a4cfed6a_1503943008690_2"},{"key":"?claimantHasArrestRecord","val":"AE#NoArrestRecord"}]}]},{"query":"?- ?v:AE#VATravelVoucher, ?v[AE#hasVoucherClaimant->?c], ?c[AE#hasCriminalRecord->?claimantHasCriminalRecord].","resultList":[{"result":[{"key":"?v","val":"VO_69653683_f2ee_41d5_a89b_b5b5a4cfed6a_1503943008690_0"},{"key":"?c","val":"VO_69653683_f2ee_41d5_a89b_b5b5a4cfed6a_1503943008690_2"},{"key":"?claimantHasCriminalRecord","val":"AE#NoCriminalRecord"}]}]},{"query":"?- ?v:AE#VATravelVoucher, ?v[AE#hasVoucherBeneficiary->?b], ?b[AE#hasName->?cn], ?cn[label->?beneficiaryFullName].","resultList":[{"result":[{"key":"?v","val":"VO_69653683_f2ee_41d5_a89b_b5b5a4cfed6a_1503943008690_0"},{"key":"?b","val":"VO_69653683_f2ee_41d5_a89b_b5b5a4cfed6a_1503943008690_11"},{"key":"?cn","val":"VO_69653683_f2ee_41d5_a89b_b5b5a4cfed6a_1503943008690_10"},{"key":"?beneficiaryFullName","val":"Philip K. Mistry"}]},{"result":[{"key":"?v","val":"VO_69653683_f2ee_41d5_a89b_b5b5a4cfed6a_1503943008690_0"},{"key":"?b","val":"VO_69653683_f2ee_41d5_a89b_b5b5a4cfed6a_1503943008690_11"},{"key":"?cn","val":"NO_6b676c45_58d4_4ce0_9e11_656f90598977_1503943014075_0"},{"key":"?beneficiaryFullName","val":"Philip K. Mistry"}]}]},{"query":"?- ?v:AE#VATravelVoucher, ?v[AE#hasVoucherBeneficiary->?b], ?b[AE#hasName->?cn], ?cn[AE#hasFirstName->?beneficiaryFirstName].","resultList":[{"result":[{"key":"?v","val":"VO_69653683_f2ee_41d5_a89b_b5b5a4cfed6a_1503943008690_0"},{"key":"?b","val":"VO_69653683_f2ee_41d5_a89b_b5b5a4cfed6a_1503943008690_11"},{"key":"?cn","val":"NO_6b676c45_58d4_4ce0_9e11_656f90598977_1503943014075_0"},{"key":"?beneficiaryFirstName","val":"philip"}]}]},{"query":"?- ?v:AE#VATravelVoucher, ?v[AE#hasVoucherBeneficiary->?b], ?b[AE#hasName->?cn], ?cn[AE#hasLastName->?beneficiaryLastName].","resultList":[{"result":[{"key":"?v","val":"VO_69653683_f2ee_41d5_a89b_b5b5a4cfed6a_1503943008690_0"},{"key":"?b","val":"VO_69653683_f2ee_41d5_a89b_b5b5a4cfed6a_1503943008690_11"},{"key":"?cn","val":"NO_6b676c45_58d4_4ce0_9e11_656f90598977_1503943014075_0"},{"key":"?beneficiaryLastName","val":"mistry"}]}]},{"query":"?- ?v:AE#VATravelVoucher, ?v[AE#hasVoucherBeneficiary->?b], ?b[AE#hasSocialSecurityNumber->?s], ?s[label->?beneficiarySsn].","resultList":[{"result":[{"key":"?v","val":"VO_69653683_f2ee_41d5_a89b_b5b5a4cfed6a_1503943008690_0"},{"key":"?b","val":"VO_69653683_f2ee_41d5_a89b_b5b5a4cfed6a_1503943008690_11"},{"key":"?s","val":"VO_69653683_f2ee_41d5_a89b_b5b5a4cfed6a_1503943008690_9"},{"key":"?beneficiarySsn","val":"430-90-7376"}]}]},{"query":"?- ?v:AE#VATravelVoucher, ?v[AE#hasVoucherBeneficiary->?b], ?b[AE#hasLiens->?beneficiaryHasLiens].","resultList":[{"result":[{"key":"?v","val":"VO_69653683_f2ee_41d5_a89b_b5b5a4cfed6a_1503943008690_0"},{"key":"?b","val":"VO_69653683_f2ee_41d5_a89b_b5b5a4cfed6a_1503943008690_11"},{"key":"?beneficiaryHasLiens","val":"AE#NoLienReport"}]}]},{"query":"?- ?v:AE#VATravelVoucher, ?v[AE#hasVoucherBeneficiary->?b], ?b[AE#hasDeclaredBankruptcy->?beneficiaryHasDeclaredBankruptcy].","resultList":[{"result":[{"key":"?v","val":"VO_69653683_f2ee_41d5_a89b_b5b5a4cfed6a_1503943008690_0"},{"key":"?b","val":"VO_69653683_f2ee_41d5_a89b_b5b5a4cfed6a_1503943008690_11"},{"key":"?beneficiaryHasDeclaredBankruptcy","val":"AE#NoBankruptcyReport"}]}]},{"query":"?- ?v:AE#VATravelVoucher, ?v[AE#hasVoucherBeneficiary->?b], ?b[AE#hasArrestRecord->?beneficiaryHasArrestRecord].","resultList":[{"result":[{"key":"?v","val":"VO_69653683_f2ee_41d5_a89b_b5b5a4cfed6a_1503943008690_0"},{"key":"?b","val":"VO_69653683_f2ee_41d5_a89b_b5b5a4cfed6a_1503943008690_11"},{"key":"?beneficiaryHasArrestRecord","val":"AE#NoArrestRecord"}]}]},{"query":"?- ?v:AE#VATravelVoucher, ?v[AE#hasVoucherBeneficiary->?b], ?b[AE#hasCriminalRecord->?beneficiaryHasCriminalRecord].","resultList":[{"result":[{"key":"?v","val":"VO_69653683_f2ee_41d5_a89b_b5b5a4cfed6a_1503943008690_0"},{"key":"?b","val":"VO_69653683_f2ee_41d5_a89b_b5b5a4cfed6a_1503943008690_11"},{"key":"?beneficiaryHasCriminalRecord","val":"AE#NoCriminalRecord"}]}]},{"query":"?- ?t:AE#Travelling, ?t[AE#hasPath->?p], ?p[AE#hasDistance->?d], ?d[AE#numericValue->?expectedDistanceValue], ?d[AE#hasUnitOfMeasure->?unitOfDistanceMeasure].","resultList":[{"result":[{"key":"?t","val":"VO_69653683_f2ee_41d5_a89b_b5b5a4cfed6a_1503943008690_6"},{"key":"?p","val":"ES_a8f3a009_c74d_4d16_a84c_fe0d77779ee4_1503943034312_4"},{"key":"?d","val":"ES_a8f3a009_c74d_4d16_a84c_fe0d77779ee4_1503943034312_0"},{"key":"?expectedDistanceValue","val":"8771.6112570495461113750934600830078125"},{"key":"?unitOfDistanceMeasure","val":"meters"}]}]},{"query":"?- ?t:AE#Travelling, ?t[AE#hasPath->?p], ?p[AE#hasExpectedTravelTime->?d], ?d[AE#numericValue->?expectedTimeValue], ?d[AE#hasUnitOfMeasure->?unitOfTimeMeasure].","resultList":[{"result":[{"key":"?t","val":"VO_69653683_f2ee_41d5_a89b_b5b5a4cfed6a_1503943008690_6"},{"key":"?p","val":"ES_a8f3a009_c74d_4d16_a84c_fe0d77779ee4_1503943034312_4"},{"key":"?d","val":"ES_a8f3a009_c74d_4d16_a84c_fe0d77779ee4_1503943034312_2"},{"key":"?expectedTimeValue","val":"9.606476986664347350597381591796875"},{"key":"?unitOfTimeMeasure","val":"minutes"}]}]},{"query":"?- ?t:AE#Travelling, ?t[AE#hasDestination->?d], ?d[label->?destinationFullAddress].","resultList":[{"result":[{"key":"?t","val":"VO_69653683_f2ee_41d5_a89b_b5b5a4cfed6a_1503943008690_7"},{"key":"?d","val":"VO_69653683_f2ee_41d5_a89b_b5b5a4cfed6a_1503943008690_8"},{"key":"?destinationFullAddress","val":"2790 Truxton Road, Suite 130, San Diego, CA 92106"}]},{"result":[{"key":"?t","val":"VO_69653683_f2ee_41d5_a89b_b5b5a4cfed6a_1503943008690_6"},{"key":"?d","val":"VO_69653683_f2ee_41d5_a89b_b5b5a4cfed6a_1503943008690_5"},{"key":"?destinationFullAddress","val":"59 Strawberry Street San Diego, CA 92117"}]}]},{"query":"?- ?t:AE#Travelling, ?t[AE#hasDestination->?d], ?d[AE#hasStreet->?s], ?s[label->?destinationStreetName], ?d[AE#hasCity->?c], ?c[label->?destinationCity], ?d[AE#hasState->?st], ?st[label->?destinationState], ?d[AE#hasZipcode->?destinationZipCode].","resultList":[{"result":[{"key":"?t","val":"VO_69653683_f2ee_41d5_a89b_b5b5a4cfed6a_1503943008690_7"},{"key":"?d","val":"VO_69653683_f2ee_41d5_a89b_b5b5a4cfed6a_1503943008690_8"},{"key":"?s","val":"NO_a103d697_0833_4241_8b85_ab536b84917d_1503943018033_id5"},{"key":"?destinationStreetName","val":"2790 Truxton Road"},{"key":"?c","val":"NO_a103d697_0833_4241_8b85_ab536b84917d_1503943018033_id11"},{"key":"?destinationCity","val":"San Diego"},{"key":"?st","val":"NO_a103d697_0833_4241_8b85_ab536b84917d_1503943018033_id13"},{"key":"?destinationState","val":"CA"},{"key":"?destinationZipCode","val":"92106"}]},{"result":[{"key":"?t","val":"VO_69653683_f2ee_41d5_a89b_b5b5a4cfed6a_1503943008690_6"},{"key":"?d","val":"VO_69653683_f2ee_41d5_a89b_b5b5a4cfed6a_1503943008690_5"},{"key":"?s","val":"NO_0ae95792_eb24_4a82_ae26_b29fc5a27c29_1503943020081_id3"},{"key":"?destinationStreetName","val":"59 Strawberry Street"},{"key":"?c","val":"NO_0ae95792_eb24_4a82_ae26_b29fc5a27c29_1503943020081_id9"},{"key":"?destinationCity","val":"San Diego"},{"key":"?st","val":"NO_0ae95792_eb24_4a82_ae26_b29fc5a27c29_1503943020081_id11"},{"key":"?destinationState","val":"CA"},{"key":"?destinationZipCode","val":"92117"}]}]},{"query":"?- ?t:AE#Travelling, ?t[AE#hasOrigin->?d], ?d[label->?originFullAddress].","resultList":[{"result":[{"key":"?t","val":"VO_69653683_f2ee_41d5_a89b_b5b5a4cfed6a_1503943008690_7"},{"key":"?d","val":"VO_69653683_f2ee_41d5_a89b_b5b5a4cfed6a_1503943008690_3"},{"key":"?originFullAddress","val":"59 Strawberry Street San Diego, CA 92117"}]},{"result":[{"key":"?t","val":"VO_69653683_f2ee_41d5_a89b_b5b5a4cfed6a_1503943008690_6"},{"key":"?d","val":"VO_69653683_f2ee_41d5_a89b_b5b5a4cfed6a_1503943008690_8"},{"key":"?originFullAddress","val":"2790 Truxton Road, Suite 130, San Diego, CA 92106"}]}]},{"query":"?- ?t:AE#Travelling, ?t[AE#hasOrigin->?d], ?d[AE#hasStreet->?s], ?s[label->?originStreetName], ?d[AE#hasCity->?c], ?c[label->?originCity], ?d[AE#hasState->?st], ?st[label->?originState], ?d[AE#hasZipcode->?originZipCode].","resultList":[{"result":[{"key":"?t","val":"VO_69653683_f2ee_41d5_a89b_b5b5a4cfed6a_1503943008690_7"},{"key":"?d","val":"VO_69653683_f2ee_41d5_a89b_b5b5a4cfed6a_1503943008690_3"},{"key":"?s","val":"NO_94f0aef6_a654_4ab3_9e0f_db62115ca877_1503943022183_id3"},{"key":"?originStreetName","val":"59 Strawberry Street"},{"key":"?c","val":"NO_94f0aef6_a654_4ab3_9e0f_db62115ca877_1503943022183_id9"},{"key":"?originCity","val":"San Diego"},{"key":"?st","val":"NO_94f0aef6_a654_4ab3_9e0f_db62115ca877_1503943022183_id11"},{"key":"?originState","val":"CA"},{"key":"?originZipCode","val":"92117"}]},{"result":[{"key":"?t","val":"VO_69653683_f2ee_41d5_a89b_b5b5a4cfed6a_1503943008690_6"},{"key":"?d","val":"VO_69653683_f2ee_41d5_a89b_b5b5a4cfed6a_1503943008690_8"},{"key":"?s","val":"NO_a103d697_0833_4241_8b85_ab536b84917d_1503943018033_id5"},{"key":"?originStreetName","val":"2790 Truxton Road"},{"key":"?c","val":"NO_a103d697_0833_4241_8b85_ab536b84917d_1503943018033_id11"},{"key":"?originCity","val":"San Diego"},{"key":"?st","val":"NO_a103d697_0833_4241_8b85_ab536b84917d_1503943018033_id13"},{"key":"?originState","val":"CA"},{"key":"?originZipCode","val":"92106"}]}]},{"query":"?- ?t:AE#Travelling, ?t[AE#hasPath->?p], ?p[AE#hasStartRegion->?s], ?s[AE#hasLatitude->?originLatitude], ?s[AE#hasLongitude->?originLongitude].","resultList":[{"result":[{"key":"?t","val":"VO_69653683_f2ee_41d5_a89b_b5b5a4cfed6a_1503943008690_6"},{"key":"?p","val":"ES_a8f3a009_c74d_4d16_a84c_fe0d77779ee4_1503943034312_4"},{"key":"?s","val":"ES_a8f3a009_c74d_4d16_a84c_fe0d77779ee4_1503943034312_3"},{"key":"?originLatitude","val":"32.74051839275188058309140615165233612060546875"},{"key":"?originLongitude","val":"-117.2130215001728856805129908025264739990234375"}]}]},{"query":"?- ?t:AE#Travelling, ?t[AE#hasPath->?p], ?p[AE#hasEndRegion->?e], ?e[AE#hasLatitude->?destinationLatitude], ?e[AE#hasLongitude->?destinationLongitude].","resultList":[{"result":[{"key":"?t","val":"VO_69653683_f2ee_41d5_a89b_b5b5a4cfed6a_1503943008690_6"},{"key":"?p","val":"ES_a8f3a009_c74d_4d16_a84c_fe0d77779ee4_1503943034312_4"},{"key":"?e","val":"ES_a8f3a009_c74d_4d16_a84c_fe0d77779ee4_1503943034312_1"},{"key":"?destinationLatitude","val":"32.79662300000001096123014576733112335205078125"},{"key":"?destinationLongitude","val":"-117.197813600000017686397768557071685791015625"}]}]}]}
