{"dataList":[{"query":"?- ?v:AE#VATravelVoucher, ?v[AE#hasVoucherClaimant->?c], ?c[AE#hasName->?cn], ?cn[label->?claimantFullName].","resultList":[{"result":[{"key":"?v","val":"VO_6e8fc958_ba5e_4a39_85c7_33a757253f14_1503941182842_0"},{"key":"?c","val":"VO_6e8fc958_ba5e_4a39_85c7_33a757253f14_1503941182842_2"},{"key":"?cn","val":"VO_6e8fc958_ba5e_4a39_85c7_33a757253f14_1503941182842_1"},{"key":"?claimantFullName","val":"John Bobby Blomfield"}]},{"result":[{"key":"?v","val":"VO_6e8fc958_ba5e_4a39_85c7_33a757253f14_1503941182842_0"},{"key":"?c","val":"VO_6e8fc958_ba5e_4a39_85c7_33a757253f14_1503941182842_2"},{"key":"?cn","val":"NO_65398cec_11e2_4fa4_acf4_8a29c2baf4e1_1503941191833_0"},{"key":"?claimantFullName","val":"John Bobby Blomfield"}]}]},{"query":"?- ?v:AE#VATravelVoucher, ?v[AE#hasVoucherClaimant->?c], ?c[AE#hasName->?cn], ?cn[AE#hasFirstName->?claimantFirstName].","resultList":[{"result":[{"key":"?v","val":"VO_6e8fc958_ba5e_4a39_85c7_33a757253f14_1503941182842_0"},{"key":"?c","val":"VO_6e8fc958_ba5e_4a39_85c7_33a757253f14_1503941182842_2"},{"key":"?cn","val":"NO_65398cec_11e2_4fa4_acf4_8a29c2baf4e1_1503941191833_0"},{"key":"?claimantFirstName","val":"john"}]}]},{"query":"?- ?v:AE#VATravelVoucher, ?v[AE#hasVoucherClaimant->?c], ?c[AE#hasName->?cn], ?cn[AE#hasLastName->?claimantLastName].","resultList":[{"result":[{"key":"?v","val":"VO_6e8fc958_ba5e_4a39_85c7_33a757253f14_1503941182842_0"},{"key":"?c","val":"VO_6e8fc958_ba5e_4a39_85c7_33a757253f14_1503941182842_2"},{"key":"?cn","val":"NO_65398cec_11e2_4fa4_acf4_8a29c2baf4e1_1503941191833_0"},{"key":"?claimantLastName","val":"blomfield"}]}]},{"query":"?- ?v:AE#VATravelVoucher, ?v[AE#hasVoucherClaimant->?c], ?c[AE#hasSocialSecurityNumber->?s], ?s[label->?claimantSsn].","resultList":[{"result":[{"key":"?v","val":"VO_6e8fc958_ba5e_4a39_85c7_33a757253f14_1503941182842_0"},{"key":"?c","val":"VO_6e8fc958_ba5e_4a39_85c7_33a757253f14_1503941182842_2"},{"key":"?s","val":"VO_6e8fc958_ba5e_4a39_85c7_33a757253f14_1503941182842_12"},{"key":"?claimantSsn","val":"913-80-7976"}]}]},{"query":"?- ?v:AE#VATravelVoucher, ?v[AE#hasVoucherClaimant->?c], ?c[AE#hasLiens->?claimantHasLiens].","resultList":[{"result":[{"key":"?v","val":"VO_6e8fc958_ba5e_4a39_85c7_33a757253f14_1503941182842_0"},{"key":"?c","val":"VO_6e8fc958_ba5e_4a39_85c7_33a757253f14_1503941182842_2"},{"key":"?claimantHasLiens","val":"AE#UnknownLienReport"}]}]},{"query":"?- ?v:AE#VATravelVoucher, ?v[AE#hasVoucherClaimant->?c], ?c[AE#hasDeclaredBankruptcy->?claimantHasDeclaredBankruptcy].","resultList":[{"result":[{"key":"?v","val":"VO_6e8fc958_ba5e_4a39_85c7_33a757253f14_1503941182842_0"},{"key":"?c","val":"VO_6e8fc958_ba5e_4a39_85c7_33a757253f14_1503941182842_2"},{"key":"?claimantHasDeclaredBankruptcy","val":"AE#NoBankruptcyReport"}]}]},{"query":"?- ?v:AE#VATravelVoucher, ?v[AE#hasVoucherClaimant->?c], ?c[AE#hasArrestRecord->?claimantHasArrestRecord].","resultList":[{"result":[{"key":"?v","val":"VO_6e8fc958_ba5e_4a39_85c7_33a757253f14_1503941182842_0"},{"key":"?c","val":"VO_6e8fc958_ba5e_4a39_85c7_33a757253f14_1503941182842_2"},{"key":"?claimantHasArrestRecord","val":"AE#NoArrestRecord"}]}]},{"query":"?- ?v:AE#VATravelVoucher, ?v[AE#hasVoucherClaimant->?c], ?c[AE#hasCriminalRecord->?claimantHasCriminalRecord].","resultList":[{"result":[{"key":"?v","val":"VO_6e8fc958_ba5e_4a39_85c7_33a757253f14_1503941182842_0"},{"key":"?c","val":"VO_6e8fc958_ba5e_4a39_85c7_33a757253f14_1503941182842_2"},{"key":"?claimantHasCriminalRecord","val":"AE#NoCriminalRecord"}]}]},{"query":"?- ?v:AE#VATravelVoucher, ?v[AE#hasVoucherBeneficiary->?b], ?b[AE#hasName->?cn], ?cn[label->?beneficiaryFullName].","resultList":[{"result":[{"key":"?v","val":"VO_6e8fc958_ba5e_4a39_85c7_33a757253f14_1503941182842_0"},{"key":"?b","val":"VO_6e8fc958_ba5e_4a39_85c7_33a757253f14_1503941182842_11"},{"key":"?cn","val":"VO_6e8fc958_ba5e_4a39_85c7_33a757253f14_1503941182842_10"},{"key":"?beneficiaryFullName","val":"Johnathon David Drane"}]},{"result":[{"key":"?v","val":"VO_6e8fc958_ba5e_4a39_85c7_33a757253f14_1503941182842_0"},{"key":"?b","val":"VO_6e8fc958_ba5e_4a39_85c7_33a757253f14_1503941182842_11"},{"key":"?cn","val":"NO_5bd090d2_1a7f_45fd_b9d7_c9b97357618f_1503941189734_0"},{"key":"?beneficiaryFullName","val":"Johnathon David Drane"}]}]},{"query":"?- ?v:AE#VATravelVoucher, ?v[AE#hasVoucherBeneficiary->?b], ?b[AE#hasName->?cn], ?cn[AE#hasFirstName->?beneficiaryFirstName].","resultList":[{"result":[{"key":"?v","val":"VO_6e8fc958_ba5e_4a39_85c7_33a757253f14_1503941182842_0"},{"key":"?b","val":"VO_6e8fc958_ba5e_4a39_85c7_33a757253f14_1503941182842_11"},{"key":"?cn","val":"NO_5bd090d2_1a7f_45fd_b9d7_c9b97357618f_1503941189734_0"},{"key":"?beneficiaryFirstName","val":"johnathon"}]}]},{"query":"?- ?v:AE#VATravelVoucher, ?v[AE#hasVoucherBeneficiary->?b], ?b[AE#hasName->?cn], ?cn[AE#hasLastName->?beneficiaryLastName].","resultList":[{"result":[{"key":"?v","val":"VO_6e8fc958_ba5e_4a39_85c7_33a757253f14_1503941182842_0"},{"key":"?b","val":"VO_6e8fc958_ba5e_4a39_85c7_33a757253f14_1503941182842_11"},{"key":"?cn","val":"NO_5bd090d2_1a7f_45fd_b9d7_c9b97357618f_1503941189734_0"},{"key":"?beneficiaryLastName","val":"drane"}]}]},{"query":"?- ?v:AE#VATravelVoucher, ?v[AE#hasVoucherBeneficiary->?b], ?b[AE#hasSocialSecurityNumber->?s], ?s[label->?beneficiarySsn].","resultList":[{"result":[{"key":"?v","val":"VO_6e8fc958_ba5e_4a39_85c7_33a757253f14_1503941182842_0"},{"key":"?b","val":"VO_6e8fc958_ba5e_4a39_85c7_33a757253f14_1503941182842_11"},{"key":"?s","val":"VO_6e8fc958_ba5e_4a39_85c7_33a757253f14_1503941182842_9"},{"key":"?beneficiarySsn","val":"836-91-4861"}]}]},{"query":"?- ?v:AE#VATravelVoucher, ?v[AE#hasVoucherBeneficiary->?b], ?b[AE#hasLiens->?beneficiaryHasLiens].","resultList":[{"result":[{"key":"?v","val":"VO_6e8fc958_ba5e_4a39_85c7_33a757253f14_1503941182842_0"},{"key":"?b","val":"VO_6e8fc958_ba5e_4a39_85c7_33a757253f14_1503941182842_11"},{"key":"?beneficiaryHasLiens","val":"AE#NoLienReport"}]}]},{"query":"?- ?v:AE#VATravelVoucher, ?v[AE#hasVoucherBeneficiary->?b], ?b[AE#hasDeclaredBankruptcy->?beneficiaryHasDeclaredBankruptcy].","resultList":[{"result":[{"key":"?v","val":"VO_6e8fc958_ba5e_4a39_85c7_33a757253f14_1503941182842_0"},{"key":"?b","val":"VO_6e8fc958_ba5e_4a39_85c7_33a757253f14_1503941182842_11"},{"key":"?beneficiaryHasDeclaredBankruptcy","val":"AE#NoBankruptcyReport"}]}]},{"query":"?- ?v:AE#VATravelVoucher, ?v[AE#hasVoucherBeneficiary->?b], ?b[AE#hasArrestRecord->?beneficiaryHasArrestRecord].","resultList":[{"result":[{"key":"?v","val":"VO_6e8fc958_ba5e_4a39_85c7_33a757253f14_1503941182842_0"},{"key":"?b","val":"VO_6e8fc958_ba5e_4a39_85c7_33a757253f14_1503941182842_11"},{"key":"?beneficiaryHasArrestRecord","val":"AE#NoArrestRecord"}]}]},{"query":"?- ?v:AE#VATravelVoucher, ?v[AE#hasVoucherBeneficiary->?b], ?b[AE#hasCriminalRecord->?beneficiaryHasCriminalRecord].","resultList":[{"result":[{"key":"?v","val":"VO_6e8fc958_ba5e_4a39_85c7_33a757253f14_1503941182842_0"},{"key":"?b","val":"VO_6e8fc958_ba5e_4a39_85c7_33a757253f14_1503941182842_11"},{"key":"?beneficiaryHasCriminalRecord","val":"AE#NoCriminalRecord"}]}]},{"query":"?- ?t:AE#Travelling, ?t[AE#hasPath->?p], ?p[AE#hasDistance->?d], ?d[AE#numericValue->?expectedDistanceValue], ?d[AE#hasUnitOfMeasure->?unitOfDistanceMeasure].","resultList":[{"result":[{"key":"?t","val":"VO_6e8fc958_ba5e_4a39_85c7_33a757253f14_1503941182842_6"},{"key":"?p","val":"ES_fed344df_ec76_4492_b323_2396fe54e4a9_1503941212620_4"},{"key":"?d","val":"ES_fed344df_ec76_4492_b323_2396fe54e4a9_1503941212620_0"},{"key":"?expectedDistanceValue","val":"3589.36451782564790846663527190685272216796875"},{"key":"?unitOfDistanceMeasure","val":"meters"}]}]},{"query":"?- ?t:AE#Travelling, ?t[AE#hasPath->?p], ?p[AE#hasExpectedTravelTime->?d], ?d[AE#numericValue->?expectedTimeValue], ?d[AE#hasUnitOfMeasure->?unitOfTimeMeasure].","resultList":[{"result":[{"key":"?t","val":"VO_6e8fc958_ba5e_4a39_85c7_33a757253f14_1503941182842_6"},{"key":"?p","val":"ES_fed344df_ec76_4492_b323_2396fe54e4a9_1503941212620_4"},{"key":"?d","val":"ES_fed344df_ec76_4492_b323_2396fe54e4a9_1503941212620_2"},{"key":"?expectedTimeValue","val":"6.208561048842966556549072265625"},{"key":"?unitOfTimeMeasure","val":"minutes"}]}]},{"query":"?- ?t:AE#Travelling, ?t[AE#hasDestination->?d], ?d[label->?destinationFullAddress].","resultList":[{"result":[{"key":"?t","val":"VO_6e8fc958_ba5e_4a39_85c7_33a757253f14_1503941182842_7"},{"key":"?d","val":"VO_6e8fc958_ba5e_4a39_85c7_33a757253f14_1503941182842_8"},{"key":"?destinationFullAddress","val":"2790 Truxton Road, Suite 130, San Diego, CA 92106"}]},{"result":[{"key":"?t","val":"VO_6e8fc958_ba5e_4a39_85c7_33a757253f14_1503941182842_6"},{"key":"?d","val":"VO_6e8fc958_ba5e_4a39_85c7_33a757253f14_1503941182842_5"},{"key":"?destinationFullAddress","val":"3537 Addison St San Diego, CA 92106"}]}]},{"query":"?- ?t:AE#Travelling, ?t[AE#hasDestination->?d], ?d[AE#hasStreet->?s], ?s[label->?destinationStreetName], ?d[AE#hasCity->?c], ?c[label->?destinationCity], ?d[AE#hasState->?st], ?st[label->?destinationState], ?d[AE#hasZipcode->?destinationZipCode].","resultList":[{"result":[{"key":"?t","val":"VO_6e8fc958_ba5e_4a39_85c7_33a757253f14_1503941182842_7"},{"key":"?d","val":"VO_6e8fc958_ba5e_4a39_85c7_33a757253f14_1503941182842_8"},{"key":"?s","val":"NO_d82ed534_50d5_4f42_bc98_9b808b49c023_1503941193724_id5"},{"key":"?destinationStreetName","val":"2790 Truxton Road"},{"key":"?c","val":"NO_d82ed534_50d5_4f42_bc98_9b808b49c023_1503941193724_id11"},{"key":"?destinationCity","val":"San Diego"},{"key":"?st","val":"NO_d82ed534_50d5_4f42_bc98_9b808b49c023_1503941193724_id13"},{"key":"?destinationState","val":"CA"},{"key":"?destinationZipCode","val":"92106"}]},{"result":[{"key":"?t","val":"VO_6e8fc958_ba5e_4a39_85c7_33a757253f14_1503941182842_6"},{"key":"?d","val":"VO_6e8fc958_ba5e_4a39_85c7_33a757253f14_1503941182842_5"},{"key":"?s","val":"NO_d8f20264_0cf9_445f_8a79_f020a124cf9d_1503941195631_id3"},{"key":"?destinationStreetName","val":"3537 Addison St"},{"key":"?c","val":"NO_d8f20264_0cf9_445f_8a79_f020a124cf9d_1503941195631_id9"},{"key":"?destinationCity","val":"San Diego"},{"key":"?st","val":"NO_d8f20264_0cf9_445f_8a79_f020a124cf9d_1503941195631_id11"},{"key":"?destinationState","val":"CA"},{"key":"?destinationZipCode","val":"92106"}]}]},{"query":"?- ?t:AE#Travelling, ?t[AE#hasOrigin->?d], ?d[label->?originFullAddress].","resultList":[{"result":[{"key":"?t","val":"VO_6e8fc958_ba5e_4a39_85c7_33a757253f14_1503941182842_7"},{"key":"?d","val":"VO_6e8fc958_ba5e_4a39_85c7_33a757253f14_1503941182842_3"},{"key":"?originFullAddress","val":"4644 Denwood Rd, La Mesa, CA 91942"}]},{"result":[{"key":"?t","val":"VO_6e8fc958_ba5e_4a39_85c7_33a757253f14_1503941182842_7"},{"key":"?d","val":"VO_6e8fc958_ba5e_4a39_85c7_33a757253f14_1503941182842_3"},{"key":"?originFullAddress","val":"4644 Denwood Rd, La"}]},{"result":[{"key":"?t","val":"VO_6e8fc958_ba5e_4a39_85c7_33a757253f14_1503941182842_6"},{"key":"?d","val":"VO_6e8fc958_ba5e_4a39_85c7_33a757253f14_1503941182842_8"},{"key":"?originFullAddress","val":"2790 Truxton Road, Suite 130, San Diego, CA 92106"}]}]},{"query":"?- ?t:AE#Travelling, ?t[AE#hasOrigin->?d], ?d[AE#hasStreet->?s], ?s[label->?originStreetName], ?d[AE#hasCity->?c], ?c[label->?originCity], ?d[AE#hasState->?st], ?st[label->?originState], ?d[AE#hasZipcode->?originZipCode].","resultList":[{"result":[{"key":"?t","val":"VO_6e8fc958_ba5e_4a39_85c7_33a757253f14_1503941182842_6"},{"key":"?d","val":"VO_6e8fc958_ba5e_4a39_85c7_33a757253f14_1503941182842_8"},{"key":"?s","val":"NO_d82ed534_50d5_4f42_bc98_9b808b49c023_1503941193724_id5"},{"key":"?originStreetName","val":"2790 Truxton Road"},{"key":"?c","val":"NO_d82ed534_50d5_4f42_bc98_9b808b49c023_1503941193724_id11"},{"key":"?originCity","val":"San Diego"},{"key":"?st","val":"NO_d82ed534_50d5_4f42_bc98_9b808b49c023_1503941193724_id13"},{"key":"?originState","val":"CA"},{"key":"?originZipCode","val":"92106"}]}]},{"query":"?- ?t:AE#Travelling, ?t[AE#hasPath->?p], ?p[AE#hasStartRegion->?s], ?s[AE#hasLatitude->?originLatitude], ?s[AE#hasLongitude->?originLongitude].","resultList":[{"result":[{"key":"?t","val":"VO_6e8fc958_ba5e_4a39_85c7_33a757253f14_1503941182842_6"},{"key":"?p","val":"ES_fed344df_ec76_4492_b323_2396fe54e4a9_1503941212620_4"},{"key":"?s","val":"ES_fed344df_ec76_4492_b323_2396fe54e4a9_1503941212620_3"},{"key":"?originLatitude","val":"32.74051839275188058309140615165233612060546875"},{"key":"?originLongitude","val":"-117.2130215001728856805129908025264739990234375"}]}]},{"query":"?- ?t:AE#Travelling, ?t[AE#hasPath->?p], ?p[AE#hasEndRegion->?e], ?e[AE#hasLatitude->?destinationLatitude], ?e[AE#hasLongitude->?destinationLongitude].","resultList":[{"result":[{"key":"?t","val":"VO_6e8fc958_ba5e_4a39_85c7_33a757253f14_1503941182842_6"},{"key":"?p","val":"ES_fed344df_ec76_4492_b323_2396fe54e4a9_1503941212620_4"},{"key":"?e","val":"ES_fed344df_ec76_4492_b323_2396fe54e4a9_1503941212620_1"},{"key":"?destinationLatitude","val":"32.726214367736247368156909942626953125"},{"key":"?destinationLongitude","val":"-117.2365517013962517012259922921657562255859375"}]}]}]}
