{"dataList":[{"query":"?- ?v:AE#VATravelVoucher, ?v[AE#hasVoucherClaimant->?c], ?c[AE#hasName->?cn], ?cn[label->?claimantFullName].","resultList":[{"result":[{"key":"?v","val":"VO_6fd125e1_7dd1_4e32_957a_478fc9378b87_1503942095975_0"},{"key":"?c","val":"VO_6fd125e1_7dd1_4e32_957a_478fc9378b87_1503942095975_2"},{"key":"?cn","val":"VO_6fd125e1_7dd1_4e32_957a_478fc9378b87_1503942095975_1"},{"key":"?claimantFullName","val":"Daniel M. Humphries"}]},{"result":[{"key":"?v","val":"VO_6fd125e1_7dd1_4e32_957a_478fc9378b87_1503942095975_0"},{"key":"?c","val":"VO_6fd125e1_7dd1_4e32_957a_478fc9378b87_1503942095975_2"},{"key":"?cn","val":"NO_acbc71dd_371f_4ce9_a6df_a0e7a3a7987a_1503942103686_0"},{"key":"?claimantFullName","val":"Daniel M. Humphries"}]}]},{"query":"?- ?v:AE#VATravelVoucher, ?v[AE#hasVoucherClaimant->?c], ?c[AE#hasName->?cn], ?cn[AE#hasFirstName->?claimantFirstName].","resultList":[{"result":[{"key":"?v","val":"VO_6fd125e1_7dd1_4e32_957a_478fc9378b87_1503942095975_0"},{"key":"?c","val":"VO_6fd125e1_7dd1_4e32_957a_478fc9378b87_1503942095975_2"},{"key":"?cn","val":"NO_acbc71dd_371f_4ce9_a6df_a0e7a3a7987a_1503942103686_0"},{"key":"?claimantFirstName","val":"daniel"}]}]},{"query":"?- ?v:AE#VATravelVoucher, ?v[AE#hasVoucherClaimant->?c], ?c[AE#hasName->?cn], ?cn[AE#hasLastName->?claimantLastName].","resultList":[{"result":[{"key":"?v","val":"VO_6fd125e1_7dd1_4e32_957a_478fc9378b87_1503942095975_0"},{"key":"?c","val":"VO_6fd125e1_7dd1_4e32_957a_478fc9378b87_1503942095975_2"},{"key":"?cn","val":"NO_acbc71dd_371f_4ce9_a6df_a0e7a3a7987a_1503942103686_0"},{"key":"?claimantLastName","val":"humphries"}]}]},{"query":"?- ?v:AE#VATravelVoucher, ?v[AE#hasVoucherClaimant->?c], ?c[AE#hasSocialSecurityNumber->?s], ?s[label->?claimantSsn].","resultList":[{"result":[{"key":"?v","val":"VO_6fd125e1_7dd1_4e32_957a_478fc9378b87_1503942095975_0"},{"key":"?c","val":"VO_6fd125e1_7dd1_4e32_957a_478fc9378b87_1503942095975_2"},{"key":"?s","val":"VO_6fd125e1_7dd1_4e32_957a_478fc9378b87_1503942095975_12"},{"key":"?claimantSsn","val":"235-95-5912"}]}]},{"query":"?- ?v:AE#VATravelVoucher, ?v[AE#hasVoucherClaimant->?c], ?c[AE#hasLiens->?claimantHasLiens].","resultList":[{"result":[{"key":"?v","val":"VO_6fd125e1_7dd1_4e32_957a_478fc9378b87_1503942095975_0"},{"key":"?c","val":"VO_6fd125e1_7dd1_4e32_957a_478fc9378b87_1503942095975_2"},{"key":"?claimantHasLiens","val":"AE#NoLienReport"}]}]},{"query":"?- ?v:AE#VATravelVoucher, ?v[AE#hasVoucherClaimant->?c], ?c[AE#hasDeclaredBankruptcy->?claimantHasDeclaredBankruptcy].","resultList":[{"result":[{"key":"?v","val":"VO_6fd125e1_7dd1_4e32_957a_478fc9378b87_1503942095975_0"},{"key":"?c","val":"VO_6fd125e1_7dd1_4e32_957a_478fc9378b87_1503942095975_2"},{"key":"?claimantHasDeclaredBankruptcy","val":"AE#NoBankruptcyReport"}]}]},{"query":"?- ?v:AE#VATravelVoucher, ?v[AE#hasVoucherClaimant->?c], ?c[AE#hasArrestRecord->?claimantHasArrestRecord].","resultList":[{"result":[{"key":"?v","val":"VO_6fd125e1_7dd1_4e32_957a_478fc9378b87_1503942095975_0"},{"key":"?c","val":"VO_6fd125e1_7dd1_4e32_957a_478fc9378b87_1503942095975_2"},{"key":"?claimantHasArrestRecord","val":"AE#NoArrestRecord"}]}]},{"query":"?- ?v:AE#VATravelVoucher, ?v[AE#hasVoucherClaimant->?c], ?c[AE#hasCriminalRecord->?claimantHasCriminalRecord].","resultList":[{"result":[{"key":"?v","val":"VO_6fd125e1_7dd1_4e32_957a_478fc9378b87_1503942095975_0"},{"key":"?c","val":"VO_6fd125e1_7dd1_4e32_957a_478fc9378b87_1503942095975_2"},{"key":"?claimantHasCriminalRecord","val":"AE#NoCriminalRecord"}]}]},{"query":"?- ?v:AE#VATravelVoucher, ?v[AE#hasVoucherBeneficiary->?b], ?b[AE#hasName->?cn], ?cn[label->?beneficiaryFullName].","resultList":[{"result":[{"key":"?v","val":"VO_6fd125e1_7dd1_4e32_957a_478fc9378b87_1503942095975_0"},{"key":"?b","val":"VO_6fd125e1_7dd1_4e32_957a_478fc9378b87_1503942095975_11"},{"key":"?cn","val":"VO_6fd125e1_7dd1_4e32_957a_478fc9378b87_1503942095975_10"},{"key":"?beneficiaryFullName","val":"Daniel M. Humphries"}]},{"result":[{"key":"?v","val":"VO_6fd125e1_7dd1_4e32_957a_478fc9378b87_1503942095975_0"},{"key":"?b","val":"VO_6fd125e1_7dd1_4e32_957a_478fc9378b87_1503942095975_11"},{"key":"?cn","val":"NO_ce40a14d_7894_45ff_8e9c_c9b752613535_1503942101675_0"},{"key":"?beneficiaryFullName","val":"Daniel M. Humphries"}]}]},{"query":"?- ?v:AE#VATravelVoucher, ?v[AE#hasVoucherBeneficiary->?b], ?b[AE#hasName->?cn], ?cn[AE#hasFirstName->?beneficiaryFirstName].","resultList":[{"result":[{"key":"?v","val":"VO_6fd125e1_7dd1_4e32_957a_478fc9378b87_1503942095975_0"},{"key":"?b","val":"VO_6fd125e1_7dd1_4e32_957a_478fc9378b87_1503942095975_11"},{"key":"?cn","val":"NO_ce40a14d_7894_45ff_8e9c_c9b752613535_1503942101675_0"},{"key":"?beneficiaryFirstName","val":"daniel"}]}]},{"query":"?- ?v:AE#VATravelVoucher, ?v[AE#hasVoucherBeneficiary->?b], ?b[AE#hasName->?cn], ?cn[AE#hasLastName->?beneficiaryLastName].","resultList":[{"result":[{"key":"?v","val":"VO_6fd125e1_7dd1_4e32_957a_478fc9378b87_1503942095975_0"},{"key":"?b","val":"VO_6fd125e1_7dd1_4e32_957a_478fc9378b87_1503942095975_11"},{"key":"?cn","val":"NO_ce40a14d_7894_45ff_8e9c_c9b752613535_1503942101675_0"},{"key":"?beneficiaryLastName","val":"humphries"}]}]},{"query":"?- ?v:AE#VATravelVoucher, ?v[AE#hasVoucherBeneficiary->?b], ?b[AE#hasSocialSecurityNumber->?s], ?s[label->?beneficiarySsn].","resultList":[{"result":[{"key":"?v","val":"VO_6fd125e1_7dd1_4e32_957a_478fc9378b87_1503942095975_0"},{"key":"?b","val":"VO_6fd125e1_7dd1_4e32_957a_478fc9378b87_1503942095975_11"},{"key":"?s","val":"VO_6fd125e1_7dd1_4e32_957a_478fc9378b87_1503942095975_9"},{"key":"?beneficiarySsn","val":"235-95-5912"}]}]},{"query":"?- ?v:AE#VATravelVoucher, ?v[AE#hasVoucherBeneficiary->?b], ?b[AE#hasLiens->?beneficiaryHasLiens].","resultList":[{"result":[{"key":"?v","val":"VO_6fd125e1_7dd1_4e32_957a_478fc9378b87_1503942095975_0"},{"key":"?b","val":"VO_6fd125e1_7dd1_4e32_957a_478fc9378b87_1503942095975_11"},{"key":"?beneficiaryHasLiens","val":"AE#NoLienReport"}]}]},{"query":"?- ?v:AE#VATravelVoucher, ?v[AE#hasVoucherBeneficiary->?b], ?b[AE#hasDeclaredBankruptcy->?beneficiaryHasDeclaredBankruptcy].","resultList":[{"result":[{"key":"?v","val":"VO_6fd125e1_7dd1_4e32_957a_478fc9378b87_1503942095975_0"},{"key":"?b","val":"VO_6fd125e1_7dd1_4e32_957a_478fc9378b87_1503942095975_11"},{"key":"?beneficiaryHasDeclaredBankruptcy","val":"AE#NoBankruptcyReport"}]}]},{"query":"?- ?v:AE#VATravelVoucher, ?v[AE#hasVoucherBeneficiary->?b], ?b[AE#hasArrestRecord->?beneficiaryHasArrestRecord].","resultList":[{"result":[{"key":"?v","val":"VO_6fd125e1_7dd1_4e32_957a_478fc9378b87_1503942095975_0"},{"key":"?b","val":"VO_6fd125e1_7dd1_4e32_957a_478fc9378b87_1503942095975_11"},{"key":"?beneficiaryHasArrestRecord","val":"AE#NoArrestRecord"}]}]},{"query":"?- ?v:AE#VATravelVoucher, ?v[AE#hasVoucherBeneficiary->?b], ?b[AE#hasCriminalRecord->?beneficiaryHasCriminalRecord].","resultList":[{"result":[{"key":"?v","val":"VO_6fd125e1_7dd1_4e32_957a_478fc9378b87_1503942095975_0"},{"key":"?b","val":"VO_6fd125e1_7dd1_4e32_957a_478fc9378b87_1503942095975_11"},{"key":"?beneficiaryHasCriminalRecord","val":"AE#NoCriminalRecord"}]}]},{"query":"?- ?t:AE#Travelling, ?t[AE#hasPath->?p], ?p[AE#hasDistance->?d], ?d[AE#numericValue->?expectedDistanceValue], ?d[AE#hasUnitOfMeasure->?unitOfDistanceMeasure].","resultList":[{"result":[{"key":"?t","val":"VO_6fd125e1_7dd1_4e32_957a_478fc9378b87_1503942095975_6"},{"key":"?p","val":"ES_222b8bbb_067d_4d32_b010_adac4f2fb7b8_1503942121859_4"},{"key":"?d","val":"ES_222b8bbb_067d_4d32_b010_adac4f2fb7b8_1503942121859_0"},{"key":"?expectedDistanceValue","val":"8771.6112570495461113750934600830078125"},{"key":"?unitOfDistanceMeasure","val":"meters"}]}]},{"query":"?- ?t:AE#Travelling, ?t[AE#hasPath->?p], ?p[AE#hasExpectedTravelTime->?d], ?d[AE#numericValue->?expectedTimeValue], ?d[AE#hasUnitOfMeasure->?unitOfTimeMeasure].","resultList":[{"result":[{"key":"?t","val":"VO_6fd125e1_7dd1_4e32_957a_478fc9378b87_1503942095975_6"},{"key":"?p","val":"ES_222b8bbb_067d_4d32_b010_adac4f2fb7b8_1503942121859_4"},{"key":"?d","val":"ES_222b8bbb_067d_4d32_b010_adac4f2fb7b8_1503942121859_2"},{"key":"?expectedTimeValue","val":"9.606476986664347350597381591796875"},{"key":"?unitOfTimeMeasure","val":"minutes"}]}]},{"query":"?- ?t:AE#Travelling, ?t[AE#hasDestination->?d], ?d[label->?destinationFullAddress].","resultList":[{"result":[{"key":"?t","val":"VO_6fd125e1_7dd1_4e32_957a_478fc9378b87_1503942095975_7"},{"key":"?d","val":"VO_6fd125e1_7dd1_4e32_957a_478fc9378b87_1503942095975_8"},{"key":"?destinationFullAddress","val":"2790 Truxton Road, Suite 130, San Diego, CA 92106"}]},{"result":[{"key":"?t","val":"VO_6fd125e1_7dd1_4e32_957a_478fc9378b87_1503942095975_6"},{"key":"?d","val":"VO_6fd125e1_7dd1_4e32_957a_478fc9378b87_1503942095975_5"},{"key":"?destinationFullAddress","val":"85 Trusel Avenue San Diego, CA 92117"}]}]},{"query":"?- ?t:AE#Travelling, ?t[AE#hasDestination->?d], ?d[AE#hasStreet->?s], ?s[label->?destinationStreetName], ?d[AE#hasCity->?c], ?c[label->?destinationCity], ?d[AE#hasState->?st], ?st[label->?destinationState], ?d[AE#hasZipcode->?destinationZipCode].","resultList":[{"result":[{"key":"?t","val":"VO_6fd125e1_7dd1_4e32_957a_478fc9378b87_1503942095975_7"},{"key":"?d","val":"VO_6fd125e1_7dd1_4e32_957a_478fc9378b87_1503942095975_8"},{"key":"?s","val":"NO_e84c122c_009d_420c_99fa_1893d2630655_1503942105656_id5"},{"key":"?destinationStreetName","val":"2790 Truxton Road"},{"key":"?c","val":"NO_e84c122c_009d_420c_99fa_1893d2630655_1503942105656_id11"},{"key":"?destinationCity","val":"San Diego"},{"key":"?st","val":"NO_e84c122c_009d_420c_99fa_1893d2630655_1503942105656_id13"},{"key":"?destinationState","val":"CA"},{"key":"?destinationZipCode","val":"92106"}]},{"result":[{"key":"?t","val":"VO_6fd125e1_7dd1_4e32_957a_478fc9378b87_1503942095975_6"},{"key":"?d","val":"VO_6fd125e1_7dd1_4e32_957a_478fc9378b87_1503942095975_5"},{"key":"?s","val":"NO_9f2a918c_282e_43fa_9cb0_dca2a1dae1ef_1503942107494_id3"},{"key":"?destinationStreetName","val":"85 Trusel Avenue"},{"key":"?c","val":"NO_9f2a918c_282e_43fa_9cb0_dca2a1dae1ef_1503942107494_id9"},{"key":"?destinationCity","val":"San Diego"},{"key":"?st","val":"NO_9f2a918c_282e_43fa_9cb0_dca2a1dae1ef_1503942107494_id11"},{"key":"?destinationState","val":"CA"},{"key":"?destinationZipCode","val":"92117"}]}]},{"query":"?- ?t:AE#Travelling, ?t[AE#hasOrigin->?d], ?d[label->?originFullAddress].","resultList":[{"result":[{"key":"?t","val":"VO_6fd125e1_7dd1_4e32_957a_478fc9378b87_1503942095975_7"},{"key":"?d","val":"VO_6fd125e1_7dd1_4e32_957a_478fc9378b87_1503942095975_3"},{"key":"?originFullAddress","val":"85 Trusel Avenue San Diego, CA 92117"}]},{"result":[{"key":"?t","val":"VO_6fd125e1_7dd1_4e32_957a_478fc9378b87_1503942095975_6"},{"key":"?d","val":"VO_6fd125e1_7dd1_4e32_957a_478fc9378b87_1503942095975_8"},{"key":"?originFullAddress","val":"2790 Truxton Road, Suite 130, San Diego, CA 92106"}]}]},{"query":"?- ?t:AE#Travelling, ?t[AE#hasOrigin->?d], ?d[AE#hasStreet->?s], ?s[label->?originStreetName], ?d[AE#hasCity->?c], ?c[label->?originCity], ?d[AE#hasState->?st], ?st[label->?originState], ?d[AE#hasZipcode->?originZipCode].","resultList":[{"result":[{"key":"?t","val":"VO_6fd125e1_7dd1_4e32_957a_478fc9378b87_1503942095975_7"},{"key":"?d","val":"VO_6fd125e1_7dd1_4e32_957a_478fc9378b87_1503942095975_3"},{"key":"?s","val":"NO_07c1a16c_1c80_4eb4_88b1_1d1d398f45ac_1503942109363_id3"},{"key":"?originStreetName","val":"85 Trusel Avenue"},{"key":"?c","val":"NO_07c1a16c_1c80_4eb4_88b1_1d1d398f45ac_1503942109363_id9"},{"key":"?originCity","val":"San Diego"},{"key":"?st","val":"NO_07c1a16c_1c80_4eb4_88b1_1d1d398f45ac_1503942109363_id11"},{"key":"?originState","val":"CA"},{"key":"?originZipCode","val":"92117"}]},{"result":[{"key":"?t","val":"VO_6fd125e1_7dd1_4e32_957a_478fc9378b87_1503942095975_6"},{"key":"?d","val":"VO_6fd125e1_7dd1_4e32_957a_478fc9378b87_1503942095975_8"},{"key":"?s","val":"NO_e84c122c_009d_420c_99fa_1893d2630655_1503942105656_id5"},{"key":"?originStreetName","val":"2790 Truxton Road"},{"key":"?c","val":"NO_e84c122c_009d_420c_99fa_1893d2630655_1503942105656_id11"},{"key":"?originCity","val":"San Diego"},{"key":"?st","val":"NO_e84c122c_009d_420c_99fa_1893d2630655_1503942105656_id13"},{"key":"?originState","val":"CA"},{"key":"?originZipCode","val":"92106"}]}]},{"query":"?- ?t:AE#Travelling, ?t[AE#hasPath->?p], ?p[AE#hasStartRegion->?s], ?s[AE#hasLatitude->?originLatitude], ?s[AE#hasLongitude->?originLongitude].","resultList":[{"result":[{"key":"?t","val":"VO_6fd125e1_7dd1_4e32_957a_478fc9378b87_1503942095975_6"},{"key":"?p","val":"ES_222b8bbb_067d_4d32_b010_adac4f2fb7b8_1503942121859_4"},{"key":"?s","val":"ES_222b8bbb_067d_4d32_b010_adac4f2fb7b8_1503942121859_3"},{"key":"?originLatitude","val":"32.74051839275188058309140615165233612060546875"},{"key":"?originLongitude","val":"-117.2130215001728856805129908025264739990234375"}]}]},{"query":"?- ?t:AE#Travelling, ?t[AE#hasPath->?p], ?p[AE#hasEndRegion->?e], ?e[AE#hasLatitude->?destinationLatitude], ?e[AE#hasLongitude->?destinationLongitude].","resultList":[{"result":[{"key":"?t","val":"VO_6fd125e1_7dd1_4e32_957a_478fc9378b87_1503942095975_6"},{"key":"?p","val":"ES_222b8bbb_067d_4d32_b010_adac4f2fb7b8_1503942121859_4"},{"key":"?e","val":"ES_222b8bbb_067d_4d32_b010_adac4f2fb7b8_1503942121859_1"},{"key":"?destinationLatitude","val":"32.79662300000001096123014576733112335205078125"},{"key":"?destinationLongitude","val":"-117.197813600000017686397768557071685791015625"}]}]}]}
