{"dataList":[{"query":"?- ?v:AE#VATravelVoucher, ?v[AE#hasVoucherClaimant->?c], ?c[AE#hasName->?cn], ?cn[label->?claimantFullName].","resultList":[{"result":[{"key":"?v","val":"VO_6240b4e4_a449_4674_8768_00157b99431b_1503941152423_0"},{"key":"?c","val":"VO_6240b4e4_a449_4674_8768_00157b99431b_1503941152423_2"},{"key":"?cn","val":"VO_6240b4e4_a449_4674_8768_00157b99431b_1503941152423_1"},{"key":"?claimantFullName","val":"Ronald Ricardo Bryant"}]},{"result":[{"key":"?v","val":"VO_6240b4e4_a449_4674_8768_00157b99431b_1503941152423_0"},{"key":"?c","val":"VO_6240b4e4_a449_4674_8768_00157b99431b_1503941152423_2"},{"key":"?cn","val":"NO_d5353d5f_185b_4a2e_b4b8_13521b2f3804_1503941160089_0"},{"key":"?claimantFullName","val":"Ronald Ricardo Bryant"}]}]},{"query":"?- ?v:AE#VATravelVoucher, ?v[AE#hasVoucherClaimant->?c], ?c[AE#hasName->?cn], ?cn[AE#hasFirstName->?claimantFirstName].","resultList":[{"result":[{"key":"?v","val":"VO_6240b4e4_a449_4674_8768_00157b99431b_1503941152423_0"},{"key":"?c","val":"VO_6240b4e4_a449_4674_8768_00157b99431b_1503941152423_2"},{"key":"?cn","val":"NO_d5353d5f_185b_4a2e_b4b8_13521b2f3804_1503941160089_0"},{"key":"?claimantFirstName","val":"ronald"}]}]},{"query":"?- ?v:AE#VATravelVoucher, ?v[AE#hasVoucherClaimant->?c], ?c[AE#hasName->?cn], ?cn[AE#hasLastName->?claimantLastName].","resultList":[{"result":[{"key":"?v","val":"VO_6240b4e4_a449_4674_8768_00157b99431b_1503941152423_0"},{"key":"?c","val":"VO_6240b4e4_a449_4674_8768_00157b99431b_1503941152423_2"},{"key":"?cn","val":"NO_d5353d5f_185b_4a2e_b4b8_13521b2f3804_1503941160089_0"},{"key":"?claimantLastName","val":"bryant"}]}]},{"query":"?- ?v:AE#VATravelVoucher, ?v[AE#hasVoucherClaimant->?c], ?c[AE#hasSocialSecurityNumber->?s], ?s[label->?claimantSsn].","resultList":[{"result":[{"key":"?v","val":"VO_6240b4e4_a449_4674_8768_00157b99431b_1503941152423_0"},{"key":"?c","val":"VO_6240b4e4_a449_4674_8768_00157b99431b_1503941152423_2"},{"key":"?s","val":"VO_6240b4e4_a449_4674_8768_00157b99431b_1503941152423_12"},{"key":"?claimantSsn","val":"039-60-9312"}]}]},{"query":"?- ?v:AE#VATravelVoucher, ?v[AE#hasVoucherClaimant->?c], ?c[AE#hasLiens->?claimantHasLiens].","resultList":[{"result":[{"key":"?v","val":"VO_6240b4e4_a449_4674_8768_00157b99431b_1503941152423_0"},{"key":"?c","val":"VO_6240b4e4_a449_4674_8768_00157b99431b_1503941152423_2"},{"key":"?claimantHasLiens","val":"AE#NoLienReport"}]}]},{"query":"?- ?v:AE#VATravelVoucher, ?v[AE#hasVoucherClaimant->?c], ?c[AE#hasDeclaredBankruptcy->?claimantHasDeclaredBankruptcy].","resultList":[{"result":[{"key":"?v","val":"VO_6240b4e4_a449_4674_8768_00157b99431b_1503941152423_0"},{"key":"?c","val":"VO_6240b4e4_a449_4674_8768_00157b99431b_1503941152423_2"},{"key":"?claimantHasDeclaredBankruptcy","val":"AE#NoBankruptcyReport"}]}]},{"query":"?- ?v:AE#VATravelVoucher, ?v[AE#hasVoucherClaimant->?c], ?c[AE#hasArrestRecord->?claimantHasArrestRecord].","resultList":[{"result":[{"key":"?v","val":"VO_6240b4e4_a449_4674_8768_00157b99431b_1503941152423_0"},{"key":"?c","val":"VO_6240b4e4_a449_4674_8768_00157b99431b_1503941152423_2"},{"key":"?claimantHasArrestRecord","val":"AE#NoArrestRecord"}]}]},{"query":"?- ?v:AE#VATravelVoucher, ?v[AE#hasVoucherClaimant->?c], ?c[AE#hasCriminalRecord->?claimantHasCriminalRecord].","resultList":[{"result":[{"key":"?v","val":"VO_6240b4e4_a449_4674_8768_00157b99431b_1503941152423_0"},{"key":"?c","val":"VO_6240b4e4_a449_4674_8768_00157b99431b_1503941152423_2"},{"key":"?claimantHasCriminalRecord","val":"AE#NoCriminalRecord"}]}]},{"query":"?- ?v:AE#VATravelVoucher, ?v[AE#hasVoucherBeneficiary->?b], ?b[AE#hasName->?cn], ?cn[label->?beneficiaryFullName].","resultList":[{"result":[{"key":"?v","val":"VO_6240b4e4_a449_4674_8768_00157b99431b_1503941152423_0"},{"key":"?b","val":"VO_6240b4e4_a449_4674_8768_00157b99431b_1503941152423_11"},{"key":"?cn","val":"VO_6240b4e4_a449_4674_8768_00157b99431b_1503941152423_10"},{"key":"?beneficiaryFullName","val":"Michael A. Berger"}]},{"result":[{"key":"?v","val":"VO_6240b4e4_a449_4674_8768_00157b99431b_1503941152423_0"},{"key":"?b","val":"VO_6240b4e4_a449_4674_8768_00157b99431b_1503941152423_11"},{"key":"?cn","val":"NO_fa64512f_4143_4e35_8d59_71b14a233e31_1503941158190_0"},{"key":"?beneficiaryFullName","val":"Michael A. Berger"}]}]},{"query":"?- ?v:AE#VATravelVoucher, ?v[AE#hasVoucherBeneficiary->?b], ?b[AE#hasName->?cn], ?cn[AE#hasFirstName->?beneficiaryFirstName].","resultList":[{"result":[{"key":"?v","val":"VO_6240b4e4_a449_4674_8768_00157b99431b_1503941152423_0"},{"key":"?b","val":"VO_6240b4e4_a449_4674_8768_00157b99431b_1503941152423_11"},{"key":"?cn","val":"NO_fa64512f_4143_4e35_8d59_71b14a233e31_1503941158190_0"},{"key":"?beneficiaryFirstName","val":"michael"}]}]},{"query":"?- ?v:AE#VATravelVoucher, ?v[AE#hasVoucherBeneficiary->?b], ?b[AE#hasName->?cn], ?cn[AE#hasLastName->?beneficiaryLastName].","resultList":[{"result":[{"key":"?v","val":"VO_6240b4e4_a449_4674_8768_00157b99431b_1503941152423_0"},{"key":"?b","val":"VO_6240b4e4_a449_4674_8768_00157b99431b_1503941152423_11"},{"key":"?cn","val":"NO_fa64512f_4143_4e35_8d59_71b14a233e31_1503941158190_0"},{"key":"?beneficiaryLastName","val":"berger"}]}]},{"query":"?- ?v:AE#VATravelVoucher, ?v[AE#hasVoucherBeneficiary->?b], ?b[AE#hasSocialSecurityNumber->?s], ?s[label->?beneficiarySsn].","resultList":[{"result":[{"key":"?v","val":"VO_6240b4e4_a449_4674_8768_00157b99431b_1503941152423_0"},{"key":"?b","val":"VO_6240b4e4_a449_4674_8768_00157b99431b_1503941152423_11"},{"key":"?s","val":"VO_6240b4e4_a449_4674_8768_00157b99431b_1503941152423_9"},{"key":"?beneficiarySsn","val":"406-04-2675"}]}]},{"query":"?- ?v:AE#VATravelVoucher, ?v[AE#hasVoucherBeneficiary->?b], ?b[AE#hasLiens->?beneficiaryHasLiens].","resultList":[{"result":[{"key":"?v","val":"VO_6240b4e4_a449_4674_8768_00157b99431b_1503941152423_0"},{"key":"?b","val":"VO_6240b4e4_a449_4674_8768_00157b99431b_1503941152423_11"},{"key":"?beneficiaryHasLiens","val":"AE#UnknownLienReport"}]}]},{"query":"?- ?v:AE#VATravelVoucher, ?v[AE#hasVoucherBeneficiary->?b], ?b[AE#hasDeclaredBankruptcy->?beneficiaryHasDeclaredBankruptcy].","resultList":[{"result":[{"key":"?v","val":"VO_6240b4e4_a449_4674_8768_00157b99431b_1503941152423_0"},{"key":"?b","val":"VO_6240b4e4_a449_4674_8768_00157b99431b_1503941152423_11"},{"key":"?beneficiaryHasDeclaredBankruptcy","val":"AE#UnknownBankruptcyReport"}]}]},{"query":"?- ?v:AE#VATravelVoucher, ?v[AE#hasVoucherBeneficiary->?b], ?b[AE#hasArrestRecord->?beneficiaryHasArrestRecord].","resultList":[{"result":[{"key":"?v","val":"VO_6240b4e4_a449_4674_8768_00157b99431b_1503941152423_0"},{"key":"?b","val":"VO_6240b4e4_a449_4674_8768_00157b99431b_1503941152423_11"},{"key":"?beneficiaryHasArrestRecord","val":"AE#NoArrestRecord"}]}]},{"query":"?- ?v:AE#VATravelVoucher, ?v[AE#hasVoucherBeneficiary->?b], ?b[AE#hasCriminalRecord->?beneficiaryHasCriminalRecord].","resultList":[{"result":[{"key":"?v","val":"VO_6240b4e4_a449_4674_8768_00157b99431b_1503941152423_0"},{"key":"?b","val":"VO_6240b4e4_a449_4674_8768_00157b99431b_1503941152423_11"},{"key":"?beneficiaryHasCriminalRecord","val":"AE#NoCriminalRecord"}]}]},{"query":"?- ?t:AE#Travelling, ?t[AE#hasPath->?p], ?p[AE#hasDistance->?d], ?d[AE#numericValue->?expectedDistanceValue], ?d[AE#hasUnitOfMeasure->?unitOfDistanceMeasure].","resultList":[{"result":[{"key":"?t","val":"VO_6240b4e4_a449_4674_8768_00157b99431b_1503941152423_6"},{"key":"?p","val":"ES_e2861e06_edf6_4809_a1e5_3b1b96608354_1503941178797_4"},{"key":"?d","val":"ES_e2861e06_edf6_4809_a1e5_3b1b96608354_1503941178797_0"},{"key":"?expectedDistanceValue","val":"17533.91210645783212385140359401702880859375"},{"key":"?unitOfDistanceMeasure","val":"meters"}]}]},{"query":"?- ?t:AE#Travelling, ?t[AE#hasPath->?p], ?p[AE#hasExpectedTravelTime->?d], ?d[AE#numericValue->?expectedTimeValue], ?d[AE#hasUnitOfMeasure->?unitOfTimeMeasure].","resultList":[{"result":[{"key":"?t","val":"VO_6240b4e4_a449_4674_8768_00157b99431b_1503941152423_6"},{"key":"?p","val":"ES_e2861e06_edf6_4809_a1e5_3b1b96608354_1503941178797_4"},{"key":"?d","val":"ES_e2861e06_edf6_4809_a1e5_3b1b96608354_1503941178797_2"},{"key":"?expectedTimeValue","val":"13.355997423059307038784027099609375"},{"key":"?unitOfTimeMeasure","val":"minutes"}]}]},{"query":"?- ?t:AE#Travelling, ?t[AE#hasDestination->?d], ?d[label->?destinationFullAddress].","resultList":[{"result":[{"key":"?t","val":"VO_6240b4e4_a449_4674_8768_00157b99431b_1503941152423_7"},{"key":"?d","val":"VO_6240b4e4_a449_4674_8768_00157b99431b_1503941152423_8"},{"key":"?destinationFullAddress","val":"2790 Truxton Road, Suite 130, San Diego, CA 92106"}]},{"result":[{"key":"?t","val":"VO_6240b4e4_a449_4674_8768_00157b99431b_1503941152423_6"},{"key":"?d","val":"VO_6240b4e4_a449_4674_8768_00157b99431b_1503941152423_5"},{"key":"?destinationFullAddress","val":"6647 Mulberry St. San Diego, CA 92115"}]}]},{"query":"?- ?t:AE#Travelling, ?t[AE#hasDestination->?d], ?d[AE#hasStreet->?s], ?s[label->?destinationStreetName], ?d[AE#hasCity->?c], ?c[label->?destinationCity], ?d[AE#hasState->?st], ?st[label->?destinationState], ?d[AE#hasZipcode->?destinationZipCode].","resultList":[{"result":[{"key":"?t","val":"VO_6240b4e4_a449_4674_8768_00157b99431b_1503941152423_7"},{"key":"?d","val":"VO_6240b4e4_a449_4674_8768_00157b99431b_1503941152423_8"},{"key":"?s","val":"NO_31516c90_da4e_46ed_8211_32912e28878e_1503941162071_id5"},{"key":"?destinationStreetName","val":"2790 Truxton Road"},{"key":"?c","val":"NO_31516c90_da4e_46ed_8211_32912e28878e_1503941162071_id11"},{"key":"?destinationCity","val":"San Diego"},{"key":"?st","val":"NO_31516c90_da4e_46ed_8211_32912e28878e_1503941162071_id13"},{"key":"?destinationState","val":"CA"},{"key":"?destinationZipCode","val":"92106"}]},{"result":[{"key":"?t","val":"VO_6240b4e4_a449_4674_8768_00157b99431b_1503941152423_6"},{"key":"?d","val":"VO_6240b4e4_a449_4674_8768_00157b99431b_1503941152423_5"},{"key":"?s","val":"NO_0c54d42e_a7ca_46fd_a56a_9e23fb7a1570_1503941164156_id3"},{"key":"?destinationStreetName","val":"6647 Mulberry St."},{"key":"?c","val":"NO_0c54d42e_a7ca_46fd_a56a_9e23fb7a1570_1503941164156_id9"},{"key":"?destinationCity","val":"San Diego"},{"key":"?st","val":"NO_0c54d42e_a7ca_46fd_a56a_9e23fb7a1570_1503941164156_id11"},{"key":"?destinationState","val":"CA"},{"key":"?destinationZipCode","val":"92115"}]}]},{"query":"?- ?t:AE#Travelling, ?t[AE#hasOrigin->?d], ?d[label->?originFullAddress].","resultList":[{"result":[{"key":"?t","val":"VO_6240b4e4_a449_4674_8768_00157b99431b_1503941152423_7"},{"key":"?d","val":"VO_6240b4e4_a449_4674_8768_00157b99431b_1503941152423_3"},{"key":"?originFullAddress","val":"3246 44th St, San Diego, CA 92105"}]},{"result":[{"key":"?t","val":"VO_6240b4e4_a449_4674_8768_00157b99431b_1503941152423_6"},{"key":"?d","val":"VO_6240b4e4_a449_4674_8768_00157b99431b_1503941152423_8"},{"key":"?originFullAddress","val":"2790 Truxton Road, Suite 130, San Diego, CA 92106"}]}]},{"query":"?- ?t:AE#Travelling, ?t[AE#hasOrigin->?d], ?d[AE#hasStreet->?s], ?s[label->?originStreetName], ?d[AE#hasCity->?c], ?c[label->?originCity], ?d[AE#hasState->?st], ?st[label->?originState], ?d[AE#hasZipcode->?originZipCode].","resultList":[{"result":[{"key":"?t","val":"VO_6240b4e4_a449_4674_8768_00157b99431b_1503941152423_7"},{"key":"?d","val":"VO_6240b4e4_a449_4674_8768_00157b99431b_1503941152423_3"},{"key":"?s","val":"NO_b1df1573_2719_4c36_9542_12484ec80728_1503941166001_id3"},{"key":"?originStreetName","val":"3246 44th St"},{"key":"?c","val":"NO_b1df1573_2719_4c36_9542_12484ec80728_1503941166001_id9"},{"key":"?originCity","val":"San Diego"},{"key":"?st","val":"NO_b1df1573_2719_4c36_9542_12484ec80728_1503941166001_id11"},{"key":"?originState","val":"CA"},{"key":"?originZipCode","val":"92105"}]},{"result":[{"key":"?t","val":"VO_6240b4e4_a449_4674_8768_00157b99431b_1503941152423_6"},{"key":"?d","val":"VO_6240b4e4_a449_4674_8768_00157b99431b_1503941152423_8"},{"key":"?s","val":"NO_31516c90_da4e_46ed_8211_32912e28878e_1503941162071_id5"},{"key":"?originStreetName","val":"2790 Truxton Road"},{"key":"?c","val":"NO_31516c90_da4e_46ed_8211_32912e28878e_1503941162071_id11"},{"key":"?originCity","val":"San Diego"},{"key":"?st","val":"NO_31516c90_da4e_46ed_8211_32912e28878e_1503941162071_id13"},{"key":"?originState","val":"CA"},{"key":"?originZipCode","val":"92106"}]}]},{"query":"?- ?t:AE#Travelling, ?t[AE#hasPath->?p], ?p[AE#hasStartRegion->?s], ?s[AE#hasLatitude->?originLatitude], ?s[AE#hasLongitude->?originLongitude].","resultList":[{"result":[{"key":"?t","val":"VO_6240b4e4_a449_4674_8768_00157b99431b_1503941152423_6"},{"key":"?p","val":"ES_e2861e06_edf6_4809_a1e5_3b1b96608354_1503941178797_4"},{"key":"?s","val":"ES_e2861e06_edf6_4809_a1e5_3b1b96608354_1503941178797_3"},{"key":"?originLatitude","val":"32.74051839275188058309140615165233612060546875"},{"key":"?originLongitude","val":"-117.2130215001728856805129908025264739990234375"}]}]},{"query":"?- ?t:AE#Travelling, ?t[AE#hasPath->?p], ?p[AE#hasEndRegion->?e], ?e[AE#hasLatitude->?destinationLatitude], ?e[AE#hasLongitude->?destinationLongitude].","resultList":[{"result":[{"key":"?t","val":"VO_6240b4e4_a449_4674_8768_00157b99431b_1503941152423_6"},{"key":"?p","val":"ES_e2861e06_edf6_4809_a1e5_3b1b96608354_1503941178797_4"},{"key":"?e","val":"ES_e2861e06_edf6_4809_a1e5_3b1b96608354_1503941178797_1"},{"key":"?destinationLatitude","val":"32.72780987258369123082957230508327484130859375"},{"key":"?destinationLongitude","val":"-117.05504332082074370191548950970172882080078125"}]}]}]}
