{"dataList":[{"query":"?- ?v:AE#VATravelVoucher, ?v[AE#hasVoucherClaimant->?c], ?c[AE#hasName->?cn], ?cn[label->?claimantFullName].","resultList":[{"result":[{"key":"?v","val":"VO_6239d131_6a92_4ba5_b911_7107f59b7088_1503942157063_0"},{"key":"?c","val":"VO_6239d131_6a92_4ba5_b911_7107f59b7088_1503942157063_2"},{"key":"?cn","val":"VO_6239d131_6a92_4ba5_b911_7107f59b7088_1503942157063_1"},{"key":"?claimantFullName","val":"Stephen B. Gonzalez"}]},{"result":[{"key":"?v","val":"VO_6239d131_6a92_4ba5_b911_7107f59b7088_1503942157063_0"},{"key":"?c","val":"VO_6239d131_6a92_4ba5_b911_7107f59b7088_1503942157063_2"},{"key":"?cn","val":"NO_38e60bb4_7078_4834_b4aa_0856b4f32d3d_1503942164577_0"},{"key":"?claimantFullName","val":"Stephen B. Gonzalez"}]}]},{"query":"?- ?v:AE#VATravelVoucher, ?v[AE#hasVoucherClaimant->?c], ?c[AE#hasName->?cn], ?cn[AE#hasFirstName->?claimantFirstName].","resultList":[{"result":[{"key":"?v","val":"VO_6239d131_6a92_4ba5_b911_7107f59b7088_1503942157063_0"},{"key":"?c","val":"VO_6239d131_6a92_4ba5_b911_7107f59b7088_1503942157063_2"},{"key":"?cn","val":"NO_38e60bb4_7078_4834_b4aa_0856b4f32d3d_1503942164577_0"},{"key":"?claimantFirstName","val":"stephen"}]}]},{"query":"?- ?v:AE#VATravelVoucher, ?v[AE#hasVoucherClaimant->?c], ?c[AE#hasName->?cn], ?cn[AE#hasLastName->?claimantLastName].","resultList":[{"result":[{"key":"?v","val":"VO_6239d131_6a92_4ba5_b911_7107f59b7088_1503942157063_0"},{"key":"?c","val":"VO_6239d131_6a92_4ba5_b911_7107f59b7088_1503942157063_2"},{"key":"?cn","val":"NO_38e60bb4_7078_4834_b4aa_0856b4f32d3d_1503942164577_0"},{"key":"?claimantLastName","val":"gonzalez"}]}]},{"query":"?- ?v:AE#VATravelVoucher, ?v[AE#hasVoucherClaimant->?c], ?c[AE#hasSocialSecurityNumber->?s], ?s[label->?claimantSsn].","resultList":[{"result":[{"key":"?v","val":"VO_6239d131_6a92_4ba5_b911_7107f59b7088_1503942157063_0"},{"key":"?c","val":"VO_6239d131_6a92_4ba5_b911_7107f59b7088_1503942157063_2"},{"key":"?s","val":"VO_6239d131_6a92_4ba5_b911_7107f59b7088_1503942157063_12"},{"key":"?claimantSsn","val":"605-87-1389"}]}]},{"query":"?- ?v:AE#VATravelVoucher, ?v[AE#hasVoucherClaimant->?c], ?c[AE#hasLiens->?claimantHasLiens].","resultList":[{"result":[{"key":"?v","val":"VO_6239d131_6a92_4ba5_b911_7107f59b7088_1503942157063_0"},{"key":"?c","val":"VO_6239d131_6a92_4ba5_b911_7107f59b7088_1503942157063_2"},{"key":"?claimantHasLiens","val":"AE#NoLienReport"}]}]},{"query":"?- ?v:AE#VATravelVoucher, ?v[AE#hasVoucherClaimant->?c], ?c[AE#hasDeclaredBankruptcy->?claimantHasDeclaredBankruptcy].","resultList":[{"result":[{"key":"?v","val":"VO_6239d131_6a92_4ba5_b911_7107f59b7088_1503942157063_0"},{"key":"?c","val":"VO_6239d131_6a92_4ba5_b911_7107f59b7088_1503942157063_2"},{"key":"?claimantHasDeclaredBankruptcy","val":"AE#NoBankruptcyReport"}]}]},{"query":"?- ?v:AE#VATravelVoucher, ?v[AE#hasVoucherClaimant->?c], ?c[AE#hasArrestRecord->?claimantHasArrestRecord].","resultList":[{"result":[{"key":"?v","val":"VO_6239d131_6a92_4ba5_b911_7107f59b7088_1503942157063_0"},{"key":"?c","val":"VO_6239d131_6a92_4ba5_b911_7107f59b7088_1503942157063_2"},{"key":"?claimantHasArrestRecord","val":"AE#NoArrestRecord"}]}]},{"query":"?- ?v:AE#VATravelVoucher, ?v[AE#hasVoucherClaimant->?c], ?c[AE#hasCriminalRecord->?claimantHasCriminalRecord].","resultList":[{"result":[{"key":"?v","val":"VO_6239d131_6a92_4ba5_b911_7107f59b7088_1503942157063_0"},{"key":"?c","val":"VO_6239d131_6a92_4ba5_b911_7107f59b7088_1503942157063_2"},{"key":"?claimantHasCriminalRecord","val":"AE#NoCriminalRecord"}]}]},{"query":"?- ?v:AE#VATravelVoucher, ?v[AE#hasVoucherBeneficiary->?b], ?b[AE#hasName->?cn], ?cn[label->?beneficiaryFullName].","resultList":[{"result":[{"key":"?v","val":"VO_6239d131_6a92_4ba5_b911_7107f59b7088_1503942157063_0"},{"key":"?b","val":"VO_6239d131_6a92_4ba5_b911_7107f59b7088_1503942157063_11"},{"key":"?cn","val":"NO_68edea7e_0f4a_4383_bfc0_41cf20a2922d_1503942162685_0"},{"key":"?beneficiaryFullName","val":"Joseph E. Knight"}]},{"result":[{"key":"?v","val":"VO_6239d131_6a92_4ba5_b911_7107f59b7088_1503942157063_0"},{"key":"?b","val":"VO_6239d131_6a92_4ba5_b911_7107f59b7088_1503942157063_11"},{"key":"?cn","val":"VO_6239d131_6a92_4ba5_b911_7107f59b7088_1503942157063_10"},{"key":"?beneficiaryFullName","val":"Joseph E. Knight"}]}]},{"query":"?- ?v:AE#VATravelVoucher, ?v[AE#hasVoucherBeneficiary->?b], ?b[AE#hasName->?cn], ?cn[AE#hasFirstName->?beneficiaryFirstName].","resultList":[{"result":[{"key":"?v","val":"VO_6239d131_6a92_4ba5_b911_7107f59b7088_1503942157063_0"},{"key":"?b","val":"VO_6239d131_6a92_4ba5_b911_7107f59b7088_1503942157063_11"},{"key":"?cn","val":"NO_68edea7e_0f4a_4383_bfc0_41cf20a2922d_1503942162685_0"},{"key":"?beneficiaryFirstName","val":"joseph"}]}]},{"query":"?- ?v:AE#VATravelVoucher, ?v[AE#hasVoucherBeneficiary->?b], ?b[AE#hasName->?cn], ?cn[AE#hasLastName->?beneficiaryLastName].","resultList":[{"result":[{"key":"?v","val":"VO_6239d131_6a92_4ba5_b911_7107f59b7088_1503942157063_0"},{"key":"?b","val":"VO_6239d131_6a92_4ba5_b911_7107f59b7088_1503942157063_11"},{"key":"?cn","val":"NO_68edea7e_0f4a_4383_bfc0_41cf20a2922d_1503942162685_0"},{"key":"?beneficiaryLastName","val":"knight"}]}]},{"query":"?- ?v:AE#VATravelVoucher, ?v[AE#hasVoucherBeneficiary->?b], ?b[AE#hasSocialSecurityNumber->?s], ?s[label->?beneficiarySsn].","resultList":[{"result":[{"key":"?v","val":"VO_6239d131_6a92_4ba5_b911_7107f59b7088_1503942157063_0"},{"key":"?b","val":"VO_6239d131_6a92_4ba5_b911_7107f59b7088_1503942157063_11"},{"key":"?s","val":"VO_6239d131_6a92_4ba5_b911_7107f59b7088_1503942157063_9"},{"key":"?beneficiarySsn","val":"352-57-6666"}]}]},{"query":"?- ?v:AE#VATravelVoucher, ?v[AE#hasVoucherBeneficiary->?b], ?b[AE#hasLiens->?beneficiaryHasLiens].","resultList":[{"result":[{"key":"?v","val":"VO_6239d131_6a92_4ba5_b911_7107f59b7088_1503942157063_0"},{"key":"?b","val":"VO_6239d131_6a92_4ba5_b911_7107f59b7088_1503942157063_11"},{"key":"?beneficiaryHasLiens","val":"AE#NoLienReport"}]}]},{"query":"?- ?v:AE#VATravelVoucher, ?v[AE#hasVoucherBeneficiary->?b], ?b[AE#hasDeclaredBankruptcy->?beneficiaryHasDeclaredBankruptcy].","resultList":[{"result":[{"key":"?v","val":"VO_6239d131_6a92_4ba5_b911_7107f59b7088_1503942157063_0"},{"key":"?b","val":"VO_6239d131_6a92_4ba5_b911_7107f59b7088_1503942157063_11"},{"key":"?beneficiaryHasDeclaredBankruptcy","val":"AE#NoBankruptcyReport"}]}]},{"query":"?- ?v:AE#VATravelVoucher, ?v[AE#hasVoucherBeneficiary->?b], ?b[AE#hasArrestRecord->?beneficiaryHasArrestRecord].","resultList":[{"result":[{"key":"?v","val":"VO_6239d131_6a92_4ba5_b911_7107f59b7088_1503942157063_0"},{"key":"?b","val":"VO_6239d131_6a92_4ba5_b911_7107f59b7088_1503942157063_11"},{"key":"?beneficiaryHasArrestRecord","val":"AE#NoArrestRecord"}]}]},{"query":"?- ?v:AE#VATravelVoucher, ?v[AE#hasVoucherBeneficiary->?b], ?b[AE#hasCriminalRecord->?beneficiaryHasCriminalRecord].","resultList":[{"result":[{"key":"?v","val":"VO_6239d131_6a92_4ba5_b911_7107f59b7088_1503942157063_0"},{"key":"?b","val":"VO_6239d131_6a92_4ba5_b911_7107f59b7088_1503942157063_11"},{"key":"?beneficiaryHasCriminalRecord","val":"AE#NoCriminalRecord"}]}]},{"query":"?- ?t:AE#Travelling, ?t[AE#hasPath->?p], ?p[AE#hasDistance->?d], ?d[AE#numericValue->?expectedDistanceValue], ?d[AE#hasUnitOfMeasure->?unitOfDistanceMeasure].","resultList":[{"result":[{"key":"?t","val":"VO_6239d131_6a92_4ba5_b911_7107f59b7088_1503942157063_6"},{"key":"?p","val":"ES_932b5743_fe0f_4c27_8801_c664fb484643_1503942183095_4"},{"key":"?d","val":"ES_932b5743_fe0f_4c27_8801_c664fb484643_1503942183095_0"},{"key":"?expectedDistanceValue","val":"1995.910962943327149332617409527301788330078125"},{"key":"?unitOfDistanceMeasure","val":"meters"}]}]},{"query":"?- ?t:AE#Travelling, ?t[AE#hasPath->?p], ?p[AE#hasExpectedTravelTime->?d], ?d[AE#numericValue->?expectedTimeValue], ?d[AE#hasUnitOfMeasure->?unitOfTimeMeasure].","resultList":[{"result":[{"key":"?t","val":"VO_6239d131_6a92_4ba5_b911_7107f59b7088_1503942157063_6"},{"key":"?p","val":"ES_932b5743_fe0f_4c27_8801_c664fb484643_1503942183095_4"},{"key":"?d","val":"ES_932b5743_fe0f_4c27_8801_c664fb484643_1503942183095_2"},{"key":"?expectedTimeValue","val":"4.329608291736803948879241943359375"},{"key":"?unitOfTimeMeasure","val":"minutes"}]}]},{"query":"?- ?t:AE#Travelling, ?t[AE#hasDestination->?d], ?d[label->?destinationFullAddress].","resultList":[{"result":[{"key":"?t","val":"VO_6239d131_6a92_4ba5_b911_7107f59b7088_1503942157063_7"},{"key":"?d","val":"VO_6239d131_6a92_4ba5_b911_7107f59b7088_1503942157063_8"},{"key":"?destinationFullAddress","val":"2790 Truxton Road, Suite 130, San Diego, CA 92106"}]},{"result":[{"key":"?t","val":"VO_6239d131_6a92_4ba5_b911_7107f59b7088_1503942157063_6"},{"key":"?d","val":"VO_6239d131_6a92_4ba5_b911_7107f59b7088_1503942157063_5"},{"key":"?destinationFullAddress","val":"1925 Willow St San Diego, CA 92106"}]}]},{"query":"?- ?t:AE#Travelling, ?t[AE#hasDestination->?d], ?d[AE#hasStreet->?s], ?s[label->?destinationStreetName], ?d[AE#hasCity->?c], ?c[label->?destinationCity], ?d[AE#hasState->?st], ?st[label->?destinationState], ?d[AE#hasZipcode->?destinationZipCode].","resultList":[{"result":[{"key":"?t","val":"VO_6239d131_6a92_4ba5_b911_7107f59b7088_1503942157063_7"},{"key":"?d","val":"VO_6239d131_6a92_4ba5_b911_7107f59b7088_1503942157063_8"},{"key":"?s","val":"NO_a1a9ca2e_0273_412e_9d19_507f5a2b5504_1503942166485_id5"},{"key":"?destinationStreetName","val":"2790 Truxton Road"},{"key":"?c","val":"NO_a1a9ca2e_0273_412e_9d19_507f5a2b5504_1503942166485_id11"},{"key":"?destinationCity","val":"San Diego"},{"key":"?st","val":"NO_a1a9ca2e_0273_412e_9d19_507f5a2b5504_1503942166485_id13"},{"key":"?destinationState","val":"CA"},{"key":"?destinationZipCode","val":"92106"}]},{"result":[{"key":"?t","val":"VO_6239d131_6a92_4ba5_b911_7107f59b7088_1503942157063_6"},{"key":"?d","val":"VO_6239d131_6a92_4ba5_b911_7107f59b7088_1503942157063_5"},{"key":"?s","val":"NO_809a5512_cf74_4faa_92c9_d7c41b49a5ab_1503942168389_id3"},{"key":"?destinationStreetName","val":"1925 Willow St"},{"key":"?c","val":"NO_809a5512_cf74_4faa_92c9_d7c41b49a5ab_1503942168389_id9"},{"key":"?destinationCity","val":"San Diego"},{"key":"?st","val":"NO_809a5512_cf74_4faa_92c9_d7c41b49a5ab_1503942168389_id11"},{"key":"?destinationState","val":"CA"},{"key":"?destinationZipCode","val":"92106"}]}]},{"query":"?- ?t:AE#Travelling, ?t[AE#hasOrigin->?d], ?d[label->?originFullAddress].","resultList":[{"result":[{"key":"?t","val":"VO_6239d131_6a92_4ba5_b911_7107f59b7088_1503942157063_7"},{"key":"?d","val":"VO_6239d131_6a92_4ba5_b911_7107f59b7088_1503942157063_3"},{"key":"?originFullAddress","val":"59 Strawberry Street San Diego, CA 92117"}]},{"result":[{"key":"?t","val":"VO_6239d131_6a92_4ba5_b911_7107f59b7088_1503942157063_6"},{"key":"?d","val":"VO_6239d131_6a92_4ba5_b911_7107f59b7088_1503942157063_8"},{"key":"?originFullAddress","val":"2790 Truxton Road, Suite 130, San Diego, CA 92106"}]}]},{"query":"?- ?t:AE#Travelling, ?t[AE#hasOrigin->?d], ?d[AE#hasStreet->?s], ?s[label->?originStreetName], ?d[AE#hasCity->?c], ?c[label->?originCity], ?d[AE#hasState->?st], ?st[label->?originState], ?d[AE#hasZipcode->?originZipCode].","resultList":[{"result":[{"key":"?t","val":"VO_6239d131_6a92_4ba5_b911_7107f59b7088_1503942157063_7"},{"key":"?d","val":"VO_6239d131_6a92_4ba5_b911_7107f59b7088_1503942157063_3"},{"key":"?s","val":"NO_ef7728f8_a6c8_440f_950e_8f77eb531337_1503942170165_id3"},{"key":"?originStreetName","val":"59 Strawberry Street"},{"key":"?c","val":"NO_ef7728f8_a6c8_440f_950e_8f77eb531337_1503942170165_id9"},{"key":"?originCity","val":"San Diego"},{"key":"?st","val":"NO_ef7728f8_a6c8_440f_950e_8f77eb531337_1503942170165_id11"},{"key":"?originState","val":"CA"},{"key":"?originZipCode","val":"92117"}]},{"result":[{"key":"?t","val":"VO_6239d131_6a92_4ba5_b911_7107f59b7088_1503942157063_6"},{"key":"?d","val":"VO_6239d131_6a92_4ba5_b911_7107f59b7088_1503942157063_8"},{"key":"?s","val":"NO_a1a9ca2e_0273_412e_9d19_507f5a2b5504_1503942166485_id5"},{"key":"?originStreetName","val":"2790 Truxton Road"},{"key":"?c","val":"NO_a1a9ca2e_0273_412e_9d19_507f5a2b5504_1503942166485_id11"},{"key":"?originCity","val":"San Diego"},{"key":"?st","val":"NO_a1a9ca2e_0273_412e_9d19_507f5a2b5504_1503942166485_id13"},{"key":"?originState","val":"CA"},{"key":"?originZipCode","val":"92106"}]}]},{"query":"?- ?t:AE#Travelling, ?t[AE#hasPath->?p], ?p[AE#hasStartRegion->?s], ?s[AE#hasLatitude->?originLatitude], ?s[AE#hasLongitude->?originLongitude].","resultList":[{"result":[{"key":"?t","val":"VO_6239d131_6a92_4ba5_b911_7107f59b7088_1503942157063_6"},{"key":"?p","val":"ES_932b5743_fe0f_4c27_8801_c664fb484643_1503942183095_4"},{"key":"?s","val":"ES_932b5743_fe0f_4c27_8801_c664fb484643_1503942183095_3"},{"key":"?originLatitude","val":"32.74051839275188058309140615165233612060546875"},{"key":"?originLongitude","val":"-117.2130215001728856805129908025264739990234375"}]}]},{"query":"?- ?t:AE#Travelling, ?t[AE#hasPath->?p], ?p[AE#hasEndRegion->?e], ?e[AE#hasLatitude->?destinationLatitude], ?e[AE#hasLongitude->?destinationLongitude].","resultList":[{"result":[{"key":"?t","val":"VO_6239d131_6a92_4ba5_b911_7107f59b7088_1503942157063_6"},{"key":"?p","val":"ES_932b5743_fe0f_4c27_8801_c664fb484643_1503942183095_4"},{"key":"?e","val":"ES_932b5743_fe0f_4c27_8801_c664fb484643_1503942183095_1"},{"key":"?destinationLatitude","val":"32.73327759726480934432402136735618114471435546875"},{"key":"?destinationLongitude","val":"-117.2263002815512749066328979097306728363037109375"}]}]}]}
