{"dataList":[{"query":"?- ?v:AE#VATravelVoucher, ?v[AE#hasVoucherClaimant->?c], ?c[AE#hasName->?cn], ?cn[label->?claimantFullName].","resultList":[{"result":[{"key":"?v","val":"VO_6154d71a_2b3a_4659_8d1d_f7ed8b88bcae_1503944265930_0"},{"key":"?c","val":"VO_6154d71a_2b3a_4659_8d1d_f7ed8b88bcae_1503944265930_2"},{"key":"?cn","val":"NO_6e9e23f6_b296_4d1c_bf1b_061da60439a3_1503944275796_0"},{"key":"?claimantFullName","val":"John V. McGee"}]},{"result":[{"key":"?v","val":"VO_6154d71a_2b3a_4659_8d1d_f7ed8b88bcae_1503944265930_0"},{"key":"?c","val":"VO_6154d71a_2b3a_4659_8d1d_f7ed8b88bcae_1503944265930_2"},{"key":"?cn","val":"VO_6154d71a_2b3a_4659_8d1d_f7ed8b88bcae_1503944265930_1"},{"key":"?claimantFullName","val":"John V. McGee"}]}]},{"query":"?- ?v:AE#VATravelVoucher, ?v[AE#hasVoucherClaimant->?c], ?c[AE#hasName->?cn], ?cn[AE#hasFirstName->?claimantFirstName].","resultList":[{"result":[{"key":"?v","val":"VO_6154d71a_2b3a_4659_8d1d_f7ed8b88bcae_1503944265930_0"},{"key":"?c","val":"VO_6154d71a_2b3a_4659_8d1d_f7ed8b88bcae_1503944265930_2"},{"key":"?cn","val":"NO_6e9e23f6_b296_4d1c_bf1b_061da60439a3_1503944275796_0"},{"key":"?claimantFirstName","val":"john"}]}]},{"query":"?- ?v:AE#VATravelVoucher, ?v[AE#hasVoucherClaimant->?c], ?c[AE#hasName->?cn], ?cn[AE#hasLastName->?claimantLastName].","resultList":[{"result":[{"key":"?v","val":"VO_6154d71a_2b3a_4659_8d1d_f7ed8b88bcae_1503944265930_0"},{"key":"?c","val":"VO_6154d71a_2b3a_4659_8d1d_f7ed8b88bcae_1503944265930_2"},{"key":"?cn","val":"NO_6e9e23f6_b296_4d1c_bf1b_061da60439a3_1503944275796_0"},{"key":"?claimantLastName","val":"mcgee"}]}]},{"query":"?- ?v:AE#VATravelVoucher, ?v[AE#hasVoucherClaimant->?c], ?c[AE#hasSocialSecurityNumber->?s], ?s[label->?claimantSsn].","resultList":[{"result":[{"key":"?v","val":"VO_6154d71a_2b3a_4659_8d1d_f7ed8b88bcae_1503944265930_0"},{"key":"?c","val":"VO_6154d71a_2b3a_4659_8d1d_f7ed8b88bcae_1503944265930_2"},{"key":"?s","val":"VO_6154d71a_2b3a_4659_8d1d_f7ed8b88bcae_1503944265930_12"},{"key":"?claimantSsn","val":"159-71-8272"}]}]},{"query":"?- ?v:AE#VATravelVoucher, ?v[AE#hasVoucherClaimant->?c], ?c[AE#hasLiens->?claimantHasLiens].","resultList":[{"result":[{"key":"?v","val":"VO_6154d71a_2b3a_4659_8d1d_f7ed8b88bcae_1503944265930_0"},{"key":"?c","val":"VO_6154d71a_2b3a_4659_8d1d_f7ed8b88bcae_1503944265930_2"},{"key":"?claimantHasLiens","val":"AE#NoLienReport"}]}]},{"query":"?- ?v:AE#VATravelVoucher, ?v[AE#hasVoucherClaimant->?c], ?c[AE#hasDeclaredBankruptcy->?claimantHasDeclaredBankruptcy].","resultList":[{"result":[{"key":"?v","val":"VO_6154d71a_2b3a_4659_8d1d_f7ed8b88bcae_1503944265930_0"},{"key":"?c","val":"VO_6154d71a_2b3a_4659_8d1d_f7ed8b88bcae_1503944265930_2"},{"key":"?claimantHasDeclaredBankruptcy","val":"AE#NoBankruptcyReport"}]}]},{"query":"?- ?v:AE#VATravelVoucher, ?v[AE#hasVoucherClaimant->?c], ?c[AE#hasArrestRecord->?claimantHasArrestRecord].","resultList":[{"result":[{"key":"?v","val":"VO_6154d71a_2b3a_4659_8d1d_f7ed8b88bcae_1503944265930_0"},{"key":"?c","val":"VO_6154d71a_2b3a_4659_8d1d_f7ed8b88bcae_1503944265930_2"},{"key":"?claimantHasArrestRecord","val":"AE#NoArrestRecord"}]}]},{"query":"?- ?v:AE#VATravelVoucher, ?v[AE#hasVoucherClaimant->?c], ?c[AE#hasCriminalRecord->?claimantHasCriminalRecord].","resultList":[{"result":[{"key":"?v","val":"VO_6154d71a_2b3a_4659_8d1d_f7ed8b88bcae_1503944265930_0"},{"key":"?c","val":"VO_6154d71a_2b3a_4659_8d1d_f7ed8b88bcae_1503944265930_2"},{"key":"?claimantHasCriminalRecord","val":"AE#NoCriminalRecord"}]}]},{"query":"?- ?v:AE#VATravelVoucher, ?v[AE#hasVoucherBeneficiary->?b], ?b[AE#hasName->?cn], ?cn[label->?beneficiaryFullName].","resultList":[{"result":[{"key":"?v","val":"VO_6154d71a_2b3a_4659_8d1d_f7ed8b88bcae_1503944265930_0"},{"key":"?b","val":"VO_6154d71a_2b3a_4659_8d1d_f7ed8b88bcae_1503944265930_11"},{"key":"?cn","val":"VO_6154d71a_2b3a_4659_8d1d_f7ed8b88bcae_1503944265930_10"},{"key":"?beneficiaryFullName","val":"Harvey Robert Ripper"}]},{"result":[{"key":"?v","val":"VO_6154d71a_2b3a_4659_8d1d_f7ed8b88bcae_1503944265930_0"},{"key":"?b","val":"VO_6154d71a_2b3a_4659_8d1d_f7ed8b88bcae_1503944265930_11"},{"key":"?cn","val":"NO_b1e9d483_7f09_46b5_b68b_41eb3bd7b71e_1503944272779_0"},{"key":"?beneficiaryFullName","val":"Harvey Robert Ripper"}]}]},{"query":"?- ?v:AE#VATravelVoucher, ?v[AE#hasVoucherBeneficiary->?b], ?b[AE#hasName->?cn], ?cn[AE#hasFirstName->?beneficiaryFirstName].","resultList":[{"result":[{"key":"?v","val":"VO_6154d71a_2b3a_4659_8d1d_f7ed8b88bcae_1503944265930_0"},{"key":"?b","val":"VO_6154d71a_2b3a_4659_8d1d_f7ed8b88bcae_1503944265930_11"},{"key":"?cn","val":"NO_b1e9d483_7f09_46b5_b68b_41eb3bd7b71e_1503944272779_0"},{"key":"?beneficiaryFirstName","val":"harvey"}]}]},{"query":"?- ?v:AE#VATravelVoucher, ?v[AE#hasVoucherBeneficiary->?b], ?b[AE#hasName->?cn], ?cn[AE#hasLastName->?beneficiaryLastName].","resultList":[{"result":[{"key":"?v","val":"VO_6154d71a_2b3a_4659_8d1d_f7ed8b88bcae_1503944265930_0"},{"key":"?b","val":"VO_6154d71a_2b3a_4659_8d1d_f7ed8b88bcae_1503944265930_11"},{"key":"?cn","val":"NO_b1e9d483_7f09_46b5_b68b_41eb3bd7b71e_1503944272779_0"},{"key":"?beneficiaryLastName","val":"ripper"}]}]},{"query":"?- ?v:AE#VATravelVoucher, ?v[AE#hasVoucherBeneficiary->?b], ?b[AE#hasSocialSecurityNumber->?s], ?s[label->?beneficiarySsn].","resultList":[{"result":[{"key":"?v","val":"VO_6154d71a_2b3a_4659_8d1d_f7ed8b88bcae_1503944265930_0"},{"key":"?b","val":"VO_6154d71a_2b3a_4659_8d1d_f7ed8b88bcae_1503944265930_11"},{"key":"?s","val":"VO_6154d71a_2b3a_4659_8d1d_f7ed8b88bcae_1503944265930_9"},{"key":"?beneficiarySsn","val":"003-53-4725"}]}]},{"query":"?- ?v:AE#VATravelVoucher, ?v[AE#hasVoucherBeneficiary->?b], ?b[AE#hasLiens->?beneficiaryHasLiens].","resultList":[{"result":[{"key":"?v","val":"VO_6154d71a_2b3a_4659_8d1d_f7ed8b88bcae_1503944265930_0"},{"key":"?b","val":"VO_6154d71a_2b3a_4659_8d1d_f7ed8b88bcae_1503944265930_11"},{"key":"?beneficiaryHasLiens","val":"AE#UnknownLienReport"}]}]},{"query":"?- ?v:AE#VATravelVoucher, ?v[AE#hasVoucherBeneficiary->?b], ?b[AE#hasDeclaredBankruptcy->?beneficiaryHasDeclaredBankruptcy].","resultList":[{"result":[{"key":"?v","val":"VO_6154d71a_2b3a_4659_8d1d_f7ed8b88bcae_1503944265930_0"},{"key":"?b","val":"VO_6154d71a_2b3a_4659_8d1d_f7ed8b88bcae_1503944265930_11"},{"key":"?beneficiaryHasDeclaredBankruptcy","val":"AE#NoBankruptcyReport"}]}]},{"query":"?- ?v:AE#VATravelVoucher, ?v[AE#hasVoucherBeneficiary->?b], ?b[AE#hasArrestRecord->?beneficiaryHasArrestRecord].","resultList":[{"result":[{"key":"?v","val":"VO_6154d71a_2b3a_4659_8d1d_f7ed8b88bcae_1503944265930_0"},{"key":"?b","val":"VO_6154d71a_2b3a_4659_8d1d_f7ed8b88bcae_1503944265930_11"},{"key":"?beneficiaryHasArrestRecord","val":"AE#NoArrestRecord"}]}]},{"query":"?- ?v:AE#VATravelVoucher, ?v[AE#hasVoucherBeneficiary->?b], ?b[AE#hasCriminalRecord->?beneficiaryHasCriminalRecord].","resultList":[{"result":[{"key":"?v","val":"VO_6154d71a_2b3a_4659_8d1d_f7ed8b88bcae_1503944265930_0"},{"key":"?b","val":"VO_6154d71a_2b3a_4659_8d1d_f7ed8b88bcae_1503944265930_11"},{"key":"?beneficiaryHasCriminalRecord","val":"AE#NoCriminalRecord"}]}]},{"query":"?- ?t:AE#Travelling, ?t[AE#hasPath->?p], ?p[AE#hasDistance->?d], ?d[AE#numericValue->?expectedDistanceValue], ?d[AE#hasUnitOfMeasure->?unitOfDistanceMeasure].","resultList":[{"result":[{"key":"?t","val":"VO_6154d71a_2b3a_4659_8d1d_f7ed8b88bcae_1503944265930_6"},{"key":"?p","val":"ES_e6c881ff_6fef_4b7f_b976_ab9877e7412d_1503944299821_4"},{"key":"?d","val":"ES_e6c881ff_6fef_4b7f_b976_ab9877e7412d_1503944299821_0"},{"key":"?expectedDistanceValue","val":"14705.263033579010880202986299991607666015625"},{"key":"?unitOfDistanceMeasure","val":"meters"}]}]},{"query":"?- ?t:AE#Travelling, ?t[AE#hasPath->?p], ?p[AE#hasExpectedTravelTime->?d], ?d[AE#numericValue->?expectedTimeValue], ?d[AE#hasUnitOfMeasure->?unitOfTimeMeasure].","resultList":[{"result":[{"key":"?t","val":"VO_6154d71a_2b3a_4659_8d1d_f7ed8b88bcae_1503944265930_6"},{"key":"?p","val":"ES_e6c881ff_6fef_4b7f_b976_ab9877e7412d_1503944299821_4"},{"key":"?d","val":"ES_e6c881ff_6fef_4b7f_b976_ab9877e7412d_1503944299821_2"},{"key":"?expectedTimeValue","val":"12.16110569774173200130462646484375"},{"key":"?unitOfTimeMeasure","val":"minutes"}]}]},{"query":"?- ?t:AE#Travelling, ?t[AE#hasDestination->?d], ?d[label->?destinationFullAddress].","resultList":[{"result":[{"key":"?t","val":"VO_6154d71a_2b3a_4659_8d1d_f7ed8b88bcae_1503944265930_7"},{"key":"?d","val":"VO_6154d71a_2b3a_4659_8d1d_f7ed8b88bcae_1503944265930_8"},{"key":"?destinationFullAddress","val":"2790 Truxton Road, Suite 130, San Diego, CA 92106"}]},{"result":[{"key":"?t","val":"VO_6154d71a_2b3a_4659_8d1d_f7ed8b88bcae_1503944265930_6"},{"key":"?d","val":"VO_6154d71a_2b3a_4659_8d1d_f7ed8b88bcae_1503944265930_5"},{"key":"?destinationFullAddress","val":"3343 43rd St, San Diego, CA 92105"}]}]},{"query":"?- ?t:AE#Travelling, ?t[AE#hasDestination->?d], ?d[AE#hasStreet->?s], ?s[label->?destinationStreetName], ?d[AE#hasCity->?c], ?c[label->?destinationCity], ?d[AE#hasState->?st], ?st[label->?destinationState], ?d[AE#hasZipcode->?destinationZipCode].","resultList":[{"result":[{"key":"?t","val":"VO_6154d71a_2b3a_4659_8d1d_f7ed8b88bcae_1503944265930_7"},{"key":"?d","val":"VO_6154d71a_2b3a_4659_8d1d_f7ed8b88bcae_1503944265930_8"},{"key":"?s","val":"NO_299065a4_dc38_409e_a31b_11f6b5a6563e_1503944278522_id5"},{"key":"?destinationStreetName","val":"2790 Truxton Road"},{"key":"?c","val":"NO_299065a4_dc38_409e_a31b_11f6b5a6563e_1503944278522_id11"},{"key":"?destinationCity","val":"San Diego"},{"key":"?st","val":"NO_299065a4_dc38_409e_a31b_11f6b5a6563e_1503944278522_id13"},{"key":"?destinationState","val":"CA"},{"key":"?destinationZipCode","val":"92106"}]},{"result":[{"key":"?t","val":"VO_6154d71a_2b3a_4659_8d1d_f7ed8b88bcae_1503944265930_6"},{"key":"?d","val":"VO_6154d71a_2b3a_4659_8d1d_f7ed8b88bcae_1503944265930_5"},{"key":"?s","val":"NO_7e093214_e5cf_4a6f_a63c_643da14caed8_1503944281430_id3"},{"key":"?destinationStreetName","val":"3343 43rd St"},{"key":"?c","val":"NO_7e093214_e5cf_4a6f_a63c_643da14caed8_1503944281430_id9"},{"key":"?destinationCity","val":"San Diego"},{"key":"?st","val":"NO_7e093214_e5cf_4a6f_a63c_643da14caed8_1503944281430_id11"},{"key":"?destinationState","val":"CA"},{"key":"?destinationZipCode","val":"92105"}]}]},{"query":"?- ?t:AE#Travelling, ?t[AE#hasOrigin->?d], ?d[label->?originFullAddress].","resultList":[{"result":[{"key":"?t","val":"VO_6154d71a_2b3a_4659_8d1d_f7ed8b88bcae_1503944265930_7"},{"key":"?d","val":"VO_6154d71a_2b3a_4659_8d1d_f7ed8b88bcae_1503944265930_3"},{"key":"?originFullAddress","val":"2839 Dale St, San Diego, CA 92104"}]},{"result":[{"key":"?t","val":"VO_6154d71a_2b3a_4659_8d1d_f7ed8b88bcae_1503944265930_6"},{"key":"?d","val":"VO_6154d71a_2b3a_4659_8d1d_f7ed8b88bcae_1503944265930_8"},{"key":"?originFullAddress","val":"2790 Truxton Road, Suite 130, San Diego, CA 92106"}]}]},{"query":"?- ?t:AE#Travelling, ?t[AE#hasOrigin->?d], ?d[AE#hasStreet->?s], ?s[label->?originStreetName], ?d[AE#hasCity->?c], ?c[label->?originCity], ?d[AE#hasState->?st], ?st[label->?originState], ?d[AE#hasZipcode->?originZipCode].","resultList":[{"result":[{"key":"?t","val":"VO_6154d71a_2b3a_4659_8d1d_f7ed8b88bcae_1503944265930_7"},{"key":"?d","val":"VO_6154d71a_2b3a_4659_8d1d_f7ed8b88bcae_1503944265930_3"},{"key":"?s","val":"NO_85f9e8e4_e34b_4567_a986_05f15d5121b1_1503944284395_id3"},{"key":"?originStreetName","val":"2839 Dale St"},{"key":"?c","val":"NO_85f9e8e4_e34b_4567_a986_05f15d5121b1_1503944284395_id9"},{"key":"?originCity","val":"San Diego"},{"key":"?st","val":"NO_85f9e8e4_e34b_4567_a986_05f15d5121b1_1503944284395_id11"},{"key":"?originState","val":"CA"},{"key":"?originZipCode","val":"92104"}]},{"result":[{"key":"?t","val":"VO_6154d71a_2b3a_4659_8d1d_f7ed8b88bcae_1503944265930_6"},{"key":"?d","val":"VO_6154d71a_2b3a_4659_8d1d_f7ed8b88bcae_1503944265930_8"},{"key":"?s","val":"NO_299065a4_dc38_409e_a31b_11f6b5a6563e_1503944278522_id5"},{"key":"?originStreetName","val":"2790 Truxton Road"},{"key":"?c","val":"NO_299065a4_dc38_409e_a31b_11f6b5a6563e_1503944278522_id11"},{"key":"?originCity","val":"San Diego"},{"key":"?st","val":"NO_299065a4_dc38_409e_a31b_11f6b5a6563e_1503944278522_id13"},{"key":"?originState","val":"CA"},{"key":"?originZipCode","val":"92106"}]}]},{"query":"?- ?t:AE#Travelling, ?t[AE#hasPath->?p], ?p[AE#hasStartRegion->?s], ?s[AE#hasLatitude->?originLatitude], ?s[AE#hasLongitude->?originLongitude].","resultList":[{"result":[{"key":"?t","val":"VO_6154d71a_2b3a_4659_8d1d_f7ed8b88bcae_1503944265930_6"},{"key":"?p","val":"ES_e6c881ff_6fef_4b7f_b976_ab9877e7412d_1503944299821_4"},{"key":"?s","val":"ES_e6c881ff_6fef_4b7f_b976_ab9877e7412d_1503944299821_3"},{"key":"?originLatitude","val":"32.74051839275188058309140615165233612060546875"},{"key":"?originLongitude","val":"-117.2130215001728856805129908025264739990234375"}]}]},{"query":"?- ?t:AE#Travelling, ?t[AE#hasPath->?p], ?p[AE#hasEndRegion->?e], ?e[AE#hasLatitude->?destinationLatitude], ?e[AE#hasLongitude->?destinationLongitude].","resultList":[{"result":[{"key":"?t","val":"VO_6154d71a_2b3a_4659_8d1d_f7ed8b88bcae_1503944265930_6"},{"key":"?p","val":"ES_e6c881ff_6fef_4b7f_b976_ab9877e7412d_1503944299821_4"},{"key":"?e","val":"ES_e6c881ff_6fef_4b7f_b976_ab9877e7412d_1503944299821_1"},{"key":"?destinationLatitude","val":"32.74111840827512054374892613850533962249755859375"},{"key":"?destinationLongitude","val":"-117.10203096944445633198483847081661224365234375"}]}]}]}
