{"dataList":[{"query":"?- ?v:AE#VATravelVoucher, ?v[AE#hasVoucherClaimant->?c], ?c[AE#hasName->?cn], ?cn[label->?claimantFullName].","resultList":[{"result":[{"key":"?v","val":"VO_62699e4c_363f_4ade_a29c_7ee4903c3b1f_1503943790088_0"},{"key":"?c","val":"VO_62699e4c_363f_4ade_a29c_7ee4903c3b1f_1503943790088_2"},{"key":"?cn","val":"NO_912a813f_73e4_4f68_82b0_74d6d8db8cc9_1503943797324_0"},{"key":"?claimantFullName","val":"Roy M. Stevens"}]},{"result":[{"key":"?v","val":"VO_62699e4c_363f_4ade_a29c_7ee4903c3b1f_1503943790088_0"},{"key":"?c","val":"VO_62699e4c_363f_4ade_a29c_7ee4903c3b1f_1503943790088_2"},{"key":"?cn","val":"VO_62699e4c_363f_4ade_a29c_7ee4903c3b1f_1503943790088_1"},{"key":"?claimantFullName","val":"Roy M. Stevens"}]}]},{"query":"?- ?v:AE#VATravelVoucher, ?v[AE#hasVoucherClaimant->?c], ?c[AE#hasName->?cn], ?cn[AE#hasFirstName->?claimantFirstName].","resultList":[{"result":[{"key":"?v","val":"VO_62699e4c_363f_4ade_a29c_7ee4903c3b1f_1503943790088_0"},{"key":"?c","val":"VO_62699e4c_363f_4ade_a29c_7ee4903c3b1f_1503943790088_2"},{"key":"?cn","val":"NO_912a813f_73e4_4f68_82b0_74d6d8db8cc9_1503943797324_0"},{"key":"?claimantFirstName","val":"roy"}]}]},{"query":"?- ?v:AE#VATravelVoucher, ?v[AE#hasVoucherClaimant->?c], ?c[AE#hasName->?cn], ?cn[AE#hasLastName->?claimantLastName].","resultList":[{"result":[{"key":"?v","val":"VO_62699e4c_363f_4ade_a29c_7ee4903c3b1f_1503943790088_0"},{"key":"?c","val":"VO_62699e4c_363f_4ade_a29c_7ee4903c3b1f_1503943790088_2"},{"key":"?cn","val":"NO_912a813f_73e4_4f68_82b0_74d6d8db8cc9_1503943797324_0"},{"key":"?claimantLastName","val":"stevens"}]}]},{"query":"?- ?v:AE#VATravelVoucher, ?v[AE#hasVoucherClaimant->?c], ?c[AE#hasSocialSecurityNumber->?s], ?s[label->?claimantSsn].","resultList":[{"result":[{"key":"?v","val":"VO_62699e4c_363f_4ade_a29c_7ee4903c3b1f_1503943790088_0"},{"key":"?c","val":"VO_62699e4c_363f_4ade_a29c_7ee4903c3b1f_1503943790088_2"},{"key":"?s","val":"VO_62699e4c_363f_4ade_a29c_7ee4903c3b1f_1503943790088_12"},{"key":"?claimantSsn","val":"644-54-6266"}]}]},{"query":"?- ?v:AE#VATravelVoucher, ?v[AE#hasVoucherClaimant->?c], ?c[AE#hasLiens->?claimantHasLiens].","resultList":[{"result":[{"key":"?v","val":"VO_62699e4c_363f_4ade_a29c_7ee4903c3b1f_1503943790088_0"},{"key":"?c","val":"VO_62699e4c_363f_4ade_a29c_7ee4903c3b1f_1503943790088_2"},{"key":"?claimantHasLiens","val":"AE#NoLienReport"}]}]},{"query":"?- ?v:AE#VATravelVoucher, ?v[AE#hasVoucherClaimant->?c], ?c[AE#hasDeclaredBankruptcy->?claimantHasDeclaredBankruptcy].","resultList":[{"result":[{"key":"?v","val":"VO_62699e4c_363f_4ade_a29c_7ee4903c3b1f_1503943790088_0"},{"key":"?c","val":"VO_62699e4c_363f_4ade_a29c_7ee4903c3b1f_1503943790088_2"},{"key":"?claimantHasDeclaredBankruptcy","val":"AE#NoBankruptcyReport"}]}]},{"query":"?- ?v:AE#VATravelVoucher, ?v[AE#hasVoucherClaimant->?c], ?c[AE#hasArrestRecord->?claimantHasArrestRecord].","resultList":[{"result":[{"key":"?v","val":"VO_62699e4c_363f_4ade_a29c_7ee4903c3b1f_1503943790088_0"},{"key":"?c","val":"VO_62699e4c_363f_4ade_a29c_7ee4903c3b1f_1503943790088_2"},{"key":"?claimantHasArrestRecord","val":"AE#NoArrestRecord"}]}]},{"query":"?- ?v:AE#VATravelVoucher, ?v[AE#hasVoucherClaimant->?c], ?c[AE#hasCriminalRecord->?claimantHasCriminalRecord].","resultList":[{"result":[{"key":"?v","val":"VO_62699e4c_363f_4ade_a29c_7ee4903c3b1f_1503943790088_0"},{"key":"?c","val":"VO_62699e4c_363f_4ade_a29c_7ee4903c3b1f_1503943790088_2"},{"key":"?claimantHasCriminalRecord","val":"AE#NoCriminalRecord"}]}]},{"query":"?- ?v:AE#VATravelVoucher, ?v[AE#hasVoucherBeneficiary->?b], ?b[AE#hasName->?cn], ?cn[label->?beneficiaryFullName].","resultList":[{"result":[{"key":"?v","val":"VO_62699e4c_363f_4ade_a29c_7ee4903c3b1f_1503943790088_0"},{"key":"?b","val":"VO_62699e4c_363f_4ade_a29c_7ee4903c3b1f_1503943790088_11"},{"key":"?cn","val":"NO_b2484af3_f2ee_455a_b72d_6bf3e0af16f7_1503943795493_0"},{"key":"?beneficiaryFullName","val":"Roy M. Stevens"}]},{"result":[{"key":"?v","val":"VO_62699e4c_363f_4ade_a29c_7ee4903c3b1f_1503943790088_0"},{"key":"?b","val":"VO_62699e4c_363f_4ade_a29c_7ee4903c3b1f_1503943790088_11"},{"key":"?cn","val":"VO_62699e4c_363f_4ade_a29c_7ee4903c3b1f_1503943790088_10"},{"key":"?beneficiaryFullName","val":"Roy M. Stevens"}]}]},{"query":"?- ?v:AE#VATravelVoucher, ?v[AE#hasVoucherBeneficiary->?b], ?b[AE#hasName->?cn], ?cn[AE#hasFirstName->?beneficiaryFirstName].","resultList":[{"result":[{"key":"?v","val":"VO_62699e4c_363f_4ade_a29c_7ee4903c3b1f_1503943790088_0"},{"key":"?b","val":"VO_62699e4c_363f_4ade_a29c_7ee4903c3b1f_1503943790088_11"},{"key":"?cn","val":"NO_b2484af3_f2ee_455a_b72d_6bf3e0af16f7_1503943795493_0"},{"key":"?beneficiaryFirstName","val":"roy"}]}]},{"query":"?- ?v:AE#VATravelVoucher, ?v[AE#hasVoucherBeneficiary->?b], ?b[AE#hasName->?cn], ?cn[AE#hasLastName->?beneficiaryLastName].","resultList":[{"result":[{"key":"?v","val":"VO_62699e4c_363f_4ade_a29c_7ee4903c3b1f_1503943790088_0"},{"key":"?b","val":"VO_62699e4c_363f_4ade_a29c_7ee4903c3b1f_1503943790088_11"},{"key":"?cn","val":"NO_b2484af3_f2ee_455a_b72d_6bf3e0af16f7_1503943795493_0"},{"key":"?beneficiaryLastName","val":"stevens"}]}]},{"query":"?- ?v:AE#VATravelVoucher, ?v[AE#hasVoucherBeneficiary->?b], ?b[AE#hasSocialSecurityNumber->?s], ?s[label->?beneficiarySsn].","resultList":[{"result":[{"key":"?v","val":"VO_62699e4c_363f_4ade_a29c_7ee4903c3b1f_1503943790088_0"},{"key":"?b","val":"VO_62699e4c_363f_4ade_a29c_7ee4903c3b1f_1503943790088_11"},{"key":"?s","val":"VO_62699e4c_363f_4ade_a29c_7ee4903c3b1f_1503943790088_9"},{"key":"?beneficiarySsn","val":"644-54-6266"}]}]},{"query":"?- ?v:AE#VATravelVoucher, ?v[AE#hasVoucherBeneficiary->?b], ?b[AE#hasLiens->?beneficiaryHasLiens].","resultList":[{"result":[{"key":"?v","val":"VO_62699e4c_363f_4ade_a29c_7ee4903c3b1f_1503943790088_0"},{"key":"?b","val":"VO_62699e4c_363f_4ade_a29c_7ee4903c3b1f_1503943790088_11"},{"key":"?beneficiaryHasLiens","val":"AE#NoLienReport"}]}]},{"query":"?- ?v:AE#VATravelVoucher, ?v[AE#hasVoucherBeneficiary->?b], ?b[AE#hasDeclaredBankruptcy->?beneficiaryHasDeclaredBankruptcy].","resultList":[{"result":[{"key":"?v","val":"VO_62699e4c_363f_4ade_a29c_7ee4903c3b1f_1503943790088_0"},{"key":"?b","val":"VO_62699e4c_363f_4ade_a29c_7ee4903c3b1f_1503943790088_11"},{"key":"?beneficiaryHasDeclaredBankruptcy","val":"AE#NoBankruptcyReport"}]}]},{"query":"?- ?v:AE#VATravelVoucher, ?v[AE#hasVoucherBeneficiary->?b], ?b[AE#hasArrestRecord->?beneficiaryHasArrestRecord].","resultList":[{"result":[{"key":"?v","val":"VO_62699e4c_363f_4ade_a29c_7ee4903c3b1f_1503943790088_0"},{"key":"?b","val":"VO_62699e4c_363f_4ade_a29c_7ee4903c3b1f_1503943790088_11"},{"key":"?beneficiaryHasArrestRecord","val":"AE#NoArrestRecord"}]}]},{"query":"?- ?v:AE#VATravelVoucher, ?v[AE#hasVoucherBeneficiary->?b], ?b[AE#hasCriminalRecord->?beneficiaryHasCriminalRecord].","resultList":[{"result":[{"key":"?v","val":"VO_62699e4c_363f_4ade_a29c_7ee4903c3b1f_1503943790088_0"},{"key":"?b","val":"VO_62699e4c_363f_4ade_a29c_7ee4903c3b1f_1503943790088_11"},{"key":"?beneficiaryHasCriminalRecord","val":"AE#NoCriminalRecord"}]}]},{"query":"?- ?t:AE#Travelling, ?t[AE#hasPath->?p], ?p[AE#hasDistance->?d], ?d[AE#numericValue->?expectedDistanceValue], ?d[AE#hasUnitOfMeasure->?unitOfDistanceMeasure].","resultList":[{"result":[{"key":"?t","val":"VO_62699e4c_363f_4ade_a29c_7ee4903c3b1f_1503943790088_6"},{"key":"?p","val":"ES_f4124f4e_a407_4c8d_ba14_f422ee7f740d_1503943815743_4"},{"key":"?d","val":"ES_f4124f4e_a407_4c8d_ba14_f422ee7f740d_1503943815743_0"},{"key":"?expectedDistanceValue","val":"14662.243108107648367877118289470672607421875"},{"key":"?unitOfDistanceMeasure","val":"meters"}]}]},{"query":"?- ?t:AE#Travelling, ?t[AE#hasPath->?p], ?p[AE#hasExpectedTravelTime->?d], ?d[AE#numericValue->?expectedTimeValue], ?d[AE#hasUnitOfMeasure->?unitOfTimeMeasure].","resultList":[{"result":[{"key":"?t","val":"VO_62699e4c_363f_4ade_a29c_7ee4903c3b1f_1503943790088_6"},{"key":"?p","val":"ES_f4124f4e_a407_4c8d_ba14_f422ee7f740d_1503943815743_4"},{"key":"?d","val":"ES_f4124f4e_a407_4c8d_ba14_f422ee7f740d_1503943815743_2"},{"key":"?expectedTimeValue","val":"12.1665235399268567562103271484375"},{"key":"?unitOfTimeMeasure","val":"minutes"}]}]},{"query":"?- ?t:AE#Travelling, ?t[AE#hasDestination->?d], ?d[label->?destinationFullAddress].","resultList":[{"result":[{"key":"?t","val":"VO_62699e4c_363f_4ade_a29c_7ee4903c3b1f_1503943790088_7"},{"key":"?d","val":"VO_62699e4c_363f_4ade_a29c_7ee4903c3b1f_1503943790088_8"},{"key":"?destinationFullAddress","val":"2790 Truxton Road, Suite 130, San Diego, CA 92106"}]},{"result":[{"key":"?t","val":"VO_62699e4c_363f_4ade_a29c_7ee4903c3b1f_1503943790088_6"},{"key":"?d","val":"VO_62699e4c_363f_4ade_a29c_7ee4903c3b1f_1503943790088_5"},{"key":"?destinationFullAddress","val":"3246 44th St, San Diego, CA 92105"}]}]},{"query":"?- ?t:AE#Travelling, ?t[AE#hasDestination->?d], ?d[AE#hasStreet->?s], ?s[label->?destinationStreetName], ?d[AE#hasCity->?c], ?c[label->?destinationCity], ?d[AE#hasState->?st], ?st[label->?destinationState], ?d[AE#hasZipcode->?destinationZipCode].","resultList":[{"result":[{"key":"?t","val":"VO_62699e4c_363f_4ade_a29c_7ee4903c3b1f_1503943790088_7"},{"key":"?d","val":"VO_62699e4c_363f_4ade_a29c_7ee4903c3b1f_1503943790088_8"},{"key":"?s","val":"NO_a15ef38d_acdf_4bea_8e2c_dd9db635b5df_1503943799077_id5"},{"key":"?destinationStreetName","val":"2790 Truxton Road"},{"key":"?c","val":"NO_a15ef38d_acdf_4bea_8e2c_dd9db635b5df_1503943799077_id11"},{"key":"?destinationCity","val":"San Diego"},{"key":"?st","val":"NO_a15ef38d_acdf_4bea_8e2c_dd9db635b5df_1503943799077_id13"},{"key":"?destinationState","val":"CA"},{"key":"?destinationZipCode","val":"92106"}]},{"result":[{"key":"?t","val":"VO_62699e4c_363f_4ade_a29c_7ee4903c3b1f_1503943790088_6"},{"key":"?d","val":"VO_62699e4c_363f_4ade_a29c_7ee4903c3b1f_1503943790088_5"},{"key":"?s","val":"NO_3aff4fb9_2483_4e95_ac54_2e9463f7cd11_1503943800949_id3"},{"key":"?destinationStreetName","val":"3246 44th St"},{"key":"?c","val":"NO_3aff4fb9_2483_4e95_ac54_2e9463f7cd11_1503943800949_id9"},{"key":"?destinationCity","val":"San Diego"},{"key":"?st","val":"NO_3aff4fb9_2483_4e95_ac54_2e9463f7cd11_1503943800949_id11"},{"key":"?destinationState","val":"CA"},{"key":"?destinationZipCode","val":"92105"}]}]},{"query":"?- ?t:AE#Travelling, ?t[AE#hasOrigin->?d], ?d[label->?originFullAddress].","resultList":[{"result":[{"key":"?t","val":"VO_62699e4c_363f_4ade_a29c_7ee4903c3b1f_1503943790088_7"},{"key":"?d","val":"VO_62699e4c_363f_4ade_a29c_7ee4903c3b1f_1503943790088_3"},{"key":"?originFullAddress","val":"3246 44th St, San Diego, CA 92105"}]},{"result":[{"key":"?t","val":"VO_62699e4c_363f_4ade_a29c_7ee4903c3b1f_1503943790088_6"},{"key":"?d","val":"VO_62699e4c_363f_4ade_a29c_7ee4903c3b1f_1503943790088_8"},{"key":"?originFullAddress","val":"2790 Truxton Road, Suite 130, San Diego, CA 92106"}]}]},{"query":"?- ?t:AE#Travelling, ?t[AE#hasOrigin->?d], ?d[AE#hasStreet->?s], ?s[label->?originStreetName], ?d[AE#hasCity->?c], ?c[label->?originCity], ?d[AE#hasState->?st], ?st[label->?originState], ?d[AE#hasZipcode->?originZipCode].","resultList":[{"result":[{"key":"?t","val":"VO_62699e4c_363f_4ade_a29c_7ee4903c3b1f_1503943790088_7"},{"key":"?d","val":"VO_62699e4c_363f_4ade_a29c_7ee4903c3b1f_1503943790088_3"},{"key":"?s","val":"NO_c749e2fe_5d52_4ff7_93c5_1a7fc65e6e92_1503943803295_id3"},{"key":"?originStreetName","val":"3246 44th St"},{"key":"?c","val":"NO_c749e2fe_5d52_4ff7_93c5_1a7fc65e6e92_1503943803295_id9"},{"key":"?originCity","val":"San Diego"},{"key":"?st","val":"NO_c749e2fe_5d52_4ff7_93c5_1a7fc65e6e92_1503943803295_id11"},{"key":"?originState","val":"CA"},{"key":"?originZipCode","val":"92105"}]},{"result":[{"key":"?t","val":"VO_62699e4c_363f_4ade_a29c_7ee4903c3b1f_1503943790088_6"},{"key":"?d","val":"VO_62699e4c_363f_4ade_a29c_7ee4903c3b1f_1503943790088_8"},{"key":"?s","val":"NO_a15ef38d_acdf_4bea_8e2c_dd9db635b5df_1503943799077_id5"},{"key":"?originStreetName","val":"2790 Truxton Road"},{"key":"?c","val":"NO_a15ef38d_acdf_4bea_8e2c_dd9db635b5df_1503943799077_id11"},{"key":"?originCity","val":"San Diego"},{"key":"?st","val":"NO_a15ef38d_acdf_4bea_8e2c_dd9db635b5df_1503943799077_id13"},{"key":"?originState","val":"CA"},{"key":"?originZipCode","val":"92106"}]}]},{"query":"?- ?t:AE#Travelling, ?t[AE#hasPath->?p], ?p[AE#hasStartRegion->?s], ?s[AE#hasLatitude->?originLatitude], ?s[AE#hasLongitude->?originLongitude].","resultList":[{"result":[{"key":"?t","val":"VO_62699e4c_363f_4ade_a29c_7ee4903c3b1f_1503943790088_6"},{"key":"?p","val":"ES_f4124f4e_a407_4c8d_ba14_f422ee7f740d_1503943815743_4"},{"key":"?s","val":"ES_f4124f4e_a407_4c8d_ba14_f422ee7f740d_1503943815743_3"},{"key":"?originLatitude","val":"32.74051839275188058309140615165233612060546875"},{"key":"?originLongitude","val":"-117.2130215001728856805129908025264739990234375"}]}]},{"query":"?- ?t:AE#Travelling, ?t[AE#hasPath->?p], ?p[AE#hasEndRegion->?e], ?e[AE#hasLatitude->?destinationLatitude], ?e[AE#hasLongitude->?destinationLongitude].","resultList":[{"result":[{"key":"?t","val":"VO_62699e4c_363f_4ade_a29c_7ee4903c3b1f_1503943790088_6"},{"key":"?p","val":"ES_f4124f4e_a407_4c8d_ba14_f422ee7f740d_1503943815743_4"},{"key":"?e","val":"ES_f4124f4e_a407_4c8d_ba14_f422ee7f740d_1503943815743_1"},{"key":"?destinationLatitude","val":"32.740073779906509798820479772984981536865234375"},{"key":"?destinationLongitude","val":"-117.0999546683592171802956727333366870880126953125"}]}]}]}
