{"dataList":[{"query":"?- ?v:AE#VATravelVoucher, ?v[AE#hasVoucherClaimant->?c], ?c[AE#hasName->?cn], ?cn[label->?claimantFullName].","resultList":[{"result":[{"key":"?v","val":"VO_7071daa8_3836_4900_b3ce_1c50b3584c1d_1503939070724_0"},{"key":"?c","val":"VO_7071daa8_3836_4900_b3ce_1c50b3584c1d_1503939070724_2"},{"key":"?cn","val":"NO_282f5b06_a030_4a34_aa0d_b334d1e30d2d_1503939078170_0"},{"key":"?claimantFullName","val":"Roy Matthew Murillo"}]},{"result":[{"key":"?v","val":"VO_7071daa8_3836_4900_b3ce_1c50b3584c1d_1503939070724_0"},{"key":"?c","val":"VO_7071daa8_3836_4900_b3ce_1c50b3584c1d_1503939070724_2"},{"key":"?cn","val":"VO_7071daa8_3836_4900_b3ce_1c50b3584c1d_1503939070724_1"},{"key":"?claimantFullName","val":"Roy Matthew Murillo"}]}]},{"query":"?- ?v:AE#VATravelVoucher, ?v[AE#hasVoucherClaimant->?c], ?c[AE#hasName->?cn], ?cn[AE#hasFirstName->?claimantFirstName].","resultList":[{"result":[{"key":"?v","val":"VO_7071daa8_3836_4900_b3ce_1c50b3584c1d_1503939070724_0"},{"key":"?c","val":"VO_7071daa8_3836_4900_b3ce_1c50b3584c1d_1503939070724_2"},{"key":"?cn","val":"NO_282f5b06_a030_4a34_aa0d_b334d1e30d2d_1503939078170_0"},{"key":"?claimantFirstName","val":"roy"}]}]},{"query":"?- ?v:AE#VATravelVoucher, ?v[AE#hasVoucherClaimant->?c], ?c[AE#hasName->?cn], ?cn[AE#hasLastName->?claimantLastName].","resultList":[{"result":[{"key":"?v","val":"VO_7071daa8_3836_4900_b3ce_1c50b3584c1d_1503939070724_0"},{"key":"?c","val":"VO_7071daa8_3836_4900_b3ce_1c50b3584c1d_1503939070724_2"},{"key":"?cn","val":"NO_282f5b06_a030_4a34_aa0d_b334d1e30d2d_1503939078170_0"},{"key":"?claimantLastName","val":"murillo"}]}]},{"query":"?- ?v:AE#VATravelVoucher, ?v[AE#hasVoucherClaimant->?c], ?c[AE#hasSocialSecurityNumber->?s], ?s[label->?claimantSsn].","resultList":[{"result":[{"key":"?v","val":"VO_7071daa8_3836_4900_b3ce_1c50b3584c1d_1503939070724_0"},{"key":"?c","val":"VO_7071daa8_3836_4900_b3ce_1c50b3584c1d_1503939070724_2"},{"key":"?s","val":"VO_7071daa8_3836_4900_b3ce_1c50b3584c1d_1503939070724_12"},{"key":"?claimantSsn","val":"136-87-1475"}]}]},{"query":"?- ?v:AE#VATravelVoucher, ?v[AE#hasVoucherClaimant->?c], ?c[AE#hasLiens->?claimantHasLiens].","resultList":[{"result":[{"key":"?v","val":"VO_7071daa8_3836_4900_b3ce_1c50b3584c1d_1503939070724_0"},{"key":"?c","val":"VO_7071daa8_3836_4900_b3ce_1c50b3584c1d_1503939070724_2"},{"key":"?claimantHasLiens","val":"AE#NoLienReport"}]}]},{"query":"?- ?v:AE#VATravelVoucher, ?v[AE#hasVoucherClaimant->?c], ?c[AE#hasDeclaredBankruptcy->?claimantHasDeclaredBankruptcy].","resultList":[{"result":[{"key":"?v","val":"VO_7071daa8_3836_4900_b3ce_1c50b3584c1d_1503939070724_0"},{"key":"?c","val":"VO_7071daa8_3836_4900_b3ce_1c50b3584c1d_1503939070724_2"},{"key":"?claimantHasDeclaredBankruptcy","val":"AE#NoBankruptcyReport"}]}]},{"query":"?- ?v:AE#VATravelVoucher, ?v[AE#hasVoucherClaimant->?c], ?c[AE#hasArrestRecord->?claimantHasArrestRecord].","resultList":[{"result":[{"key":"?v","val":"VO_7071daa8_3836_4900_b3ce_1c50b3584c1d_1503939070724_0"},{"key":"?c","val":"VO_7071daa8_3836_4900_b3ce_1c50b3584c1d_1503939070724_2"},{"key":"?claimantHasArrestRecord","val":"AE#NoArrestRecord"}]}]},{"query":"?- ?v:AE#VATravelVoucher, ?v[AE#hasVoucherClaimant->?c], ?c[AE#hasCriminalRecord->?claimantHasCriminalRecord].","resultList":[{"result":[{"key":"?v","val":"VO_7071daa8_3836_4900_b3ce_1c50b3584c1d_1503939070724_0"},{"key":"?c","val":"VO_7071daa8_3836_4900_b3ce_1c50b3584c1d_1503939070724_2"},{"key":"?claimantHasCriminalRecord","val":"AE#NoCriminalRecord"}]}]},{"query":"?- ?v:AE#VATravelVoucher, ?v[AE#hasVoucherBeneficiary->?b], ?b[AE#hasName->?cn], ?cn[label->?beneficiaryFullName].","resultList":[{"result":[{"key":"?v","val":"VO_7071daa8_3836_4900_b3ce_1c50b3584c1d_1503939070724_0"},{"key":"?b","val":"VO_7071daa8_3836_4900_b3ce_1c50b3584c1d_1503939070724_11"},{"key":"?cn","val":"VO_7071daa8_3836_4900_b3ce_1c50b3584c1d_1503939070724_10"},{"key":"?beneficiaryFullName","val":"Michael M. Shapter"}]},{"result":[{"key":"?v","val":"VO_7071daa8_3836_4900_b3ce_1c50b3584c1d_1503939070724_0"},{"key":"?b","val":"VO_7071daa8_3836_4900_b3ce_1c50b3584c1d_1503939070724_11"},{"key":"?cn","val":"NO_baf4ff52_6da6_4029_8a31_8a522a6bafad_1503939076303_0"},{"key":"?beneficiaryFullName","val":"Michael M. Shapter"}]}]},{"query":"?- ?v:AE#VATravelVoucher, ?v[AE#hasVoucherBeneficiary->?b], ?b[AE#hasName->?cn], ?cn[AE#hasFirstName->?beneficiaryFirstName].","resultList":[{"result":[{"key":"?v","val":"VO_7071daa8_3836_4900_b3ce_1c50b3584c1d_1503939070724_0"},{"key":"?b","val":"VO_7071daa8_3836_4900_b3ce_1c50b3584c1d_1503939070724_11"},{"key":"?cn","val":"NO_baf4ff52_6da6_4029_8a31_8a522a6bafad_1503939076303_0"},{"key":"?beneficiaryFirstName","val":"michael"}]}]},{"query":"?- ?v:AE#VATravelVoucher, ?v[AE#hasVoucherBeneficiary->?b], ?b[AE#hasName->?cn], ?cn[AE#hasLastName->?beneficiaryLastName].","resultList":[{"result":[{"key":"?v","val":"VO_7071daa8_3836_4900_b3ce_1c50b3584c1d_1503939070724_0"},{"key":"?b","val":"VO_7071daa8_3836_4900_b3ce_1c50b3584c1d_1503939070724_11"},{"key":"?cn","val":"NO_baf4ff52_6da6_4029_8a31_8a522a6bafad_1503939076303_0"},{"key":"?beneficiaryLastName","val":"shapter"}]}]},{"query":"?- ?v:AE#VATravelVoucher, ?v[AE#hasVoucherBeneficiary->?b], ?b[AE#hasSocialSecurityNumber->?s], ?s[label->?beneficiarySsn].","resultList":[{"result":[{"key":"?v","val":"VO_7071daa8_3836_4900_b3ce_1c50b3584c1d_1503939070724_0"},{"key":"?b","val":"VO_7071daa8_3836_4900_b3ce_1c50b3584c1d_1503939070724_11"},{"key":"?s","val":"VO_7071daa8_3836_4900_b3ce_1c50b3584c1d_1503939070724_9"},{"key":"?beneficiarySsn","val":"616-45-0192"}]}]},{"query":"?- ?v:AE#VATravelVoucher, ?v[AE#hasVoucherBeneficiary->?b], ?b[AE#hasLiens->?beneficiaryHasLiens].","resultList":[{"result":[{"key":"?v","val":"VO_7071daa8_3836_4900_b3ce_1c50b3584c1d_1503939070724_0"},{"key":"?b","val":"VO_7071daa8_3836_4900_b3ce_1c50b3584c1d_1503939070724_11"},{"key":"?beneficiaryHasLiens","val":"AE#NoLienReport"}]}]},{"query":"?- ?v:AE#VATravelVoucher, ?v[AE#hasVoucherBeneficiary->?b], ?b[AE#hasDeclaredBankruptcy->?beneficiaryHasDeclaredBankruptcy].","resultList":[{"result":[{"key":"?v","val":"VO_7071daa8_3836_4900_b3ce_1c50b3584c1d_1503939070724_0"},{"key":"?b","val":"VO_7071daa8_3836_4900_b3ce_1c50b3584c1d_1503939070724_11"},{"key":"?beneficiaryHasDeclaredBankruptcy","val":"AE#NoBankruptcyReport"}]}]},{"query":"?- ?v:AE#VATravelVoucher, ?v[AE#hasVoucherBeneficiary->?b], ?b[AE#hasArrestRecord->?beneficiaryHasArrestRecord].","resultList":[{"result":[{"key":"?v","val":"VO_7071daa8_3836_4900_b3ce_1c50b3584c1d_1503939070724_0"},{"key":"?b","val":"VO_7071daa8_3836_4900_b3ce_1c50b3584c1d_1503939070724_11"},{"key":"?beneficiaryHasArrestRecord","val":"AE#NoArrestRecord"}]}]},{"query":"?- ?v:AE#VATravelVoucher, ?v[AE#hasVoucherBeneficiary->?b], ?b[AE#hasCriminalRecord->?beneficiaryHasCriminalRecord].","resultList":[{"result":[{"key":"?v","val":"VO_7071daa8_3836_4900_b3ce_1c50b3584c1d_1503939070724_0"},{"key":"?b","val":"VO_7071daa8_3836_4900_b3ce_1c50b3584c1d_1503939070724_11"},{"key":"?beneficiaryHasCriminalRecord","val":"AE#NoCriminalRecord"}]}]},{"query":"?- ?t:AE#Travelling, ?t[AE#hasPath->?p], ?p[AE#hasDistance->?d], ?d[AE#numericValue->?expectedDistanceValue], ?d[AE#hasUnitOfMeasure->?unitOfDistanceMeasure].","resultList":[{"result":[{"key":"?t","val":"VO_7071daa8_3836_4900_b3ce_1c50b3584c1d_1503939070724_6"},{"key":"?p","val":"ES_deefe599_997f_4d50_9946_e47fed6b64a4_1503939096710_4"},{"key":"?d","val":"ES_deefe599_997f_4d50_9946_e47fed6b64a4_1503939096710_0"},{"key":"?expectedDistanceValue","val":"6246.9374930982967271120287477970123291015625"},{"key":"?unitOfDistanceMeasure","val":"meters"}]}]},{"query":"?- ?t:AE#Travelling, ?t[AE#hasPath->?p], ?p[AE#hasExpectedTravelTime->?d], ?d[AE#numericValue->?expectedTimeValue], ?d[AE#hasUnitOfMeasure->?unitOfTimeMeasure].","resultList":[{"result":[{"key":"?t","val":"VO_7071daa8_3836_4900_b3ce_1c50b3584c1d_1503939070724_6"},{"key":"?p","val":"ES_deefe599_997f_4d50_9946_e47fed6b64a4_1503939096710_4"},{"key":"?d","val":"ES_deefe599_997f_4d50_9946_e47fed6b64a4_1503939096710_2"},{"key":"?expectedTimeValue","val":"7.433702203561551868915557861328125"},{"key":"?unitOfTimeMeasure","val":"minutes"}]}]},{"query":"?- ?t:AE#Travelling, ?t[AE#hasDestination->?d], ?d[label->?destinationFullAddress].","resultList":[{"result":[{"key":"?t","val":"VO_7071daa8_3836_4900_b3ce_1c50b3584c1d_1503939070724_7"},{"key":"?d","val":"VO_7071daa8_3836_4900_b3ce_1c50b3584c1d_1503939070724_8"},{"key":"?destinationFullAddress","val":"2790 Truxton Road, Suite 130, San Diego, CA 92106"}]},{"result":[{"key":"?t","val":"VO_7071daa8_3836_4900_b3ce_1c50b3584c1d_1503939070724_6"},{"key":"?d","val":"VO_7071daa8_3836_4900_b3ce_1c50b3584c1d_1503939070724_5"},{"key":"?destinationFullAddress","val":"10 Walnut Ave. San Diego, CA 92154"}]}]},{"query":"?- ?t:AE#Travelling, ?t[AE#hasDestination->?d], ?d[AE#hasStreet->?s], ?s[label->?destinationStreetName], ?d[AE#hasCity->?c], ?c[label->?destinationCity], ?d[AE#hasState->?st], ?st[label->?destinationState], ?d[AE#hasZipcode->?destinationZipCode].","resultList":[{"result":[{"key":"?t","val":"VO_7071daa8_3836_4900_b3ce_1c50b3584c1d_1503939070724_7"},{"key":"?d","val":"VO_7071daa8_3836_4900_b3ce_1c50b3584c1d_1503939070724_8"},{"key":"?s","val":"NO_ac237f79_defc_44d8_9902_f95da24a371f_1503939079970_id5"},{"key":"?destinationStreetName","val":"2790 Truxton Road"},{"key":"?c","val":"NO_ac237f79_defc_44d8_9902_f95da24a371f_1503939079970_id11"},{"key":"?destinationCity","val":"San Diego"},{"key":"?st","val":"NO_ac237f79_defc_44d8_9902_f95da24a371f_1503939079970_id13"},{"key":"?destinationState","val":"CA"},{"key":"?destinationZipCode","val":"92106"}]},{"result":[{"key":"?t","val":"VO_7071daa8_3836_4900_b3ce_1c50b3584c1d_1503939070724_6"},{"key":"?d","val":"VO_7071daa8_3836_4900_b3ce_1c50b3584c1d_1503939070724_5"},{"key":"?s","val":"NO_1eed4244_af2d_4e26_866f_7bcc0476929e_1503939081962_id3"},{"key":"?destinationStreetName","val":"10 Walnut Ave."},{"key":"?c","val":"NO_1eed4244_af2d_4e26_866f_7bcc0476929e_1503939081962_id9"},{"key":"?destinationCity","val":"San Diego"},{"key":"?st","val":"NO_1eed4244_af2d_4e26_866f_7bcc0476929e_1503939081962_id11"},{"key":"?destinationState","val":"CA"},{"key":"?destinationZipCode","val":"92154"}]}]},{"query":"?- ?t:AE#Travelling, ?t[AE#hasOrigin->?d], ?d[label->?originFullAddress].","resultList":[{"result":[{"key":"?t","val":"VO_7071daa8_3836_4900_b3ce_1c50b3584c1d_1503939070724_7"},{"key":"?d","val":"VO_7071daa8_3836_4900_b3ce_1c50b3584c1d_1503939070724_3"},{"key":"?originFullAddress","val":"5141 Georgetown Ave, San Diego, CA 92110"}]},{"result":[{"key":"?t","val":"VO_7071daa8_3836_4900_b3ce_1c50b3584c1d_1503939070724_6"},{"key":"?d","val":"VO_7071daa8_3836_4900_b3ce_1c50b3584c1d_1503939070724_8"},{"key":"?originFullAddress","val":"2790 Truxton Road, Suite 130, San Diego, CA 92106"}]}]},{"query":"?- ?t:AE#Travelling, ?t[AE#hasOrigin->?d], ?d[AE#hasStreet->?s], ?s[label->?originStreetName], ?d[AE#hasCity->?c], ?c[label->?originCity], ?d[AE#hasState->?st], ?st[label->?originState], ?d[AE#hasZipcode->?originZipCode].","resultList":[{"result":[{"key":"?t","val":"VO_7071daa8_3836_4900_b3ce_1c50b3584c1d_1503939070724_7"},{"key":"?d","val":"VO_7071daa8_3836_4900_b3ce_1c50b3584c1d_1503939070724_3"},{"key":"?s","val":"NO_232d6003_8212_4f77_878f_ca2215c07ea1_1503939083888_id3"},{"key":"?originStreetName","val":"5141 Georgetown Ave"},{"key":"?c","val":"NO_232d6003_8212_4f77_878f_ca2215c07ea1_1503939083888_id9"},{"key":"?originCity","val":"San Diego"},{"key":"?st","val":"NO_232d6003_8212_4f77_878f_ca2215c07ea1_1503939083888_id11"},{"key":"?originState","val":"CA"},{"key":"?originZipCode","val":"92110"}]},{"result":[{"key":"?t","val":"VO_7071daa8_3836_4900_b3ce_1c50b3584c1d_1503939070724_6"},{"key":"?d","val":"VO_7071daa8_3836_4900_b3ce_1c50b3584c1d_1503939070724_8"},{"key":"?s","val":"NO_ac237f79_defc_44d8_9902_f95da24a371f_1503939079970_id5"},{"key":"?originStreetName","val":"2790 Truxton Road"},{"key":"?c","val":"NO_ac237f79_defc_44d8_9902_f95da24a371f_1503939079970_id11"},{"key":"?originCity","val":"San Diego"},{"key":"?st","val":"NO_ac237f79_defc_44d8_9902_f95da24a371f_1503939079970_id13"},{"key":"?originState","val":"CA"},{"key":"?originZipCode","val":"92106"}]}]},{"query":"?- ?t:AE#Travelling, ?t[AE#hasPath->?p], ?p[AE#hasStartRegion->?s], ?s[AE#hasLatitude->?originLatitude], ?s[AE#hasLongitude->?originLongitude].","resultList":[{"result":[{"key":"?t","val":"VO_7071daa8_3836_4900_b3ce_1c50b3584c1d_1503939070724_6"},{"key":"?p","val":"ES_deefe599_997f_4d50_9946_e47fed6b64a4_1503939096710_4"},{"key":"?s","val":"ES_deefe599_997f_4d50_9946_e47fed6b64a4_1503939096710_3"},{"key":"?originLatitude","val":"32.74051839275188058309140615165233612060546875"},{"key":"?originLongitude","val":"-117.2130215001728856805129908025264739990234375"}]}]},{"query":"?- ?t:AE#Travelling, ?t[AE#hasPath->?p], ?p[AE#hasEndRegion->?e], ?e[AE#hasLatitude->?destinationLatitude], ?e[AE#hasLongitude->?destinationLongitude].","resultList":[{"result":[{"key":"?t","val":"VO_7071daa8_3836_4900_b3ce_1c50b3584c1d_1503939070724_6"},{"key":"?p","val":"ES_deefe599_997f_4d50_9946_e47fed6b64a4_1503939096710_4"},{"key":"?e","val":"ES_deefe599_997f_4d50_9946_e47fed6b64a4_1503939096710_1"},{"key":"?destinationLatitude","val":"32.74150997557574527263568597845733165740966796875"},{"key":"?destinationLongitude","val":"-117.16388502442424623950500972568988800048828125"}]}]}]}
