{"dataList":[{"query":"?- ?v:AE#VATravelVoucher, ?v[AE#hasVoucherClaimant->?c], ?c[AE#hasName->?cn], ?cn[label->?claimantFullName].","resultList":[{"result":[{"key":"?v","val":"VO_70575383_1717_4746_ae04_ec64de7e703f_1503942763765_0"},{"key":"?c","val":"VO_70575383_1717_4746_ae04_ec64de7e703f_1503942763765_2"},{"key":"?cn","val":"VO_70575383_1717_4746_ae04_ec64de7e703f_1503942763765_1"},{"key":"?claimantFullName","val":"Ernest Quintin Cervantes"}]},{"result":[{"key":"?v","val":"VO_70575383_1717_4746_ae04_ec64de7e703f_1503942763765_0"},{"key":"?c","val":"VO_70575383_1717_4746_ae04_ec64de7e703f_1503942763765_2"},{"key":"?cn","val":"NO_14fbbd52_a7d1_48b7_af68_6a15554b5943_1503942771880_0"},{"key":"?claimantFullName","val":"Ernest Quintin Cervantes"}]}]},{"query":"?- ?v:AE#VATravelVoucher, ?v[AE#hasVoucherClaimant->?c], ?c[AE#hasName->?cn], ?cn[AE#hasFirstName->?claimantFirstName].","resultList":[{"result":[{"key":"?v","val":"VO_70575383_1717_4746_ae04_ec64de7e703f_1503942763765_0"},{"key":"?c","val":"VO_70575383_1717_4746_ae04_ec64de7e703f_1503942763765_2"},{"key":"?cn","val":"NO_14fbbd52_a7d1_48b7_af68_6a15554b5943_1503942771880_0"},{"key":"?claimantFirstName","val":"ernest"}]}]},{"query":"?- ?v:AE#VATravelVoucher, ?v[AE#hasVoucherClaimant->?c], ?c[AE#hasName->?cn], ?cn[AE#hasLastName->?claimantLastName].","resultList":[{"result":[{"key":"?v","val":"VO_70575383_1717_4746_ae04_ec64de7e703f_1503942763765_0"},{"key":"?c","val":"VO_70575383_1717_4746_ae04_ec64de7e703f_1503942763765_2"},{"key":"?cn","val":"NO_14fbbd52_a7d1_48b7_af68_6a15554b5943_1503942771880_0"},{"key":"?claimantLastName","val":"cervantes"}]}]},{"query":"?- ?v:AE#VATravelVoucher, ?v[AE#hasVoucherClaimant->?c], ?c[AE#hasSocialSecurityNumber->?s], ?s[label->?claimantSsn].","resultList":[{"result":[{"key":"?v","val":"VO_70575383_1717_4746_ae04_ec64de7e703f_1503942763765_0"},{"key":"?c","val":"VO_70575383_1717_4746_ae04_ec64de7e703f_1503942763765_2"},{"key":"?s","val":"VO_70575383_1717_4746_ae04_ec64de7e703f_1503942763765_12"},{"key":"?claimantSsn","val":"623-60-6168"}]}]},{"query":"?- ?v:AE#VATravelVoucher, ?v[AE#hasVoucherClaimant->?c], ?c[AE#hasLiens->?claimantHasLiens].","resultList":[{"result":[{"key":"?v","val":"VO_70575383_1717_4746_ae04_ec64de7e703f_1503942763765_0"},{"key":"?c","val":"VO_70575383_1717_4746_ae04_ec64de7e703f_1503942763765_2"},{"key":"?claimantHasLiens","val":"AE#NoLienReport"}]}]},{"query":"?- ?v:AE#VATravelVoucher, ?v[AE#hasVoucherClaimant->?c], ?c[AE#hasDeclaredBankruptcy->?claimantHasDeclaredBankruptcy].","resultList":[{"result":[{"key":"?v","val":"VO_70575383_1717_4746_ae04_ec64de7e703f_1503942763765_0"},{"key":"?c","val":"VO_70575383_1717_4746_ae04_ec64de7e703f_1503942763765_2"},{"key":"?claimantHasDeclaredBankruptcy","val":"AE#NoBankruptcyReport"}]}]},{"query":"?- ?v:AE#VATravelVoucher, ?v[AE#hasVoucherClaimant->?c], ?c[AE#hasArrestRecord->?claimantHasArrestRecord].","resultList":[{"result":[{"key":"?v","val":"VO_70575383_1717_4746_ae04_ec64de7e703f_1503942763765_0"},{"key":"?c","val":"VO_70575383_1717_4746_ae04_ec64de7e703f_1503942763765_2"},{"key":"?claimantHasArrestRecord","val":"AE#UnknownArrestRecord"}]}]},{"query":"?- ?v:AE#VATravelVoucher, ?v[AE#hasVoucherClaimant->?c], ?c[AE#hasCriminalRecord->?claimantHasCriminalRecord].","resultList":[{"result":[{"key":"?v","val":"VO_70575383_1717_4746_ae04_ec64de7e703f_1503942763765_0"},{"key":"?c","val":"VO_70575383_1717_4746_ae04_ec64de7e703f_1503942763765_2"},{"key":"?claimantHasCriminalRecord","val":"AE#NoCriminalRecord"}]}]},{"query":"?- ?v:AE#VATravelVoucher, ?v[AE#hasVoucherBeneficiary->?b], ?b[AE#hasName->?cn], ?cn[label->?beneficiaryFullName].","resultList":[{"result":[{"key":"?v","val":"VO_70575383_1717_4746_ae04_ec64de7e703f_1503942763765_0"},{"key":"?b","val":"VO_70575383_1717_4746_ae04_ec64de7e703f_1503942763765_11"},{"key":"?cn","val":"VO_70575383_1717_4746_ae04_ec64de7e703f_1503942763765_10"},{"key":"?beneficiaryFullName","val":"Ernest Quintin Cervantes"}]},{"result":[{"key":"?v","val":"VO_70575383_1717_4746_ae04_ec64de7e703f_1503942763765_0"},{"key":"?b","val":"VO_70575383_1717_4746_ae04_ec64de7e703f_1503942763765_11"},{"key":"?cn","val":"NO_b2cbb93b_39f8_4af8_a283_f32338bcfc2d_1503942769678_0"},{"key":"?beneficiaryFullName","val":"Ernest Quintin Cervantes"}]}]},{"query":"?- ?v:AE#VATravelVoucher, ?v[AE#hasVoucherBeneficiary->?b], ?b[AE#hasName->?cn], ?cn[AE#hasFirstName->?beneficiaryFirstName].","resultList":[{"result":[{"key":"?v","val":"VO_70575383_1717_4746_ae04_ec64de7e703f_1503942763765_0"},{"key":"?b","val":"VO_70575383_1717_4746_ae04_ec64de7e703f_1503942763765_11"},{"key":"?cn","val":"NO_b2cbb93b_39f8_4af8_a283_f32338bcfc2d_1503942769678_0"},{"key":"?beneficiaryFirstName","val":"ernest"}]}]},{"query":"?- ?v:AE#VATravelVoucher, ?v[AE#hasVoucherBeneficiary->?b], ?b[AE#hasName->?cn], ?cn[AE#hasLastName->?beneficiaryLastName].","resultList":[{"result":[{"key":"?v","val":"VO_70575383_1717_4746_ae04_ec64de7e703f_1503942763765_0"},{"key":"?b","val":"VO_70575383_1717_4746_ae04_ec64de7e703f_1503942763765_11"},{"key":"?cn","val":"NO_b2cbb93b_39f8_4af8_a283_f32338bcfc2d_1503942769678_0"},{"key":"?beneficiaryLastName","val":"cervantes"}]}]},{"query":"?- ?v:AE#VATravelVoucher, ?v[AE#hasVoucherBeneficiary->?b], ?b[AE#hasSocialSecurityNumber->?s], ?s[label->?beneficiarySsn].","resultList":[{"result":[{"key":"?v","val":"VO_70575383_1717_4746_ae04_ec64de7e703f_1503942763765_0"},{"key":"?b","val":"VO_70575383_1717_4746_ae04_ec64de7e703f_1503942763765_11"},{"key":"?s","val":"VO_70575383_1717_4746_ae04_ec64de7e703f_1503942763765_9"},{"key":"?beneficiarySsn","val":"623-60-6168"}]}]},{"query":"?- ?v:AE#VATravelVoucher, ?v[AE#hasVoucherBeneficiary->?b], ?b[AE#hasLiens->?beneficiaryHasLiens].","resultList":[{"result":[{"key":"?v","val":"VO_70575383_1717_4746_ae04_ec64de7e703f_1503942763765_0"},{"key":"?b","val":"VO_70575383_1717_4746_ae04_ec64de7e703f_1503942763765_11"},{"key":"?beneficiaryHasLiens","val":"AE#NoLienReport"}]}]},{"query":"?- ?v:AE#VATravelVoucher, ?v[AE#hasVoucherBeneficiary->?b], ?b[AE#hasDeclaredBankruptcy->?beneficiaryHasDeclaredBankruptcy].","resultList":[{"result":[{"key":"?v","val":"VO_70575383_1717_4746_ae04_ec64de7e703f_1503942763765_0"},{"key":"?b","val":"VO_70575383_1717_4746_ae04_ec64de7e703f_1503942763765_11"},{"key":"?beneficiaryHasDeclaredBankruptcy","val":"AE#NoBankruptcyReport"}]}]},{"query":"?- ?v:AE#VATravelVoucher, ?v[AE#hasVoucherBeneficiary->?b], ?b[AE#hasArrestRecord->?beneficiaryHasArrestRecord].","resultList":[{"result":[{"key":"?v","val":"VO_70575383_1717_4746_ae04_ec64de7e703f_1503942763765_0"},{"key":"?b","val":"VO_70575383_1717_4746_ae04_ec64de7e703f_1503942763765_11"},{"key":"?beneficiaryHasArrestRecord","val":"AE#UnknownArrestRecord"}]}]},{"query":"?- ?v:AE#VATravelVoucher, ?v[AE#hasVoucherBeneficiary->?b], ?b[AE#hasCriminalRecord->?beneficiaryHasCriminalRecord].","resultList":[{"result":[{"key":"?v","val":"VO_70575383_1717_4746_ae04_ec64de7e703f_1503942763765_0"},{"key":"?b","val":"VO_70575383_1717_4746_ae04_ec64de7e703f_1503942763765_11"},{"key":"?beneficiaryHasCriminalRecord","val":"AE#NoCriminalRecord"}]}]},{"query":"?- ?t:AE#Travelling, ?t[AE#hasPath->?p], ?p[AE#hasDistance->?d], ?d[AE#numericValue->?expectedDistanceValue], ?d[AE#hasUnitOfMeasure->?unitOfDistanceMeasure].","resultList":[{"result":[{"key":"?t","val":"VO_70575383_1717_4746_ae04_ec64de7e703f_1503942763765_6"},{"key":"?p","val":"ES_09a5e12d_b990_4570_a888_486337c11614_1503942790677_4"},{"key":"?d","val":"ES_09a5e12d_b990_4570_a888_486337c11614_1503942790677_0"},{"key":"?expectedDistanceValue","val":"14705.263033579010880202986299991607666015625"},{"key":"?unitOfDistanceMeasure","val":"meters"}]}]},{"query":"?- ?t:AE#Travelling, ?t[AE#hasPath->?p], ?p[AE#hasExpectedTravelTime->?d], ?d[AE#numericValue->?expectedTimeValue], ?d[AE#hasUnitOfMeasure->?unitOfTimeMeasure].","resultList":[{"result":[{"key":"?t","val":"VO_70575383_1717_4746_ae04_ec64de7e703f_1503942763765_6"},{"key":"?p","val":"ES_09a5e12d_b990_4570_a888_486337c11614_1503942790677_4"},{"key":"?d","val":"ES_09a5e12d_b990_4570_a888_486337c11614_1503942790677_2"},{"key":"?expectedTimeValue","val":"12.16110569774173200130462646484375"},{"key":"?unitOfTimeMeasure","val":"minutes"}]}]},{"query":"?- ?t:AE#Travelling, ?t[AE#hasDestination->?d], ?d[label->?destinationFullAddress].","resultList":[{"result":[{"key":"?t","val":"VO_70575383_1717_4746_ae04_ec64de7e703f_1503942763765_7"},{"key":"?d","val":"VO_70575383_1717_4746_ae04_ec64de7e703f_1503942763765_8"},{"key":"?destinationFullAddress","val":"2790 Truxton Road, Suite 130, San Diego, CA 92106"}]},{"result":[{"key":"?t","val":"VO_70575383_1717_4746_ae04_ec64de7e703f_1503942763765_6"},{"key":"?d","val":"VO_70575383_1717_4746_ae04_ec64de7e703f_1503942763765_5"},{"key":"?destinationFullAddress","val":"3343 43rd St, San Diego, CA 92105"}]}]},{"query":"?- ?t:AE#Travelling, ?t[AE#hasDestination->?d], ?d[AE#hasStreet->?s], ?s[label->?destinationStreetName], ?d[AE#hasCity->?c], ?c[label->?destinationCity], ?d[AE#hasState->?st], ?st[label->?destinationState], ?d[AE#hasZipcode->?destinationZipCode].","resultList":[{"result":[{"key":"?t","val":"VO_70575383_1717_4746_ae04_ec64de7e703f_1503942763765_7"},{"key":"?d","val":"VO_70575383_1717_4746_ae04_ec64de7e703f_1503942763765_8"},{"key":"?s","val":"NO_009868ae_0c55_452a_a66a_58ac78d4321f_1503942773892_id5"},{"key":"?destinationStreetName","val":"2790 Truxton Road"},{"key":"?c","val":"NO_009868ae_0c55_452a_a66a_58ac78d4321f_1503942773892_id11"},{"key":"?destinationCity","val":"San Diego"},{"key":"?st","val":"NO_009868ae_0c55_452a_a66a_58ac78d4321f_1503942773892_id13"},{"key":"?destinationState","val":"CA"},{"key":"?destinationZipCode","val":"92106"}]},{"result":[{"key":"?t","val":"VO_70575383_1717_4746_ae04_ec64de7e703f_1503942763765_6"},{"key":"?d","val":"VO_70575383_1717_4746_ae04_ec64de7e703f_1503942763765_5"},{"key":"?s","val":"NO_e7e3197f_569c_414e_9e40_e9b948f530de_1503942775938_id3"},{"key":"?destinationStreetName","val":"3343 43rd St"},{"key":"?c","val":"NO_e7e3197f_569c_414e_9e40_e9b948f530de_1503942775938_id9"},{"key":"?destinationCity","val":"San Diego"},{"key":"?st","val":"NO_e7e3197f_569c_414e_9e40_e9b948f530de_1503942775938_id11"},{"key":"?destinationState","val":"CA"},{"key":"?destinationZipCode","val":"92105"}]}]},{"query":"?- ?t:AE#Travelling, ?t[AE#hasOrigin->?d], ?d[label->?originFullAddress].","resultList":[{"result":[{"key":"?t","val":"VO_70575383_1717_4746_ae04_ec64de7e703f_1503942763765_7"},{"key":"?d","val":"VO_70575383_1717_4746_ae04_ec64de7e703f_1503942763765_3"},{"key":"?originFullAddress","val":"3343 43rd St, San Diego, CA 92105"}]},{"result":[{"key":"?t","val":"VO_70575383_1717_4746_ae04_ec64de7e703f_1503942763765_6"},{"key":"?d","val":"VO_70575383_1717_4746_ae04_ec64de7e703f_1503942763765_8"},{"key":"?originFullAddress","val":"2790 Truxton Road, Suite 130, San Diego, CA 92106"}]}]},{"query":"?- ?t:AE#Travelling, ?t[AE#hasOrigin->?d], ?d[AE#hasStreet->?s], ?s[label->?originStreetName], ?d[AE#hasCity->?c], ?c[label->?originCity], ?d[AE#hasState->?st], ?st[label->?originState], ?d[AE#hasZipcode->?originZipCode].","resultList":[{"result":[{"key":"?t","val":"VO_70575383_1717_4746_ae04_ec64de7e703f_1503942763765_7"},{"key":"?d","val":"VO_70575383_1717_4746_ae04_ec64de7e703f_1503942763765_3"},{"key":"?s","val":"NO_0262a005_d5a3_4a73_a96d_581a2fbf9bb0_1503942777903_id3"},{"key":"?originStreetName","val":"3343 43rd St"},{"key":"?c","val":"NO_0262a005_d5a3_4a73_a96d_581a2fbf9bb0_1503942777903_id9"},{"key":"?originCity","val":"San Diego"},{"key":"?st","val":"NO_0262a005_d5a3_4a73_a96d_581a2fbf9bb0_1503942777903_id11"},{"key":"?originState","val":"CA"},{"key":"?originZipCode","val":"92105"}]},{"result":[{"key":"?t","val":"VO_70575383_1717_4746_ae04_ec64de7e703f_1503942763765_6"},{"key":"?d","val":"VO_70575383_1717_4746_ae04_ec64de7e703f_1503942763765_8"},{"key":"?s","val":"NO_009868ae_0c55_452a_a66a_58ac78d4321f_1503942773892_id5"},{"key":"?originStreetName","val":"2790 Truxton Road"},{"key":"?c","val":"NO_009868ae_0c55_452a_a66a_58ac78d4321f_1503942773892_id11"},{"key":"?originCity","val":"San Diego"},{"key":"?st","val":"NO_009868ae_0c55_452a_a66a_58ac78d4321f_1503942773892_id13"},{"key":"?originState","val":"CA"},{"key":"?originZipCode","val":"92106"}]}]},{"query":"?- ?t:AE#Travelling, ?t[AE#hasPath->?p], ?p[AE#hasStartRegion->?s], ?s[AE#hasLatitude->?originLatitude], ?s[AE#hasLongitude->?originLongitude].","resultList":[{"result":[{"key":"?t","val":"VO_70575383_1717_4746_ae04_ec64de7e703f_1503942763765_6"},{"key":"?p","val":"ES_09a5e12d_b990_4570_a888_486337c11614_1503942790677_4"},{"key":"?s","val":"ES_09a5e12d_b990_4570_a888_486337c11614_1503942790677_3"},{"key":"?originLatitude","val":"32.74051839275188058309140615165233612060546875"},{"key":"?originLongitude","val":"-117.2130215001728856805129908025264739990234375"}]}]},{"query":"?- ?t:AE#Travelling, ?t[AE#hasPath->?p], ?p[AE#hasEndRegion->?e], ?e[AE#hasLatitude->?destinationLatitude], ?e[AE#hasLongitude->?destinationLongitude].","resultList":[{"result":[{"key":"?t","val":"VO_70575383_1717_4746_ae04_ec64de7e703f_1503942763765_6"},{"key":"?p","val":"ES_09a5e12d_b990_4570_a888_486337c11614_1503942790677_4"},{"key":"?e","val":"ES_09a5e12d_b990_4570_a888_486337c11614_1503942790677_1"},{"key":"?destinationLatitude","val":"32.74111840827512054374892613850533962249755859375"},{"key":"?destinationLongitude","val":"-117.10203096944445633198483847081661224365234375"}]}]}]}
