{"dataList":[{"query":"?- ?v:AE#VATravelVoucher, ?v[AE#hasVoucherClaimant->?c], ?c[AE#hasName->?cn], ?cn[label->?claimantFullName].","resultList":[{"result":[{"key":"?v","val":"VO_730eed3a_75a3_462a_b778_e1d19953f27f_1503938946981_0"},{"key":"?c","val":"VO_730eed3a_75a3_462a_b778_e1d19953f27f_1503938946981_2"},{"key":"?cn","val":"VO_730eed3a_75a3_462a_b778_e1d19953f27f_1503938946981_1"},{"key":"?claimantFullName","val":"Sam J. Higton"}]},{"result":[{"key":"?v","val":"VO_730eed3a_75a3_462a_b778_e1d19953f27f_1503938946981_0"},{"key":"?c","val":"VO_730eed3a_75a3_462a_b778_e1d19953f27f_1503938946981_2"},{"key":"?cn","val":"NO_c801f8ba_4b4f_4732_b964_8f77516bc45d_1503938954454_0"},{"key":"?claimantFullName","val":"Sam J. Higton"}]}]},{"query":"?- ?v:AE#VATravelVoucher, ?v[AE#hasVoucherClaimant->?c], ?c[AE#hasName->?cn], ?cn[AE#hasFirstName->?claimantFirstName].","resultList":[{"result":[{"key":"?v","val":"VO_730eed3a_75a3_462a_b778_e1d19953f27f_1503938946981_0"},{"key":"?c","val":"VO_730eed3a_75a3_462a_b778_e1d19953f27f_1503938946981_2"},{"key":"?cn","val":"NO_c801f8ba_4b4f_4732_b964_8f77516bc45d_1503938954454_0"},{"key":"?claimantFirstName","val":"sam"}]}]},{"query":"?- ?v:AE#VATravelVoucher, ?v[AE#hasVoucherClaimant->?c], ?c[AE#hasName->?cn], ?cn[AE#hasLastName->?claimantLastName].","resultList":[{"result":[{"key":"?v","val":"VO_730eed3a_75a3_462a_b778_e1d19953f27f_1503938946981_0"},{"key":"?c","val":"VO_730eed3a_75a3_462a_b778_e1d19953f27f_1503938946981_2"},{"key":"?cn","val":"NO_c801f8ba_4b4f_4732_b964_8f77516bc45d_1503938954454_0"},{"key":"?claimantLastName","val":"higton"}]}]},{"query":"?- ?v:AE#VATravelVoucher, ?v[AE#hasVoucherClaimant->?c], ?c[AE#hasSocialSecurityNumber->?s], ?s[label->?claimantSsn].","resultList":[{"result":[{"key":"?v","val":"VO_730eed3a_75a3_462a_b778_e1d19953f27f_1503938946981_0"},{"key":"?c","val":"VO_730eed3a_75a3_462a_b778_e1d19953f27f_1503938946981_2"},{"key":"?s","val":"VO_730eed3a_75a3_462a_b778_e1d19953f27f_1503938946981_12"},{"key":"?claimantSsn","val":"491-41-6190"}]}]},{"query":"?- ?v:AE#VATravelVoucher, ?v[AE#hasVoucherClaimant->?c], ?c[AE#hasLiens->?claimantHasLiens].","resultList":[{"result":[{"key":"?v","val":"VO_730eed3a_75a3_462a_b778_e1d19953f27f_1503938946981_0"},{"key":"?c","val":"VO_730eed3a_75a3_462a_b778_e1d19953f27f_1503938946981_2"},{"key":"?claimantHasLiens","val":"AE#UnknownLienReport"}]}]},{"query":"?- ?v:AE#VATravelVoucher, ?v[AE#hasVoucherClaimant->?c], ?c[AE#hasDeclaredBankruptcy->?claimantHasDeclaredBankruptcy].","resultList":[{"result":[{"key":"?v","val":"VO_730eed3a_75a3_462a_b778_e1d19953f27f_1503938946981_0"},{"key":"?c","val":"VO_730eed3a_75a3_462a_b778_e1d19953f27f_1503938946981_2"},{"key":"?claimantHasDeclaredBankruptcy","val":"AE#NoBankruptcyReport"}]}]},{"query":"?- ?v:AE#VATravelVoucher, ?v[AE#hasVoucherClaimant->?c], ?c[AE#hasArrestRecord->?claimantHasArrestRecord].","resultList":[{"result":[{"key":"?v","val":"VO_730eed3a_75a3_462a_b778_e1d19953f27f_1503938946981_0"},{"key":"?c","val":"VO_730eed3a_75a3_462a_b778_e1d19953f27f_1503938946981_2"},{"key":"?claimantHasArrestRecord","val":"AE#UnknownArrestRecord"}]}]},{"query":"?- ?v:AE#VATravelVoucher, ?v[AE#hasVoucherClaimant->?c], ?c[AE#hasCriminalRecord->?claimantHasCriminalRecord].","resultList":[{"result":[{"key":"?v","val":"VO_730eed3a_75a3_462a_b778_e1d19953f27f_1503938946981_0"},{"key":"?c","val":"VO_730eed3a_75a3_462a_b778_e1d19953f27f_1503938946981_2"},{"key":"?claimantHasCriminalRecord","val":"AE#NoCriminalRecord"}]}]},{"query":"?- ?v:AE#VATravelVoucher, ?v[AE#hasVoucherBeneficiary->?b], ?b[AE#hasName->?cn], ?cn[label->?beneficiaryFullName].","resultList":[{"result":[{"key":"?v","val":"VO_730eed3a_75a3_462a_b778_e1d19953f27f_1503938946981_0"},{"key":"?b","val":"VO_730eed3a_75a3_462a_b778_e1d19953f27f_1503938946981_11"},{"key":"?cn","val":"VO_730eed3a_75a3_462a_b778_e1d19953f27f_1503938946981_10"},{"key":"?beneficiaryFullName","val":"Sam J. Higton"}]},{"result":[{"key":"?v","val":"VO_730eed3a_75a3_462a_b778_e1d19953f27f_1503938946981_0"},{"key":"?b","val":"VO_730eed3a_75a3_462a_b778_e1d19953f27f_1503938946981_11"},{"key":"?cn","val":"NO_8425f6f0_fc7b_4812_b28d_6183c6564335_1503938952633_0"},{"key":"?beneficiaryFullName","val":"Sam J. Higton"}]}]},{"query":"?- ?v:AE#VATravelVoucher, ?v[AE#hasVoucherBeneficiary->?b], ?b[AE#hasName->?cn], ?cn[AE#hasFirstName->?beneficiaryFirstName].","resultList":[{"result":[{"key":"?v","val":"VO_730eed3a_75a3_462a_b778_e1d19953f27f_1503938946981_0"},{"key":"?b","val":"VO_730eed3a_75a3_462a_b778_e1d19953f27f_1503938946981_11"},{"key":"?cn","val":"NO_8425f6f0_fc7b_4812_b28d_6183c6564335_1503938952633_0"},{"key":"?beneficiaryFirstName","val":"sam"}]}]},{"query":"?- ?v:AE#VATravelVoucher, ?v[AE#hasVoucherBeneficiary->?b], ?b[AE#hasName->?cn], ?cn[AE#hasLastName->?beneficiaryLastName].","resultList":[{"result":[{"key":"?v","val":"VO_730eed3a_75a3_462a_b778_e1d19953f27f_1503938946981_0"},{"key":"?b","val":"VO_730eed3a_75a3_462a_b778_e1d19953f27f_1503938946981_11"},{"key":"?cn","val":"NO_8425f6f0_fc7b_4812_b28d_6183c6564335_1503938952633_0"},{"key":"?beneficiaryLastName","val":"higton"}]}]},{"query":"?- ?v:AE#VATravelVoucher, ?v[AE#hasVoucherBeneficiary->?b], ?b[AE#hasSocialSecurityNumber->?s], ?s[label->?beneficiarySsn].","resultList":[{"result":[{"key":"?v","val":"VO_730eed3a_75a3_462a_b778_e1d19953f27f_1503938946981_0"},{"key":"?b","val":"VO_730eed3a_75a3_462a_b778_e1d19953f27f_1503938946981_11"},{"key":"?s","val":"VO_730eed3a_75a3_462a_b778_e1d19953f27f_1503938946981_9"},{"key":"?beneficiarySsn","val":"491-41-6190"}]}]},{"query":"?- ?v:AE#VATravelVoucher, ?v[AE#hasVoucherBeneficiary->?b], ?b[AE#hasLiens->?beneficiaryHasLiens].","resultList":[{"result":[{"key":"?v","val":"VO_730eed3a_75a3_462a_b778_e1d19953f27f_1503938946981_0"},{"key":"?b","val":"VO_730eed3a_75a3_462a_b778_e1d19953f27f_1503938946981_11"},{"key":"?beneficiaryHasLiens","val":"AE#UnknownLienReport"}]}]},{"query":"?- ?v:AE#VATravelVoucher, ?v[AE#hasVoucherBeneficiary->?b], ?b[AE#hasDeclaredBankruptcy->?beneficiaryHasDeclaredBankruptcy].","resultList":[{"result":[{"key":"?v","val":"VO_730eed3a_75a3_462a_b778_e1d19953f27f_1503938946981_0"},{"key":"?b","val":"VO_730eed3a_75a3_462a_b778_e1d19953f27f_1503938946981_11"},{"key":"?beneficiaryHasDeclaredBankruptcy","val":"AE#NoBankruptcyReport"}]}]},{"query":"?- ?v:AE#VATravelVoucher, ?v[AE#hasVoucherBeneficiary->?b], ?b[AE#hasArrestRecord->?beneficiaryHasArrestRecord].","resultList":[{"result":[{"key":"?v","val":"VO_730eed3a_75a3_462a_b778_e1d19953f27f_1503938946981_0"},{"key":"?b","val":"VO_730eed3a_75a3_462a_b778_e1d19953f27f_1503938946981_11"},{"key":"?beneficiaryHasArrestRecord","val":"AE#UnknownArrestRecord"}]}]},{"query":"?- ?v:AE#VATravelVoucher, ?v[AE#hasVoucherBeneficiary->?b], ?b[AE#hasCriminalRecord->?beneficiaryHasCriminalRecord].","resultList":[{"result":[{"key":"?v","val":"VO_730eed3a_75a3_462a_b778_e1d19953f27f_1503938946981_0"},{"key":"?b","val":"VO_730eed3a_75a3_462a_b778_e1d19953f27f_1503938946981_11"},{"key":"?beneficiaryHasCriminalRecord","val":"AE#NoCriminalRecord"}]}]},{"query":"?- ?t:AE#Travelling, ?t[AE#hasPath->?p], ?p[AE#hasDistance->?d], ?d[AE#numericValue->?expectedDistanceValue], ?d[AE#hasUnitOfMeasure->?unitOfDistanceMeasure].","resultList":[{"result":[{"key":"?t","val":"VO_730eed3a_75a3_462a_b778_e1d19953f27f_1503938946981_6"},{"key":"?p","val":"ES_47cfc7ad_21f9_489f_8a93_8fcdc95120ff_1503938973025_4"},{"key":"?d","val":"ES_47cfc7ad_21f9_489f_8a93_8fcdc95120ff_1503938973025_0"},{"key":"?expectedDistanceValue","val":"16214.72693364834776730276644229888916015625"},{"key":"?unitOfDistanceMeasure","val":"meters"}]}]},{"query":"?- ?t:AE#Travelling, ?t[AE#hasPath->?p], ?p[AE#hasExpectedTravelTime->?d], ?d[AE#numericValue->?expectedTimeValue], ?d[AE#hasUnitOfMeasure->?unitOfTimeMeasure].","resultList":[{"result":[{"key":"?t","val":"VO_730eed3a_75a3_462a_b778_e1d19953f27f_1503938946981_6"},{"key":"?p","val":"ES_47cfc7ad_21f9_489f_8a93_8fcdc95120ff_1503938973025_4"},{"key":"?d","val":"ES_47cfc7ad_21f9_489f_8a93_8fcdc95120ff_1503938973025_2"},{"key":"?expectedTimeValue","val":"12.763754655607044696807861328125"},{"key":"?unitOfTimeMeasure","val":"minutes"}]}]},{"query":"?- ?t:AE#Travelling, ?t[AE#hasDestination->?d], ?d[label->?destinationFullAddress].","resultList":[{"result":[{"key":"?t","val":"VO_730eed3a_75a3_462a_b778_e1d19953f27f_1503938946981_7"},{"key":"?d","val":"VO_730eed3a_75a3_462a_b778_e1d19953f27f_1503938946981_8"},{"key":"?destinationFullAddress","val":"2790 Truxton Road, Suite 130, San Diego, CA 92106"}]},{"result":[{"key":"?t","val":"VO_730eed3a_75a3_462a_b778_e1d19953f27f_1503938946981_6"},{"key":"?d","val":"VO_730eed3a_75a3_462a_b778_e1d19953f27f_1503938946981_5"},{"key":"?destinationFullAddress","val":"802 Logan Ave. San Diego, CA 92114"}]}]},{"query":"?- ?t:AE#Travelling, ?t[AE#hasDestination->?d], ?d[AE#hasStreet->?s], ?s[label->?destinationStreetName], ?d[AE#hasCity->?c], ?c[label->?destinationCity], ?d[AE#hasState->?st], ?st[label->?destinationState], ?d[AE#hasZipcode->?destinationZipCode].","resultList":[{"result":[{"key":"?t","val":"VO_730eed3a_75a3_462a_b778_e1d19953f27f_1503938946981_7"},{"key":"?d","val":"VO_730eed3a_75a3_462a_b778_e1d19953f27f_1503938946981_8"},{"key":"?s","val":"NO_4b8c27d5_c2a6_4792_ac09_4f0b70c79966_1503938956348_id5"},{"key":"?destinationStreetName","val":"2790 Truxton Road"},{"key":"?c","val":"NO_4b8c27d5_c2a6_4792_ac09_4f0b70c79966_1503938956348_id11"},{"key":"?destinationCity","val":"San Diego"},{"key":"?st","val":"NO_4b8c27d5_c2a6_4792_ac09_4f0b70c79966_1503938956348_id13"},{"key":"?destinationState","val":"CA"},{"key":"?destinationZipCode","val":"92106"}]},{"result":[{"key":"?t","val":"VO_730eed3a_75a3_462a_b778_e1d19953f27f_1503938946981_6"},{"key":"?d","val":"VO_730eed3a_75a3_462a_b778_e1d19953f27f_1503938946981_5"},{"key":"?s","val":"NO_9b07babd_ab52_42b6_b1a7_1d81c2984286_1503938958164_id3"},{"key":"?destinationStreetName","val":"802 Logan Ave."},{"key":"?c","val":"NO_9b07babd_ab52_42b6_b1a7_1d81c2984286_1503938958164_id9"},{"key":"?destinationCity","val":"San Diego"},{"key":"?st","val":"NO_9b07babd_ab52_42b6_b1a7_1d81c2984286_1503938958164_id11"},{"key":"?destinationState","val":"CA"},{"key":"?destinationZipCode","val":"92114"}]}]},{"query":"?- ?t:AE#Travelling, ?t[AE#hasOrigin->?d], ?d[label->?originFullAddress].","resultList":[{"result":[{"key":"?t","val":"VO_730eed3a_75a3_462a_b778_e1d19953f27f_1503938946981_7"},{"key":"?d","val":"VO_730eed3a_75a3_462a_b778_e1d19953f27f_1503938946981_3"},{"key":"?originFullAddress","val":"802 Logan Ave. San Diego, CA 92114"}]},{"result":[{"key":"?t","val":"VO_730eed3a_75a3_462a_b778_e1d19953f27f_1503938946981_6"},{"key":"?d","val":"VO_730eed3a_75a3_462a_b778_e1d19953f27f_1503938946981_8"},{"key":"?originFullAddress","val":"2790 Truxton Road, Suite 130, San Diego, CA 92106"}]}]},{"query":"?- ?t:AE#Travelling, ?t[AE#hasOrigin->?d], ?d[AE#hasStreet->?s], ?s[label->?originStreetName], ?d[AE#hasCity->?c], ?c[label->?originCity], ?d[AE#hasState->?st], ?st[label->?originState], ?d[AE#hasZipcode->?originZipCode].","resultList":[{"result":[{"key":"?t","val":"VO_730eed3a_75a3_462a_b778_e1d19953f27f_1503938946981_7"},{"key":"?d","val":"VO_730eed3a_75a3_462a_b778_e1d19953f27f_1503938946981_3"},{"key":"?s","val":"NO_8a530b2e_edc1_4691_850b_f163aa7df700_1503938960077_id3"},{"key":"?originStreetName","val":"802 Logan Ave."},{"key":"?c","val":"NO_8a530b2e_edc1_4691_850b_f163aa7df700_1503938960077_id9"},{"key":"?originCity","val":"San Diego"},{"key":"?st","val":"NO_8a530b2e_edc1_4691_850b_f163aa7df700_1503938960077_id11"},{"key":"?originState","val":"CA"},{"key":"?originZipCode","val":"92114"}]},{"result":[{"key":"?t","val":"VO_730eed3a_75a3_462a_b778_e1d19953f27f_1503938946981_6"},{"key":"?d","val":"VO_730eed3a_75a3_462a_b778_e1d19953f27f_1503938946981_8"},{"key":"?s","val":"NO_4b8c27d5_c2a6_4792_ac09_4f0b70c79966_1503938956348_id5"},{"key":"?originStreetName","val":"2790 Truxton Road"},{"key":"?c","val":"NO_4b8c27d5_c2a6_4792_ac09_4f0b70c79966_1503938956348_id11"},{"key":"?originCity","val":"San Diego"},{"key":"?st","val":"NO_4b8c27d5_c2a6_4792_ac09_4f0b70c79966_1503938956348_id13"},{"key":"?originState","val":"CA"},{"key":"?originZipCode","val":"92106"}]}]},{"query":"?- ?t:AE#Travelling, ?t[AE#hasPath->?p], ?p[AE#hasStartRegion->?s], ?s[AE#hasLatitude->?originLatitude], ?s[AE#hasLongitude->?originLongitude].","resultList":[{"result":[{"key":"?t","val":"VO_730eed3a_75a3_462a_b778_e1d19953f27f_1503938946981_6"},{"key":"?p","val":"ES_47cfc7ad_21f9_489f_8a93_8fcdc95120ff_1503938973025_4"},{"key":"?s","val":"ES_47cfc7ad_21f9_489f_8a93_8fcdc95120ff_1503938973025_3"},{"key":"?originLatitude","val":"32.74051839275188058309140615165233612060546875"},{"key":"?originLongitude","val":"-117.2130215001728856805129908025264739990234375"}]}]},{"query":"?- ?t:AE#Travelling, ?t[AE#hasPath->?p], ?p[AE#hasEndRegion->?e], ?e[AE#hasLatitude->?destinationLatitude], ?e[AE#hasLongitude->?destinationLongitude].","resultList":[{"result":[{"key":"?t","val":"VO_730eed3a_75a3_462a_b778_e1d19953f27f_1503938946981_6"},{"key":"?p","val":"ES_47cfc7ad_21f9_489f_8a93_8fcdc95120ff_1503938973025_4"},{"key":"?e","val":"ES_47cfc7ad_21f9_489f_8a93_8fcdc95120ff_1503938973025_1"},{"key":"?destinationLatitude","val":"32.69669863374247142928652465343475341796875"},{"key":"?destinationLongitude","val":"-117.083187659622495857547619380056858062744140625"}]}]}]}
