{"dataList":[{"query":"?- ?v:AE#VATravelVoucher, ?v[AE#hasVoucherClaimant->?c], ?c[AE#hasName->?cn], ?cn[label->?claimantFullName].","resultList":[{"result":[{"key":"?v","val":"VO_79a02a47_ee09_46d8_9159_7615521decda_1503943286501_0"},{"key":"?c","val":"VO_79a02a47_ee09_46d8_9159_7615521decda_1503943286501_2"},{"key":"?cn","val":"NO_0900658e_0dc9_4f95_ac36_8d296d953e23_1503943294021_0"},{"key":"?claimantFullName","val":"Margaret Phyllis Alphin"}]},{"result":[{"key":"?v","val":"VO_79a02a47_ee09_46d8_9159_7615521decda_1503943286501_0"},{"key":"?c","val":"VO_79a02a47_ee09_46d8_9159_7615521decda_1503943286501_2"},{"key":"?cn","val":"VO_79a02a47_ee09_46d8_9159_7615521decda_1503943286501_1"},{"key":"?claimantFullName","val":"Margaret Phyllis Alphin"}]}]},{"query":"?- ?v:AE#VATravelVoucher, ?v[AE#hasVoucherClaimant->?c], ?c[AE#hasName->?cn], ?cn[AE#hasFirstName->?claimantFirstName].","resultList":[{"result":[{"key":"?v","val":"VO_79a02a47_ee09_46d8_9159_7615521decda_1503943286501_0"},{"key":"?c","val":"VO_79a02a47_ee09_46d8_9159_7615521decda_1503943286501_2"},{"key":"?cn","val":"NO_0900658e_0dc9_4f95_ac36_8d296d953e23_1503943294021_0"},{"key":"?claimantFirstName","val":"margaret"}]}]},{"query":"?- ?v:AE#VATravelVoucher, ?v[AE#hasVoucherClaimant->?c], ?c[AE#hasName->?cn], ?cn[AE#hasLastName->?claimantLastName].","resultList":[{"result":[{"key":"?v","val":"VO_79a02a47_ee09_46d8_9159_7615521decda_1503943286501_0"},{"key":"?c","val":"VO_79a02a47_ee09_46d8_9159_7615521decda_1503943286501_2"},{"key":"?cn","val":"NO_0900658e_0dc9_4f95_ac36_8d296d953e23_1503943294021_0"},{"key":"?claimantLastName","val":"alphin"}]}]},{"query":"?- ?v:AE#VATravelVoucher, ?v[AE#hasVoucherClaimant->?c], ?c[AE#hasSocialSecurityNumber->?s], ?s[label->?claimantSsn].","resultList":[{"result":[{"key":"?v","val":"VO_79a02a47_ee09_46d8_9159_7615521decda_1503943286501_0"},{"key":"?c","val":"VO_79a02a47_ee09_46d8_9159_7615521decda_1503943286501_2"},{"key":"?s","val":"VO_79a02a47_ee09_46d8_9159_7615521decda_1503943286501_12"},{"key":"?claimantSsn","val":"735-76-2773"}]}]},{"query":"?- ?v:AE#VATravelVoucher, ?v[AE#hasVoucherClaimant->?c], ?c[AE#hasLiens->?claimantHasLiens].","resultList":[{"result":[{"key":"?v","val":"VO_79a02a47_ee09_46d8_9159_7615521decda_1503943286501_0"},{"key":"?c","val":"VO_79a02a47_ee09_46d8_9159_7615521decda_1503943286501_2"},{"key":"?claimantHasLiens","val":"AE#NoLienReport"}]}]},{"query":"?- ?v:AE#VATravelVoucher, ?v[AE#hasVoucherClaimant->?c], ?c[AE#hasDeclaredBankruptcy->?claimantHasDeclaredBankruptcy].","resultList":[{"result":[{"key":"?v","val":"VO_79a02a47_ee09_46d8_9159_7615521decda_1503943286501_0"},{"key":"?c","val":"VO_79a02a47_ee09_46d8_9159_7615521decda_1503943286501_2"},{"key":"?claimantHasDeclaredBankruptcy","val":"AE#NoBankruptcyReport"}]}]},{"query":"?- ?v:AE#VATravelVoucher, ?v[AE#hasVoucherClaimant->?c], ?c[AE#hasArrestRecord->?claimantHasArrestRecord].","resultList":[{"result":[{"key":"?v","val":"VO_79a02a47_ee09_46d8_9159_7615521decda_1503943286501_0"},{"key":"?c","val":"VO_79a02a47_ee09_46d8_9159_7615521decda_1503943286501_2"},{"key":"?claimantHasArrestRecord","val":"AE#NoArrestRecord"}]}]},{"query":"?- ?v:AE#VATravelVoucher, ?v[AE#hasVoucherClaimant->?c], ?c[AE#hasCriminalRecord->?claimantHasCriminalRecord].","resultList":[{"result":[{"key":"?v","val":"VO_79a02a47_ee09_46d8_9159_7615521decda_1503943286501_0"},{"key":"?c","val":"VO_79a02a47_ee09_46d8_9159_7615521decda_1503943286501_2"},{"key":"?claimantHasCriminalRecord","val":"AE#NoCriminalRecord"}]}]},{"query":"?- ?v:AE#VATravelVoucher, ?v[AE#hasVoucherBeneficiary->?b], ?b[AE#hasName->?cn], ?cn[label->?beneficiaryFullName].","resultList":[{"result":[{"key":"?v","val":"VO_79a02a47_ee09_46d8_9159_7615521decda_1503943286501_0"},{"key":"?b","val":"VO_79a02a47_ee09_46d8_9159_7615521decda_1503943286501_11"},{"key":"?cn","val":"VO_79a02a47_ee09_46d8_9159_7615521decda_1503943286501_10"},{"key":"?beneficiaryFullName","val":"James R. Kogan"}]},{"result":[{"key":"?v","val":"VO_79a02a47_ee09_46d8_9159_7615521decda_1503943286501_0"},{"key":"?b","val":"VO_79a02a47_ee09_46d8_9159_7615521decda_1503943286501_11"},{"key":"?cn","val":"NO_7d671f96_a113_455f_a3d1_c7aa17cc0945_1503943292114_0"},{"key":"?beneficiaryFullName","val":"James R. Kogan"}]}]},{"query":"?- ?v:AE#VATravelVoucher, ?v[AE#hasVoucherBeneficiary->?b], ?b[AE#hasName->?cn], ?cn[AE#hasFirstName->?beneficiaryFirstName].","resultList":[{"result":[{"key":"?v","val":"VO_79a02a47_ee09_46d8_9159_7615521decda_1503943286501_0"},{"key":"?b","val":"VO_79a02a47_ee09_46d8_9159_7615521decda_1503943286501_11"},{"key":"?cn","val":"NO_7d671f96_a113_455f_a3d1_c7aa17cc0945_1503943292114_0"},{"key":"?beneficiaryFirstName","val":"james"}]}]},{"query":"?- ?v:AE#VATravelVoucher, ?v[AE#hasVoucherBeneficiary->?b], ?b[AE#hasName->?cn], ?cn[AE#hasLastName->?beneficiaryLastName].","resultList":[{"result":[{"key":"?v","val":"VO_79a02a47_ee09_46d8_9159_7615521decda_1503943286501_0"},{"key":"?b","val":"VO_79a02a47_ee09_46d8_9159_7615521decda_1503943286501_11"},{"key":"?cn","val":"NO_7d671f96_a113_455f_a3d1_c7aa17cc0945_1503943292114_0"},{"key":"?beneficiaryLastName","val":"kogan"}]}]},{"query":"?- ?v:AE#VATravelVoucher, ?v[AE#hasVoucherBeneficiary->?b], ?b[AE#hasSocialSecurityNumber->?s], ?s[label->?beneficiarySsn].","resultList":[{"result":[{"key":"?v","val":"VO_79a02a47_ee09_46d8_9159_7615521decda_1503943286501_0"},{"key":"?b","val":"VO_79a02a47_ee09_46d8_9159_7615521decda_1503943286501_11"},{"key":"?s","val":"VO_79a02a47_ee09_46d8_9159_7615521decda_1503943286501_9"},{"key":"?beneficiarySsn","val":"318-24-6637"}]}]},{"query":"?- ?v:AE#VATravelVoucher, ?v[AE#hasVoucherBeneficiary->?b], ?b[AE#hasLiens->?beneficiaryHasLiens].","resultList":[{"result":[{"key":"?v","val":"VO_79a02a47_ee09_46d8_9159_7615521decda_1503943286501_0"},{"key":"?b","val":"VO_79a02a47_ee09_46d8_9159_7615521decda_1503943286501_11"},{"key":"?beneficiaryHasLiens","val":"AE#NoLienReport"}]}]},{"query":"?- ?v:AE#VATravelVoucher, ?v[AE#hasVoucherBeneficiary->?b], ?b[AE#hasDeclaredBankruptcy->?beneficiaryHasDeclaredBankruptcy].","resultList":[{"result":[{"key":"?v","val":"VO_79a02a47_ee09_46d8_9159_7615521decda_1503943286501_0"},{"key":"?b","val":"VO_79a02a47_ee09_46d8_9159_7615521decda_1503943286501_11"},{"key":"?beneficiaryHasDeclaredBankruptcy","val":"AE#NoBankruptcyReport"}]}]},{"query":"?- ?v:AE#VATravelVoucher, ?v[AE#hasVoucherBeneficiary->?b], ?b[AE#hasArrestRecord->?beneficiaryHasArrestRecord].","resultList":[{"result":[{"key":"?v","val":"VO_79a02a47_ee09_46d8_9159_7615521decda_1503943286501_0"},{"key":"?b","val":"VO_79a02a47_ee09_46d8_9159_7615521decda_1503943286501_11"},{"key":"?beneficiaryHasArrestRecord","val":"AE#NoArrestRecord"}]}]},{"query":"?- ?v:AE#VATravelVoucher, ?v[AE#hasVoucherBeneficiary->?b], ?b[AE#hasCriminalRecord->?beneficiaryHasCriminalRecord].","resultList":[{"result":[{"key":"?v","val":"VO_79a02a47_ee09_46d8_9159_7615521decda_1503943286501_0"},{"key":"?b","val":"VO_79a02a47_ee09_46d8_9159_7615521decda_1503943286501_11"},{"key":"?beneficiaryHasCriminalRecord","val":"AE#NoCriminalRecord"}]}]},{"query":"?- ?t:AE#Travelling, ?t[AE#hasPath->?p], ?p[AE#hasDistance->?d], ?d[AE#numericValue->?expectedDistanceValue], ?d[AE#hasUnitOfMeasure->?unitOfDistanceMeasure].","resultList":[{"result":[{"key":"?t","val":"VO_79a02a47_ee09_46d8_9159_7615521decda_1503943286501_6"},{"key":"?p","val":"ES_f1ec1550_0877_4123_9ade_4d72a4d70a4c_1503943312869_4"},{"key":"?d","val":"ES_f1ec1550_0877_4123_9ade_4d72a4d70a4c_1503943312869_0"},{"key":"?expectedDistanceValue","val":"12690.241007646700381883420050144195556640625"},{"key":"?unitOfDistanceMeasure","val":"meters"}]}]},{"query":"?- ?t:AE#Travelling, ?t[AE#hasPath->?p], ?p[AE#hasExpectedTravelTime->?d], ?d[AE#numericValue->?expectedTimeValue], ?d[AE#hasUnitOfMeasure->?unitOfTimeMeasure].","resultList":[{"result":[{"key":"?t","val":"VO_79a02a47_ee09_46d8_9159_7615521decda_1503943286501_6"},{"key":"?p","val":"ES_f1ec1550_0877_4123_9ade_4d72a4d70a4c_1503943312869_4"},{"key":"?d","val":"ES_f1ec1550_0877_4123_9ade_4d72a4d70a4c_1503943312869_2"},{"key":"?expectedTimeValue","val":"10.133116101496852934360504150390625"},{"key":"?unitOfTimeMeasure","val":"minutes"}]}]},{"query":"?- ?t:AE#Travelling, ?t[AE#hasDestination->?d], ?d[label->?destinationFullAddress].","resultList":[{"result":[{"key":"?t","val":"VO_79a02a47_ee09_46d8_9159_7615521decda_1503943286501_7"},{"key":"?d","val":"VO_79a02a47_ee09_46d8_9159_7615521decda_1503943286501_8"},{"key":"?destinationFullAddress","val":"2790 Truxton Road, Suite 130, San Diego, CA 92106"}]},{"result":[{"key":"?t","val":"VO_79a02a47_ee09_46d8_9159_7615521decda_1503943286501_6"},{"key":"?d","val":"VO_79a02a47_ee09_46d8_9159_7615521decda_1503943286501_5"},{"key":"?destinationFullAddress","val":"3566 L St San Diego, CA 92102"}]}]},{"query":"?- ?t:AE#Travelling, ?t[AE#hasDestination->?d], ?d[AE#hasStreet->?s], ?s[label->?destinationStreetName], ?d[AE#hasCity->?c], ?c[label->?destinationCity], ?d[AE#hasState->?st], ?st[label->?destinationState], ?d[AE#hasZipcode->?destinationZipCode].","resultList":[{"result":[{"key":"?t","val":"VO_79a02a47_ee09_46d8_9159_7615521decda_1503943286501_7"},{"key":"?d","val":"VO_79a02a47_ee09_46d8_9159_7615521decda_1503943286501_8"},{"key":"?s","val":"NO_e4f70038_de9b_4d0e_b569_e8a7c53245a5_1503943295932_id5"},{"key":"?destinationStreetName","val":"2790 Truxton Road"},{"key":"?c","val":"NO_e4f70038_de9b_4d0e_b569_e8a7c53245a5_1503943295932_id11"},{"key":"?destinationCity","val":"San Diego"},{"key":"?st","val":"NO_e4f70038_de9b_4d0e_b569_e8a7c53245a5_1503943295932_id13"},{"key":"?destinationState","val":"CA"},{"key":"?destinationZipCode","val":"92106"}]},{"result":[{"key":"?t","val":"VO_79a02a47_ee09_46d8_9159_7615521decda_1503943286501_6"},{"key":"?d","val":"VO_79a02a47_ee09_46d8_9159_7615521decda_1503943286501_5"},{"key":"?s","val":"NO_e714a6ba_3515_44f6_9244_7af48ecf6e55_1503943297882_id3"},{"key":"?destinationStreetName","val":"3566 L St"},{"key":"?c","val":"NO_e714a6ba_3515_44f6_9244_7af48ecf6e55_1503943297882_id9"},{"key":"?destinationCity","val":"San Diego"},{"key":"?st","val":"NO_e714a6ba_3515_44f6_9244_7af48ecf6e55_1503943297882_id11"},{"key":"?destinationState","val":"CA"},{"key":"?destinationZipCode","val":"92102"}]}]},{"query":"?- ?t:AE#Travelling, ?t[AE#hasOrigin->?d], ?d[label->?originFullAddress].","resultList":[{"result":[{"key":"?t","val":"VO_79a02a47_ee09_46d8_9159_7615521decda_1503943286501_7"},{"key":"?d","val":"VO_79a02a47_ee09_46d8_9159_7615521decda_1503943286501_3"},{"key":"?originFullAddress","val":"278 Mountainview Drive San Diego, CA 92126"}]},{"result":[{"key":"?t","val":"VO_79a02a47_ee09_46d8_9159_7615521decda_1503943286501_6"},{"key":"?d","val":"VO_79a02a47_ee09_46d8_9159_7615521decda_1503943286501_8"},{"key":"?originFullAddress","val":"2790 Truxton Road, Suite 130, San Diego, CA 92106"}]}]},{"query":"?- ?t:AE#Travelling, ?t[AE#hasOrigin->?d], ?d[AE#hasStreet->?s], ?s[label->?originStreetName], ?d[AE#hasCity->?c], ?c[label->?originCity], ?d[AE#hasState->?st], ?st[label->?originState], ?d[AE#hasZipcode->?originZipCode].","resultList":[{"result":[{"key":"?t","val":"VO_79a02a47_ee09_46d8_9159_7615521decda_1503943286501_7"},{"key":"?d","val":"VO_79a02a47_ee09_46d8_9159_7615521decda_1503943286501_3"},{"key":"?s","val":"NO_1017b59c_e43a_4e7c_84ec_493ee873a7f7_1503943299735_id3"},{"key":"?originStreetName","val":"278 Mountainview Drive"},{"key":"?c","val":"NO_1017b59c_e43a_4e7c_84ec_493ee873a7f7_1503943299735_id9"},{"key":"?originCity","val":"San Diego"},{"key":"?st","val":"NO_1017b59c_e43a_4e7c_84ec_493ee873a7f7_1503943299735_id11"},{"key":"?originState","val":"CA"},{"key":"?originZipCode","val":"92126"}]},{"result":[{"key":"?t","val":"VO_79a02a47_ee09_46d8_9159_7615521decda_1503943286501_6"},{"key":"?d","val":"VO_79a02a47_ee09_46d8_9159_7615521decda_1503943286501_8"},{"key":"?s","val":"NO_e4f70038_de9b_4d0e_b569_e8a7c53245a5_1503943295932_id5"},{"key":"?originStreetName","val":"2790 Truxton Road"},{"key":"?c","val":"NO_e4f70038_de9b_4d0e_b569_e8a7c53245a5_1503943295932_id11"},{"key":"?originCity","val":"San Diego"},{"key":"?st","val":"NO_e4f70038_de9b_4d0e_b569_e8a7c53245a5_1503943295932_id13"},{"key":"?originState","val":"CA"},{"key":"?originZipCode","val":"92106"}]}]},{"query":"?- ?t:AE#Travelling, ?t[AE#hasPath->?p], ?p[AE#hasStartRegion->?s], ?s[AE#hasLatitude->?originLatitude], ?s[AE#hasLongitude->?originLongitude].","resultList":[{"result":[{"key":"?t","val":"VO_79a02a47_ee09_46d8_9159_7615521decda_1503943286501_6"},{"key":"?p","val":"ES_f1ec1550_0877_4123_9ade_4d72a4d70a4c_1503943312869_4"},{"key":"?s","val":"ES_f1ec1550_0877_4123_9ade_4d72a4d70a4c_1503943312869_3"},{"key":"?originLatitude","val":"32.74051839275188058309140615165233612060546875"},{"key":"?originLongitude","val":"-117.2130215001728856805129908025264739990234375"}]}]},{"query":"?- ?t:AE#Travelling, ?t[AE#hasPath->?p], ?p[AE#hasEndRegion->?e], ?e[AE#hasLatitude->?destinationLatitude], ?e[AE#hasLongitude->?destinationLongitude].","resultList":[{"result":[{"key":"?t","val":"VO_79a02a47_ee09_46d8_9159_7615521decda_1503943286501_6"},{"key":"?p","val":"ES_f1ec1550_0877_4123_9ade_4d72a4d70a4c_1503943312869_4"},{"key":"?e","val":"ES_f1ec1550_0877_4123_9ade_4d72a4d70a4c_1503943312869_1"},{"key":"?destinationLatitude","val":"32.70796350764604909500121721066534519195556640625"},{"key":"?destinationLongitude","val":"-117.117220500000001948137651197612285614013671875"}]}]}]}
