{"dataList":[{"query":"?- ?v:AE#VATravelVoucher, ?v[AE#hasVoucherClaimant->?c], ?c[AE#hasName->?cn], ?cn[label->?claimantFullName].","resultList":[{"result":[{"key":"?v","val":"VO_77bed1c2_5ac4_4c5d_b312_525e8de0415a_1503940369126_0"},{"key":"?c","val":"VO_77bed1c2_5ac4_4c5d_b312_525e8de0415a_1503940369126_2"},{"key":"?cn","val":"NO_5140d986_1f84_4cd7_ba54_5dab877035fd_1503940377076_0"},{"key":"?claimantFullName","val":"Roy M. Stevens"}]},{"result":[{"key":"?v","val":"VO_77bed1c2_5ac4_4c5d_b312_525e8de0415a_1503940369126_0"},{"key":"?c","val":"VO_77bed1c2_5ac4_4c5d_b312_525e8de0415a_1503940369126_2"},{"key":"?cn","val":"VO_77bed1c2_5ac4_4c5d_b312_525e8de0415a_1503940369126_1"},{"key":"?claimantFullName","val":"Roy M. Stevens"}]}]},{"query":"?- ?v:AE#VATravelVoucher, ?v[AE#hasVoucherClaimant->?c], ?c[AE#hasName->?cn], ?cn[AE#hasFirstName->?claimantFirstName].","resultList":[{"result":[{"key":"?v","val":"VO_77bed1c2_5ac4_4c5d_b312_525e8de0415a_1503940369126_0"},{"key":"?c","val":"VO_77bed1c2_5ac4_4c5d_b312_525e8de0415a_1503940369126_2"},{"key":"?cn","val":"NO_5140d986_1f84_4cd7_ba54_5dab877035fd_1503940377076_0"},{"key":"?claimantFirstName","val":"roy"}]}]},{"query":"?- ?v:AE#VATravelVoucher, ?v[AE#hasVoucherClaimant->?c], ?c[AE#hasName->?cn], ?cn[AE#hasLastName->?claimantLastName].","resultList":[{"result":[{"key":"?v","val":"VO_77bed1c2_5ac4_4c5d_b312_525e8de0415a_1503940369126_0"},{"key":"?c","val":"VO_77bed1c2_5ac4_4c5d_b312_525e8de0415a_1503940369126_2"},{"key":"?cn","val":"NO_5140d986_1f84_4cd7_ba54_5dab877035fd_1503940377076_0"},{"key":"?claimantLastName","val":"stevens"}]}]},{"query":"?- ?v:AE#VATravelVoucher, ?v[AE#hasVoucherClaimant->?c], ?c[AE#hasSocialSecurityNumber->?s], ?s[label->?claimantSsn].","resultList":[{"result":[{"key":"?v","val":"VO_77bed1c2_5ac4_4c5d_b312_525e8de0415a_1503940369126_0"},{"key":"?c","val":"VO_77bed1c2_5ac4_4c5d_b312_525e8de0415a_1503940369126_2"},{"key":"?s","val":"VO_77bed1c2_5ac4_4c5d_b312_525e8de0415a_1503940369126_12"},{"key":"?claimantSsn","val":"644-54-6266"}]}]},{"query":"?- ?v:AE#VATravelVoucher, ?v[AE#hasVoucherClaimant->?c], ?c[AE#hasLiens->?claimantHasLiens].","resultList":[{"result":[{"key":"?v","val":"VO_77bed1c2_5ac4_4c5d_b312_525e8de0415a_1503940369126_0"},{"key":"?c","val":"VO_77bed1c2_5ac4_4c5d_b312_525e8de0415a_1503940369126_2"},{"key":"?claimantHasLiens","val":"AE#NoLienReport"}]}]},{"query":"?- ?v:AE#VATravelVoucher, ?v[AE#hasVoucherClaimant->?c], ?c[AE#hasDeclaredBankruptcy->?claimantHasDeclaredBankruptcy].","resultList":[{"result":[{"key":"?v","val":"VO_77bed1c2_5ac4_4c5d_b312_525e8de0415a_1503940369126_0"},{"key":"?c","val":"VO_77bed1c2_5ac4_4c5d_b312_525e8de0415a_1503940369126_2"},{"key":"?claimantHasDeclaredBankruptcy","val":"AE#NoBankruptcyReport"}]}]},{"query":"?- ?v:AE#VATravelVoucher, ?v[AE#hasVoucherClaimant->?c], ?c[AE#hasArrestRecord->?claimantHasArrestRecord].","resultList":[{"result":[{"key":"?v","val":"VO_77bed1c2_5ac4_4c5d_b312_525e8de0415a_1503940369126_0"},{"key":"?c","val":"VO_77bed1c2_5ac4_4c5d_b312_525e8de0415a_1503940369126_2"},{"key":"?claimantHasArrestRecord","val":"AE#NoArrestRecord"}]}]},{"query":"?- ?v:AE#VATravelVoucher, ?v[AE#hasVoucherClaimant->?c], ?c[AE#hasCriminalRecord->?claimantHasCriminalRecord].","resultList":[{"result":[{"key":"?v","val":"VO_77bed1c2_5ac4_4c5d_b312_525e8de0415a_1503940369126_0"},{"key":"?c","val":"VO_77bed1c2_5ac4_4c5d_b312_525e8de0415a_1503940369126_2"},{"key":"?claimantHasCriminalRecord","val":"AE#NoCriminalRecord"}]}]},{"query":"?- ?v:AE#VATravelVoucher, ?v[AE#hasVoucherBeneficiary->?b], ?b[AE#hasName->?cn], ?cn[label->?beneficiaryFullName].","resultList":[{"result":[{"key":"?v","val":"VO_77bed1c2_5ac4_4c5d_b312_525e8de0415a_1503940369126_0"},{"key":"?b","val":"VO_77bed1c2_5ac4_4c5d_b312_525e8de0415a_1503940369126_11"},{"key":"?cn","val":"VO_77bed1c2_5ac4_4c5d_b312_525e8de0415a_1503940369126_10"},{"key":"?beneficiaryFullName","val":"Roy M. Stevens"}]},{"result":[{"key":"?v","val":"VO_77bed1c2_5ac4_4c5d_b312_525e8de0415a_1503940369126_0"},{"key":"?b","val":"VO_77bed1c2_5ac4_4c5d_b312_525e8de0415a_1503940369126_11"},{"key":"?cn","val":"NO_9c91a2df_3c0b_4aaa_b955_5a0bbe9640dd_1503940374978_0"},{"key":"?beneficiaryFullName","val":"Roy M. Stevens"}]}]},{"query":"?- ?v:AE#VATravelVoucher, ?v[AE#hasVoucherBeneficiary->?b], ?b[AE#hasName->?cn], ?cn[AE#hasFirstName->?beneficiaryFirstName].","resultList":[{"result":[{"key":"?v","val":"VO_77bed1c2_5ac4_4c5d_b312_525e8de0415a_1503940369126_0"},{"key":"?b","val":"VO_77bed1c2_5ac4_4c5d_b312_525e8de0415a_1503940369126_11"},{"key":"?cn","val":"NO_9c91a2df_3c0b_4aaa_b955_5a0bbe9640dd_1503940374978_0"},{"key":"?beneficiaryFirstName","val":"roy"}]}]},{"query":"?- ?v:AE#VATravelVoucher, ?v[AE#hasVoucherBeneficiary->?b], ?b[AE#hasName->?cn], ?cn[AE#hasLastName->?beneficiaryLastName].","resultList":[{"result":[{"key":"?v","val":"VO_77bed1c2_5ac4_4c5d_b312_525e8de0415a_1503940369126_0"},{"key":"?b","val":"VO_77bed1c2_5ac4_4c5d_b312_525e8de0415a_1503940369126_11"},{"key":"?cn","val":"NO_9c91a2df_3c0b_4aaa_b955_5a0bbe9640dd_1503940374978_0"},{"key":"?beneficiaryLastName","val":"stevens"}]}]},{"query":"?- ?v:AE#VATravelVoucher, ?v[AE#hasVoucherBeneficiary->?b], ?b[AE#hasSocialSecurityNumber->?s], ?s[label->?beneficiarySsn].","resultList":[{"result":[{"key":"?v","val":"VO_77bed1c2_5ac4_4c5d_b312_525e8de0415a_1503940369126_0"},{"key":"?b","val":"VO_77bed1c2_5ac4_4c5d_b312_525e8de0415a_1503940369126_11"},{"key":"?s","val":"VO_77bed1c2_5ac4_4c5d_b312_525e8de0415a_1503940369126_9"},{"key":"?beneficiarySsn","val":"644-54-6266"}]}]},{"query":"?- ?v:AE#VATravelVoucher, ?v[AE#hasVoucherBeneficiary->?b], ?b[AE#hasLiens->?beneficiaryHasLiens].","resultList":[{"result":[{"key":"?v","val":"VO_77bed1c2_5ac4_4c5d_b312_525e8de0415a_1503940369126_0"},{"key":"?b","val":"VO_77bed1c2_5ac4_4c5d_b312_525e8de0415a_1503940369126_11"},{"key":"?beneficiaryHasLiens","val":"AE#NoLienReport"}]}]},{"query":"?- ?v:AE#VATravelVoucher, ?v[AE#hasVoucherBeneficiary->?b], ?b[AE#hasDeclaredBankruptcy->?beneficiaryHasDeclaredBankruptcy].","resultList":[{"result":[{"key":"?v","val":"VO_77bed1c2_5ac4_4c5d_b312_525e8de0415a_1503940369126_0"},{"key":"?b","val":"VO_77bed1c2_5ac4_4c5d_b312_525e8de0415a_1503940369126_11"},{"key":"?beneficiaryHasDeclaredBankruptcy","val":"AE#NoBankruptcyReport"}]}]},{"query":"?- ?v:AE#VATravelVoucher, ?v[AE#hasVoucherBeneficiary->?b], ?b[AE#hasArrestRecord->?beneficiaryHasArrestRecord].","resultList":[{"result":[{"key":"?v","val":"VO_77bed1c2_5ac4_4c5d_b312_525e8de0415a_1503940369126_0"},{"key":"?b","val":"VO_77bed1c2_5ac4_4c5d_b312_525e8de0415a_1503940369126_11"},{"key":"?beneficiaryHasArrestRecord","val":"AE#NoArrestRecord"}]}]},{"query":"?- ?v:AE#VATravelVoucher, ?v[AE#hasVoucherBeneficiary->?b], ?b[AE#hasCriminalRecord->?beneficiaryHasCriminalRecord].","resultList":[{"result":[{"key":"?v","val":"VO_77bed1c2_5ac4_4c5d_b312_525e8de0415a_1503940369126_0"},{"key":"?b","val":"VO_77bed1c2_5ac4_4c5d_b312_525e8de0415a_1503940369126_11"},{"key":"?beneficiaryHasCriminalRecord","val":"AE#NoCriminalRecord"}]}]},{"query":"?- ?t:AE#Travelling, ?t[AE#hasPath->?p], ?p[AE#hasDistance->?d], ?d[AE#numericValue->?expectedDistanceValue], ?d[AE#hasUnitOfMeasure->?unitOfDistanceMeasure].","resultList":[{"result":[{"key":"?t","val":"VO_77bed1c2_5ac4_4c5d_b312_525e8de0415a_1503940369126_6"},{"key":"?p","val":"ES_4bb16924_ab2b_4aba_aed9_3e4ccba9da5c_1503940396149_4"},{"key":"?d","val":"ES_4bb16924_ab2b_4aba_aed9_3e4ccba9da5c_1503940396149_0"},{"key":"?expectedDistanceValue","val":"30811.1748737015805090777575969696044921875"},{"key":"?unitOfDistanceMeasure","val":"meters"}]}]},{"query":"?- ?t:AE#Travelling, ?t[AE#hasPath->?p], ?p[AE#hasExpectedTravelTime->?d], ?d[AE#numericValue->?expectedTimeValue], ?d[AE#hasUnitOfMeasure->?unitOfTimeMeasure].","resultList":[{"result":[{"key":"?t","val":"VO_77bed1c2_5ac4_4c5d_b312_525e8de0415a_1503940369126_6"},{"key":"?p","val":"ES_4bb16924_ab2b_4aba_aed9_3e4ccba9da5c_1503940396149_4"},{"key":"?d","val":"ES_4bb16924_ab2b_4aba_aed9_3e4ccba9da5c_1503940396149_2"},{"key":"?expectedTimeValue","val":"19.214301830506883561611175537109375"},{"key":"?unitOfTimeMeasure","val":"minutes"}]}]},{"query":"?- ?t:AE#Travelling, ?t[AE#hasDestination->?d], ?d[label->?destinationFullAddress].","resultList":[{"result":[{"key":"?t","val":"VO_77bed1c2_5ac4_4c5d_b312_525e8de0415a_1503940369126_7"},{"key":"?d","val":"VO_77bed1c2_5ac4_4c5d_b312_525e8de0415a_1503940369126_8"},{"key":"?destinationFullAddress","val":"2790 Truxton Road, Suite 130, San Diego, CA 92106"}]},{"result":[{"key":"?t","val":"VO_77bed1c2_5ac4_4c5d_b312_525e8de0415a_1503940369126_6"},{"key":"?d","val":"VO_77bed1c2_5ac4_4c5d_b312_525e8de0415a_1503940369126_5"},{"key":"?destinationFullAddress","val":"89 Olive Drive San Diego, CA 92173"}]}]},{"query":"?- ?t:AE#Travelling, ?t[AE#hasDestination->?d], ?d[AE#hasStreet->?s], ?s[label->?destinationStreetName], ?d[AE#hasCity->?c], ?c[label->?destinationCity], ?d[AE#hasState->?st], ?st[label->?destinationState], ?d[AE#hasZipcode->?destinationZipCode].","resultList":[{"result":[{"key":"?t","val":"VO_77bed1c2_5ac4_4c5d_b312_525e8de0415a_1503940369126_7"},{"key":"?d","val":"VO_77bed1c2_5ac4_4c5d_b312_525e8de0415a_1503940369126_8"},{"key":"?s","val":"NO_cce4cbc8_aa9a_4598_8fa4_d50153e263c8_1503940379142_id5"},{"key":"?destinationStreetName","val":"2790 Truxton Road"},{"key":"?c","val":"NO_cce4cbc8_aa9a_4598_8fa4_d50153e263c8_1503940379142_id11"},{"key":"?destinationCity","val":"San Diego"},{"key":"?st","val":"NO_cce4cbc8_aa9a_4598_8fa4_d50153e263c8_1503940379142_id13"},{"key":"?destinationState","val":"CA"},{"key":"?destinationZipCode","val":"92106"}]},{"result":[{"key":"?t","val":"VO_77bed1c2_5ac4_4c5d_b312_525e8de0415a_1503940369126_6"},{"key":"?d","val":"VO_77bed1c2_5ac4_4c5d_b312_525e8de0415a_1503940369126_5"},{"key":"?s","val":"NO_e92a62c2_679a_4017_81c7_93690308e7f9_1503940381268_id3"},{"key":"?destinationStreetName","val":"89 Olive Drive"},{"key":"?c","val":"NO_e92a62c2_679a_4017_81c7_93690308e7f9_1503940381268_id9"},{"key":"?destinationCity","val":"San Diego"},{"key":"?st","val":"NO_e92a62c2_679a_4017_81c7_93690308e7f9_1503940381268_id11"},{"key":"?destinationState","val":"CA"},{"key":"?destinationZipCode","val":"92173"}]}]},{"query":"?- ?t:AE#Travelling, ?t[AE#hasOrigin->?d], ?d[label->?originFullAddress].","resultList":[{"result":[{"key":"?t","val":"VO_77bed1c2_5ac4_4c5d_b312_525e8de0415a_1503940369126_7"},{"key":"?d","val":"VO_77bed1c2_5ac4_4c5d_b312_525e8de0415a_1503940369126_3"},{"key":"?originFullAddress","val":"89 Olive Drive San Diego, CA 92173"}]},{"result":[{"key":"?t","val":"VO_77bed1c2_5ac4_4c5d_b312_525e8de0415a_1503940369126_6"},{"key":"?d","val":"VO_77bed1c2_5ac4_4c5d_b312_525e8de0415a_1503940369126_8"},{"key":"?originFullAddress","val":"2790 Truxton Road, Suite 130, San Diego, CA 92106"}]}]},{"query":"?- ?t:AE#Travelling, ?t[AE#hasOrigin->?d], ?d[AE#hasStreet->?s], ?s[label->?originStreetName], ?d[AE#hasCity->?c], ?c[label->?originCity], ?d[AE#hasState->?st], ?st[label->?originState], ?d[AE#hasZipcode->?originZipCode].","resultList":[{"result":[{"key":"?t","val":"VO_77bed1c2_5ac4_4c5d_b312_525e8de0415a_1503940369126_7"},{"key":"?d","val":"VO_77bed1c2_5ac4_4c5d_b312_525e8de0415a_1503940369126_3"},{"key":"?s","val":"NO_51bcbc2e_b919_467d_955c_d7ebf3f80270_1503940383507_id3"},{"key":"?originStreetName","val":"89 Olive Drive"},{"key":"?c","val":"NO_51bcbc2e_b919_467d_955c_d7ebf3f80270_1503940383507_id9"},{"key":"?originCity","val":"San Diego"},{"key":"?st","val":"NO_51bcbc2e_b919_467d_955c_d7ebf3f80270_1503940383507_id11"},{"key":"?originState","val":"CA"},{"key":"?originZipCode","val":"92173"}]},{"result":[{"key":"?t","val":"VO_77bed1c2_5ac4_4c5d_b312_525e8de0415a_1503940369126_6"},{"key":"?d","val":"VO_77bed1c2_5ac4_4c5d_b312_525e8de0415a_1503940369126_8"},{"key":"?s","val":"NO_cce4cbc8_aa9a_4598_8fa4_d50153e263c8_1503940379142_id5"},{"key":"?originStreetName","val":"2790 Truxton Road"},{"key":"?c","val":"NO_cce4cbc8_aa9a_4598_8fa4_d50153e263c8_1503940379142_id11"},{"key":"?originCity","val":"San Diego"},{"key":"?st","val":"NO_cce4cbc8_aa9a_4598_8fa4_d50153e263c8_1503940379142_id13"},{"key":"?originState","val":"CA"},{"key":"?originZipCode","val":"92106"}]}]},{"query":"?- ?t:AE#Travelling, ?t[AE#hasPath->?p], ?p[AE#hasStartRegion->?s], ?s[AE#hasLatitude->?originLatitude], ?s[AE#hasLongitude->?originLongitude].","resultList":[{"result":[{"key":"?t","val":"VO_77bed1c2_5ac4_4c5d_b312_525e8de0415a_1503940369126_6"},{"key":"?p","val":"ES_4bb16924_ab2b_4aba_aed9_3e4ccba9da5c_1503940396149_4"},{"key":"?s","val":"ES_4bb16924_ab2b_4aba_aed9_3e4ccba9da5c_1503940396149_3"},{"key":"?originLatitude","val":"32.74051839275188058309140615165233612060546875"},{"key":"?originLongitude","val":"-117.2130215001728856805129908025264739990234375"}]}]},{"query":"?- ?t:AE#Travelling, ?t[AE#hasPath->?p], ?p[AE#hasEndRegion->?e], ?e[AE#hasLatitude->?destinationLatitude], ?e[AE#hasLongitude->?destinationLongitude].","resultList":[{"result":[{"key":"?t","val":"VO_77bed1c2_5ac4_4c5d_b312_525e8de0415a_1503940369126_6"},{"key":"?p","val":"ES_4bb16924_ab2b_4aba_aed9_3e4ccba9da5c_1503940396149_4"},{"key":"?e","val":"ES_4bb16924_ab2b_4aba_aed9_3e4ccba9da5c_1503940396149_1"},{"key":"?destinationLatitude","val":"32.552667481003709326614625751972198486328125"},{"key":"?destinationLongitude","val":"-117.0429418860222341436383430846035480499267578125"}]}]}]}
