{"dataList":[{"query":"?- ?v:AE#VATravelVoucher, ?v[AE#hasVoucherClaimant->?c], ?c[AE#hasName->?cn], ?cn[label->?claimantFullName].","resultList":[{"result":[{"key":"?v","val":"VO_78420f59_452d_4c40_8100_ba8680438839_1503944035243_0"},{"key":"?c","val":"VO_78420f59_452d_4c40_8100_ba8680438839_1503944035243_2"},{"key":"?cn","val":"VO_78420f59_452d_4c40_8100_ba8680438839_1503944035243_1"},{"key":"?claimantFullName","val":"Latasha L. Carter"}]},{"result":[{"key":"?v","val":"VO_78420f59_452d_4c40_8100_ba8680438839_1503944035243_0"},{"key":"?c","val":"VO_78420f59_452d_4c40_8100_ba8680438839_1503944035243_2"},{"key":"?cn","val":"NO_462998fc_ef69_43f3_a170_840cf65fc32d_1503944042925_0"},{"key":"?claimantFullName","val":"Latasha L. Carter"}]}]},{"query":"?- ?v:AE#VATravelVoucher, ?v[AE#hasVoucherClaimant->?c], ?c[AE#hasName->?cn], ?cn[AE#hasFirstName->?claimantFirstName].","resultList":[{"result":[{"key":"?v","val":"VO_78420f59_452d_4c40_8100_ba8680438839_1503944035243_0"},{"key":"?c","val":"VO_78420f59_452d_4c40_8100_ba8680438839_1503944035243_2"},{"key":"?cn","val":"NO_462998fc_ef69_43f3_a170_840cf65fc32d_1503944042925_0"},{"key":"?claimantFirstName","val":"latasha"}]}]},{"query":"?- ?v:AE#VATravelVoucher, ?v[AE#hasVoucherClaimant->?c], ?c[AE#hasName->?cn], ?cn[AE#hasLastName->?claimantLastName].","resultList":[{"result":[{"key":"?v","val":"VO_78420f59_452d_4c40_8100_ba8680438839_1503944035243_0"},{"key":"?c","val":"VO_78420f59_452d_4c40_8100_ba8680438839_1503944035243_2"},{"key":"?cn","val":"NO_462998fc_ef69_43f3_a170_840cf65fc32d_1503944042925_0"},{"key":"?claimantLastName","val":"carter"}]}]},{"query":"?- ?v:AE#VATravelVoucher, ?v[AE#hasVoucherClaimant->?c], ?c[AE#hasSocialSecurityNumber->?s], ?s[label->?claimantSsn].","resultList":[{"result":[{"key":"?v","val":"VO_78420f59_452d_4c40_8100_ba8680438839_1503944035243_0"},{"key":"?c","val":"VO_78420f59_452d_4c40_8100_ba8680438839_1503944035243_2"},{"key":"?s","val":"VO_78420f59_452d_4c40_8100_ba8680438839_1503944035243_12"},{"key":"?claimantSsn","val":"745-00-3627"}]}]},{"query":"?- ?v:AE#VATravelVoucher, ?v[AE#hasVoucherClaimant->?c], ?c[AE#hasLiens->?claimantHasLiens].","resultList":[{"result":[{"key":"?v","val":"VO_78420f59_452d_4c40_8100_ba8680438839_1503944035243_0"},{"key":"?c","val":"VO_78420f59_452d_4c40_8100_ba8680438839_1503944035243_2"},{"key":"?claimantHasLiens","val":"AE#NoLienReport"}]}]},{"query":"?- ?v:AE#VATravelVoucher, ?v[AE#hasVoucherClaimant->?c], ?c[AE#hasDeclaredBankruptcy->?claimantHasDeclaredBankruptcy].","resultList":[{"result":[{"key":"?v","val":"VO_78420f59_452d_4c40_8100_ba8680438839_1503944035243_0"},{"key":"?c","val":"VO_78420f59_452d_4c40_8100_ba8680438839_1503944035243_2"},{"key":"?claimantHasDeclaredBankruptcy","val":"AE#NoBankruptcyReport"}]}]},{"query":"?- ?v:AE#VATravelVoucher, ?v[AE#hasVoucherClaimant->?c], ?c[AE#hasArrestRecord->?claimantHasArrestRecord].","resultList":[{"result":[{"key":"?v","val":"VO_78420f59_452d_4c40_8100_ba8680438839_1503944035243_0"},{"key":"?c","val":"VO_78420f59_452d_4c40_8100_ba8680438839_1503944035243_2"},{"key":"?claimantHasArrestRecord","val":"AE#NoArrestRecord"}]}]},{"query":"?- ?v:AE#VATravelVoucher, ?v[AE#hasVoucherClaimant->?c], ?c[AE#hasCriminalRecord->?claimantHasCriminalRecord].","resultList":[{"result":[{"key":"?v","val":"VO_78420f59_452d_4c40_8100_ba8680438839_1503944035243_0"},{"key":"?c","val":"VO_78420f59_452d_4c40_8100_ba8680438839_1503944035243_2"},{"key":"?claimantHasCriminalRecord","val":"AE#NoCriminalRecord"}]}]},{"query":"?- ?v:AE#VATravelVoucher, ?v[AE#hasVoucherBeneficiary->?b], ?b[AE#hasName->?cn], ?cn[label->?beneficiaryFullName].","resultList":[{"result":[{"key":"?v","val":"VO_78420f59_452d_4c40_8100_ba8680438839_1503944035243_0"},{"key":"?b","val":"VO_78420f59_452d_4c40_8100_ba8680438839_1503944035243_11"},{"key":"?cn","val":"NO_c070bdbc_77f4_48f4_87c4_7462bce371b1_1503944040906_0"},{"key":"?beneficiaryFullName","val":"Kyle J. Miller"}]},{"result":[{"key":"?v","val":"VO_78420f59_452d_4c40_8100_ba8680438839_1503944035243_0"},{"key":"?b","val":"VO_78420f59_452d_4c40_8100_ba8680438839_1503944035243_11"},{"key":"?cn","val":"VO_78420f59_452d_4c40_8100_ba8680438839_1503944035243_10"},{"key":"?beneficiaryFullName","val":"Kyle J. Miller"}]}]},{"query":"?- ?v:AE#VATravelVoucher, ?v[AE#hasVoucherBeneficiary->?b], ?b[AE#hasName->?cn], ?cn[AE#hasFirstName->?beneficiaryFirstName].","resultList":[{"result":[{"key":"?v","val":"VO_78420f59_452d_4c40_8100_ba8680438839_1503944035243_0"},{"key":"?b","val":"VO_78420f59_452d_4c40_8100_ba8680438839_1503944035243_11"},{"key":"?cn","val":"NO_c070bdbc_77f4_48f4_87c4_7462bce371b1_1503944040906_0"},{"key":"?beneficiaryFirstName","val":"kyle"}]}]},{"query":"?- ?v:AE#VATravelVoucher, ?v[AE#hasVoucherBeneficiary->?b], ?b[AE#hasName->?cn], ?cn[AE#hasLastName->?beneficiaryLastName].","resultList":[{"result":[{"key":"?v","val":"VO_78420f59_452d_4c40_8100_ba8680438839_1503944035243_0"},{"key":"?b","val":"VO_78420f59_452d_4c40_8100_ba8680438839_1503944035243_11"},{"key":"?cn","val":"NO_c070bdbc_77f4_48f4_87c4_7462bce371b1_1503944040906_0"},{"key":"?beneficiaryLastName","val":"miller"}]}]},{"query":"?- ?v:AE#VATravelVoucher, ?v[AE#hasVoucherBeneficiary->?b], ?b[AE#hasSocialSecurityNumber->?s], ?s[label->?beneficiarySsn].","resultList":[{"result":[{"key":"?v","val":"VO_78420f59_452d_4c40_8100_ba8680438839_1503944035243_0"},{"key":"?b","val":"VO_78420f59_452d_4c40_8100_ba8680438839_1503944035243_11"},{"key":"?s","val":"VO_78420f59_452d_4c40_8100_ba8680438839_1503944035243_9"},{"key":"?beneficiarySsn","val":"625-44-0228"}]}]},{"query":"?- ?v:AE#VATravelVoucher, ?v[AE#hasVoucherBeneficiary->?b], ?b[AE#hasLiens->?beneficiaryHasLiens].","resultList":[{"result":[{"key":"?v","val":"VO_78420f59_452d_4c40_8100_ba8680438839_1503944035243_0"},{"key":"?b","val":"VO_78420f59_452d_4c40_8100_ba8680438839_1503944035243_11"},{"key":"?beneficiaryHasLiens","val":"AE#UnknownLienReport"}]}]},{"query":"?- ?v:AE#VATravelVoucher, ?v[AE#hasVoucherBeneficiary->?b], ?b[AE#hasDeclaredBankruptcy->?beneficiaryHasDeclaredBankruptcy].","resultList":[{"result":[{"key":"?v","val":"VO_78420f59_452d_4c40_8100_ba8680438839_1503944035243_0"},{"key":"?b","val":"VO_78420f59_452d_4c40_8100_ba8680438839_1503944035243_11"},{"key":"?beneficiaryHasDeclaredBankruptcy","val":"AE#UnknownBankruptcyReport"}]}]},{"query":"?- ?v:AE#VATravelVoucher, ?v[AE#hasVoucherBeneficiary->?b], ?b[AE#hasArrestRecord->?beneficiaryHasArrestRecord].","resultList":[{"result":[{"key":"?v","val":"VO_78420f59_452d_4c40_8100_ba8680438839_1503944035243_0"},{"key":"?b","val":"VO_78420f59_452d_4c40_8100_ba8680438839_1503944035243_11"},{"key":"?beneficiaryHasArrestRecord","val":"AE#NoArrestRecord"}]}]},{"query":"?- ?v:AE#VATravelVoucher, ?v[AE#hasVoucherBeneficiary->?b], ?b[AE#hasCriminalRecord->?beneficiaryHasCriminalRecord].","resultList":[{"result":[{"key":"?v","val":"VO_78420f59_452d_4c40_8100_ba8680438839_1503944035243_0"},{"key":"?b","val":"VO_78420f59_452d_4c40_8100_ba8680438839_1503944035243_11"},{"key":"?beneficiaryHasCriminalRecord","val":"AE#NoCriminalRecord"}]}]},{"query":"?- ?t:AE#Travelling, ?t[AE#hasPath->?p], ?p[AE#hasDistance->?d], ?d[AE#numericValue->?expectedDistanceValue], ?d[AE#hasUnitOfMeasure->?unitOfDistanceMeasure].","resultList":[{"result":[{"key":"?t","val":"VO_78420f59_452d_4c40_8100_ba8680438839_1503944035243_6"},{"key":"?p","val":"ES_ca7be541_b17f_41bd_bc6b_f5ab1c2afa26_1503944062873_4"},{"key":"?d","val":"ES_ca7be541_b17f_41bd_bc6b_f5ab1c2afa26_1503944062873_0"},{"key":"?expectedDistanceValue","val":"7126.693902145643733092583715915679931640625"},{"key":"?unitOfDistanceMeasure","val":"meters"}]}]},{"query":"?- ?t:AE#Travelling, ?t[AE#hasPath->?p], ?p[AE#hasExpectedTravelTime->?d], ?d[AE#numericValue->?expectedTimeValue], ?d[AE#hasUnitOfMeasure->?unitOfTimeMeasure].","resultList":[{"result":[{"key":"?t","val":"VO_78420f59_452d_4c40_8100_ba8680438839_1503944035243_6"},{"key":"?p","val":"ES_ca7be541_b17f_41bd_bc6b_f5ab1c2afa26_1503944062873_4"},{"key":"?d","val":"ES_ca7be541_b17f_41bd_bc6b_f5ab1c2afa26_1503944062873_2"},{"key":"?expectedTimeValue","val":"10.4162430181168019771575927734375"},{"key":"?unitOfTimeMeasure","val":"minutes"}]}]},{"query":"?- ?t:AE#Travelling, ?t[AE#hasDestination->?d], ?d[label->?destinationFullAddress].","resultList":[{"result":[{"key":"?t","val":"VO_78420f59_452d_4c40_8100_ba8680438839_1503944035243_7"},{"key":"?d","val":"VO_78420f59_452d_4c40_8100_ba8680438839_1503944035243_8"},{"key":"?destinationFullAddress","val":"2790 Truxton Road, Suite 130, San Diego, CA 92106"}]},{"result":[{"key":"?t","val":"VO_78420f59_452d_4c40_8100_ba8680438839_1503944035243_6"},{"key":"?d","val":"VO_78420f59_452d_4c40_8100_ba8680438839_1503944035243_5"},{"key":"?destinationFullAddress","val":"2135 Burgener Blvd, San Diego, CA 92110"}]}]},{"query":"?- ?t:AE#Travelling, ?t[AE#hasDestination->?d], ?d[AE#hasStreet->?s], ?s[label->?destinationStreetName], ?d[AE#hasCity->?c], ?c[label->?destinationCity], ?d[AE#hasState->?st], ?st[label->?destinationState], ?d[AE#hasZipcode->?destinationZipCode].","resultList":[{"result":[{"key":"?t","val":"VO_78420f59_452d_4c40_8100_ba8680438839_1503944035243_7"},{"key":"?d","val":"VO_78420f59_452d_4c40_8100_ba8680438839_1503944035243_8"},{"key":"?s","val":"NO_09509e7c_ef52_44d1_94e0_edfbcb10231b_1503944044824_id5"},{"key":"?destinationStreetName","val":"2790 Truxton Road"},{"key":"?c","val":"NO_09509e7c_ef52_44d1_94e0_edfbcb10231b_1503944044824_id11"},{"key":"?destinationCity","val":"San Diego"},{"key":"?st","val":"NO_09509e7c_ef52_44d1_94e0_edfbcb10231b_1503944044824_id13"},{"key":"?destinationState","val":"CA"},{"key":"?destinationZipCode","val":"92106"}]},{"result":[{"key":"?t","val":"VO_78420f59_452d_4c40_8100_ba8680438839_1503944035243_6"},{"key":"?d","val":"VO_78420f59_452d_4c40_8100_ba8680438839_1503944035243_5"},{"key":"?s","val":"NO_683c5a22_78be_420d_bd3c_b11b1ee40e4a_1503944046873_id3"},{"key":"?destinationStreetName","val":"2135 Burgener Blvd"},{"key":"?c","val":"NO_683c5a22_78be_420d_bd3c_b11b1ee40e4a_1503944046873_id9"},{"key":"?destinationCity","val":"San Diego"},{"key":"?st","val":"NO_683c5a22_78be_420d_bd3c_b11b1ee40e4a_1503944046873_id11"},{"key":"?destinationState","val":"CA"},{"key":"?destinationZipCode","val":"92110"}]}]},{"query":"?- ?t:AE#Travelling, ?t[AE#hasOrigin->?d], ?d[label->?originFullAddress].","resultList":[{"result":[{"key":"?t","val":"VO_78420f59_452d_4c40_8100_ba8680438839_1503944035243_7"},{"key":"?d","val":"VO_78420f59_452d_4c40_8100_ba8680438839_1503944035243_3"},{"key":"?originFullAddress","val":"278 Mountainview Drive San Diego, CA 92126"}]},{"result":[{"key":"?t","val":"VO_78420f59_452d_4c40_8100_ba8680438839_1503944035243_6"},{"key":"?d","val":"VO_78420f59_452d_4c40_8100_ba8680438839_1503944035243_8"},{"key":"?originFullAddress","val":"2790 Truxton Road, Suite 130, San Diego, CA 92106"}]}]},{"query":"?- ?t:AE#Travelling, ?t[AE#hasOrigin->?d], ?d[AE#hasStreet->?s], ?s[label->?originStreetName], ?d[AE#hasCity->?c], ?c[label->?originCity], ?d[AE#hasState->?st], ?st[label->?originState], ?d[AE#hasZipcode->?originZipCode].","resultList":[{"result":[{"key":"?t","val":"VO_78420f59_452d_4c40_8100_ba8680438839_1503944035243_7"},{"key":"?d","val":"VO_78420f59_452d_4c40_8100_ba8680438839_1503944035243_3"},{"key":"?s","val":"NO_b95dbba1_e031_4804_ad9d_494511ffa05d_1503944049075_id3"},{"key":"?originStreetName","val":"278 Mountainview Drive"},{"key":"?c","val":"NO_b95dbba1_e031_4804_ad9d_494511ffa05d_1503944049075_id9"},{"key":"?originCity","val":"San Diego"},{"key":"?st","val":"NO_b95dbba1_e031_4804_ad9d_494511ffa05d_1503944049075_id11"},{"key":"?originState","val":"CA"},{"key":"?originZipCode","val":"92126"}]},{"result":[{"key":"?t","val":"VO_78420f59_452d_4c40_8100_ba8680438839_1503944035243_6"},{"key":"?d","val":"VO_78420f59_452d_4c40_8100_ba8680438839_1503944035243_8"},{"key":"?s","val":"NO_09509e7c_ef52_44d1_94e0_edfbcb10231b_1503944044824_id5"},{"key":"?originStreetName","val":"2790 Truxton Road"},{"key":"?c","val":"NO_09509e7c_ef52_44d1_94e0_edfbcb10231b_1503944044824_id11"},{"key":"?originCity","val":"San Diego"},{"key":"?st","val":"NO_09509e7c_ef52_44d1_94e0_edfbcb10231b_1503944044824_id13"},{"key":"?originState","val":"CA"},{"key":"?originZipCode","val":"92106"}]}]},{"query":"?- ?t:AE#Travelling, ?t[AE#hasPath->?p], ?p[AE#hasStartRegion->?s], ?s[AE#hasLatitude->?originLatitude], ?s[AE#hasLongitude->?originLongitude].","resultList":[{"result":[{"key":"?t","val":"VO_78420f59_452d_4c40_8100_ba8680438839_1503944035243_6"},{"key":"?p","val":"ES_ca7be541_b17f_41bd_bc6b_f5ab1c2afa26_1503944062873_4"},{"key":"?s","val":"ES_ca7be541_b17f_41bd_bc6b_f5ab1c2afa26_1503944062873_3"},{"key":"?originLatitude","val":"32.74051839275188058309140615165233612060546875"},{"key":"?originLongitude","val":"-117.2130215001728856805129908025264739990234375"}]}]},{"query":"?- ?t:AE#Travelling, ?t[AE#hasPath->?p], ?p[AE#hasEndRegion->?e], ?e[AE#hasLatitude->?destinationLatitude], ?e[AE#hasLongitude->?destinationLongitude].","resultList":[{"result":[{"key":"?t","val":"VO_78420f59_452d_4c40_8100_ba8680438839_1503944035243_6"},{"key":"?p","val":"ES_ca7be541_b17f_41bd_bc6b_f5ab1c2afa26_1503944062873_4"},{"key":"?e","val":"ES_ca7be541_b17f_41bd_bc6b_f5ab1c2afa26_1503944062873_1"},{"key":"?destinationLatitude","val":"32.78080859645674394187153666280210018157958984375"},{"key":"?destinationLongitude","val":"-117.1882738674477906215543043799698352813720703125"}]}]}]}
