{"dataList":[{"query":"?- ?v:AE#VATravelVoucher, ?v[AE#hasVoucherClaimant->?c], ?c[AE#hasName->?cn], ?cn[label->?claimantFullName].","resultList":[{"result":[{"key":"?v","val":"VO_7c4701c3_7fbf_459f_94f8_63e2ee86b067_1503943345970_0"},{"key":"?c","val":"VO_7c4701c3_7fbf_459f_94f8_63e2ee86b067_1503943345970_2"},{"key":"?cn","val":"VO_7c4701c3_7fbf_459f_94f8_63e2ee86b067_1503943345970_1"},{"key":"?claimantFullName","val":"William Ralph Finn"}]},{"result":[{"key":"?v","val":"VO_7c4701c3_7fbf_459f_94f8_63e2ee86b067_1503943345970_0"},{"key":"?c","val":"VO_7c4701c3_7fbf_459f_94f8_63e2ee86b067_1503943345970_2"},{"key":"?cn","val":"NO_b6468f8d_9c39_4ea2_9f53_1030c82a2db8_1503943353767_0"},{"key":"?claimantFullName","val":"William Ralph"}]}]},{"query":"?- ?v:AE#VATravelVoucher, ?v[AE#hasVoucherClaimant->?c], ?c[AE#hasName->?cn], ?cn[AE#hasFirstName->?claimantFirstName].","resultList":[{"result":[{"key":"?v","val":"VO_7c4701c3_7fbf_459f_94f8_63e2ee86b067_1503943345970_0"},{"key":"?c","val":"VO_7c4701c3_7fbf_459f_94f8_63e2ee86b067_1503943345970_2"},{"key":"?cn","val":"NO_b6468f8d_9c39_4ea2_9f53_1030c82a2db8_1503943353767_0"},{"key":"?claimantFirstName","val":"william"}]}]},{"query":"?- ?v:AE#VATravelVoucher, ?v[AE#hasVoucherClaimant->?c], ?c[AE#hasName->?cn], ?cn[AE#hasLastName->?claimantLastName].","resultList":[{"result":[{"key":"?v","val":"VO_7c4701c3_7fbf_459f_94f8_63e2ee86b067_1503943345970_0"},{"key":"?c","val":"VO_7c4701c3_7fbf_459f_94f8_63e2ee86b067_1503943345970_2"},{"key":"?cn","val":"NO_b6468f8d_9c39_4ea2_9f53_1030c82a2db8_1503943353767_0"},{"key":"?claimantLastName","val":"ralph"}]}]},{"query":"?- ?v:AE#VATravelVoucher, ?v[AE#hasVoucherClaimant->?c], ?c[AE#hasSocialSecurityNumber->?s], ?s[label->?claimantSsn].","resultList":[{"result":[{"key":"?v","val":"VO_7c4701c3_7fbf_459f_94f8_63e2ee86b067_1503943345970_0"},{"key":"?c","val":"VO_7c4701c3_7fbf_459f_94f8_63e2ee86b067_1503943345970_2"},{"key":"?s","val":"VO_7c4701c3_7fbf_459f_94f8_63e2ee86b067_1503943345970_12"},{"key":"?claimantSsn","val":"350-06-2405"}]}]},{"query":"?- ?v:AE#VATravelVoucher, ?v[AE#hasVoucherClaimant->?c], ?c[AE#hasLiens->?claimantHasLiens].","resultList":[{"result":[{"key":"?v","val":"VO_7c4701c3_7fbf_459f_94f8_63e2ee86b067_1503943345970_0"},{"key":"?c","val":"VO_7c4701c3_7fbf_459f_94f8_63e2ee86b067_1503943345970_2"},{"key":"?claimantHasLiens","val":"AE#UnknownLienReport"}]}]},{"query":"?- ?v:AE#VATravelVoucher, ?v[AE#hasVoucherClaimant->?c], ?c[AE#hasDeclaredBankruptcy->?claimantHasDeclaredBankruptcy].","resultList":[{"result":[{"key":"?v","val":"VO_7c4701c3_7fbf_459f_94f8_63e2ee86b067_1503943345970_0"},{"key":"?c","val":"VO_7c4701c3_7fbf_459f_94f8_63e2ee86b067_1503943345970_2"},{"key":"?claimantHasDeclaredBankruptcy","val":"AE#NoBankruptcyReport"}]}]},{"query":"?- ?v:AE#VATravelVoucher, ?v[AE#hasVoucherClaimant->?c], ?c[AE#hasArrestRecord->?claimantHasArrestRecord].","resultList":[{"result":[{"key":"?v","val":"VO_7c4701c3_7fbf_459f_94f8_63e2ee86b067_1503943345970_0"},{"key":"?c","val":"VO_7c4701c3_7fbf_459f_94f8_63e2ee86b067_1503943345970_2"},{"key":"?claimantHasArrestRecord","val":"AE#NoArrestRecord"}]}]},{"query":"?- ?v:AE#VATravelVoucher, ?v[AE#hasVoucherClaimant->?c], ?c[AE#hasCriminalRecord->?claimantHasCriminalRecord].","resultList":[{"result":[{"key":"?v","val":"VO_7c4701c3_7fbf_459f_94f8_63e2ee86b067_1503943345970_0"},{"key":"?c","val":"VO_7c4701c3_7fbf_459f_94f8_63e2ee86b067_1503943345970_2"},{"key":"?claimantHasCriminalRecord","val":"AE#NoCriminalRecord"}]}]},{"query":"?- ?v:AE#VATravelVoucher, ?v[AE#hasVoucherBeneficiary->?b], ?b[AE#hasName->?cn], ?cn[label->?beneficiaryFullName].","resultList":[{"result":[{"key":"?v","val":"VO_7c4701c3_7fbf_459f_94f8_63e2ee86b067_1503943345970_0"},{"key":"?b","val":"VO_7c4701c3_7fbf_459f_94f8_63e2ee86b067_1503943345970_11"},{"key":"?cn","val":"VO_7c4701c3_7fbf_459f_94f8_63e2ee86b067_1503943345970_10"},{"key":"?beneficiaryFullName","val":"William Ralph Finn"}]},{"result":[{"key":"?v","val":"VO_7c4701c3_7fbf_459f_94f8_63e2ee86b067_1503943345970_0"},{"key":"?b","val":"VO_7c4701c3_7fbf_459f_94f8_63e2ee86b067_1503943345970_11"},{"key":"?cn","val":"NO_466cb223_d7df_4fd9_89f1_fd2fa5935243_1503943351775_0"},{"key":"?beneficiaryFullName","val":"William Ralph"}]}]},{"query":"?- ?v:AE#VATravelVoucher, ?v[AE#hasVoucherBeneficiary->?b], ?b[AE#hasName->?cn], ?cn[AE#hasFirstName->?beneficiaryFirstName].","resultList":[{"result":[{"key":"?v","val":"VO_7c4701c3_7fbf_459f_94f8_63e2ee86b067_1503943345970_0"},{"key":"?b","val":"VO_7c4701c3_7fbf_459f_94f8_63e2ee86b067_1503943345970_11"},{"key":"?cn","val":"NO_466cb223_d7df_4fd9_89f1_fd2fa5935243_1503943351775_0"},{"key":"?beneficiaryFirstName","val":"william"}]}]},{"query":"?- ?v:AE#VATravelVoucher, ?v[AE#hasVoucherBeneficiary->?b], ?b[AE#hasName->?cn], ?cn[AE#hasLastName->?beneficiaryLastName].","resultList":[{"result":[{"key":"?v","val":"VO_7c4701c3_7fbf_459f_94f8_63e2ee86b067_1503943345970_0"},{"key":"?b","val":"VO_7c4701c3_7fbf_459f_94f8_63e2ee86b067_1503943345970_11"},{"key":"?cn","val":"NO_466cb223_d7df_4fd9_89f1_fd2fa5935243_1503943351775_0"},{"key":"?beneficiaryLastName","val":"ralph"}]}]},{"query":"?- ?v:AE#VATravelVoucher, ?v[AE#hasVoucherBeneficiary->?b], ?b[AE#hasSocialSecurityNumber->?s], ?s[label->?beneficiarySsn].","resultList":[{"result":[{"key":"?v","val":"VO_7c4701c3_7fbf_459f_94f8_63e2ee86b067_1503943345970_0"},{"key":"?b","val":"VO_7c4701c3_7fbf_459f_94f8_63e2ee86b067_1503943345970_11"},{"key":"?s","val":"VO_7c4701c3_7fbf_459f_94f8_63e2ee86b067_1503943345970_9"},{"key":"?beneficiarySsn","val":"350-06-2405"}]}]},{"query":"?- ?v:AE#VATravelVoucher, ?v[AE#hasVoucherBeneficiary->?b], ?b[AE#hasLiens->?beneficiaryHasLiens].","resultList":[{"result":[{"key":"?v","val":"VO_7c4701c3_7fbf_459f_94f8_63e2ee86b067_1503943345970_0"},{"key":"?b","val":"VO_7c4701c3_7fbf_459f_94f8_63e2ee86b067_1503943345970_11"},{"key":"?beneficiaryHasLiens","val":"AE#UnknownLienReport"}]}]},{"query":"?- ?v:AE#VATravelVoucher, ?v[AE#hasVoucherBeneficiary->?b], ?b[AE#hasDeclaredBankruptcy->?beneficiaryHasDeclaredBankruptcy].","resultList":[{"result":[{"key":"?v","val":"VO_7c4701c3_7fbf_459f_94f8_63e2ee86b067_1503943345970_0"},{"key":"?b","val":"VO_7c4701c3_7fbf_459f_94f8_63e2ee86b067_1503943345970_11"},{"key":"?beneficiaryHasDeclaredBankruptcy","val":"AE#NoBankruptcyReport"}]}]},{"query":"?- ?v:AE#VATravelVoucher, ?v[AE#hasVoucherBeneficiary->?b], ?b[AE#hasArrestRecord->?beneficiaryHasArrestRecord].","resultList":[{"result":[{"key":"?v","val":"VO_7c4701c3_7fbf_459f_94f8_63e2ee86b067_1503943345970_0"},{"key":"?b","val":"VO_7c4701c3_7fbf_459f_94f8_63e2ee86b067_1503943345970_11"},{"key":"?beneficiaryHasArrestRecord","val":"AE#NoArrestRecord"}]}]},{"query":"?- ?v:AE#VATravelVoucher, ?v[AE#hasVoucherBeneficiary->?b], ?b[AE#hasCriminalRecord->?beneficiaryHasCriminalRecord].","resultList":[{"result":[{"key":"?v","val":"VO_7c4701c3_7fbf_459f_94f8_63e2ee86b067_1503943345970_0"},{"key":"?b","val":"VO_7c4701c3_7fbf_459f_94f8_63e2ee86b067_1503943345970_11"},{"key":"?beneficiaryHasCriminalRecord","val":"AE#NoCriminalRecord"}]}]},{"query":"?- ?t:AE#Travelling, ?t[AE#hasPath->?p], ?p[AE#hasDistance->?d], ?d[AE#numericValue->?expectedDistanceValue], ?d[AE#hasUnitOfMeasure->?unitOfDistanceMeasure].","resultList":[{"result":[{"key":"?t","val":"VO_7c4701c3_7fbf_459f_94f8_63e2ee86b067_1503943345970_6"},{"key":"?p","val":"ES_a53fbe08_d72d_4548_a59a_db614e49847d_1503943372639_4"},{"key":"?d","val":"ES_a53fbe08_d72d_4548_a59a_db614e49847d_1503943372639_0"},{"key":"?expectedDistanceValue","val":"20280.4003677915898151695728302001953125"},{"key":"?unitOfDistanceMeasure","val":"meters"}]}]},{"query":"?- ?t:AE#Travelling, ?t[AE#hasPath->?p], ?p[AE#hasExpectedTravelTime->?d], ?d[AE#numericValue->?expectedTimeValue], ?d[AE#hasUnitOfMeasure->?unitOfTimeMeasure].","resultList":[{"result":[{"key":"?t","val":"VO_7c4701c3_7fbf_459f_94f8_63e2ee86b067_1503943345970_6"},{"key":"?p","val":"ES_a53fbe08_d72d_4548_a59a_db614e49847d_1503943372639_4"},{"key":"?d","val":"ES_a53fbe08_d72d_4548_a59a_db614e49847d_1503943372639_2"},{"key":"?expectedTimeValue","val":"15.09631057851947844028472900390625"},{"key":"?unitOfTimeMeasure","val":"minutes"}]}]},{"query":"?- ?t:AE#Travelling, ?t[AE#hasDestination->?d], ?d[label->?destinationFullAddress].","resultList":[{"result":[{"key":"?t","val":"VO_7c4701c3_7fbf_459f_94f8_63e2ee86b067_1503943345970_7"},{"key":"?d","val":"VO_7c4701c3_7fbf_459f_94f8_63e2ee86b067_1503943345970_8"},{"key":"?destinationFullAddress","val":"2790 Truxton Road, Suite 130, San Diego, CA 92106"}]},{"result":[{"key":"?t","val":"VO_7c4701c3_7fbf_459f_94f8_63e2ee86b067_1503943345970_6"},{"key":"?d","val":"VO_7c4701c3_7fbf_459f_94f8_63e2ee86b067_1503943345970_5"},{"key":"?destinationFullAddress","val":"278 Mountainview Drive San Diego, CA 92126"}]}]},{"query":"?- ?t:AE#Travelling, ?t[AE#hasDestination->?d], ?d[AE#hasStreet->?s], ?s[label->?destinationStreetName], ?d[AE#hasCity->?c], ?c[label->?destinationCity], ?d[AE#hasState->?st], ?st[label->?destinationState], ?d[AE#hasZipcode->?destinationZipCode].","resultList":[{"result":[{"key":"?t","val":"VO_7c4701c3_7fbf_459f_94f8_63e2ee86b067_1503943345970_7"},{"key":"?d","val":"VO_7c4701c3_7fbf_459f_94f8_63e2ee86b067_1503943345970_8"},{"key":"?s","val":"NO_38e76881_94f2_4be3_a33a_4d0e57b5016e_1503943355743_id5"},{"key":"?destinationStreetName","val":"2790 Truxton Road"},{"key":"?c","val":"NO_38e76881_94f2_4be3_a33a_4d0e57b5016e_1503943355743_id11"},{"key":"?destinationCity","val":"San Diego"},{"key":"?st","val":"NO_38e76881_94f2_4be3_a33a_4d0e57b5016e_1503943355743_id13"},{"key":"?destinationState","val":"CA"},{"key":"?destinationZipCode","val":"92106"}]},{"result":[{"key":"?t","val":"VO_7c4701c3_7fbf_459f_94f8_63e2ee86b067_1503943345970_6"},{"key":"?d","val":"VO_7c4701c3_7fbf_459f_94f8_63e2ee86b067_1503943345970_5"},{"key":"?s","val":"NO_a15bd57e_5306_4bf5_bb4e_3ccca07220fb_1503943357582_id3"},{"key":"?destinationStreetName","val":"278 Mountainview Drive"},{"key":"?c","val":"NO_a15bd57e_5306_4bf5_bb4e_3ccca07220fb_1503943357582_id9"},{"key":"?destinationCity","val":"San Diego"},{"key":"?st","val":"NO_a15bd57e_5306_4bf5_bb4e_3ccca07220fb_1503943357582_id11"},{"key":"?destinationState","val":"CA"},{"key":"?destinationZipCode","val":"92126"}]}]},{"query":"?- ?t:AE#Travelling, ?t[AE#hasOrigin->?d], ?d[label->?originFullAddress].","resultList":[{"result":[{"key":"?t","val":"VO_7c4701c3_7fbf_459f_94f8_63e2ee86b067_1503943345970_7"},{"key":"?d","val":"VO_7c4701c3_7fbf_459f_94f8_63e2ee86b067_1503943345970_3"},{"key":"?originFullAddress","val":"278 Mountainview Drive San Diego, CA 92126"}]},{"result":[{"key":"?t","val":"VO_7c4701c3_7fbf_459f_94f8_63e2ee86b067_1503943345970_6"},{"key":"?d","val":"VO_7c4701c3_7fbf_459f_94f8_63e2ee86b067_1503943345970_8"},{"key":"?originFullAddress","val":"2790 Truxton Road, Suite 130, San Diego, CA 92106"}]}]},{"query":"?- ?t:AE#Travelling, ?t[AE#hasOrigin->?d], ?d[AE#hasStreet->?s], ?s[label->?originStreetName], ?d[AE#hasCity->?c], ?c[label->?originCity], ?d[AE#hasState->?st], ?st[label->?originState], ?d[AE#hasZipcode->?originZipCode].","resultList":[{"result":[{"key":"?t","val":"VO_7c4701c3_7fbf_459f_94f8_63e2ee86b067_1503943345970_7"},{"key":"?d","val":"VO_7c4701c3_7fbf_459f_94f8_63e2ee86b067_1503943345970_3"},{"key":"?s","val":"NO_a0d71b3d_b693_4127_a366_e357267144bd_1503943359533_id3"},{"key":"?originStreetName","val":"278 Mountainview Drive"},{"key":"?c","val":"NO_a0d71b3d_b693_4127_a366_e357267144bd_1503943359533_id9"},{"key":"?originCity","val":"San Diego"},{"key":"?st","val":"NO_a0d71b3d_b693_4127_a366_e357267144bd_1503943359533_id11"},{"key":"?originState","val":"CA"},{"key":"?originZipCode","val":"92126"}]},{"result":[{"key":"?t","val":"VO_7c4701c3_7fbf_459f_94f8_63e2ee86b067_1503943345970_6"},{"key":"?d","val":"VO_7c4701c3_7fbf_459f_94f8_63e2ee86b067_1503943345970_8"},{"key":"?s","val":"NO_38e76881_94f2_4be3_a33a_4d0e57b5016e_1503943355743_id5"},{"key":"?originStreetName","val":"2790 Truxton Road"},{"key":"?c","val":"NO_38e76881_94f2_4be3_a33a_4d0e57b5016e_1503943355743_id11"},{"key":"?originCity","val":"San Diego"},{"key":"?st","val":"NO_38e76881_94f2_4be3_a33a_4d0e57b5016e_1503943355743_id13"},{"key":"?originState","val":"CA"},{"key":"?originZipCode","val":"92106"}]}]},{"query":"?- ?t:AE#Travelling, ?t[AE#hasPath->?p], ?p[AE#hasStartRegion->?s], ?s[AE#hasLatitude->?originLatitude], ?s[AE#hasLongitude->?originLongitude].","resultList":[{"result":[{"key":"?t","val":"VO_7c4701c3_7fbf_459f_94f8_63e2ee86b067_1503943345970_6"},{"key":"?p","val":"ES_a53fbe08_d72d_4548_a59a_db614e49847d_1503943372639_4"},{"key":"?s","val":"ES_a53fbe08_d72d_4548_a59a_db614e49847d_1503943372639_3"},{"key":"?originLatitude","val":"32.74051839275188058309140615165233612060546875"},{"key":"?originLongitude","val":"-117.2130215001728856805129908025264739990234375"}]}]},{"query":"?- ?t:AE#Travelling, ?t[AE#hasPath->?p], ?p[AE#hasEndRegion->?e], ?e[AE#hasLatitude->?destinationLatitude], ?e[AE#hasLongitude->?destinationLongitude].","resultList":[{"result":[{"key":"?t","val":"VO_7c4701c3_7fbf_459f_94f8_63e2ee86b067_1503943345970_6"},{"key":"?p","val":"ES_a53fbe08_d72d_4548_a59a_db614e49847d_1503943372639_4"},{"key":"?e","val":"ES_a53fbe08_d72d_4548_a59a_db614e49847d_1503943372639_1"},{"key":"?destinationLatitude","val":"32.6483734927119115809546201489865779876708984375"},{"key":"?destinationLongitude","val":"-117.079831109999389582299045287072658538818359375"}]}]}]}
