{"dataList":[{"query":"?- ?v:AE#VATravelVoucher, ?v[AE#hasVoucherClaimant->?c], ?c[AE#hasName->?cn], ?cn[label->?claimantFullName].","resultList":[{"result":[{"key":"?v","val":"VO_78e6fbd1_ce32_45be_9990_5c4a15df6167_1503939696069_0"},{"key":"?c","val":"VO_78e6fbd1_ce32_45be_9990_5c4a15df6167_1503939696069_2"},{"key":"?cn","val":"NO_f2f078f2_7b12_486e_bf59_d295f2d4df04_1503939704436_0"},{"key":"?claimantFullName","val":"Elmer G. Stenton"}]},{"result":[{"key":"?v","val":"VO_78e6fbd1_ce32_45be_9990_5c4a15df6167_1503939696069_0"},{"key":"?c","val":"VO_78e6fbd1_ce32_45be_9990_5c4a15df6167_1503939696069_2"},{"key":"?cn","val":"VO_78e6fbd1_ce32_45be_9990_5c4a15df6167_1503939696069_1"},{"key":"?claimantFullName","val":"Elmer G. Stenton"}]}]},{"query":"?- ?v:AE#VATravelVoucher, ?v[AE#hasVoucherClaimant->?c], ?c[AE#hasName->?cn], ?cn[AE#hasFirstName->?claimantFirstName].","resultList":[{"result":[{"key":"?v","val":"VO_78e6fbd1_ce32_45be_9990_5c4a15df6167_1503939696069_0"},{"key":"?c","val":"VO_78e6fbd1_ce32_45be_9990_5c4a15df6167_1503939696069_2"},{"key":"?cn","val":"NO_f2f078f2_7b12_486e_bf59_d295f2d4df04_1503939704436_0"},{"key":"?claimantFirstName","val":"elmer"}]}]},{"query":"?- ?v:AE#VATravelVoucher, ?v[AE#hasVoucherClaimant->?c], ?c[AE#hasName->?cn], ?cn[AE#hasLastName->?claimantLastName].","resultList":[{"result":[{"key":"?v","val":"VO_78e6fbd1_ce32_45be_9990_5c4a15df6167_1503939696069_0"},{"key":"?c","val":"VO_78e6fbd1_ce32_45be_9990_5c4a15df6167_1503939696069_2"},{"key":"?cn","val":"NO_f2f078f2_7b12_486e_bf59_d295f2d4df04_1503939704436_0"},{"key":"?claimantLastName","val":"stenton"}]}]},{"query":"?- ?v:AE#VATravelVoucher, ?v[AE#hasVoucherClaimant->?c], ?c[AE#hasSocialSecurityNumber->?s], ?s[label->?claimantSsn].","resultList":[{"result":[{"key":"?v","val":"VO_78e6fbd1_ce32_45be_9990_5c4a15df6167_1503939696069_0"},{"key":"?c","val":"VO_78e6fbd1_ce32_45be_9990_5c4a15df6167_1503939696069_2"},{"key":"?s","val":"VO_78e6fbd1_ce32_45be_9990_5c4a15df6167_1503939696069_12"},{"key":"?claimantSsn","val":"545-16-3919"}]}]},{"query":"?- ?v:AE#VATravelVoucher, ?v[AE#hasVoucherClaimant->?c], ?c[AE#hasLiens->?claimantHasLiens].","resultList":[{"result":[{"key":"?v","val":"VO_78e6fbd1_ce32_45be_9990_5c4a15df6167_1503939696069_0"},{"key":"?c","val":"VO_78e6fbd1_ce32_45be_9990_5c4a15df6167_1503939696069_2"},{"key":"?claimantHasLiens","val":"AE#NoLienReport"}]}]},{"query":"?- ?v:AE#VATravelVoucher, ?v[AE#hasVoucherClaimant->?c], ?c[AE#hasDeclaredBankruptcy->?claimantHasDeclaredBankruptcy].","resultList":[{"result":[{"key":"?v","val":"VO_78e6fbd1_ce32_45be_9990_5c4a15df6167_1503939696069_0"},{"key":"?c","val":"VO_78e6fbd1_ce32_45be_9990_5c4a15df6167_1503939696069_2"},{"key":"?claimantHasDeclaredBankruptcy","val":"AE#NoBankruptcyReport"}]}]},{"query":"?- ?v:AE#VATravelVoucher, ?v[AE#hasVoucherClaimant->?c], ?c[AE#hasArrestRecord->?claimantHasArrestRecord].","resultList":[{"result":[{"key":"?v","val":"VO_78e6fbd1_ce32_45be_9990_5c4a15df6167_1503939696069_0"},{"key":"?c","val":"VO_78e6fbd1_ce32_45be_9990_5c4a15df6167_1503939696069_2"},{"key":"?claimantHasArrestRecord","val":"AE#NoArrestRecord"}]}]},{"query":"?- ?v:AE#VATravelVoucher, ?v[AE#hasVoucherClaimant->?c], ?c[AE#hasCriminalRecord->?claimantHasCriminalRecord].","resultList":[{"result":[{"key":"?v","val":"VO_78e6fbd1_ce32_45be_9990_5c4a15df6167_1503939696069_0"},{"key":"?c","val":"VO_78e6fbd1_ce32_45be_9990_5c4a15df6167_1503939696069_2"},{"key":"?claimantHasCriminalRecord","val":"AE#NoCriminalRecord"}]}]},{"query":"?- ?v:AE#VATravelVoucher, ?v[AE#hasVoucherBeneficiary->?b], ?b[AE#hasName->?cn], ?cn[label->?beneficiaryFullName].","resultList":[{"result":[{"key":"?v","val":"VO_78e6fbd1_ce32_45be_9990_5c4a15df6167_1503939696069_0"},{"key":"?b","val":"VO_78e6fbd1_ce32_45be_9990_5c4a15df6167_1503939696069_11"},{"key":"?cn","val":"VO_78e6fbd1_ce32_45be_9990_5c4a15df6167_1503939696069_10"},{"key":"?beneficiaryFullName","val":"Elmer G. Stenton"}]},{"result":[{"key":"?v","val":"VO_78e6fbd1_ce32_45be_9990_5c4a15df6167_1503939696069_0"},{"key":"?b","val":"VO_78e6fbd1_ce32_45be_9990_5c4a15df6167_1503939696069_11"},{"key":"?cn","val":"NO_571f2b89_d545_4e98_83f1_9b7afb02952f_1503939702184_0"},{"key":"?beneficiaryFullName","val":"Elmer G. Stenton"}]}]},{"query":"?- ?v:AE#VATravelVoucher, ?v[AE#hasVoucherBeneficiary->?b], ?b[AE#hasName->?cn], ?cn[AE#hasFirstName->?beneficiaryFirstName].","resultList":[{"result":[{"key":"?v","val":"VO_78e6fbd1_ce32_45be_9990_5c4a15df6167_1503939696069_0"},{"key":"?b","val":"VO_78e6fbd1_ce32_45be_9990_5c4a15df6167_1503939696069_11"},{"key":"?cn","val":"NO_571f2b89_d545_4e98_83f1_9b7afb02952f_1503939702184_0"},{"key":"?beneficiaryFirstName","val":"elmer"}]}]},{"query":"?- ?v:AE#VATravelVoucher, ?v[AE#hasVoucherBeneficiary->?b], ?b[AE#hasName->?cn], ?cn[AE#hasLastName->?beneficiaryLastName].","resultList":[{"result":[{"key":"?v","val":"VO_78e6fbd1_ce32_45be_9990_5c4a15df6167_1503939696069_0"},{"key":"?b","val":"VO_78e6fbd1_ce32_45be_9990_5c4a15df6167_1503939696069_11"},{"key":"?cn","val":"NO_571f2b89_d545_4e98_83f1_9b7afb02952f_1503939702184_0"},{"key":"?beneficiaryLastName","val":"stenton"}]}]},{"query":"?- ?v:AE#VATravelVoucher, ?v[AE#hasVoucherBeneficiary->?b], ?b[AE#hasSocialSecurityNumber->?s], ?s[label->?beneficiarySsn].","resultList":[{"result":[{"key":"?v","val":"VO_78e6fbd1_ce32_45be_9990_5c4a15df6167_1503939696069_0"},{"key":"?b","val":"VO_78e6fbd1_ce32_45be_9990_5c4a15df6167_1503939696069_11"},{"key":"?s","val":"VO_78e6fbd1_ce32_45be_9990_5c4a15df6167_1503939696069_9"},{"key":"?beneficiarySsn","val":"545-16-3919"}]}]},{"query":"?- ?v:AE#VATravelVoucher, ?v[AE#hasVoucherBeneficiary->?b], ?b[AE#hasLiens->?beneficiaryHasLiens].","resultList":[{"result":[{"key":"?v","val":"VO_78e6fbd1_ce32_45be_9990_5c4a15df6167_1503939696069_0"},{"key":"?b","val":"VO_78e6fbd1_ce32_45be_9990_5c4a15df6167_1503939696069_11"},{"key":"?beneficiaryHasLiens","val":"AE#NoLienReport"}]}]},{"query":"?- ?v:AE#VATravelVoucher, ?v[AE#hasVoucherBeneficiary->?b], ?b[AE#hasDeclaredBankruptcy->?beneficiaryHasDeclaredBankruptcy].","resultList":[{"result":[{"key":"?v","val":"VO_78e6fbd1_ce32_45be_9990_5c4a15df6167_1503939696069_0"},{"key":"?b","val":"VO_78e6fbd1_ce32_45be_9990_5c4a15df6167_1503939696069_11"},{"key":"?beneficiaryHasDeclaredBankruptcy","val":"AE#NoBankruptcyReport"}]}]},{"query":"?- ?v:AE#VATravelVoucher, ?v[AE#hasVoucherBeneficiary->?b], ?b[AE#hasArrestRecord->?beneficiaryHasArrestRecord].","resultList":[{"result":[{"key":"?v","val":"VO_78e6fbd1_ce32_45be_9990_5c4a15df6167_1503939696069_0"},{"key":"?b","val":"VO_78e6fbd1_ce32_45be_9990_5c4a15df6167_1503939696069_11"},{"key":"?beneficiaryHasArrestRecord","val":"AE#NoArrestRecord"}]}]},{"query":"?- ?v:AE#VATravelVoucher, ?v[AE#hasVoucherBeneficiary->?b], ?b[AE#hasCriminalRecord->?beneficiaryHasCriminalRecord].","resultList":[{"result":[{"key":"?v","val":"VO_78e6fbd1_ce32_45be_9990_5c4a15df6167_1503939696069_0"},{"key":"?b","val":"VO_78e6fbd1_ce32_45be_9990_5c4a15df6167_1503939696069_11"},{"key":"?beneficiaryHasCriminalRecord","val":"AE#NoCriminalRecord"}]}]},{"query":"?- ?t:AE#Travelling, ?t[AE#hasPath->?p], ?p[AE#hasDistance->?d], ?d[AE#numericValue->?expectedDistanceValue], ?d[AE#hasUnitOfMeasure->?unitOfDistanceMeasure].","resultList":[{"result":[{"key":"?t","val":"VO_78e6fbd1_ce32_45be_9990_5c4a15df6167_1503939696069_6"},{"key":"?p","val":"ES_9a7a6664_764f_48d6_8959_0b0af33ba6d0_1503939724261_4"},{"key":"?d","val":"ES_9a7a6664_764f_48d6_8959_0b0af33ba6d0_1503939724261_0"},{"key":"?expectedDistanceValue","val":"26874.50896420309800305403769016265869140625"},{"key":"?unitOfDistanceMeasure","val":"meters"}]}]},{"query":"?- ?t:AE#Travelling, ?t[AE#hasPath->?p], ?p[AE#hasExpectedTravelTime->?d], ?d[AE#numericValue->?expectedTimeValue], ?d[AE#hasUnitOfMeasure->?unitOfTimeMeasure].","resultList":[{"result":[{"key":"?t","val":"VO_78e6fbd1_ce32_45be_9990_5c4a15df6167_1503939696069_6"},{"key":"?p","val":"ES_9a7a6664_764f_48d6_8959_0b0af33ba6d0_1503939724261_4"},{"key":"?d","val":"ES_9a7a6664_764f_48d6_8959_0b0af33ba6d0_1503939724261_2"},{"key":"?expectedTimeValue","val":"18.524449710384942591190338134765625"},{"key":"?unitOfTimeMeasure","val":"minutes"}]}]},{"query":"?- ?t:AE#Travelling, ?t[AE#hasDestination->?d], ?d[label->?destinationFullAddress].","resultList":[{"result":[{"key":"?t","val":"VO_78e6fbd1_ce32_45be_9990_5c4a15df6167_1503939696069_7"},{"key":"?d","val":"VO_78e6fbd1_ce32_45be_9990_5c4a15df6167_1503939696069_8"},{"key":"?destinationFullAddress","val":"2790 Truxton Road, Suite 130, San Diego, CA 92106"}]},{"result":[{"key":"?t","val":"VO_78e6fbd1_ce32_45be_9990_5c4a15df6167_1503939696069_6"},{"key":"?d","val":"VO_78e6fbd1_ce32_45be_9990_5c4a15df6167_1503939696069_5"},{"key":"?destinationFullAddress","val":"236 Richardson Ave San Diego, CA 92115"}]}]},{"query":"?- ?t:AE#Travelling, ?t[AE#hasDestination->?d], ?d[AE#hasStreet->?s], ?s[label->?destinationStreetName], ?d[AE#hasCity->?c], ?c[label->?destinationCity], ?d[AE#hasState->?st], ?st[label->?destinationState], ?d[AE#hasZipcode->?destinationZipCode].","resultList":[{"result":[{"key":"?t","val":"VO_78e6fbd1_ce32_45be_9990_5c4a15df6167_1503939696069_7"},{"key":"?d","val":"VO_78e6fbd1_ce32_45be_9990_5c4a15df6167_1503939696069_8"},{"key":"?s","val":"NO_52b72e2f_3050_49e0_8724_60e079323bc9_1503939706654_id5"},{"key":"?destinationStreetName","val":"2790 Truxton Road"},{"key":"?c","val":"NO_52b72e2f_3050_49e0_8724_60e079323bc9_1503939706654_id11"},{"key":"?destinationCity","val":"San Diego"},{"key":"?st","val":"NO_52b72e2f_3050_49e0_8724_60e079323bc9_1503939706654_id13"},{"key":"?destinationState","val":"CA"},{"key":"?destinationZipCode","val":"92106"}]},{"result":[{"key":"?t","val":"VO_78e6fbd1_ce32_45be_9990_5c4a15df6167_1503939696069_6"},{"key":"?d","val":"VO_78e6fbd1_ce32_45be_9990_5c4a15df6167_1503939696069_5"},{"key":"?s","val":"NO_4feb5f53_afdd_470a_b856_6e1b73e2120d_1503939708853_id3"},{"key":"?destinationStreetName","val":"236 Richardson Ave"},{"key":"?c","val":"NO_4feb5f53_afdd_470a_b856_6e1b73e2120d_1503939708853_id9"},{"key":"?destinationCity","val":"San Diego"},{"key":"?st","val":"NO_4feb5f53_afdd_470a_b856_6e1b73e2120d_1503939708853_id11"},{"key":"?destinationState","val":"CA"},{"key":"?destinationZipCode","val":"92115"}]}]},{"query":"?- ?t:AE#Travelling, ?t[AE#hasOrigin->?d], ?d[label->?originFullAddress].","resultList":[{"result":[{"key":"?t","val":"VO_78e6fbd1_ce32_45be_9990_5c4a15df6167_1503939696069_7"},{"key":"?d","val":"VO_78e6fbd1_ce32_45be_9990_5c4a15df6167_1503939696069_3"},{"key":"?originFullAddress","val":"236 Richardson Ave San Diego, CA 92115"}]},{"result":[{"key":"?t","val":"VO_78e6fbd1_ce32_45be_9990_5c4a15df6167_1503939696069_6"},{"key":"?d","val":"VO_78e6fbd1_ce32_45be_9990_5c4a15df6167_1503939696069_8"},{"key":"?originFullAddress","val":"2790 Truxton Road, Suite 130, San Diego, CA 92106"}]}]},{"query":"?- ?t:AE#Travelling, ?t[AE#hasOrigin->?d], ?d[AE#hasStreet->?s], ?s[label->?originStreetName], ?d[AE#hasCity->?c], ?c[label->?originCity], ?d[AE#hasState->?st], ?st[label->?originState], ?d[AE#hasZipcode->?originZipCode].","resultList":[{"result":[{"key":"?t","val":"VO_78e6fbd1_ce32_45be_9990_5c4a15df6167_1503939696069_7"},{"key":"?d","val":"VO_78e6fbd1_ce32_45be_9990_5c4a15df6167_1503939696069_3"},{"key":"?s","val":"NO_ed867936_9040_4e6c_8ee7_9de83170c650_1503939711191_id3"},{"key":"?originStreetName","val":"236 Richardson Ave"},{"key":"?c","val":"NO_ed867936_9040_4e6c_8ee7_9de83170c650_1503939711191_id9"},{"key":"?originCity","val":"San Diego"},{"key":"?st","val":"NO_ed867936_9040_4e6c_8ee7_9de83170c650_1503939711191_id11"},{"key":"?originState","val":"CA"},{"key":"?originZipCode","val":"92115"}]},{"result":[{"key":"?t","val":"VO_78e6fbd1_ce32_45be_9990_5c4a15df6167_1503939696069_6"},{"key":"?d","val":"VO_78e6fbd1_ce32_45be_9990_5c4a15df6167_1503939696069_8"},{"key":"?s","val":"NO_52b72e2f_3050_49e0_8724_60e079323bc9_1503939706654_id5"},{"key":"?originStreetName","val":"2790 Truxton Road"},{"key":"?c","val":"NO_52b72e2f_3050_49e0_8724_60e079323bc9_1503939706654_id11"},{"key":"?originCity","val":"San Diego"},{"key":"?st","val":"NO_52b72e2f_3050_49e0_8724_60e079323bc9_1503939706654_id13"},{"key":"?originState","val":"CA"},{"key":"?originZipCode","val":"92106"}]}]},{"query":"?- ?t:AE#Travelling, ?t[AE#hasPath->?p], ?p[AE#hasStartRegion->?s], ?s[AE#hasLatitude->?originLatitude], ?s[AE#hasLongitude->?originLongitude].","resultList":[{"result":[{"key":"?t","val":"VO_78e6fbd1_ce32_45be_9990_5c4a15df6167_1503939696069_6"},{"key":"?p","val":"ES_9a7a6664_764f_48d6_8959_0b0af33ba6d0_1503939724261_4"},{"key":"?s","val":"ES_9a7a6664_764f_48d6_8959_0b0af33ba6d0_1503939724261_3"},{"key":"?originLatitude","val":"32.74051839275188058309140615165233612060546875"},{"key":"?originLongitude","val":"-117.2130215001728856805129908025264739990234375"}]}]},{"query":"?- ?t:AE#Travelling, ?t[AE#hasPath->?p], ?p[AE#hasEndRegion->?e], ?e[AE#hasLatitude->?destinationLatitude], ?e[AE#hasLongitude->?destinationLongitude].","resultList":[{"result":[{"key":"?t","val":"VO_78e6fbd1_ce32_45be_9990_5c4a15df6167_1503939696069_6"},{"key":"?p","val":"ES_9a7a6664_764f_48d6_8959_0b0af33ba6d0_1503939724261_4"},{"key":"?e","val":"ES_9a7a6664_764f_48d6_8959_0b0af33ba6d0_1503939724261_1"},{"key":"?destinationLatitude","val":"32.7931478068267097114585340023040771484375"},{"key":"?destinationLongitude","val":"-116.9722131683592039053110056556761264801025390625"}]}]}]}
