{"dataList":[{"query":"?- ?v:AE#VATravelVoucher, ?v[AE#hasVoucherClaimant->?c], ?c[AE#hasName->?cn], ?cn[label->?claimantFullName].","resultList":[{"result":[{"key":"?v","val":"VO_7742cb8b_6ef7_41ff_8496_30a552078b36_1503944097575_0"},{"key":"?c","val":"VO_7742cb8b_6ef7_41ff_8496_30a552078b36_1503944097575_2"},{"key":"?cn","val":"VO_7742cb8b_6ef7_41ff_8496_30a552078b36_1503944097575_1"},{"key":"?claimantFullName","val":"Danny Richard Stender"}]},{"result":[{"key":"?v","val":"VO_7742cb8b_6ef7_41ff_8496_30a552078b36_1503944097575_0"},{"key":"?c","val":"VO_7742cb8b_6ef7_41ff_8496_30a552078b36_1503944097575_2"},{"key":"?cn","val":"NO_deed2aed_4b5d_4059_ba98_80eb1a97d228_1503944105521_0"},{"key":"?claimantFullName","val":"Danny Richard Stender"}]}]},{"query":"?- ?v:AE#VATravelVoucher, ?v[AE#hasVoucherClaimant->?c], ?c[AE#hasName->?cn], ?cn[AE#hasFirstName->?claimantFirstName].","resultList":[{"result":[{"key":"?v","val":"VO_7742cb8b_6ef7_41ff_8496_30a552078b36_1503944097575_0"},{"key":"?c","val":"VO_7742cb8b_6ef7_41ff_8496_30a552078b36_1503944097575_2"},{"key":"?cn","val":"NO_deed2aed_4b5d_4059_ba98_80eb1a97d228_1503944105521_0"},{"key":"?claimantFirstName","val":"danny"}]}]},{"query":"?- ?v:AE#VATravelVoucher, ?v[AE#hasVoucherClaimant->?c], ?c[AE#hasName->?cn], ?cn[AE#hasLastName->?claimantLastName].","resultList":[{"result":[{"key":"?v","val":"VO_7742cb8b_6ef7_41ff_8496_30a552078b36_1503944097575_0"},{"key":"?c","val":"VO_7742cb8b_6ef7_41ff_8496_30a552078b36_1503944097575_2"},{"key":"?cn","val":"NO_deed2aed_4b5d_4059_ba98_80eb1a97d228_1503944105521_0"},{"key":"?claimantLastName","val":"stender"}]}]},{"query":"?- ?v:AE#VATravelVoucher, ?v[AE#hasVoucherClaimant->?c], ?c[AE#hasSocialSecurityNumber->?s], ?s[label->?claimantSsn].","resultList":[{"result":[{"key":"?v","val":"VO_7742cb8b_6ef7_41ff_8496_30a552078b36_1503944097575_0"},{"key":"?c","val":"VO_7742cb8b_6ef7_41ff_8496_30a552078b36_1503944097575_2"},{"key":"?s","val":"VO_7742cb8b_6ef7_41ff_8496_30a552078b36_1503944097575_12"},{"key":"?claimantSsn","val":"264-82-9894"}]}]},{"query":"?- ?v:AE#VATravelVoucher, ?v[AE#hasVoucherClaimant->?c], ?c[AE#hasLiens->?claimantHasLiens].","resultList":[{"result":[{"key":"?v","val":"VO_7742cb8b_6ef7_41ff_8496_30a552078b36_1503944097575_0"},{"key":"?c","val":"VO_7742cb8b_6ef7_41ff_8496_30a552078b36_1503944097575_2"},{"key":"?claimantHasLiens","val":"AE#NoLienReport"}]}]},{"query":"?- ?v:AE#VATravelVoucher, ?v[AE#hasVoucherClaimant->?c], ?c[AE#hasDeclaredBankruptcy->?claimantHasDeclaredBankruptcy].","resultList":[{"result":[{"key":"?v","val":"VO_7742cb8b_6ef7_41ff_8496_30a552078b36_1503944097575_0"},{"key":"?c","val":"VO_7742cb8b_6ef7_41ff_8496_30a552078b36_1503944097575_2"},{"key":"?claimantHasDeclaredBankruptcy","val":"AE#NoBankruptcyReport"}]}]},{"query":"?- ?v:AE#VATravelVoucher, ?v[AE#hasVoucherClaimant->?c], ?c[AE#hasArrestRecord->?claimantHasArrestRecord].","resultList":[{"result":[{"key":"?v","val":"VO_7742cb8b_6ef7_41ff_8496_30a552078b36_1503944097575_0"},{"key":"?c","val":"VO_7742cb8b_6ef7_41ff_8496_30a552078b36_1503944097575_2"},{"key":"?claimantHasArrestRecord","val":"AE#UnknownArrestRecord"}]}]},{"query":"?- ?v:AE#VATravelVoucher, ?v[AE#hasVoucherClaimant->?c], ?c[AE#hasCriminalRecord->?claimantHasCriminalRecord].","resultList":[{"result":[{"key":"?v","val":"VO_7742cb8b_6ef7_41ff_8496_30a552078b36_1503944097575_0"},{"key":"?c","val":"VO_7742cb8b_6ef7_41ff_8496_30a552078b36_1503944097575_2"},{"key":"?claimantHasCriminalRecord","val":"AE#UnknownCriminalRecord"}]}]},{"query":"?- ?v:AE#VATravelVoucher, ?v[AE#hasVoucherBeneficiary->?b], ?b[AE#hasName->?cn], ?cn[label->?beneficiaryFullName].","resultList":[{"result":[{"key":"?v","val":"VO_7742cb8b_6ef7_41ff_8496_30a552078b36_1503944097575_0"},{"key":"?b","val":"VO_7742cb8b_6ef7_41ff_8496_30a552078b36_1503944097575_11"},{"key":"?cn","val":"NO_d4709015_aa95_413a_8788_7b3ef00b7262_1503944103499_0"},{"key":"?beneficiaryFullName","val":"Danny Richard Stender"}]},{"result":[{"key":"?v","val":"VO_7742cb8b_6ef7_41ff_8496_30a552078b36_1503944097575_0"},{"key":"?b","val":"VO_7742cb8b_6ef7_41ff_8496_30a552078b36_1503944097575_11"},{"key":"?cn","val":"VO_7742cb8b_6ef7_41ff_8496_30a552078b36_1503944097575_10"},{"key":"?beneficiaryFullName","val":"Danny Richard Stender"}]}]},{"query":"?- ?v:AE#VATravelVoucher, ?v[AE#hasVoucherBeneficiary->?b], ?b[AE#hasName->?cn], ?cn[AE#hasFirstName->?beneficiaryFirstName].","resultList":[{"result":[{"key":"?v","val":"VO_7742cb8b_6ef7_41ff_8496_30a552078b36_1503944097575_0"},{"key":"?b","val":"VO_7742cb8b_6ef7_41ff_8496_30a552078b36_1503944097575_11"},{"key":"?cn","val":"NO_d4709015_aa95_413a_8788_7b3ef00b7262_1503944103499_0"},{"key":"?beneficiaryFirstName","val":"danny"}]}]},{"query":"?- ?v:AE#VATravelVoucher, ?v[AE#hasVoucherBeneficiary->?b], ?b[AE#hasName->?cn], ?cn[AE#hasLastName->?beneficiaryLastName].","resultList":[{"result":[{"key":"?v","val":"VO_7742cb8b_6ef7_41ff_8496_30a552078b36_1503944097575_0"},{"key":"?b","val":"VO_7742cb8b_6ef7_41ff_8496_30a552078b36_1503944097575_11"},{"key":"?cn","val":"NO_d4709015_aa95_413a_8788_7b3ef00b7262_1503944103499_0"},{"key":"?beneficiaryLastName","val":"stender"}]}]},{"query":"?- ?v:AE#VATravelVoucher, ?v[AE#hasVoucherBeneficiary->?b], ?b[AE#hasSocialSecurityNumber->?s], ?s[label->?beneficiarySsn].","resultList":[{"result":[{"key":"?v","val":"VO_7742cb8b_6ef7_41ff_8496_30a552078b36_1503944097575_0"},{"key":"?b","val":"VO_7742cb8b_6ef7_41ff_8496_30a552078b36_1503944097575_11"},{"key":"?s","val":"VO_7742cb8b_6ef7_41ff_8496_30a552078b36_1503944097575_9"},{"key":"?beneficiarySsn","val":"264-82-9894"}]}]},{"query":"?- ?v:AE#VATravelVoucher, ?v[AE#hasVoucherBeneficiary->?b], ?b[AE#hasLiens->?beneficiaryHasLiens].","resultList":[{"result":[{"key":"?v","val":"VO_7742cb8b_6ef7_41ff_8496_30a552078b36_1503944097575_0"},{"key":"?b","val":"VO_7742cb8b_6ef7_41ff_8496_30a552078b36_1503944097575_11"},{"key":"?beneficiaryHasLiens","val":"AE#NoLienReport"}]}]},{"query":"?- ?v:AE#VATravelVoucher, ?v[AE#hasVoucherBeneficiary->?b], ?b[AE#hasDeclaredBankruptcy->?beneficiaryHasDeclaredBankruptcy].","resultList":[{"result":[{"key":"?v","val":"VO_7742cb8b_6ef7_41ff_8496_30a552078b36_1503944097575_0"},{"key":"?b","val":"VO_7742cb8b_6ef7_41ff_8496_30a552078b36_1503944097575_11"},{"key":"?beneficiaryHasDeclaredBankruptcy","val":"AE#NoBankruptcyReport"}]}]},{"query":"?- ?v:AE#VATravelVoucher, ?v[AE#hasVoucherBeneficiary->?b], ?b[AE#hasArrestRecord->?beneficiaryHasArrestRecord].","resultList":[{"result":[{"key":"?v","val":"VO_7742cb8b_6ef7_41ff_8496_30a552078b36_1503944097575_0"},{"key":"?b","val":"VO_7742cb8b_6ef7_41ff_8496_30a552078b36_1503944097575_11"},{"key":"?beneficiaryHasArrestRecord","val":"AE#UnknownArrestRecord"}]}]},{"query":"?- ?v:AE#VATravelVoucher, ?v[AE#hasVoucherBeneficiary->?b], ?b[AE#hasCriminalRecord->?beneficiaryHasCriminalRecord].","resultList":[{"result":[{"key":"?v","val":"VO_7742cb8b_6ef7_41ff_8496_30a552078b36_1503944097575_0"},{"key":"?b","val":"VO_7742cb8b_6ef7_41ff_8496_30a552078b36_1503944097575_11"},{"key":"?beneficiaryHasCriminalRecord","val":"AE#UnknownCriminalRecord"}]}]},{"query":"?- ?t:AE#Travelling, ?t[AE#hasPath->?p], ?p[AE#hasDistance->?d], ?d[AE#numericValue->?expectedDistanceValue], ?d[AE#hasUnitOfMeasure->?unitOfDistanceMeasure].","resultList":[{"result":[{"key":"?t","val":"VO_7742cb8b_6ef7_41ff_8496_30a552078b36_1503944097575_6"},{"key":"?p","val":"ES_5448fe76_c41c_49ab_95e8_bd728f02ddc9_1503944125258_4"},{"key":"?d","val":"ES_5448fe76_c41c_49ab_95e8_bd728f02ddc9_1503944125258_0"},{"key":"?expectedDistanceValue","val":"12084.13631958284895517863333225250244140625"},{"key":"?unitOfDistanceMeasure","val":"meters"}]}]},{"query":"?- ?t:AE#Travelling, ?t[AE#hasPath->?p], ?p[AE#hasExpectedTravelTime->?d], ?d[AE#numericValue->?expectedTimeValue], ?d[AE#hasUnitOfMeasure->?unitOfTimeMeasure].","resultList":[{"result":[{"key":"?t","val":"VO_7742cb8b_6ef7_41ff_8496_30a552078b36_1503944097575_6"},{"key":"?p","val":"ES_5448fe76_c41c_49ab_95e8_bd728f02ddc9_1503944125258_4"},{"key":"?d","val":"ES_5448fe76_c41c_49ab_95e8_bd728f02ddc9_1503944125258_2"},{"key":"?expectedTimeValue","val":"11.09156182967126369476318359375"},{"key":"?unitOfTimeMeasure","val":"minutes"}]}]},{"query":"?- ?t:AE#Travelling, ?t[AE#hasDestination->?d], ?d[label->?destinationFullAddress].","resultList":[{"result":[{"key":"?t","val":"VO_7742cb8b_6ef7_41ff_8496_30a552078b36_1503944097575_7"},{"key":"?d","val":"VO_7742cb8b_6ef7_41ff_8496_30a552078b36_1503944097575_8"},{"key":"?destinationFullAddress","val":"2790 Truxton Road, Suite 130, San Diego, CA 92106"}]},{"result":[{"key":"?t","val":"VO_7742cb8b_6ef7_41ff_8496_30a552078b36_1503944097575_6"},{"key":"?d","val":"VO_7742cb8b_6ef7_41ff_8496_30a552078b36_1503944097575_5"},{"key":"?destinationFullAddress","val":"4632 Hawley Blvd San Diego, CA 92116"}]}]},{"query":"?- ?t:AE#Travelling, ?t[AE#hasDestination->?d], ?d[AE#hasStreet->?s], ?s[label->?destinationStreetName], ?d[AE#hasCity->?c], ?c[label->?destinationCity], ?d[AE#hasState->?st], ?st[label->?destinationState], ?d[AE#hasZipcode->?destinationZipCode].","resultList":[{"result":[{"key":"?t","val":"VO_7742cb8b_6ef7_41ff_8496_30a552078b36_1503944097575_7"},{"key":"?d","val":"VO_7742cb8b_6ef7_41ff_8496_30a552078b36_1503944097575_8"},{"key":"?s","val":"NO_0caac3eb_5433_492e_9e0e_52ac07d419ec_1503944107549_id5"},{"key":"?destinationStreetName","val":"2790 Truxton Road"},{"key":"?c","val":"NO_0caac3eb_5433_492e_9e0e_52ac07d419ec_1503944107549_id11"},{"key":"?destinationCity","val":"San Diego"},{"key":"?st","val":"NO_0caac3eb_5433_492e_9e0e_52ac07d419ec_1503944107549_id13"},{"key":"?destinationState","val":"CA"},{"key":"?destinationZipCode","val":"92106"}]},{"result":[{"key":"?t","val":"VO_7742cb8b_6ef7_41ff_8496_30a552078b36_1503944097575_6"},{"key":"?d","val":"VO_7742cb8b_6ef7_41ff_8496_30a552078b36_1503944097575_5"},{"key":"?s","val":"NO_8bad5e2e_46f4_437f_b634_24c85b300f49_1503944109621_id3"},{"key":"?destinationStreetName","val":"4632 Hawley Blvd"},{"key":"?c","val":"NO_8bad5e2e_46f4_437f_b634_24c85b300f49_1503944109621_id9"},{"key":"?destinationCity","val":"San Diego"},{"key":"?st","val":"NO_8bad5e2e_46f4_437f_b634_24c85b300f49_1503944109621_id11"},{"key":"?destinationState","val":"CA"},{"key":"?destinationZipCode","val":"92116"}]}]},{"query":"?- ?t:AE#Travelling, ?t[AE#hasOrigin->?d], ?d[label->?originFullAddress].","resultList":[{"result":[{"key":"?t","val":"VO_7742cb8b_6ef7_41ff_8496_30a552078b36_1503944097575_7"},{"key":"?d","val":"VO_7742cb8b_6ef7_41ff_8496_30a552078b36_1503944097575_3"},{"key":"?originFullAddress","val":"4632 Hawley Blvd San Diego, CA 92116"}]},{"result":[{"key":"?t","val":"VO_7742cb8b_6ef7_41ff_8496_30a552078b36_1503944097575_6"},{"key":"?d","val":"VO_7742cb8b_6ef7_41ff_8496_30a552078b36_1503944097575_8"},{"key":"?originFullAddress","val":"2790 Truxton Road, Suite 130, San Diego, CA 92106"}]}]},{"query":"?- ?t:AE#Travelling, ?t[AE#hasOrigin->?d], ?d[AE#hasStreet->?s], ?s[label->?originStreetName], ?d[AE#hasCity->?c], ?c[label->?originCity], ?d[AE#hasState->?st], ?st[label->?originState], ?d[AE#hasZipcode->?originZipCode].","resultList":[{"result":[{"key":"?t","val":"VO_7742cb8b_6ef7_41ff_8496_30a552078b36_1503944097575_7"},{"key":"?d","val":"VO_7742cb8b_6ef7_41ff_8496_30a552078b36_1503944097575_3"},{"key":"?s","val":"NO_80aac8ae_572a_4b62_8776_67b393b4cb7e_1503944111817_id3"},{"key":"?originStreetName","val":"4632 Hawley Blvd"},{"key":"?c","val":"NO_80aac8ae_572a_4b62_8776_67b393b4cb7e_1503944111817_id9"},{"key":"?originCity","val":"San Diego"},{"key":"?st","val":"NO_80aac8ae_572a_4b62_8776_67b393b4cb7e_1503944111817_id11"},{"key":"?originState","val":"CA"},{"key":"?originZipCode","val":"92116"}]},{"result":[{"key":"?t","val":"VO_7742cb8b_6ef7_41ff_8496_30a552078b36_1503944097575_6"},{"key":"?d","val":"VO_7742cb8b_6ef7_41ff_8496_30a552078b36_1503944097575_8"},{"key":"?s","val":"NO_0caac3eb_5433_492e_9e0e_52ac07d419ec_1503944107549_id5"},{"key":"?originStreetName","val":"2790 Truxton Road"},{"key":"?c","val":"NO_0caac3eb_5433_492e_9e0e_52ac07d419ec_1503944107549_id11"},{"key":"?originCity","val":"San Diego"},{"key":"?st","val":"NO_0caac3eb_5433_492e_9e0e_52ac07d419ec_1503944107549_id13"},{"key":"?originState","val":"CA"},{"key":"?originZipCode","val":"92106"}]}]},{"query":"?- ?t:AE#Travelling, ?t[AE#hasPath->?p], ?p[AE#hasStartRegion->?s], ?s[AE#hasLatitude->?originLatitude], ?s[AE#hasLongitude->?originLongitude].","resultList":[{"result":[{"key":"?t","val":"VO_7742cb8b_6ef7_41ff_8496_30a552078b36_1503944097575_6"},{"key":"?p","val":"ES_5448fe76_c41c_49ab_95e8_bd728f02ddc9_1503944125258_4"},{"key":"?s","val":"ES_5448fe76_c41c_49ab_95e8_bd728f02ddc9_1503944125258_3"},{"key":"?originLatitude","val":"32.74051839275188058309140615165233612060546875"},{"key":"?originLongitude","val":"-117.2130215001728856805129908025264739990234375"}]}]},{"query":"?- ?t:AE#Travelling, ?t[AE#hasPath->?p], ?p[AE#hasEndRegion->?e], ?e[AE#hasLatitude->?destinationLatitude], ?e[AE#hasLongitude->?destinationLongitude].","resultList":[{"result":[{"key":"?t","val":"VO_7742cb8b_6ef7_41ff_8496_30a552078b36_1503944097575_6"},{"key":"?p","val":"ES_5448fe76_c41c_49ab_95e8_bd728f02ddc9_1503944125258_4"},{"key":"?e","val":"ES_5448fe76_c41c_49ab_95e8_bd728f02ddc9_1503944125258_1"},{"key":"?destinationLatitude","val":"32.761809335276126375902094878256320953369140625"},{"key":"?destinationLongitude","val":"-117.119505653932492350577376782894134521484375"}]}]}]}
