{"dataList":[{"query":"?- ?v:AE#VATravelVoucher, ?v[AE#hasVoucherClaimant->?c], ?c[AE#hasName->?cn], ?cn[label->?claimantFullName].","resultList":[{"result":[{"key":"?v","val":"VO_7e7a8a09_585e_4c46_8474_35cbfc705f71_1503942917661_0"},{"key":"?c","val":"VO_7e7a8a09_585e_4c46_8474_35cbfc705f71_1503942917661_2"},{"key":"?cn","val":"NO_2a7cad4c_c1a1_41ad_980e_de67a5afd04a_1503942924682_0"},{"key":"?claimantFullName","val":"Ruth Dona Niebuhr"}]},{"result":[{"key":"?v","val":"VO_7e7a8a09_585e_4c46_8474_35cbfc705f71_1503942917661_0"},{"key":"?c","val":"VO_7e7a8a09_585e_4c46_8474_35cbfc705f71_1503942917661_2"},{"key":"?cn","val":"VO_7e7a8a09_585e_4c46_8474_35cbfc705f71_1503942917661_1"},{"key":"?claimantFullName","val":"Ruth Dona Niebuhr"}]}]},{"query":"?- ?v:AE#VATravelVoucher, ?v[AE#hasVoucherClaimant->?c], ?c[AE#hasName->?cn], ?cn[AE#hasFirstName->?claimantFirstName].","resultList":[{"result":[{"key":"?v","val":"VO_7e7a8a09_585e_4c46_8474_35cbfc705f71_1503942917661_0"},{"key":"?c","val":"VO_7e7a8a09_585e_4c46_8474_35cbfc705f71_1503942917661_2"},{"key":"?cn","val":"NO_2a7cad4c_c1a1_41ad_980e_de67a5afd04a_1503942924682_0"},{"key":"?claimantFirstName","val":"ruth"}]}]},{"query":"?- ?v:AE#VATravelVoucher, ?v[AE#hasVoucherClaimant->?c], ?c[AE#hasName->?cn], ?cn[AE#hasLastName->?claimantLastName].","resultList":[{"result":[{"key":"?v","val":"VO_7e7a8a09_585e_4c46_8474_35cbfc705f71_1503942917661_0"},{"key":"?c","val":"VO_7e7a8a09_585e_4c46_8474_35cbfc705f71_1503942917661_2"},{"key":"?cn","val":"NO_2a7cad4c_c1a1_41ad_980e_de67a5afd04a_1503942924682_0"},{"key":"?claimantLastName","val":"niebuhr"}]}]},{"query":"?- ?v:AE#VATravelVoucher, ?v[AE#hasVoucherClaimant->?c], ?c[AE#hasSocialSecurityNumber->?s], ?s[label->?claimantSsn].","resultList":[{"result":[{"key":"?v","val":"VO_7e7a8a09_585e_4c46_8474_35cbfc705f71_1503942917661_0"},{"key":"?c","val":"VO_7e7a8a09_585e_4c46_8474_35cbfc705f71_1503942917661_2"},{"key":"?s","val":"VO_7e7a8a09_585e_4c46_8474_35cbfc705f71_1503942917661_12"},{"key":"?claimantSsn","val":"461-36-6868"}]}]},{"query":"?- ?v:AE#VATravelVoucher, ?v[AE#hasVoucherClaimant->?c], ?c[AE#hasLiens->?claimantHasLiens].","resultList":[{"result":[{"key":"?v","val":"VO_7e7a8a09_585e_4c46_8474_35cbfc705f71_1503942917661_0"},{"key":"?c","val":"VO_7e7a8a09_585e_4c46_8474_35cbfc705f71_1503942917661_2"},{"key":"?claimantHasLiens","val":"AE#UnknownLienReport"}]}]},{"query":"?- ?v:AE#VATravelVoucher, ?v[AE#hasVoucherClaimant->?c], ?c[AE#hasDeclaredBankruptcy->?claimantHasDeclaredBankruptcy].","resultList":[{"result":[{"key":"?v","val":"VO_7e7a8a09_585e_4c46_8474_35cbfc705f71_1503942917661_0"},{"key":"?c","val":"VO_7e7a8a09_585e_4c46_8474_35cbfc705f71_1503942917661_2"},{"key":"?claimantHasDeclaredBankruptcy","val":"AE#NoBankruptcyReport"}]}]},{"query":"?- ?v:AE#VATravelVoucher, ?v[AE#hasVoucherClaimant->?c], ?c[AE#hasArrestRecord->?claimantHasArrestRecord].","resultList":[{"result":[{"key":"?v","val":"VO_7e7a8a09_585e_4c46_8474_35cbfc705f71_1503942917661_0"},{"key":"?c","val":"VO_7e7a8a09_585e_4c46_8474_35cbfc705f71_1503942917661_2"},{"key":"?claimantHasArrestRecord","val":"AE#NoArrestRecord"}]}]},{"query":"?- ?v:AE#VATravelVoucher, ?v[AE#hasVoucherClaimant->?c], ?c[AE#hasCriminalRecord->?claimantHasCriminalRecord].","resultList":[{"result":[{"key":"?v","val":"VO_7e7a8a09_585e_4c46_8474_35cbfc705f71_1503942917661_0"},{"key":"?c","val":"VO_7e7a8a09_585e_4c46_8474_35cbfc705f71_1503942917661_2"},{"key":"?claimantHasCriminalRecord","val":"AE#NoCriminalRecord"}]}]},{"query":"?- ?v:AE#VATravelVoucher, ?v[AE#hasVoucherBeneficiary->?b], ?b[AE#hasName->?cn], ?cn[label->?beneficiaryFullName].","resultList":[{"result":[{"key":"?v","val":"VO_7e7a8a09_585e_4c46_8474_35cbfc705f71_1503942917661_0"},{"key":"?b","val":"VO_7e7a8a09_585e_4c46_8474_35cbfc705f71_1503942917661_11"},{"key":"?cn","val":"VO_7e7a8a09_585e_4c46_8474_35cbfc705f71_1503942917661_10"},{"key":"?beneficiaryFullName","val":"Ruth Dona Niebuhr"}]},{"result":[{"key":"?v","val":"VO_7e7a8a09_585e_4c46_8474_35cbfc705f71_1503942917661_0"},{"key":"?b","val":"VO_7e7a8a09_585e_4c46_8474_35cbfc705f71_1503942917661_11"},{"key":"?cn","val":"NO_c9b5989a_3b5e_4a1a_b09b_431571a22c28_1503942922957_0"},{"key":"?beneficiaryFullName","val":"Ruth Dona Niebuhr"}]}]},{"query":"?- ?v:AE#VATravelVoucher, ?v[AE#hasVoucherBeneficiary->?b], ?b[AE#hasName->?cn], ?cn[AE#hasFirstName->?beneficiaryFirstName].","resultList":[{"result":[{"key":"?v","val":"VO_7e7a8a09_585e_4c46_8474_35cbfc705f71_1503942917661_0"},{"key":"?b","val":"VO_7e7a8a09_585e_4c46_8474_35cbfc705f71_1503942917661_11"},{"key":"?cn","val":"NO_c9b5989a_3b5e_4a1a_b09b_431571a22c28_1503942922957_0"},{"key":"?beneficiaryFirstName","val":"ruth"}]}]},{"query":"?- ?v:AE#VATravelVoucher, ?v[AE#hasVoucherBeneficiary->?b], ?b[AE#hasName->?cn], ?cn[AE#hasLastName->?beneficiaryLastName].","resultList":[{"result":[{"key":"?v","val":"VO_7e7a8a09_585e_4c46_8474_35cbfc705f71_1503942917661_0"},{"key":"?b","val":"VO_7e7a8a09_585e_4c46_8474_35cbfc705f71_1503942917661_11"},{"key":"?cn","val":"NO_c9b5989a_3b5e_4a1a_b09b_431571a22c28_1503942922957_0"},{"key":"?beneficiaryLastName","val":"niebuhr"}]}]},{"query":"?- ?v:AE#VATravelVoucher, ?v[AE#hasVoucherBeneficiary->?b], ?b[AE#hasSocialSecurityNumber->?s], ?s[label->?beneficiarySsn].","resultList":[{"result":[{"key":"?v","val":"VO_7e7a8a09_585e_4c46_8474_35cbfc705f71_1503942917661_0"},{"key":"?b","val":"VO_7e7a8a09_585e_4c46_8474_35cbfc705f71_1503942917661_11"},{"key":"?s","val":"VO_7e7a8a09_585e_4c46_8474_35cbfc705f71_1503942917661_9"},{"key":"?beneficiarySsn","val":"461-36-6868"}]}]},{"query":"?- ?v:AE#VATravelVoucher, ?v[AE#hasVoucherBeneficiary->?b], ?b[AE#hasLiens->?beneficiaryHasLiens].","resultList":[{"result":[{"key":"?v","val":"VO_7e7a8a09_585e_4c46_8474_35cbfc705f71_1503942917661_0"},{"key":"?b","val":"VO_7e7a8a09_585e_4c46_8474_35cbfc705f71_1503942917661_11"},{"key":"?beneficiaryHasLiens","val":"AE#UnknownLienReport"}]}]},{"query":"?- ?v:AE#VATravelVoucher, ?v[AE#hasVoucherBeneficiary->?b], ?b[AE#hasDeclaredBankruptcy->?beneficiaryHasDeclaredBankruptcy].","resultList":[{"result":[{"key":"?v","val":"VO_7e7a8a09_585e_4c46_8474_35cbfc705f71_1503942917661_0"},{"key":"?b","val":"VO_7e7a8a09_585e_4c46_8474_35cbfc705f71_1503942917661_11"},{"key":"?beneficiaryHasDeclaredBankruptcy","val":"AE#NoBankruptcyReport"}]}]},{"query":"?- ?v:AE#VATravelVoucher, ?v[AE#hasVoucherBeneficiary->?b], ?b[AE#hasArrestRecord->?beneficiaryHasArrestRecord].","resultList":[{"result":[{"key":"?v","val":"VO_7e7a8a09_585e_4c46_8474_35cbfc705f71_1503942917661_0"},{"key":"?b","val":"VO_7e7a8a09_585e_4c46_8474_35cbfc705f71_1503942917661_11"},{"key":"?beneficiaryHasArrestRecord","val":"AE#NoArrestRecord"}]}]},{"query":"?- ?v:AE#VATravelVoucher, ?v[AE#hasVoucherBeneficiary->?b], ?b[AE#hasCriminalRecord->?beneficiaryHasCriminalRecord].","resultList":[{"result":[{"key":"?v","val":"VO_7e7a8a09_585e_4c46_8474_35cbfc705f71_1503942917661_0"},{"key":"?b","val":"VO_7e7a8a09_585e_4c46_8474_35cbfc705f71_1503942917661_11"},{"key":"?beneficiaryHasCriminalRecord","val":"AE#NoCriminalRecord"}]}]},{"query":"?- ?t:AE#Travelling, ?t[AE#hasPath->?p], ?p[AE#hasDistance->?d], ?d[AE#numericValue->?expectedDistanceValue], ?d[AE#hasUnitOfMeasure->?unitOfDistanceMeasure].","resultList":[{"result":[{"key":"?t","val":"VO_7e7a8a09_585e_4c46_8474_35cbfc705f71_1503942917661_6"},{"key":"?p","val":"ES_2b19cb22_f5ad_4e25_a5f5_65e1d1634d62_1503942943155_4"},{"key":"?d","val":"ES_2b19cb22_f5ad_4e25_a5f5_65e1d1634d62_1503942943155_0"},{"key":"?expectedDistanceValue","val":"8166.434866453522772644646465778350830078125"},{"key":"?unitOfDistanceMeasure","val":"meters"}]}]},{"query":"?- ?t:AE#Travelling, ?t[AE#hasPath->?p], ?p[AE#hasExpectedTravelTime->?d], ?d[AE#numericValue->?expectedTimeValue], ?d[AE#hasUnitOfMeasure->?unitOfTimeMeasure].","resultList":[{"result":[{"key":"?t","val":"VO_7e7a8a09_585e_4c46_8474_35cbfc705f71_1503942917661_6"},{"key":"?p","val":"ES_2b19cb22_f5ad_4e25_a5f5_65e1d1634d62_1503942943155_4"},{"key":"?d","val":"ES_2b19cb22_f5ad_4e25_a5f5_65e1d1634d62_1503942943155_2"},{"key":"?expectedTimeValue","val":"8.92793454229831695556640625"},{"key":"?unitOfTimeMeasure","val":"minutes"}]}]},{"query":"?- ?t:AE#Travelling, ?t[AE#hasDestination->?d], ?d[label->?destinationFullAddress].","resultList":[{"result":[{"key":"?t","val":"VO_7e7a8a09_585e_4c46_8474_35cbfc705f71_1503942917661_7"},{"key":"?d","val":"VO_7e7a8a09_585e_4c46_8474_35cbfc705f71_1503942917661_8"},{"key":"?destinationFullAddress","val":"2790 Truxton Road, Suite 130, San Diego, CA 92106"}]},{"result":[{"key":"?t","val":"VO_7e7a8a09_585e_4c46_8474_35cbfc705f71_1503942917661_6"},{"key":"?d","val":"VO_7e7a8a09_585e_4c46_8474_35cbfc705f71_1503942917661_5"},{"key":"?destinationFullAddress","val":"2621 Arnott St, San Diego, CA 92110"}]}]},{"query":"?- ?t:AE#Travelling, ?t[AE#hasDestination->?d], ?d[AE#hasStreet->?s], ?s[label->?destinationStreetName], ?d[AE#hasCity->?c], ?c[label->?destinationCity], ?d[AE#hasState->?st], ?st[label->?destinationState], ?d[AE#hasZipcode->?destinationZipCode].","resultList":[{"result":[{"key":"?t","val":"VO_7e7a8a09_585e_4c46_8474_35cbfc705f71_1503942917661_7"},{"key":"?d","val":"VO_7e7a8a09_585e_4c46_8474_35cbfc705f71_1503942917661_8"},{"key":"?s","val":"NO_9a598434_3383_4dfa_8e98_f97042703d6d_1503942926681_id5"},{"key":"?destinationStreetName","val":"2790 Truxton Road"},{"key":"?c","val":"NO_9a598434_3383_4dfa_8e98_f97042703d6d_1503942926681_id11"},{"key":"?destinationCity","val":"San Diego"},{"key":"?st","val":"NO_9a598434_3383_4dfa_8e98_f97042703d6d_1503942926681_id13"},{"key":"?destinationState","val":"CA"},{"key":"?destinationZipCode","val":"92106"}]},{"result":[{"key":"?t","val":"VO_7e7a8a09_585e_4c46_8474_35cbfc705f71_1503942917661_6"},{"key":"?d","val":"VO_7e7a8a09_585e_4c46_8474_35cbfc705f71_1503942917661_5"},{"key":"?s","val":"NO_4f16651c_5e2a_401b_8025_d6498f3f3e30_1503942928598_id3"},{"key":"?destinationStreetName","val":"2621 Arnott St"},{"key":"?c","val":"NO_4f16651c_5e2a_401b_8025_d6498f3f3e30_1503942928598_id9"},{"key":"?destinationCity","val":"San Diego"},{"key":"?st","val":"NO_4f16651c_5e2a_401b_8025_d6498f3f3e30_1503942928598_id11"},{"key":"?destinationState","val":"CA"},{"key":"?destinationZipCode","val":"92110"}]}]},{"query":"?- ?t:AE#Travelling, ?t[AE#hasOrigin->?d], ?d[label->?originFullAddress].","resultList":[{"result":[{"key":"?t","val":"VO_7e7a8a09_585e_4c46_8474_35cbfc705f71_1503942917661_7"},{"key":"?d","val":"VO_7e7a8a09_585e_4c46_8474_35cbfc705f71_1503942917661_3"},{"key":"?originFullAddress","val":"2621 Arnott St, San Diego, CA 92110"}]},{"result":[{"key":"?t","val":"VO_7e7a8a09_585e_4c46_8474_35cbfc705f71_1503942917661_6"},{"key":"?d","val":"VO_7e7a8a09_585e_4c46_8474_35cbfc705f71_1503942917661_8"},{"key":"?originFullAddress","val":"2790 Truxton Road, Suite 130, San Diego, CA 92106"}]}]},{"query":"?- ?t:AE#Travelling, ?t[AE#hasOrigin->?d], ?d[AE#hasStreet->?s], ?s[label->?originStreetName], ?d[AE#hasCity->?c], ?c[label->?originCity], ?d[AE#hasState->?st], ?st[label->?originState], ?d[AE#hasZipcode->?originZipCode].","resultList":[{"result":[{"key":"?t","val":"VO_7e7a8a09_585e_4c46_8474_35cbfc705f71_1503942917661_7"},{"key":"?d","val":"VO_7e7a8a09_585e_4c46_8474_35cbfc705f71_1503942917661_3"},{"key":"?s","val":"NO_6157ec71_91a9_4d7a_a155_3da728c1ab5d_1503942930638_id3"},{"key":"?originStreetName","val":"2621 Arnott St"},{"key":"?c","val":"NO_6157ec71_91a9_4d7a_a155_3da728c1ab5d_1503942930638_id9"},{"key":"?originCity","val":"San Diego"},{"key":"?st","val":"NO_6157ec71_91a9_4d7a_a155_3da728c1ab5d_1503942930638_id11"},{"key":"?originState","val":"CA"},{"key":"?originZipCode","val":"92110"}]},{"result":[{"key":"?t","val":"VO_7e7a8a09_585e_4c46_8474_35cbfc705f71_1503942917661_6"},{"key":"?d","val":"VO_7e7a8a09_585e_4c46_8474_35cbfc705f71_1503942917661_8"},{"key":"?s","val":"NO_9a598434_3383_4dfa_8e98_f97042703d6d_1503942926681_id5"},{"key":"?originStreetName","val":"2790 Truxton Road"},{"key":"?c","val":"NO_9a598434_3383_4dfa_8e98_f97042703d6d_1503942926681_id11"},{"key":"?originCity","val":"San Diego"},{"key":"?st","val":"NO_9a598434_3383_4dfa_8e98_f97042703d6d_1503942926681_id13"},{"key":"?originState","val":"CA"},{"key":"?originZipCode","val":"92106"}]}]},{"query":"?- ?t:AE#Travelling, ?t[AE#hasPath->?p], ?p[AE#hasStartRegion->?s], ?s[AE#hasLatitude->?originLatitude], ?s[AE#hasLongitude->?originLongitude].","resultList":[{"result":[{"key":"?t","val":"VO_7e7a8a09_585e_4c46_8474_35cbfc705f71_1503942917661_6"},{"key":"?p","val":"ES_2b19cb22_f5ad_4e25_a5f5_65e1d1634d62_1503942943155_4"},{"key":"?s","val":"ES_2b19cb22_f5ad_4e25_a5f5_65e1d1634d62_1503942943155_3"},{"key":"?originLatitude","val":"32.74051839275188058309140615165233612060546875"},{"key":"?originLongitude","val":"-117.2130215001728856805129908025264739990234375"}]}]},{"query":"?- ?t:AE#Travelling, ?t[AE#hasPath->?p], ?p[AE#hasEndRegion->?e], ?e[AE#hasLatitude->?destinationLatitude], ?e[AE#hasLongitude->?destinationLongitude].","resultList":[{"result":[{"key":"?t","val":"VO_7e7a8a09_585e_4c46_8474_35cbfc705f71_1503942917661_6"},{"key":"?p","val":"ES_2b19cb22_f5ad_4e25_a5f5_65e1d1634d62_1503942943155_4"},{"key":"?e","val":"ES_2b19cb22_f5ad_4e25_a5f5_65e1d1634d62_1503942943155_1"},{"key":"?destinationLatitude","val":"32.78892725673722452484071254730224609375"},{"key":"?destinationLongitude","val":"-117.19363024505179282641620375216007232666015625"}]}]}]}
