{"dataList":[{"query":"?- ?v:AE#VATravelVoucher, ?v[AE#hasVoucherClaimant->?c], ?c[AE#hasName->?cn], ?cn[label->?claimantFullName].","resultList":[{"result":[{"key":"?v","val":"VO_8e3fdd4c_3ad7_4451_a032_6fc033cb0a30_1503943038284_0"},{"key":"?c","val":"VO_8e3fdd4c_3ad7_4451_a032_6fc033cb0a30_1503943038284_2"},{"key":"?cn","val":"NO_870e8b4d_8e24_4d45_b26d_3c8cb6c2eff9_1503943046019_0"},{"key":"?claimantFullName","val":"Carrie L. Castagna"}]},{"result":[{"key":"?v","val":"VO_8e3fdd4c_3ad7_4451_a032_6fc033cb0a30_1503943038284_0"},{"key":"?c","val":"VO_8e3fdd4c_3ad7_4451_a032_6fc033cb0a30_1503943038284_2"},{"key":"?cn","val":"VO_8e3fdd4c_3ad7_4451_a032_6fc033cb0a30_1503943038284_1"},{"key":"?claimantFullName","val":"Carrie L. Castagna"}]}]},{"query":"?- ?v:AE#VATravelVoucher, ?v[AE#hasVoucherClaimant->?c], ?c[AE#hasName->?cn], ?cn[AE#hasFirstName->?claimantFirstName].","resultList":[{"result":[{"key":"?v","val":"VO_8e3fdd4c_3ad7_4451_a032_6fc033cb0a30_1503943038284_0"},{"key":"?c","val":"VO_8e3fdd4c_3ad7_4451_a032_6fc033cb0a30_1503943038284_2"},{"key":"?cn","val":"NO_870e8b4d_8e24_4d45_b26d_3c8cb6c2eff9_1503943046019_0"},{"key":"?claimantFirstName","val":"carrie"}]}]},{"query":"?- ?v:AE#VATravelVoucher, ?v[AE#hasVoucherClaimant->?c], ?c[AE#hasName->?cn], ?cn[AE#hasLastName->?claimantLastName].","resultList":[{"result":[{"key":"?v","val":"VO_8e3fdd4c_3ad7_4451_a032_6fc033cb0a30_1503943038284_0"},{"key":"?c","val":"VO_8e3fdd4c_3ad7_4451_a032_6fc033cb0a30_1503943038284_2"},{"key":"?cn","val":"NO_870e8b4d_8e24_4d45_b26d_3c8cb6c2eff9_1503943046019_0"},{"key":"?claimantLastName","val":"castagna"}]}]},{"query":"?- ?v:AE#VATravelVoucher, ?v[AE#hasVoucherClaimant->?c], ?c[AE#hasSocialSecurityNumber->?s], ?s[label->?claimantSsn].","resultList":[{"result":[{"key":"?v","val":"VO_8e3fdd4c_3ad7_4451_a032_6fc033cb0a30_1503943038284_0"},{"key":"?c","val":"VO_8e3fdd4c_3ad7_4451_a032_6fc033cb0a30_1503943038284_2"},{"key":"?s","val":"VO_8e3fdd4c_3ad7_4451_a032_6fc033cb0a30_1503943038284_12"},{"key":"?claimantSsn","val":"316-57-4025"}]}]},{"query":"?- ?v:AE#VATravelVoucher, ?v[AE#hasVoucherClaimant->?c], ?c[AE#hasLiens->?claimantHasLiens].","resultList":[{"result":[{"key":"?v","val":"VO_8e3fdd4c_3ad7_4451_a032_6fc033cb0a30_1503943038284_0"},{"key":"?c","val":"VO_8e3fdd4c_3ad7_4451_a032_6fc033cb0a30_1503943038284_2"},{"key":"?claimantHasLiens","val":"AE#NoLienReport"}]}]},{"query":"?- ?v:AE#VATravelVoucher, ?v[AE#hasVoucherClaimant->?c], ?c[AE#hasDeclaredBankruptcy->?claimantHasDeclaredBankruptcy].","resultList":[{"result":[{"key":"?v","val":"VO_8e3fdd4c_3ad7_4451_a032_6fc033cb0a30_1503943038284_0"},{"key":"?c","val":"VO_8e3fdd4c_3ad7_4451_a032_6fc033cb0a30_1503943038284_2"},{"key":"?claimantHasDeclaredBankruptcy","val":"AE#NoBankruptcyReport"}]}]},{"query":"?- ?v:AE#VATravelVoucher, ?v[AE#hasVoucherClaimant->?c], ?c[AE#hasArrestRecord->?claimantHasArrestRecord].","resultList":[{"result":[{"key":"?v","val":"VO_8e3fdd4c_3ad7_4451_a032_6fc033cb0a30_1503943038284_0"},{"key":"?c","val":"VO_8e3fdd4c_3ad7_4451_a032_6fc033cb0a30_1503943038284_2"},{"key":"?claimantHasArrestRecord","val":"AE#NoArrestRecord"}]}]},{"query":"?- ?v:AE#VATravelVoucher, ?v[AE#hasVoucherClaimant->?c], ?c[AE#hasCriminalRecord->?claimantHasCriminalRecord].","resultList":[{"result":[{"key":"?v","val":"VO_8e3fdd4c_3ad7_4451_a032_6fc033cb0a30_1503943038284_0"},{"key":"?c","val":"VO_8e3fdd4c_3ad7_4451_a032_6fc033cb0a30_1503943038284_2"},{"key":"?claimantHasCriminalRecord","val":"AE#NoCriminalRecord"}]}]},{"query":"?- ?v:AE#VATravelVoucher, ?v[AE#hasVoucherBeneficiary->?b], ?b[AE#hasName->?cn], ?cn[label->?beneficiaryFullName].","resultList":[{"result":[{"key":"?v","val":"VO_8e3fdd4c_3ad7_4451_a032_6fc033cb0a30_1503943038284_0"},{"key":"?b","val":"VO_8e3fdd4c_3ad7_4451_a032_6fc033cb0a30_1503943038284_11"},{"key":"?cn","val":"VO_8e3fdd4c_3ad7_4451_a032_6fc033cb0a30_1503943038284_10"},{"key":"?beneficiaryFullName","val":"Carlton G. Cook"}]},{"result":[{"key":"?v","val":"VO_8e3fdd4c_3ad7_4451_a032_6fc033cb0a30_1503943038284_0"},{"key":"?b","val":"VO_8e3fdd4c_3ad7_4451_a032_6fc033cb0a30_1503943038284_11"},{"key":"?cn","val":"NO_bdc8f074_86d5_40f7_a3a2_2d2897067b81_1503943044119_0"},{"key":"?beneficiaryFullName","val":"Carlton G. Cook"}]}]},{"query":"?- ?v:AE#VATravelVoucher, ?v[AE#hasVoucherBeneficiary->?b], ?b[AE#hasName->?cn], ?cn[AE#hasFirstName->?beneficiaryFirstName].","resultList":[{"result":[{"key":"?v","val":"VO_8e3fdd4c_3ad7_4451_a032_6fc033cb0a30_1503943038284_0"},{"key":"?b","val":"VO_8e3fdd4c_3ad7_4451_a032_6fc033cb0a30_1503943038284_11"},{"key":"?cn","val":"NO_bdc8f074_86d5_40f7_a3a2_2d2897067b81_1503943044119_0"},{"key":"?beneficiaryFirstName","val":"carlton"}]}]},{"query":"?- ?v:AE#VATravelVoucher, ?v[AE#hasVoucherBeneficiary->?b], ?b[AE#hasName->?cn], ?cn[AE#hasLastName->?beneficiaryLastName].","resultList":[{"result":[{"key":"?v","val":"VO_8e3fdd4c_3ad7_4451_a032_6fc033cb0a30_1503943038284_0"},{"key":"?b","val":"VO_8e3fdd4c_3ad7_4451_a032_6fc033cb0a30_1503943038284_11"},{"key":"?cn","val":"NO_bdc8f074_86d5_40f7_a3a2_2d2897067b81_1503943044119_0"},{"key":"?beneficiaryLastName","val":"cook"}]}]},{"query":"?- ?v:AE#VATravelVoucher, ?v[AE#hasVoucherBeneficiary->?b], ?b[AE#hasSocialSecurityNumber->?s], ?s[label->?beneficiarySsn].","resultList":[{"result":[{"key":"?v","val":"VO_8e3fdd4c_3ad7_4451_a032_6fc033cb0a30_1503943038284_0"},{"key":"?b","val":"VO_8e3fdd4c_3ad7_4451_a032_6fc033cb0a30_1503943038284_11"},{"key":"?s","val":"VO_8e3fdd4c_3ad7_4451_a032_6fc033cb0a30_1503943038284_9"},{"key":"?beneficiarySsn","val":"612-26-9972"}]}]},{"query":"?- ?v:AE#VATravelVoucher, ?v[AE#hasVoucherBeneficiary->?b], ?b[AE#hasLiens->?beneficiaryHasLiens].","resultList":[{"result":[{"key":"?v","val":"VO_8e3fdd4c_3ad7_4451_a032_6fc033cb0a30_1503943038284_0"},{"key":"?b","val":"VO_8e3fdd4c_3ad7_4451_a032_6fc033cb0a30_1503943038284_11"},{"key":"?beneficiaryHasLiens","val":"AE#NoLienReport"}]}]},{"query":"?- ?v:AE#VATravelVoucher, ?v[AE#hasVoucherBeneficiary->?b], ?b[AE#hasDeclaredBankruptcy->?beneficiaryHasDeclaredBankruptcy].","resultList":[{"result":[{"key":"?v","val":"VO_8e3fdd4c_3ad7_4451_a032_6fc033cb0a30_1503943038284_0"},{"key":"?b","val":"VO_8e3fdd4c_3ad7_4451_a032_6fc033cb0a30_1503943038284_11"},{"key":"?beneficiaryHasDeclaredBankruptcy","val":"AE#NoBankruptcyReport"}]}]},{"query":"?- ?v:AE#VATravelVoucher, ?v[AE#hasVoucherBeneficiary->?b], ?b[AE#hasArrestRecord->?beneficiaryHasArrestRecord].","resultList":[{"result":[{"key":"?v","val":"VO_8e3fdd4c_3ad7_4451_a032_6fc033cb0a30_1503943038284_0"},{"key":"?b","val":"VO_8e3fdd4c_3ad7_4451_a032_6fc033cb0a30_1503943038284_11"},{"key":"?beneficiaryHasArrestRecord","val":"AE#NoArrestRecord"}]}]},{"query":"?- ?v:AE#VATravelVoucher, ?v[AE#hasVoucherBeneficiary->?b], ?b[AE#hasCriminalRecord->?beneficiaryHasCriminalRecord].","resultList":[{"result":[{"key":"?v","val":"VO_8e3fdd4c_3ad7_4451_a032_6fc033cb0a30_1503943038284_0"},{"key":"?b","val":"VO_8e3fdd4c_3ad7_4451_a032_6fc033cb0a30_1503943038284_11"},{"key":"?beneficiaryHasCriminalRecord","val":"AE#NoCriminalRecord"}]}]},{"query":"?- ?t:AE#Travelling, ?t[AE#hasPath->?p], ?p[AE#hasDistance->?d], ?d[AE#numericValue->?expectedDistanceValue], ?d[AE#hasUnitOfMeasure->?unitOfDistanceMeasure].","resultList":[{"result":[{"key":"?t","val":"VO_8e3fdd4c_3ad7_4451_a032_6fc033cb0a30_1503943038284_6"},{"key":"?p","val":"ES_33c38ea4_f95d_4b4e_ba22_e00fc78f226e_1503943065082_4"},{"key":"?d","val":"ES_33c38ea4_f95d_4b4e_ba22_e00fc78f226e_1503943065082_0"},{"key":"?expectedDistanceValue","val":"9550.970103952784484135918319225311279296875"},{"key":"?unitOfDistanceMeasure","val":"meters"}]}]},{"query":"?- ?t:AE#Travelling, ?t[AE#hasPath->?p], ?p[AE#hasExpectedTravelTime->?d], ?d[AE#numericValue->?expectedTimeValue], ?d[AE#hasUnitOfMeasure->?unitOfTimeMeasure].","resultList":[{"result":[{"key":"?t","val":"VO_8e3fdd4c_3ad7_4451_a032_6fc033cb0a30_1503943038284_6"},{"key":"?p","val":"ES_33c38ea4_f95d_4b4e_ba22_e00fc78f226e_1503943065082_4"},{"key":"?d","val":"ES_33c38ea4_f95d_4b4e_ba22_e00fc78f226e_1503943065082_2"},{"key":"?expectedTimeValue","val":"7.8658283245749771595001220703125"},{"key":"?unitOfTimeMeasure","val":"minutes"}]}]},{"query":"?- ?t:AE#Travelling, ?t[AE#hasDestination->?d], ?d[label->?destinationFullAddress].","resultList":[{"result":[{"key":"?t","val":"VO_8e3fdd4c_3ad7_4451_a032_6fc033cb0a30_1503943038284_7"},{"key":"?d","val":"VO_8e3fdd4c_3ad7_4451_a032_6fc033cb0a30_1503943038284_8"},{"key":"?destinationFullAddress","val":"2790 Truxton Road, Suite 130, San Diego, CA 92106"}]},{"result":[{"key":"?t","val":"VO_8e3fdd4c_3ad7_4451_a032_6fc033cb0a30_1503943038284_6"},{"key":"?d","val":"VO_8e3fdd4c_3ad7_4451_a032_6fc033cb0a30_1503943038284_5"},{"key":"?destinationFullAddress","val":"1679 Logan Ave San Diego, CA 92113"}]}]},{"query":"?- ?t:AE#Travelling, ?t[AE#hasDestination->?d], ?d[AE#hasStreet->?s], ?s[label->?destinationStreetName], ?d[AE#hasCity->?c], ?c[label->?destinationCity], ?d[AE#hasState->?st], ?st[label->?destinationState], ?d[AE#hasZipcode->?destinationZipCode].","resultList":[{"result":[{"key":"?t","val":"VO_8e3fdd4c_3ad7_4451_a032_6fc033cb0a30_1503943038284_7"},{"key":"?d","val":"VO_8e3fdd4c_3ad7_4451_a032_6fc033cb0a30_1503943038284_8"},{"key":"?s","val":"NO_77689130_bdc4_4229_996c_ca1671ee15f4_1503943048004_id5"},{"key":"?destinationStreetName","val":"2790 Truxton Road"},{"key":"?c","val":"NO_77689130_bdc4_4229_996c_ca1671ee15f4_1503943048004_id11"},{"key":"?destinationCity","val":"San Diego"},{"key":"?st","val":"NO_77689130_bdc4_4229_996c_ca1671ee15f4_1503943048004_id13"},{"key":"?destinationState","val":"CA"},{"key":"?destinationZipCode","val":"92106"}]},{"result":[{"key":"?t","val":"VO_8e3fdd4c_3ad7_4451_a032_6fc033cb0a30_1503943038284_6"},{"key":"?d","val":"VO_8e3fdd4c_3ad7_4451_a032_6fc033cb0a30_1503943038284_5"},{"key":"?s","val":"NO_2000db01_4e74_4ac9_a376_32ae030ea4cd_1503943050197_id3"},{"key":"?destinationStreetName","val":"1679 Logan Ave"},{"key":"?c","val":"NO_2000db01_4e74_4ac9_a376_32ae030ea4cd_1503943050197_id9"},{"key":"?destinationCity","val":"San Diego"},{"key":"?st","val":"NO_2000db01_4e74_4ac9_a376_32ae030ea4cd_1503943050197_id11"},{"key":"?destinationState","val":"CA"},{"key":"?destinationZipCode","val":"92113"}]}]},{"query":"?- ?t:AE#Travelling, ?t[AE#hasOrigin->?d], ?d[label->?originFullAddress].","resultList":[{"result":[{"key":"?t","val":"VO_8e3fdd4c_3ad7_4451_a032_6fc033cb0a30_1503943038284_7"},{"key":"?d","val":"VO_8e3fdd4c_3ad7_4451_a032_6fc033cb0a30_1503943038284_3"},{"key":"?originFullAddress","val":"278 Mountainview Drive San Diego, CA 92126"}]},{"result":[{"key":"?t","val":"VO_8e3fdd4c_3ad7_4451_a032_6fc033cb0a30_1503943038284_6"},{"key":"?d","val":"VO_8e3fdd4c_3ad7_4451_a032_6fc033cb0a30_1503943038284_8"},{"key":"?originFullAddress","val":"2790 Truxton Road, Suite 130, San Diego, CA 92106"}]}]},{"query":"?- ?t:AE#Travelling, ?t[AE#hasOrigin->?d], ?d[AE#hasStreet->?s], ?s[label->?originStreetName], ?d[AE#hasCity->?c], ?c[label->?originCity], ?d[AE#hasState->?st], ?st[label->?originState], ?d[AE#hasZipcode->?originZipCode].","resultList":[{"result":[{"key":"?t","val":"VO_8e3fdd4c_3ad7_4451_a032_6fc033cb0a30_1503943038284_7"},{"key":"?d","val":"VO_8e3fdd4c_3ad7_4451_a032_6fc033cb0a30_1503943038284_3"},{"key":"?s","val":"NO_ec9993d9_ac53_4fd7_be37_fc337b78bb7f_1503943052257_id3"},{"key":"?originStreetName","val":"278 Mountainview Drive"},{"key":"?c","val":"NO_ec9993d9_ac53_4fd7_be37_fc337b78bb7f_1503943052257_id9"},{"key":"?originCity","val":"San Diego"},{"key":"?st","val":"NO_ec9993d9_ac53_4fd7_be37_fc337b78bb7f_1503943052257_id11"},{"key":"?originState","val":"CA"},{"key":"?originZipCode","val":"92126"}]},{"result":[{"key":"?t","val":"VO_8e3fdd4c_3ad7_4451_a032_6fc033cb0a30_1503943038284_6"},{"key":"?d","val":"VO_8e3fdd4c_3ad7_4451_a032_6fc033cb0a30_1503943038284_8"},{"key":"?s","val":"NO_77689130_bdc4_4229_996c_ca1671ee15f4_1503943048004_id5"},{"key":"?originStreetName","val":"2790 Truxton Road"},{"key":"?c","val":"NO_77689130_bdc4_4229_996c_ca1671ee15f4_1503943048004_id11"},{"key":"?originCity","val":"San Diego"},{"key":"?st","val":"NO_77689130_bdc4_4229_996c_ca1671ee15f4_1503943048004_id13"},{"key":"?originState","val":"CA"},{"key":"?originZipCode","val":"92106"}]}]},{"query":"?- ?t:AE#Travelling, ?t[AE#hasPath->?p], ?p[AE#hasStartRegion->?s], ?s[AE#hasLatitude->?originLatitude], ?s[AE#hasLongitude->?originLongitude].","resultList":[{"result":[{"key":"?t","val":"VO_8e3fdd4c_3ad7_4451_a032_6fc033cb0a30_1503943038284_6"},{"key":"?p","val":"ES_33c38ea4_f95d_4b4e_ba22_e00fc78f226e_1503943065082_4"},{"key":"?s","val":"ES_33c38ea4_f95d_4b4e_ba22_e00fc78f226e_1503943065082_3"},{"key":"?originLatitude","val":"32.74051839275188058309140615165233612060546875"},{"key":"?originLongitude","val":"-117.2130215001728856805129908025264739990234375"}]}]},{"query":"?- ?t:AE#Travelling, ?t[AE#hasPath->?p], ?p[AE#hasEndRegion->?e], ?e[AE#hasLatitude->?destinationLatitude], ?e[AE#hasLongitude->?destinationLongitude].","resultList":[{"result":[{"key":"?t","val":"VO_8e3fdd4c_3ad7_4451_a032_6fc033cb0a30_1503943038284_6"},{"key":"?p","val":"ES_33c38ea4_f95d_4b4e_ba22_e00fc78f226e_1503943065082_4"},{"key":"?e","val":"ES_33c38ea4_f95d_4b4e_ba22_e00fc78f226e_1503943065082_1"},{"key":"?destinationLatitude","val":"32.703971439061803039294318296015262603759765625"},{"key":"?destinationLongitude","val":"-117.14794688095088304180535487830638885498046875"}]}]}]}
