{"dataList":[{"query":"?- ?v:AE#VATravelVoucher, ?v[AE#hasVoucherClaimant->?c], ?c[AE#hasName->?cn], ?cn[label->?claimantFullName].","resultList":[{"result":[{"key":"?v","val":"VO_808469f3_7314_42b4_8ed5_9cda5b264b18_1503940145082_0"},{"key":"?c","val":"VO_808469f3_7314_42b4_8ed5_9cda5b264b18_1503940145082_2"},{"key":"?cn","val":"NO_71656e27_2ad8_40a6_9031_1fca99b6223a_1503940153084_0"},{"key":"?claimantFullName","val":"Dorothy P. Pablo"}]},{"result":[{"key":"?v","val":"VO_808469f3_7314_42b4_8ed5_9cda5b264b18_1503940145082_0"},{"key":"?c","val":"VO_808469f3_7314_42b4_8ed5_9cda5b264b18_1503940145082_2"},{"key":"?cn","val":"VO_808469f3_7314_42b4_8ed5_9cda5b264b18_1503940145082_1"},{"key":"?claimantFullName","val":"Dorothy P. Pablo"}]}]},{"query":"?- ?v:AE#VATravelVoucher, ?v[AE#hasVoucherClaimant->?c], ?c[AE#hasName->?cn], ?cn[AE#hasFirstName->?claimantFirstName].","resultList":[{"result":[{"key":"?v","val":"VO_808469f3_7314_42b4_8ed5_9cda5b264b18_1503940145082_0"},{"key":"?c","val":"VO_808469f3_7314_42b4_8ed5_9cda5b264b18_1503940145082_2"},{"key":"?cn","val":"NO_71656e27_2ad8_40a6_9031_1fca99b6223a_1503940153084_0"},{"key":"?claimantFirstName","val":"dorothy"}]}]},{"query":"?- ?v:AE#VATravelVoucher, ?v[AE#hasVoucherClaimant->?c], ?c[AE#hasName->?cn], ?cn[AE#hasLastName->?claimantLastName].","resultList":[{"result":[{"key":"?v","val":"VO_808469f3_7314_42b4_8ed5_9cda5b264b18_1503940145082_0"},{"key":"?c","val":"VO_808469f3_7314_42b4_8ed5_9cda5b264b18_1503940145082_2"},{"key":"?cn","val":"NO_71656e27_2ad8_40a6_9031_1fca99b6223a_1503940153084_0"},{"key":"?claimantLastName","val":"pablo"}]}]},{"query":"?- ?v:AE#VATravelVoucher, ?v[AE#hasVoucherClaimant->?c], ?c[AE#hasSocialSecurityNumber->?s], ?s[label->?claimantSsn].","resultList":[{"result":[{"key":"?v","val":"VO_808469f3_7314_42b4_8ed5_9cda5b264b18_1503940145082_0"},{"key":"?c","val":"VO_808469f3_7314_42b4_8ed5_9cda5b264b18_1503940145082_2"},{"key":"?s","val":"VO_808469f3_7314_42b4_8ed5_9cda5b264b18_1503940145082_12"},{"key":"?claimantSsn","val":"326-64-4845"}]}]},{"query":"?- ?v:AE#VATravelVoucher, ?v[AE#hasVoucherClaimant->?c], ?c[AE#hasLiens->?claimantHasLiens].","resultList":[{"result":[{"key":"?v","val":"VO_808469f3_7314_42b4_8ed5_9cda5b264b18_1503940145082_0"},{"key":"?c","val":"VO_808469f3_7314_42b4_8ed5_9cda5b264b18_1503940145082_2"},{"key":"?claimantHasLiens","val":"AE#NoLienReport"}]}]},{"query":"?- ?v:AE#VATravelVoucher, ?v[AE#hasVoucherClaimant->?c], ?c[AE#hasDeclaredBankruptcy->?claimantHasDeclaredBankruptcy].","resultList":[{"result":[{"key":"?v","val":"VO_808469f3_7314_42b4_8ed5_9cda5b264b18_1503940145082_0"},{"key":"?c","val":"VO_808469f3_7314_42b4_8ed5_9cda5b264b18_1503940145082_2"},{"key":"?claimantHasDeclaredBankruptcy","val":"AE#NoBankruptcyReport"}]}]},{"query":"?- ?v:AE#VATravelVoucher, ?v[AE#hasVoucherClaimant->?c], ?c[AE#hasArrestRecord->?claimantHasArrestRecord].","resultList":[{"result":[{"key":"?v","val":"VO_808469f3_7314_42b4_8ed5_9cda5b264b18_1503940145082_0"},{"key":"?c","val":"VO_808469f3_7314_42b4_8ed5_9cda5b264b18_1503940145082_2"},{"key":"?claimantHasArrestRecord","val":"AE#NoArrestRecord"}]}]},{"query":"?- ?v:AE#VATravelVoucher, ?v[AE#hasVoucherClaimant->?c], ?c[AE#hasCriminalRecord->?claimantHasCriminalRecord].","resultList":[{"result":[{"key":"?v","val":"VO_808469f3_7314_42b4_8ed5_9cda5b264b18_1503940145082_0"},{"key":"?c","val":"VO_808469f3_7314_42b4_8ed5_9cda5b264b18_1503940145082_2"},{"key":"?claimantHasCriminalRecord","val":"AE#NoCriminalRecord"}]}]},{"query":"?- ?v:AE#VATravelVoucher, ?v[AE#hasVoucherBeneficiary->?b], ?b[AE#hasName->?cn], ?cn[label->?beneficiaryFullName].","resultList":[{"result":[{"key":"?v","val":"VO_808469f3_7314_42b4_8ed5_9cda5b264b18_1503940145082_0"},{"key":"?b","val":"VO_808469f3_7314_42b4_8ed5_9cda5b264b18_1503940145082_11"},{"key":"?cn","val":"VO_808469f3_7314_42b4_8ed5_9cda5b264b18_1503940145082_10"},{"key":"?beneficiaryFullName","val":"James R. Kogan"}]},{"result":[{"key":"?v","val":"VO_808469f3_7314_42b4_8ed5_9cda5b264b18_1503940145082_0"},{"key":"?b","val":"VO_808469f3_7314_42b4_8ed5_9cda5b264b18_1503940145082_11"},{"key":"?cn","val":"NO_1cd08879_944a_46b4_8868_a3c95b2c9222_1503940151026_0"},{"key":"?beneficiaryFullName","val":"James R. Kogan"}]}]},{"query":"?- ?v:AE#VATravelVoucher, ?v[AE#hasVoucherBeneficiary->?b], ?b[AE#hasName->?cn], ?cn[AE#hasFirstName->?beneficiaryFirstName].","resultList":[{"result":[{"key":"?v","val":"VO_808469f3_7314_42b4_8ed5_9cda5b264b18_1503940145082_0"},{"key":"?b","val":"VO_808469f3_7314_42b4_8ed5_9cda5b264b18_1503940145082_11"},{"key":"?cn","val":"NO_1cd08879_944a_46b4_8868_a3c95b2c9222_1503940151026_0"},{"key":"?beneficiaryFirstName","val":"james"}]}]},{"query":"?- ?v:AE#VATravelVoucher, ?v[AE#hasVoucherBeneficiary->?b], ?b[AE#hasName->?cn], ?cn[AE#hasLastName->?beneficiaryLastName].","resultList":[{"result":[{"key":"?v","val":"VO_808469f3_7314_42b4_8ed5_9cda5b264b18_1503940145082_0"},{"key":"?b","val":"VO_808469f3_7314_42b4_8ed5_9cda5b264b18_1503940145082_11"},{"key":"?cn","val":"NO_1cd08879_944a_46b4_8868_a3c95b2c9222_1503940151026_0"},{"key":"?beneficiaryLastName","val":"kogan"}]}]},{"query":"?- ?v:AE#VATravelVoucher, ?v[AE#hasVoucherBeneficiary->?b], ?b[AE#hasSocialSecurityNumber->?s], ?s[label->?beneficiarySsn].","resultList":[{"result":[{"key":"?v","val":"VO_808469f3_7314_42b4_8ed5_9cda5b264b18_1503940145082_0"},{"key":"?b","val":"VO_808469f3_7314_42b4_8ed5_9cda5b264b18_1503940145082_11"},{"key":"?s","val":"VO_808469f3_7314_42b4_8ed5_9cda5b264b18_1503940145082_9"},{"key":"?beneficiarySsn","val":"318-24-6637"}]}]},{"query":"?- ?v:AE#VATravelVoucher, ?v[AE#hasVoucherBeneficiary->?b], ?b[AE#hasLiens->?beneficiaryHasLiens].","resultList":[{"result":[{"key":"?v","val":"VO_808469f3_7314_42b4_8ed5_9cda5b264b18_1503940145082_0"},{"key":"?b","val":"VO_808469f3_7314_42b4_8ed5_9cda5b264b18_1503940145082_11"},{"key":"?beneficiaryHasLiens","val":"AE#NoLienReport"}]}]},{"query":"?- ?v:AE#VATravelVoucher, ?v[AE#hasVoucherBeneficiary->?b], ?b[AE#hasDeclaredBankruptcy->?beneficiaryHasDeclaredBankruptcy].","resultList":[{"result":[{"key":"?v","val":"VO_808469f3_7314_42b4_8ed5_9cda5b264b18_1503940145082_0"},{"key":"?b","val":"VO_808469f3_7314_42b4_8ed5_9cda5b264b18_1503940145082_11"},{"key":"?beneficiaryHasDeclaredBankruptcy","val":"AE#NoBankruptcyReport"}]}]},{"query":"?- ?v:AE#VATravelVoucher, ?v[AE#hasVoucherBeneficiary->?b], ?b[AE#hasArrestRecord->?beneficiaryHasArrestRecord].","resultList":[{"result":[{"key":"?v","val":"VO_808469f3_7314_42b4_8ed5_9cda5b264b18_1503940145082_0"},{"key":"?b","val":"VO_808469f3_7314_42b4_8ed5_9cda5b264b18_1503940145082_11"},{"key":"?beneficiaryHasArrestRecord","val":"AE#NoArrestRecord"}]}]},{"query":"?- ?v:AE#VATravelVoucher, ?v[AE#hasVoucherBeneficiary->?b], ?b[AE#hasCriminalRecord->?beneficiaryHasCriminalRecord].","resultList":[{"result":[{"key":"?v","val":"VO_808469f3_7314_42b4_8ed5_9cda5b264b18_1503940145082_0"},{"key":"?b","val":"VO_808469f3_7314_42b4_8ed5_9cda5b264b18_1503940145082_11"},{"key":"?beneficiaryHasCriminalRecord","val":"AE#NoCriminalRecord"}]}]},{"query":"?- ?t:AE#Travelling, ?t[AE#hasPath->?p], ?p[AE#hasDistance->?d], ?d[AE#numericValue->?expectedDistanceValue], ?d[AE#hasUnitOfMeasure->?unitOfDistanceMeasure].","resultList":[{"result":[{"key":"?t","val":"VO_808469f3_7314_42b4_8ed5_9cda5b264b18_1503940145082_6"},{"key":"?p","val":"ES_e23ca542_3377_4a7b_a5bf_6ad1c041988c_1503940173007_4"},{"key":"?d","val":"ES_e23ca542_3377_4a7b_a5bf_6ad1c041988c_1503940173007_0"},{"key":"?expectedDistanceValue","val":"21299.5785010429899557493627071380615234375"},{"key":"?unitOfDistanceMeasure","val":"meters"}]}]},{"query":"?- ?t:AE#Travelling, ?t[AE#hasPath->?p], ?p[AE#hasExpectedTravelTime->?d], ?d[AE#numericValue->?expectedTimeValue], ?d[AE#hasUnitOfMeasure->?unitOfTimeMeasure].","resultList":[{"result":[{"key":"?t","val":"VO_808469f3_7314_42b4_8ed5_9cda5b264b18_1503940145082_6"},{"key":"?p","val":"ES_e23ca542_3377_4a7b_a5bf_6ad1c041988c_1503940173007_4"},{"key":"?d","val":"ES_e23ca542_3377_4a7b_a5bf_6ad1c041988c_1503940173007_2"},{"key":"?expectedTimeValue","val":"17.978996973834000527858734130859375"},{"key":"?unitOfTimeMeasure","val":"minutes"}]}]},{"query":"?- ?t:AE#Travelling, ?t[AE#hasDestination->?d], ?d[label->?destinationFullAddress].","resultList":[{"result":[{"key":"?t","val":"VO_808469f3_7314_42b4_8ed5_9cda5b264b18_1503940145082_7"},{"key":"?d","val":"VO_808469f3_7314_42b4_8ed5_9cda5b264b18_1503940145082_8"},{"key":"?destinationFullAddress","val":"2790 Truxton Road, Suite 130, San Diego, CA 92106"}]},{"result":[{"key":"?t","val":"VO_808469f3_7314_42b4_8ed5_9cda5b264b18_1503940145082_6"},{"key":"?d","val":"VO_808469f3_7314_42b4_8ed5_9cda5b264b18_1503940145082_5"},{"key":"?destinationFullAddress","val":"7202 North Proctor Drive San Diego, CA 92114"}]}]},{"query":"?- ?t:AE#Travelling, ?t[AE#hasDestination->?d], ?d[AE#hasStreet->?s], ?s[label->?destinationStreetName], ?d[AE#hasCity->?c], ?c[label->?destinationCity], ?d[AE#hasState->?st], ?st[label->?destinationState], ?d[AE#hasZipcode->?destinationZipCode].","resultList":[{"result":[{"key":"?t","val":"VO_808469f3_7314_42b4_8ed5_9cda5b264b18_1503940145082_7"},{"key":"?d","val":"VO_808469f3_7314_42b4_8ed5_9cda5b264b18_1503940145082_8"},{"key":"?s","val":"NO_1652f193_a71d_4b11_a1e5_61da0df9d86a_1503940155252_id5"},{"key":"?destinationStreetName","val":"2790 Truxton Road"},{"key":"?c","val":"NO_1652f193_a71d_4b11_a1e5_61da0df9d86a_1503940155252_id11"},{"key":"?destinationCity","val":"San Diego"},{"key":"?st","val":"NO_1652f193_a71d_4b11_a1e5_61da0df9d86a_1503940155252_id13"},{"key":"?destinationState","val":"CA"},{"key":"?destinationZipCode","val":"92106"}]},{"result":[{"key":"?t","val":"VO_808469f3_7314_42b4_8ed5_9cda5b264b18_1503940145082_6"},{"key":"?d","val":"VO_808469f3_7314_42b4_8ed5_9cda5b264b18_1503940145082_5"},{"key":"?s","val":"NO_6cc6df22_c6ab_4f97_89cc_6e595130a880_1503940157608_id3"},{"key":"?destinationStreetName","val":"7202 North Proctor Drive"},{"key":"?c","val":"NO_6cc6df22_c6ab_4f97_89cc_6e595130a880_1503940157608_id9"},{"key":"?destinationCity","val":"San Diego"},{"key":"?st","val":"NO_6cc6df22_c6ab_4f97_89cc_6e595130a880_1503940157608_id11"},{"key":"?destinationState","val":"CA"},{"key":"?destinationZipCode","val":"92114"}]}]},{"query":"?- ?t:AE#Travelling, ?t[AE#hasOrigin->?d], ?d[label->?originFullAddress].","resultList":[{"result":[{"key":"?t","val":"VO_808469f3_7314_42b4_8ed5_9cda5b264b18_1503940145082_7"},{"key":"?d","val":"VO_808469f3_7314_42b4_8ed5_9cda5b264b18_1503940145082_3"},{"key":"?originFullAddress","val":"3343 43rd St, San Diego, CA 92105"}]},{"result":[{"key":"?t","val":"VO_808469f3_7314_42b4_8ed5_9cda5b264b18_1503940145082_6"},{"key":"?d","val":"VO_808469f3_7314_42b4_8ed5_9cda5b264b18_1503940145082_8"},{"key":"?originFullAddress","val":"2790 Truxton Road, Suite 130, San Diego, CA 92106"}]}]},{"query":"?- ?t:AE#Travelling, ?t[AE#hasOrigin->?d], ?d[AE#hasStreet->?s], ?s[label->?originStreetName], ?d[AE#hasCity->?c], ?c[label->?originCity], ?d[AE#hasState->?st], ?st[label->?originState], ?d[AE#hasZipcode->?originZipCode].","resultList":[{"result":[{"key":"?t","val":"VO_808469f3_7314_42b4_8ed5_9cda5b264b18_1503940145082_7"},{"key":"?d","val":"VO_808469f3_7314_42b4_8ed5_9cda5b264b18_1503940145082_3"},{"key":"?s","val":"NO_72a37e30_2abf_433c_ad89_2b23c4ef0202_1503940159690_id3"},{"key":"?originStreetName","val":"3343 43rd St"},{"key":"?c","val":"NO_72a37e30_2abf_433c_ad89_2b23c4ef0202_1503940159690_id9"},{"key":"?originCity","val":"San Diego"},{"key":"?st","val":"NO_72a37e30_2abf_433c_ad89_2b23c4ef0202_1503940159690_id11"},{"key":"?originState","val":"CA"},{"key":"?originZipCode","val":"92105"}]},{"result":[{"key":"?t","val":"VO_808469f3_7314_42b4_8ed5_9cda5b264b18_1503940145082_6"},{"key":"?d","val":"VO_808469f3_7314_42b4_8ed5_9cda5b264b18_1503940145082_8"},{"key":"?s","val":"NO_1652f193_a71d_4b11_a1e5_61da0df9d86a_1503940155252_id5"},{"key":"?originStreetName","val":"2790 Truxton Road"},{"key":"?c","val":"NO_1652f193_a71d_4b11_a1e5_61da0df9d86a_1503940155252_id11"},{"key":"?originCity","val":"San Diego"},{"key":"?st","val":"NO_1652f193_a71d_4b11_a1e5_61da0df9d86a_1503940155252_id13"},{"key":"?originState","val":"CA"},{"key":"?originZipCode","val":"92106"}]}]},{"query":"?- ?t:AE#Travelling, ?t[AE#hasPath->?p], ?p[AE#hasStartRegion->?s], ?s[AE#hasLatitude->?originLatitude], ?s[AE#hasLongitude->?originLongitude].","resultList":[{"result":[{"key":"?t","val":"VO_808469f3_7314_42b4_8ed5_9cda5b264b18_1503940145082_6"},{"key":"?p","val":"ES_e23ca542_3377_4a7b_a5bf_6ad1c041988c_1503940173007_4"},{"key":"?s","val":"ES_e23ca542_3377_4a7b_a5bf_6ad1c041988c_1503940173007_3"},{"key":"?originLatitude","val":"32.74051839275188058309140615165233612060546875"},{"key":"?originLongitude","val":"-117.2130215001728856805129908025264739990234375"}]}]},{"query":"?- ?t:AE#Travelling, ?t[AE#hasPath->?p], ?p[AE#hasEndRegion->?e], ?e[AE#hasLatitude->?destinationLatitude], ?e[AE#hasLongitude->?destinationLongitude].","resultList":[{"result":[{"key":"?t","val":"VO_808469f3_7314_42b4_8ed5_9cda5b264b18_1503940145082_6"},{"key":"?p","val":"ES_e23ca542_3377_4a7b_a5bf_6ad1c041988c_1503940173007_4"},{"key":"?e","val":"ES_e23ca542_3377_4a7b_a5bf_6ad1c041988c_1503940173007_1"},{"key":"?destinationLatitude","val":"32.70333010000007334383553825318813323974609375"},{"key":"?destinationLongitude","val":"-117.0296501999999918552930466830730438232421875"}]}]}]}
