{"dataList":[{"query":"?- ?v:AE#VATravelVoucher, ?v[AE#hasVoucherClaimant->?c], ?c[AE#hasName->?cn], ?cn[label->?claimantFullName].","resultList":[{"result":[{"key":"?v","val":"VO_8a2db79e_e4f2_41fc_a7ac_9ea8882ae25f_1503940209903_0"},{"key":"?c","val":"VO_8a2db79e_e4f2_41fc_a7ac_9ea8882ae25f_1503940209903_2"},{"key":"?cn","val":"NO_dccfa0fb_87e9_4e71_8f9b_68e3ea569f53_1503940218385_0"},{"key":"?claimantFullName","val":"Paul Reginald Welch"}]},{"result":[{"key":"?v","val":"VO_8a2db79e_e4f2_41fc_a7ac_9ea8882ae25f_1503940209903_0"},{"key":"?c","val":"VO_8a2db79e_e4f2_41fc_a7ac_9ea8882ae25f_1503940209903_2"},{"key":"?cn","val":"VO_8a2db79e_e4f2_41fc_a7ac_9ea8882ae25f_1503940209903_1"},{"key":"?claimantFullName","val":"Paul Reginald Welch"}]}]},{"query":"?- ?v:AE#VATravelVoucher, ?v[AE#hasVoucherClaimant->?c], ?c[AE#hasName->?cn], ?cn[AE#hasFirstName->?claimantFirstName].","resultList":[{"result":[{"key":"?v","val":"VO_8a2db79e_e4f2_41fc_a7ac_9ea8882ae25f_1503940209903_0"},{"key":"?c","val":"VO_8a2db79e_e4f2_41fc_a7ac_9ea8882ae25f_1503940209903_2"},{"key":"?cn","val":"NO_dccfa0fb_87e9_4e71_8f9b_68e3ea569f53_1503940218385_0"},{"key":"?claimantFirstName","val":"paul"}]}]},{"query":"?- ?v:AE#VATravelVoucher, ?v[AE#hasVoucherClaimant->?c], ?c[AE#hasName->?cn], ?cn[AE#hasLastName->?claimantLastName].","resultList":[{"result":[{"key":"?v","val":"VO_8a2db79e_e4f2_41fc_a7ac_9ea8882ae25f_1503940209903_0"},{"key":"?c","val":"VO_8a2db79e_e4f2_41fc_a7ac_9ea8882ae25f_1503940209903_2"},{"key":"?cn","val":"NO_dccfa0fb_87e9_4e71_8f9b_68e3ea569f53_1503940218385_0"},{"key":"?claimantLastName","val":"welch"}]}]},{"query":"?- ?v:AE#VATravelVoucher, ?v[AE#hasVoucherClaimant->?c], ?c[AE#hasSocialSecurityNumber->?s], ?s[label->?claimantSsn].","resultList":[{"result":[{"key":"?v","val":"VO_8a2db79e_e4f2_41fc_a7ac_9ea8882ae25f_1503940209903_0"},{"key":"?c","val":"VO_8a2db79e_e4f2_41fc_a7ac_9ea8882ae25f_1503940209903_2"},{"key":"?s","val":"VO_8a2db79e_e4f2_41fc_a7ac_9ea8882ae25f_1503940209903_12"},{"key":"?claimantSsn","val":"071-58-3234"}]}]},{"query":"?- ?v:AE#VATravelVoucher, ?v[AE#hasVoucherClaimant->?c], ?c[AE#hasLiens->?claimantHasLiens].","resultList":[{"result":[{"key":"?v","val":"VO_8a2db79e_e4f2_41fc_a7ac_9ea8882ae25f_1503940209903_0"},{"key":"?c","val":"VO_8a2db79e_e4f2_41fc_a7ac_9ea8882ae25f_1503940209903_2"},{"key":"?claimantHasLiens","val":"AE#NoLienReport"}]}]},{"query":"?- ?v:AE#VATravelVoucher, ?v[AE#hasVoucherClaimant->?c], ?c[AE#hasDeclaredBankruptcy->?claimantHasDeclaredBankruptcy].","resultList":[{"result":[{"key":"?v","val":"VO_8a2db79e_e4f2_41fc_a7ac_9ea8882ae25f_1503940209903_0"},{"key":"?c","val":"VO_8a2db79e_e4f2_41fc_a7ac_9ea8882ae25f_1503940209903_2"},{"key":"?claimantHasDeclaredBankruptcy","val":"AE#NoBankruptcyReport"}]}]},{"query":"?- ?v:AE#VATravelVoucher, ?v[AE#hasVoucherClaimant->?c], ?c[AE#hasArrestRecord->?claimantHasArrestRecord].","resultList":[{"result":[{"key":"?v","val":"VO_8a2db79e_e4f2_41fc_a7ac_9ea8882ae25f_1503940209903_0"},{"key":"?c","val":"VO_8a2db79e_e4f2_41fc_a7ac_9ea8882ae25f_1503940209903_2"},{"key":"?claimantHasArrestRecord","val":"AE#NoArrestRecord"}]}]},{"query":"?- ?v:AE#VATravelVoucher, ?v[AE#hasVoucherClaimant->?c], ?c[AE#hasCriminalRecord->?claimantHasCriminalRecord].","resultList":[{"result":[{"key":"?v","val":"VO_8a2db79e_e4f2_41fc_a7ac_9ea8882ae25f_1503940209903_0"},{"key":"?c","val":"VO_8a2db79e_e4f2_41fc_a7ac_9ea8882ae25f_1503940209903_2"},{"key":"?claimantHasCriminalRecord","val":"AE#NoCriminalRecord"}]}]},{"query":"?- ?v:AE#VATravelVoucher, ?v[AE#hasVoucherBeneficiary->?b], ?b[AE#hasName->?cn], ?cn[label->?beneficiaryFullName].","resultList":[{"result":[{"key":"?v","val":"VO_8a2db79e_e4f2_41fc_a7ac_9ea8882ae25f_1503940209903_0"},{"key":"?b","val":"VO_8a2db79e_e4f2_41fc_a7ac_9ea8882ae25f_1503940209903_11"},{"key":"?cn","val":"VO_8a2db79e_e4f2_41fc_a7ac_9ea8882ae25f_1503940209903_10"},{"key":"?beneficiaryFullName","val":"Paul Reginald Welch"}]},{"result":[{"key":"?v","val":"VO_8a2db79e_e4f2_41fc_a7ac_9ea8882ae25f_1503940209903_0"},{"key":"?b","val":"VO_8a2db79e_e4f2_41fc_a7ac_9ea8882ae25f_1503940209903_11"},{"key":"?cn","val":"NO_18124261_0b53_481e_af87_c1f4b687c3df_1503940216047_0"},{"key":"?beneficiaryFullName","val":"Paul Reginald Welch"}]}]},{"query":"?- ?v:AE#VATravelVoucher, ?v[AE#hasVoucherBeneficiary->?b], ?b[AE#hasName->?cn], ?cn[AE#hasFirstName->?beneficiaryFirstName].","resultList":[{"result":[{"key":"?v","val":"VO_8a2db79e_e4f2_41fc_a7ac_9ea8882ae25f_1503940209903_0"},{"key":"?b","val":"VO_8a2db79e_e4f2_41fc_a7ac_9ea8882ae25f_1503940209903_11"},{"key":"?cn","val":"NO_18124261_0b53_481e_af87_c1f4b687c3df_1503940216047_0"},{"key":"?beneficiaryFirstName","val":"paul"}]}]},{"query":"?- ?v:AE#VATravelVoucher, ?v[AE#hasVoucherBeneficiary->?b], ?b[AE#hasName->?cn], ?cn[AE#hasLastName->?beneficiaryLastName].","resultList":[{"result":[{"key":"?v","val":"VO_8a2db79e_e4f2_41fc_a7ac_9ea8882ae25f_1503940209903_0"},{"key":"?b","val":"VO_8a2db79e_e4f2_41fc_a7ac_9ea8882ae25f_1503940209903_11"},{"key":"?cn","val":"NO_18124261_0b53_481e_af87_c1f4b687c3df_1503940216047_0"},{"key":"?beneficiaryLastName","val":"welch"}]}]},{"query":"?- ?v:AE#VATravelVoucher, ?v[AE#hasVoucherBeneficiary->?b], ?b[AE#hasSocialSecurityNumber->?s], ?s[label->?beneficiarySsn].","resultList":[{"result":[{"key":"?v","val":"VO_8a2db79e_e4f2_41fc_a7ac_9ea8882ae25f_1503940209903_0"},{"key":"?b","val":"VO_8a2db79e_e4f2_41fc_a7ac_9ea8882ae25f_1503940209903_11"},{"key":"?s","val":"VO_8a2db79e_e4f2_41fc_a7ac_9ea8882ae25f_1503940209903_9"},{"key":"?beneficiarySsn","val":"071-58-3234"}]}]},{"query":"?- ?v:AE#VATravelVoucher, ?v[AE#hasVoucherBeneficiary->?b], ?b[AE#hasLiens->?beneficiaryHasLiens].","resultList":[{"result":[{"key":"?v","val":"VO_8a2db79e_e4f2_41fc_a7ac_9ea8882ae25f_1503940209903_0"},{"key":"?b","val":"VO_8a2db79e_e4f2_41fc_a7ac_9ea8882ae25f_1503940209903_11"},{"key":"?beneficiaryHasLiens","val":"AE#NoLienReport"}]}]},{"query":"?- ?v:AE#VATravelVoucher, ?v[AE#hasVoucherBeneficiary->?b], ?b[AE#hasDeclaredBankruptcy->?beneficiaryHasDeclaredBankruptcy].","resultList":[{"result":[{"key":"?v","val":"VO_8a2db79e_e4f2_41fc_a7ac_9ea8882ae25f_1503940209903_0"},{"key":"?b","val":"VO_8a2db79e_e4f2_41fc_a7ac_9ea8882ae25f_1503940209903_11"},{"key":"?beneficiaryHasDeclaredBankruptcy","val":"AE#NoBankruptcyReport"}]}]},{"query":"?- ?v:AE#VATravelVoucher, ?v[AE#hasVoucherBeneficiary->?b], ?b[AE#hasArrestRecord->?beneficiaryHasArrestRecord].","resultList":[{"result":[{"key":"?v","val":"VO_8a2db79e_e4f2_41fc_a7ac_9ea8882ae25f_1503940209903_0"},{"key":"?b","val":"VO_8a2db79e_e4f2_41fc_a7ac_9ea8882ae25f_1503940209903_11"},{"key":"?beneficiaryHasArrestRecord","val":"AE#NoArrestRecord"}]}]},{"query":"?- ?v:AE#VATravelVoucher, ?v[AE#hasVoucherBeneficiary->?b], ?b[AE#hasCriminalRecord->?beneficiaryHasCriminalRecord].","resultList":[{"result":[{"key":"?v","val":"VO_8a2db79e_e4f2_41fc_a7ac_9ea8882ae25f_1503940209903_0"},{"key":"?b","val":"VO_8a2db79e_e4f2_41fc_a7ac_9ea8882ae25f_1503940209903_11"},{"key":"?beneficiaryHasCriminalRecord","val":"AE#NoCriminalRecord"}]}]},{"query":"?- ?t:AE#Travelling, ?t[AE#hasPath->?p], ?p[AE#hasDistance->?d], ?d[AE#numericValue->?expectedDistanceValue], ?d[AE#hasUnitOfMeasure->?unitOfDistanceMeasure].","resultList":[{"result":[{"key":"?t","val":"VO_8a2db79e_e4f2_41fc_a7ac_9ea8882ae25f_1503940209903_6"},{"key":"?p","val":"ES_df069d2e_3621_43bb_88b7_6404636693df_1503940238201_4"},{"key":"?d","val":"ES_df069d2e_3621_43bb_88b7_6404636693df_1503940238201_0"},{"key":"?expectedDistanceValue","val":"17533.91210645783212385140359401702880859375"},{"key":"?unitOfDistanceMeasure","val":"meters"}]}]},{"query":"?- ?t:AE#Travelling, ?t[AE#hasPath->?p], ?p[AE#hasExpectedTravelTime->?d], ?d[AE#numericValue->?expectedTimeValue], ?d[AE#hasUnitOfMeasure->?unitOfTimeMeasure].","resultList":[{"result":[{"key":"?t","val":"VO_8a2db79e_e4f2_41fc_a7ac_9ea8882ae25f_1503940209903_6"},{"key":"?p","val":"ES_df069d2e_3621_43bb_88b7_6404636693df_1503940238201_4"},{"key":"?d","val":"ES_df069d2e_3621_43bb_88b7_6404636693df_1503940238201_2"},{"key":"?expectedTimeValue","val":"13.355997423059307038784027099609375"},{"key":"?unitOfTimeMeasure","val":"minutes"}]}]},{"query":"?- ?t:AE#Travelling, ?t[AE#hasDestination->?d], ?d[label->?destinationFullAddress].","resultList":[{"result":[{"key":"?t","val":"VO_8a2db79e_e4f2_41fc_a7ac_9ea8882ae25f_1503940209903_7"},{"key":"?d","val":"VO_8a2db79e_e4f2_41fc_a7ac_9ea8882ae25f_1503940209903_8"},{"key":"?destinationFullAddress","val":"2790 Truxton Road, Suite 130, San Diego, CA 92106"}]},{"result":[{"key":"?t","val":"VO_8a2db79e_e4f2_41fc_a7ac_9ea8882ae25f_1503940209903_6"},{"key":"?d","val":"VO_8a2db79e_e4f2_41fc_a7ac_9ea8882ae25f_1503940209903_5"},{"key":"?destinationFullAddress","val":"6647 Mulberry St. San Diego, CA 92115"}]}]},{"query":"?- ?t:AE#Travelling, ?t[AE#hasDestination->?d], ?d[AE#hasStreet->?s], ?s[label->?destinationStreetName], ?d[AE#hasCity->?c], ?c[label->?destinationCity], ?d[AE#hasState->?st], ?st[label->?destinationState], ?d[AE#hasZipcode->?destinationZipCode].","resultList":[{"result":[{"key":"?t","val":"VO_8a2db79e_e4f2_41fc_a7ac_9ea8882ae25f_1503940209903_7"},{"key":"?d","val":"VO_8a2db79e_e4f2_41fc_a7ac_9ea8882ae25f_1503940209903_8"},{"key":"?s","val":"NO_e438c512_e0e5_4752_8ad5_414bcd9f2c92_1503940220418_id5"},{"key":"?destinationStreetName","val":"2790 Truxton Road"},{"key":"?c","val":"NO_e438c512_e0e5_4752_8ad5_414bcd9f2c92_1503940220418_id11"},{"key":"?destinationCity","val":"San Diego"},{"key":"?st","val":"NO_e438c512_e0e5_4752_8ad5_414bcd9f2c92_1503940220418_id13"},{"key":"?destinationState","val":"CA"},{"key":"?destinationZipCode","val":"92106"}]},{"result":[{"key":"?t","val":"VO_8a2db79e_e4f2_41fc_a7ac_9ea8882ae25f_1503940209903_6"},{"key":"?d","val":"VO_8a2db79e_e4f2_41fc_a7ac_9ea8882ae25f_1503940209903_5"},{"key":"?s","val":"NO_0e7a36ab_ebbd_4029_964f_a6725287b600_1503940222291_id3"},{"key":"?destinationStreetName","val":"6647 Mulberry St."},{"key":"?c","val":"NO_0e7a36ab_ebbd_4029_964f_a6725287b600_1503940222291_id9"},{"key":"?destinationCity","val":"San Diego"},{"key":"?st","val":"NO_0e7a36ab_ebbd_4029_964f_a6725287b600_1503940222291_id11"},{"key":"?destinationState","val":"CA"},{"key":"?destinationZipCode","val":"92115"}]}]},{"query":"?- ?t:AE#Travelling, ?t[AE#hasOrigin->?d], ?d[label->?originFullAddress].","resultList":[{"result":[{"key":"?t","val":"VO_8a2db79e_e4f2_41fc_a7ac_9ea8882ae25f_1503940209903_7"},{"key":"?d","val":"VO_8a2db79e_e4f2_41fc_a7ac_9ea8882ae25f_1503940209903_3"},{"key":"?originFullAddress","val":"6647 Mulberry St. San Diego, CA 92115"}]},{"result":[{"key":"?t","val":"VO_8a2db79e_e4f2_41fc_a7ac_9ea8882ae25f_1503940209903_6"},{"key":"?d","val":"VO_8a2db79e_e4f2_41fc_a7ac_9ea8882ae25f_1503940209903_8"},{"key":"?originFullAddress","val":"2790 Truxton Road, Suite 130, San Diego, CA 92106"}]}]},{"query":"?- ?t:AE#Travelling, ?t[AE#hasOrigin->?d], ?d[AE#hasStreet->?s], ?s[label->?originStreetName], ?d[AE#hasCity->?c], ?c[label->?originCity], ?d[AE#hasState->?st], ?st[label->?originState], ?d[AE#hasZipcode->?originZipCode].","resultList":[{"result":[{"key":"?t","val":"VO_8a2db79e_e4f2_41fc_a7ac_9ea8882ae25f_1503940209903_7"},{"key":"?d","val":"VO_8a2db79e_e4f2_41fc_a7ac_9ea8882ae25f_1503940209903_3"},{"key":"?s","val":"NO_a27f49d5_e6f6_48e4_b381_02aa3a3f82ee_1503940224449_id3"},{"key":"?originStreetName","val":"6647 Mulberry St."},{"key":"?c","val":"NO_a27f49d5_e6f6_48e4_b381_02aa3a3f82ee_1503940224449_id9"},{"key":"?originCity","val":"San Diego"},{"key":"?st","val":"NO_a27f49d5_e6f6_48e4_b381_02aa3a3f82ee_1503940224449_id11"},{"key":"?originState","val":"CA"},{"key":"?originZipCode","val":"92115"}]},{"result":[{"key":"?t","val":"VO_8a2db79e_e4f2_41fc_a7ac_9ea8882ae25f_1503940209903_6"},{"key":"?d","val":"VO_8a2db79e_e4f2_41fc_a7ac_9ea8882ae25f_1503940209903_8"},{"key":"?s","val":"NO_e438c512_e0e5_4752_8ad5_414bcd9f2c92_1503940220418_id5"},{"key":"?originStreetName","val":"2790 Truxton Road"},{"key":"?c","val":"NO_e438c512_e0e5_4752_8ad5_414bcd9f2c92_1503940220418_id11"},{"key":"?originCity","val":"San Diego"},{"key":"?st","val":"NO_e438c512_e0e5_4752_8ad5_414bcd9f2c92_1503940220418_id13"},{"key":"?originState","val":"CA"},{"key":"?originZipCode","val":"92106"}]}]},{"query":"?- ?t:AE#Travelling, ?t[AE#hasPath->?p], ?p[AE#hasStartRegion->?s], ?s[AE#hasLatitude->?originLatitude], ?s[AE#hasLongitude->?originLongitude].","resultList":[{"result":[{"key":"?t","val":"VO_8a2db79e_e4f2_41fc_a7ac_9ea8882ae25f_1503940209903_6"},{"key":"?p","val":"ES_df069d2e_3621_43bb_88b7_6404636693df_1503940238201_4"},{"key":"?s","val":"ES_df069d2e_3621_43bb_88b7_6404636693df_1503940238201_3"},{"key":"?originLatitude","val":"32.74051839275188058309140615165233612060546875"},{"key":"?originLongitude","val":"-117.2130215001728856805129908025264739990234375"}]}]},{"query":"?- ?t:AE#Travelling, ?t[AE#hasPath->?p], ?p[AE#hasEndRegion->?e], ?e[AE#hasLatitude->?destinationLatitude], ?e[AE#hasLongitude->?destinationLongitude].","resultList":[{"result":[{"key":"?t","val":"VO_8a2db79e_e4f2_41fc_a7ac_9ea8882ae25f_1503940209903_6"},{"key":"?p","val":"ES_df069d2e_3621_43bb_88b7_6404636693df_1503940238201_4"},{"key":"?e","val":"ES_df069d2e_3621_43bb_88b7_6404636693df_1503940238201_1"},{"key":"?destinationLatitude","val":"32.72780987258369123082957230508327484130859375"},{"key":"?destinationLongitude","val":"-117.05504332082074370191548950970172882080078125"}]}]}]}
