{"dataList":[{"query":"?- ?v:AE#VATravelVoucher, ?v[AE#hasVoucherClaimant->?c], ?c[AE#hasName->?cn], ?cn[label->?claimantFullName].","resultList":[{"result":[{"key":"?v","val":"VO_8735d617_184f_4108_9415_81fa2555db9d_1503939829943_0"},{"key":"?c","val":"VO_8735d617_184f_4108_9415_81fa2555db9d_1503939829943_2"},{"key":"?cn","val":"NO_d4cc9986_742e_4bfc_a78b_42641446b0e1_1503939838270_0"},{"key":"?claimantFullName","val":"Elmer G. Stenton"}]},{"result":[{"key":"?v","val":"VO_8735d617_184f_4108_9415_81fa2555db9d_1503939829943_0"},{"key":"?c","val":"VO_8735d617_184f_4108_9415_81fa2555db9d_1503939829943_2"},{"key":"?cn","val":"VO_8735d617_184f_4108_9415_81fa2555db9d_1503939829943_1"},{"key":"?claimantFullName","val":"Elmer G. Stenton"}]}]},{"query":"?- ?v:AE#VATravelVoucher, ?v[AE#hasVoucherClaimant->?c], ?c[AE#hasName->?cn], ?cn[AE#hasFirstName->?claimantFirstName].","resultList":[{"result":[{"key":"?v","val":"VO_8735d617_184f_4108_9415_81fa2555db9d_1503939829943_0"},{"key":"?c","val":"VO_8735d617_184f_4108_9415_81fa2555db9d_1503939829943_2"},{"key":"?cn","val":"NO_d4cc9986_742e_4bfc_a78b_42641446b0e1_1503939838270_0"},{"key":"?claimantFirstName","val":"elmer"}]}]},{"query":"?- ?v:AE#VATravelVoucher, ?v[AE#hasVoucherClaimant->?c], ?c[AE#hasName->?cn], ?cn[AE#hasLastName->?claimantLastName].","resultList":[{"result":[{"key":"?v","val":"VO_8735d617_184f_4108_9415_81fa2555db9d_1503939829943_0"},{"key":"?c","val":"VO_8735d617_184f_4108_9415_81fa2555db9d_1503939829943_2"},{"key":"?cn","val":"NO_d4cc9986_742e_4bfc_a78b_42641446b0e1_1503939838270_0"},{"key":"?claimantLastName","val":"stenton"}]}]},{"query":"?- ?v:AE#VATravelVoucher, ?v[AE#hasVoucherClaimant->?c], ?c[AE#hasSocialSecurityNumber->?s], ?s[label->?claimantSsn].","resultList":[{"result":[{"key":"?v","val":"VO_8735d617_184f_4108_9415_81fa2555db9d_1503939829943_0"},{"key":"?c","val":"VO_8735d617_184f_4108_9415_81fa2555db9d_1503939829943_2"},{"key":"?s","val":"VO_8735d617_184f_4108_9415_81fa2555db9d_1503939829943_12"},{"key":"?claimantSsn","val":"545-16-3919"}]}]},{"query":"?- ?v:AE#VATravelVoucher, ?v[AE#hasVoucherClaimant->?c], ?c[AE#hasLiens->?claimantHasLiens].","resultList":[{"result":[{"key":"?v","val":"VO_8735d617_184f_4108_9415_81fa2555db9d_1503939829943_0"},{"key":"?c","val":"VO_8735d617_184f_4108_9415_81fa2555db9d_1503939829943_2"},{"key":"?claimantHasLiens","val":"AE#NoLienReport"}]}]},{"query":"?- ?v:AE#VATravelVoucher, ?v[AE#hasVoucherClaimant->?c], ?c[AE#hasDeclaredBankruptcy->?claimantHasDeclaredBankruptcy].","resultList":[{"result":[{"key":"?v","val":"VO_8735d617_184f_4108_9415_81fa2555db9d_1503939829943_0"},{"key":"?c","val":"VO_8735d617_184f_4108_9415_81fa2555db9d_1503939829943_2"},{"key":"?claimantHasDeclaredBankruptcy","val":"AE#NoBankruptcyReport"}]}]},{"query":"?- ?v:AE#VATravelVoucher, ?v[AE#hasVoucherClaimant->?c], ?c[AE#hasArrestRecord->?claimantHasArrestRecord].","resultList":[{"result":[{"key":"?v","val":"VO_8735d617_184f_4108_9415_81fa2555db9d_1503939829943_0"},{"key":"?c","val":"VO_8735d617_184f_4108_9415_81fa2555db9d_1503939829943_2"},{"key":"?claimantHasArrestRecord","val":"AE#NoArrestRecord"}]}]},{"query":"?- ?v:AE#VATravelVoucher, ?v[AE#hasVoucherClaimant->?c], ?c[AE#hasCriminalRecord->?claimantHasCriminalRecord].","resultList":[{"result":[{"key":"?v","val":"VO_8735d617_184f_4108_9415_81fa2555db9d_1503939829943_0"},{"key":"?c","val":"VO_8735d617_184f_4108_9415_81fa2555db9d_1503939829943_2"},{"key":"?claimantHasCriminalRecord","val":"AE#NoCriminalRecord"}]}]},{"query":"?- ?v:AE#VATravelVoucher, ?v[AE#hasVoucherBeneficiary->?b], ?b[AE#hasName->?cn], ?cn[label->?beneficiaryFullName].","resultList":[{"result":[{"key":"?v","val":"VO_8735d617_184f_4108_9415_81fa2555db9d_1503939829943_0"},{"key":"?b","val":"VO_8735d617_184f_4108_9415_81fa2555db9d_1503939829943_11"},{"key":"?cn","val":"VO_8735d617_184f_4108_9415_81fa2555db9d_1503939829943_10"},{"key":"?beneficiaryFullName","val":"Elmer G. Stenton"}]},{"result":[{"key":"?v","val":"VO_8735d617_184f_4108_9415_81fa2555db9d_1503939829943_0"},{"key":"?b","val":"VO_8735d617_184f_4108_9415_81fa2555db9d_1503939829943_11"},{"key":"?cn","val":"NO_80a8ef88_c8fc_46fd_8394_6465dc131912_1503939836082_0"},{"key":"?beneficiaryFullName","val":"Elmer G. Stenton"}]}]},{"query":"?- ?v:AE#VATravelVoucher, ?v[AE#hasVoucherBeneficiary->?b], ?b[AE#hasName->?cn], ?cn[AE#hasFirstName->?beneficiaryFirstName].","resultList":[{"result":[{"key":"?v","val":"VO_8735d617_184f_4108_9415_81fa2555db9d_1503939829943_0"},{"key":"?b","val":"VO_8735d617_184f_4108_9415_81fa2555db9d_1503939829943_11"},{"key":"?cn","val":"NO_80a8ef88_c8fc_46fd_8394_6465dc131912_1503939836082_0"},{"key":"?beneficiaryFirstName","val":"elmer"}]}]},{"query":"?- ?v:AE#VATravelVoucher, ?v[AE#hasVoucherBeneficiary->?b], ?b[AE#hasName->?cn], ?cn[AE#hasLastName->?beneficiaryLastName].","resultList":[{"result":[{"key":"?v","val":"VO_8735d617_184f_4108_9415_81fa2555db9d_1503939829943_0"},{"key":"?b","val":"VO_8735d617_184f_4108_9415_81fa2555db9d_1503939829943_11"},{"key":"?cn","val":"NO_80a8ef88_c8fc_46fd_8394_6465dc131912_1503939836082_0"},{"key":"?beneficiaryLastName","val":"stenton"}]}]},{"query":"?- ?v:AE#VATravelVoucher, ?v[AE#hasVoucherBeneficiary->?b], ?b[AE#hasSocialSecurityNumber->?s], ?s[label->?beneficiarySsn].","resultList":[{"result":[{"key":"?v","val":"VO_8735d617_184f_4108_9415_81fa2555db9d_1503939829943_0"},{"key":"?b","val":"VO_8735d617_184f_4108_9415_81fa2555db9d_1503939829943_11"},{"key":"?s","val":"VO_8735d617_184f_4108_9415_81fa2555db9d_1503939829943_9"},{"key":"?beneficiarySsn","val":"545-16-3919"}]}]},{"query":"?- ?v:AE#VATravelVoucher, ?v[AE#hasVoucherBeneficiary->?b], ?b[AE#hasLiens->?beneficiaryHasLiens].","resultList":[{"result":[{"key":"?v","val":"VO_8735d617_184f_4108_9415_81fa2555db9d_1503939829943_0"},{"key":"?b","val":"VO_8735d617_184f_4108_9415_81fa2555db9d_1503939829943_11"},{"key":"?beneficiaryHasLiens","val":"AE#NoLienReport"}]}]},{"query":"?- ?v:AE#VATravelVoucher, ?v[AE#hasVoucherBeneficiary->?b], ?b[AE#hasDeclaredBankruptcy->?beneficiaryHasDeclaredBankruptcy].","resultList":[{"result":[{"key":"?v","val":"VO_8735d617_184f_4108_9415_81fa2555db9d_1503939829943_0"},{"key":"?b","val":"VO_8735d617_184f_4108_9415_81fa2555db9d_1503939829943_11"},{"key":"?beneficiaryHasDeclaredBankruptcy","val":"AE#NoBankruptcyReport"}]}]},{"query":"?- ?v:AE#VATravelVoucher, ?v[AE#hasVoucherBeneficiary->?b], ?b[AE#hasArrestRecord->?beneficiaryHasArrestRecord].","resultList":[{"result":[{"key":"?v","val":"VO_8735d617_184f_4108_9415_81fa2555db9d_1503939829943_0"},{"key":"?b","val":"VO_8735d617_184f_4108_9415_81fa2555db9d_1503939829943_11"},{"key":"?beneficiaryHasArrestRecord","val":"AE#NoArrestRecord"}]}]},{"query":"?- ?v:AE#VATravelVoucher, ?v[AE#hasVoucherBeneficiary->?b], ?b[AE#hasCriminalRecord->?beneficiaryHasCriminalRecord].","resultList":[{"result":[{"key":"?v","val":"VO_8735d617_184f_4108_9415_81fa2555db9d_1503939829943_0"},{"key":"?b","val":"VO_8735d617_184f_4108_9415_81fa2555db9d_1503939829943_11"},{"key":"?beneficiaryHasCriminalRecord","val":"AE#NoCriminalRecord"}]}]},{"query":"?- ?t:AE#Travelling, ?t[AE#hasPath->?p], ?p[AE#hasDistance->?d], ?d[AE#numericValue->?expectedDistanceValue], ?d[AE#hasUnitOfMeasure->?unitOfDistanceMeasure].","resultList":[{"result":[{"key":"?t","val":"VO_8735d617_184f_4108_9415_81fa2555db9d_1503939829943_6"},{"key":"?p","val":"ES_a1022a66_a1ef_4dd0_9f1a_b13e73116dd7_1503939859455_4"},{"key":"?d","val":"ES_a1022a66_a1ef_4dd0_9f1a_b13e73116dd7_1503939859455_0"},{"key":"?expectedDistanceValue","val":"21299.5785010429899557493627071380615234375"},{"key":"?unitOfDistanceMeasure","val":"meters"}]}]},{"query":"?- ?t:AE#Travelling, ?t[AE#hasPath->?p], ?p[AE#hasExpectedTravelTime->?d], ?d[AE#numericValue->?expectedTimeValue], ?d[AE#hasUnitOfMeasure->?unitOfTimeMeasure].","resultList":[{"result":[{"key":"?t","val":"VO_8735d617_184f_4108_9415_81fa2555db9d_1503939829943_6"},{"key":"?p","val":"ES_a1022a66_a1ef_4dd0_9f1a_b13e73116dd7_1503939859455_4"},{"key":"?d","val":"ES_a1022a66_a1ef_4dd0_9f1a_b13e73116dd7_1503939859455_2"},{"key":"?expectedTimeValue","val":"17.978996973834000527858734130859375"},{"key":"?unitOfTimeMeasure","val":"minutes"}]}]},{"query":"?- ?t:AE#Travelling, ?t[AE#hasDestination->?d], ?d[label->?destinationFullAddress].","resultList":[{"result":[{"key":"?t","val":"VO_8735d617_184f_4108_9415_81fa2555db9d_1503939829943_7"},{"key":"?d","val":"VO_8735d617_184f_4108_9415_81fa2555db9d_1503939829943_8"},{"key":"?destinationFullAddress","val":"2790 Truxton Road, Suite 130, San Diego, CA 92106"}]},{"result":[{"key":"?t","val":"VO_8735d617_184f_4108_9415_81fa2555db9d_1503939829943_6"},{"key":"?d","val":"VO_8735d617_184f_4108_9415_81fa2555db9d_1503939829943_5"},{"key":"?destinationFullAddress","val":"7202 North Proctor Drive San Diego, CA 92114"}]}]},{"query":"?- ?t:AE#Travelling, ?t[AE#hasDestination->?d], ?d[AE#hasStreet->?s], ?s[label->?destinationStreetName], ?d[AE#hasCity->?c], ?c[label->?destinationCity], ?d[AE#hasState->?st], ?st[label->?destinationState], ?d[AE#hasZipcode->?destinationZipCode].","resultList":[{"result":[{"key":"?t","val":"VO_8735d617_184f_4108_9415_81fa2555db9d_1503939829943_7"},{"key":"?d","val":"VO_8735d617_184f_4108_9415_81fa2555db9d_1503939829943_8"},{"key":"?s","val":"NO_c95aaa56_4bb5_4f66_b2a2_4b9d8e6e53a3_1503939840466_id5"},{"key":"?destinationStreetName","val":"2790 Truxton Road"},{"key":"?c","val":"NO_c95aaa56_4bb5_4f66_b2a2_4b9d8e6e53a3_1503939840466_id11"},{"key":"?destinationCity","val":"San Diego"},{"key":"?st","val":"NO_c95aaa56_4bb5_4f66_b2a2_4b9d8e6e53a3_1503939840466_id13"},{"key":"?destinationState","val":"CA"},{"key":"?destinationZipCode","val":"92106"}]},{"result":[{"key":"?t","val":"VO_8735d617_184f_4108_9415_81fa2555db9d_1503939829943_6"},{"key":"?d","val":"VO_8735d617_184f_4108_9415_81fa2555db9d_1503939829943_5"},{"key":"?s","val":"NO_23c98fc4_4079_46fb_baa9_554b8de1134f_1503939842823_id3"},{"key":"?destinationStreetName","val":"7202 North Proctor Drive"},{"key":"?c","val":"NO_23c98fc4_4079_46fb_baa9_554b8de1134f_1503939842823_id9"},{"key":"?destinationCity","val":"San Diego"},{"key":"?st","val":"NO_23c98fc4_4079_46fb_baa9_554b8de1134f_1503939842823_id11"},{"key":"?destinationState","val":"CA"},{"key":"?destinationZipCode","val":"92114"}]}]},{"query":"?- ?t:AE#Travelling, ?t[AE#hasOrigin->?d], ?d[label->?originFullAddress].","resultList":[{"result":[{"key":"?t","val":"VO_8735d617_184f_4108_9415_81fa2555db9d_1503939829943_7"},{"key":"?d","val":"VO_8735d617_184f_4108_9415_81fa2555db9d_1503939829943_3"},{"key":"?originFullAddress","val":"7202 North Proctor Drive San Diego, CA 92114"}]},{"result":[{"key":"?t","val":"VO_8735d617_184f_4108_9415_81fa2555db9d_1503939829943_6"},{"key":"?d","val":"VO_8735d617_184f_4108_9415_81fa2555db9d_1503939829943_8"},{"key":"?originFullAddress","val":"2790 Truxton Road, Suite 130, San Diego, CA 92106"}]}]},{"query":"?- ?t:AE#Travelling, ?t[AE#hasOrigin->?d], ?d[AE#hasStreet->?s], ?s[label->?originStreetName], ?d[AE#hasCity->?c], ?c[label->?originCity], ?d[AE#hasState->?st], ?st[label->?originState], ?d[AE#hasZipcode->?originZipCode].","resultList":[{"result":[{"key":"?t","val":"VO_8735d617_184f_4108_9415_81fa2555db9d_1503939829943_7"},{"key":"?d","val":"VO_8735d617_184f_4108_9415_81fa2555db9d_1503939829943_3"},{"key":"?s","val":"NO_e595868d_442f_4bf7_8c36_3a46f6e3b78c_1503939844989_id3"},{"key":"?originStreetName","val":"7202 North Proctor Drive"},{"key":"?c","val":"NO_e595868d_442f_4bf7_8c36_3a46f6e3b78c_1503939844989_id9"},{"key":"?originCity","val":"San Diego"},{"key":"?st","val":"NO_e595868d_442f_4bf7_8c36_3a46f6e3b78c_1503939844989_id11"},{"key":"?originState","val":"CA"},{"key":"?originZipCode","val":"92114"}]},{"result":[{"key":"?t","val":"VO_8735d617_184f_4108_9415_81fa2555db9d_1503939829943_6"},{"key":"?d","val":"VO_8735d617_184f_4108_9415_81fa2555db9d_1503939829943_8"},{"key":"?s","val":"NO_c95aaa56_4bb5_4f66_b2a2_4b9d8e6e53a3_1503939840466_id5"},{"key":"?originStreetName","val":"2790 Truxton Road"},{"key":"?c","val":"NO_c95aaa56_4bb5_4f66_b2a2_4b9d8e6e53a3_1503939840466_id11"},{"key":"?originCity","val":"San Diego"},{"key":"?st","val":"NO_c95aaa56_4bb5_4f66_b2a2_4b9d8e6e53a3_1503939840466_id13"},{"key":"?originState","val":"CA"},{"key":"?originZipCode","val":"92106"}]}]},{"query":"?- ?t:AE#Travelling, ?t[AE#hasPath->?p], ?p[AE#hasStartRegion->?s], ?s[AE#hasLatitude->?originLatitude], ?s[AE#hasLongitude->?originLongitude].","resultList":[{"result":[{"key":"?t","val":"VO_8735d617_184f_4108_9415_81fa2555db9d_1503939829943_6"},{"key":"?p","val":"ES_a1022a66_a1ef_4dd0_9f1a_b13e73116dd7_1503939859455_4"},{"key":"?s","val":"ES_a1022a66_a1ef_4dd0_9f1a_b13e73116dd7_1503939859455_3"},{"key":"?originLatitude","val":"32.74051839275188058309140615165233612060546875"},{"key":"?originLongitude","val":"-117.2130215001728856805129908025264739990234375"}]}]},{"query":"?- ?t:AE#Travelling, ?t[AE#hasPath->?p], ?p[AE#hasEndRegion->?e], ?e[AE#hasLatitude->?destinationLatitude], ?e[AE#hasLongitude->?destinationLongitude].","resultList":[{"result":[{"key":"?t","val":"VO_8735d617_184f_4108_9415_81fa2555db9d_1503939829943_6"},{"key":"?p","val":"ES_a1022a66_a1ef_4dd0_9f1a_b13e73116dd7_1503939859455_4"},{"key":"?e","val":"ES_a1022a66_a1ef_4dd0_9f1a_b13e73116dd7_1503939859455_1"},{"key":"?destinationLatitude","val":"32.70333010000007334383553825318813323974609375"},{"key":"?destinationLongitude","val":"-117.0296501999999918552930466830730438232421875"}]}]}]}
