{"dataList":[{"query":"?- ?v:AE#VATravelVoucher, ?v[AE#hasVoucherClaimant->?c], ?c[AE#hasName->?cn], ?cn[label->?claimantFullName].","resultList":[{"result":[{"key":"?v","val":"VO_8e43c4c3_2898_4008_8765_edd0a09a62be_1503939763086_0"},{"key":"?c","val":"VO_8e43c4c3_2898_4008_8765_edd0a09a62be_1503939763086_2"},{"key":"?cn","val":"NO_2870195f_09a8_4335_8b34_dbc958e09aab_1503939771433_0"},{"key":"?claimantFullName","val":"Ashok A. Dietrich"}]},{"result":[{"key":"?v","val":"VO_8e43c4c3_2898_4008_8765_edd0a09a62be_1503939763086_0"},{"key":"?c","val":"VO_8e43c4c3_2898_4008_8765_edd0a09a62be_1503939763086_2"},{"key":"?cn","val":"VO_8e43c4c3_2898_4008_8765_edd0a09a62be_1503939763086_1"},{"key":"?claimantFullName","val":"Ashok A. Dietrich"}]}]},{"query":"?- ?v:AE#VATravelVoucher, ?v[AE#hasVoucherClaimant->?c], ?c[AE#hasName->?cn], ?cn[AE#hasFirstName->?claimantFirstName].","resultList":[{"result":[{"key":"?v","val":"VO_8e43c4c3_2898_4008_8765_edd0a09a62be_1503939763086_0"},{"key":"?c","val":"VO_8e43c4c3_2898_4008_8765_edd0a09a62be_1503939763086_2"},{"key":"?cn","val":"NO_2870195f_09a8_4335_8b34_dbc958e09aab_1503939771433_0"},{"key":"?claimantFirstName","val":"ashok"}]}]},{"query":"?- ?v:AE#VATravelVoucher, ?v[AE#hasVoucherClaimant->?c], ?c[AE#hasName->?cn], ?cn[AE#hasLastName->?claimantLastName].","resultList":[{"result":[{"key":"?v","val":"VO_8e43c4c3_2898_4008_8765_edd0a09a62be_1503939763086_0"},{"key":"?c","val":"VO_8e43c4c3_2898_4008_8765_edd0a09a62be_1503939763086_2"},{"key":"?cn","val":"NO_2870195f_09a8_4335_8b34_dbc958e09aab_1503939771433_0"},{"key":"?claimantLastName","val":"dietrich"}]}]},{"query":"?- ?v:AE#VATravelVoucher, ?v[AE#hasVoucherClaimant->?c], ?c[AE#hasSocialSecurityNumber->?s], ?s[label->?claimantSsn].","resultList":[{"result":[{"key":"?v","val":"VO_8e43c4c3_2898_4008_8765_edd0a09a62be_1503939763086_0"},{"key":"?c","val":"VO_8e43c4c3_2898_4008_8765_edd0a09a62be_1503939763086_2"},{"key":"?s","val":"VO_8e43c4c3_2898_4008_8765_edd0a09a62be_1503939763086_12"},{"key":"?claimantSsn","val":"561-44-8645"}]}]},{"query":"?- ?v:AE#VATravelVoucher, ?v[AE#hasVoucherClaimant->?c], ?c[AE#hasLiens->?claimantHasLiens].","resultList":[{"result":[{"key":"?v","val":"VO_8e43c4c3_2898_4008_8765_edd0a09a62be_1503939763086_0"},{"key":"?c","val":"VO_8e43c4c3_2898_4008_8765_edd0a09a62be_1503939763086_2"},{"key":"?claimantHasLiens","val":"AE#UnknownLienReport"}]}]},{"query":"?- ?v:AE#VATravelVoucher, ?v[AE#hasVoucherClaimant->?c], ?c[AE#hasDeclaredBankruptcy->?claimantHasDeclaredBankruptcy].","resultList":[{"result":[{"key":"?v","val":"VO_8e43c4c3_2898_4008_8765_edd0a09a62be_1503939763086_0"},{"key":"?c","val":"VO_8e43c4c3_2898_4008_8765_edd0a09a62be_1503939763086_2"},{"key":"?claimantHasDeclaredBankruptcy","val":"AE#NoBankruptcyReport"}]}]},{"query":"?- ?v:AE#VATravelVoucher, ?v[AE#hasVoucherClaimant->?c], ?c[AE#hasArrestRecord->?claimantHasArrestRecord].","resultList":[{"result":[{"key":"?v","val":"VO_8e43c4c3_2898_4008_8765_edd0a09a62be_1503939763086_0"},{"key":"?c","val":"VO_8e43c4c3_2898_4008_8765_edd0a09a62be_1503939763086_2"},{"key":"?claimantHasArrestRecord","val":"AE#NoArrestRecord"}]}]},{"query":"?- ?v:AE#VATravelVoucher, ?v[AE#hasVoucherClaimant->?c], ?c[AE#hasCriminalRecord->?claimantHasCriminalRecord].","resultList":[{"result":[{"key":"?v","val":"VO_8e43c4c3_2898_4008_8765_edd0a09a62be_1503939763086_0"},{"key":"?c","val":"VO_8e43c4c3_2898_4008_8765_edd0a09a62be_1503939763086_2"},{"key":"?claimantHasCriminalRecord","val":"AE#NoCriminalRecord"}]}]},{"query":"?- ?v:AE#VATravelVoucher, ?v[AE#hasVoucherBeneficiary->?b], ?b[AE#hasName->?cn], ?cn[label->?beneficiaryFullName].","resultList":[{"result":[{"key":"?v","val":"VO_8e43c4c3_2898_4008_8765_edd0a09a62be_1503939763086_0"},{"key":"?b","val":"VO_8e43c4c3_2898_4008_8765_edd0a09a62be_1503939763086_11"},{"key":"?cn","val":"VO_8e43c4c3_2898_4008_8765_edd0a09a62be_1503939763086_10"},{"key":"?beneficiaryFullName","val":"James Jason Bear"}]},{"result":[{"key":"?v","val":"VO_8e43c4c3_2898_4008_8765_edd0a09a62be_1503939763086_0"},{"key":"?b","val":"VO_8e43c4c3_2898_4008_8765_edd0a09a62be_1503939763086_11"},{"key":"?cn","val":"NO_083c17c3_a69b_4995_87d6_2edbea82c637_1503939769389_0"},{"key":"?beneficiaryFullName","val":"James Jason Bear"}]}]},{"query":"?- ?v:AE#VATravelVoucher, ?v[AE#hasVoucherBeneficiary->?b], ?b[AE#hasName->?cn], ?cn[AE#hasFirstName->?beneficiaryFirstName].","resultList":[{"result":[{"key":"?v","val":"VO_8e43c4c3_2898_4008_8765_edd0a09a62be_1503939763086_0"},{"key":"?b","val":"VO_8e43c4c3_2898_4008_8765_edd0a09a62be_1503939763086_11"},{"key":"?cn","val":"NO_083c17c3_a69b_4995_87d6_2edbea82c637_1503939769389_0"},{"key":"?beneficiaryFirstName","val":"james"}]}]},{"query":"?- ?v:AE#VATravelVoucher, ?v[AE#hasVoucherBeneficiary->?b], ?b[AE#hasName->?cn], ?cn[AE#hasLastName->?beneficiaryLastName].","resultList":[{"result":[{"key":"?v","val":"VO_8e43c4c3_2898_4008_8765_edd0a09a62be_1503939763086_0"},{"key":"?b","val":"VO_8e43c4c3_2898_4008_8765_edd0a09a62be_1503939763086_11"},{"key":"?cn","val":"NO_083c17c3_a69b_4995_87d6_2edbea82c637_1503939769389_0"},{"key":"?beneficiaryLastName","val":"bear"}]}]},{"query":"?- ?v:AE#VATravelVoucher, ?v[AE#hasVoucherBeneficiary->?b], ?b[AE#hasSocialSecurityNumber->?s], ?s[label->?beneficiarySsn].","resultList":[{"result":[{"key":"?v","val":"VO_8e43c4c3_2898_4008_8765_edd0a09a62be_1503939763086_0"},{"key":"?b","val":"VO_8e43c4c3_2898_4008_8765_edd0a09a62be_1503939763086_11"},{"key":"?s","val":"VO_8e43c4c3_2898_4008_8765_edd0a09a62be_1503939763086_9"},{"key":"?beneficiarySsn","val":"200-38-9496"}]}]},{"query":"?- ?v:AE#VATravelVoucher, ?v[AE#hasVoucherBeneficiary->?b], ?b[AE#hasLiens->?beneficiaryHasLiens].","resultList":[{"result":[{"key":"?v","val":"VO_8e43c4c3_2898_4008_8765_edd0a09a62be_1503939763086_0"},{"key":"?b","val":"VO_8e43c4c3_2898_4008_8765_edd0a09a62be_1503939763086_11"},{"key":"?beneficiaryHasLiens","val":"AE#NoLienReport"}]}]},{"query":"?- ?v:AE#VATravelVoucher, ?v[AE#hasVoucherBeneficiary->?b], ?b[AE#hasDeclaredBankruptcy->?beneficiaryHasDeclaredBankruptcy].","resultList":[{"result":[{"key":"?v","val":"VO_8e43c4c3_2898_4008_8765_edd0a09a62be_1503939763086_0"},{"key":"?b","val":"VO_8e43c4c3_2898_4008_8765_edd0a09a62be_1503939763086_11"},{"key":"?beneficiaryHasDeclaredBankruptcy","val":"AE#NoBankruptcyReport"}]}]},{"query":"?- ?v:AE#VATravelVoucher, ?v[AE#hasVoucherBeneficiary->?b], ?b[AE#hasArrestRecord->?beneficiaryHasArrestRecord].","resultList":[{"result":[{"key":"?v","val":"VO_8e43c4c3_2898_4008_8765_edd0a09a62be_1503939763086_0"},{"key":"?b","val":"VO_8e43c4c3_2898_4008_8765_edd0a09a62be_1503939763086_11"},{"key":"?beneficiaryHasArrestRecord","val":"AE#NoArrestRecord"}]}]},{"query":"?- ?v:AE#VATravelVoucher, ?v[AE#hasVoucherBeneficiary->?b], ?b[AE#hasCriminalRecord->?beneficiaryHasCriminalRecord].","resultList":[{"result":[{"key":"?v","val":"VO_8e43c4c3_2898_4008_8765_edd0a09a62be_1503939763086_0"},{"key":"?b","val":"VO_8e43c4c3_2898_4008_8765_edd0a09a62be_1503939763086_11"},{"key":"?beneficiaryHasCriminalRecord","val":"AE#NoCriminalRecord"}]}]},{"query":"?- ?t:AE#Travelling, ?t[AE#hasPath->?p], ?p[AE#hasDistance->?d], ?d[AE#numericValue->?expectedDistanceValue], ?d[AE#hasUnitOfMeasure->?unitOfDistanceMeasure].","resultList":[{"result":[{"key":"?t","val":"VO_8e43c4c3_2898_4008_8765_edd0a09a62be_1503939763086_6"},{"key":"?p","val":"ES_849a04ae_54b3_406e_8b26_308e3ddeeead_1503939791197_4"},{"key":"?d","val":"ES_849a04ae_54b3_406e_8b26_308e3ddeeead_1503939791197_0"},{"key":"?expectedDistanceValue","val":"8771.6112570495461113750934600830078125"},{"key":"?unitOfDistanceMeasure","val":"meters"}]}]},{"query":"?- ?t:AE#Travelling, ?t[AE#hasPath->?p], ?p[AE#hasExpectedTravelTime->?d], ?d[AE#numericValue->?expectedTimeValue], ?d[AE#hasUnitOfMeasure->?unitOfTimeMeasure].","resultList":[{"result":[{"key":"?t","val":"VO_8e43c4c3_2898_4008_8765_edd0a09a62be_1503939763086_6"},{"key":"?p","val":"ES_849a04ae_54b3_406e_8b26_308e3ddeeead_1503939791197_4"},{"key":"?d","val":"ES_849a04ae_54b3_406e_8b26_308e3ddeeead_1503939791197_2"},{"key":"?expectedTimeValue","val":"9.606476986664347350597381591796875"},{"key":"?unitOfTimeMeasure","val":"minutes"}]}]},{"query":"?- ?t:AE#Travelling, ?t[AE#hasDestination->?d], ?d[label->?destinationFullAddress].","resultList":[{"result":[{"key":"?t","val":"VO_8e43c4c3_2898_4008_8765_edd0a09a62be_1503939763086_7"},{"key":"?d","val":"VO_8e43c4c3_2898_4008_8765_edd0a09a62be_1503939763086_8"},{"key":"?destinationFullAddress","val":"2790 Truxton Road, Suite 130, San Diego, CA 92106"}]},{"result":[{"key":"?t","val":"VO_8e43c4c3_2898_4008_8765_edd0a09a62be_1503939763086_6"},{"key":"?d","val":"VO_8e43c4c3_2898_4008_8765_edd0a09a62be_1503939763086_5"},{"key":"?destinationFullAddress","val":"59 Strawberry Street San Diego, CA 92117"}]}]},{"query":"?- ?t:AE#Travelling, ?t[AE#hasDestination->?d], ?d[AE#hasStreet->?s], ?s[label->?destinationStreetName], ?d[AE#hasCity->?c], ?c[label->?destinationCity], ?d[AE#hasState->?st], ?st[label->?destinationState], ?d[AE#hasZipcode->?destinationZipCode].","resultList":[{"result":[{"key":"?t","val":"VO_8e43c4c3_2898_4008_8765_edd0a09a62be_1503939763086_7"},{"key":"?d","val":"VO_8e43c4c3_2898_4008_8765_edd0a09a62be_1503939763086_8"},{"key":"?s","val":"NO_fb2a2d8b_60c4_4b23_a0d6_39b1285f58d7_1503939773615_id5"},{"key":"?destinationStreetName","val":"2790 Truxton Road"},{"key":"?c","val":"NO_fb2a2d8b_60c4_4b23_a0d6_39b1285f58d7_1503939773615_id11"},{"key":"?destinationCity","val":"San Diego"},{"key":"?st","val":"NO_fb2a2d8b_60c4_4b23_a0d6_39b1285f58d7_1503939773615_id13"},{"key":"?destinationState","val":"CA"},{"key":"?destinationZipCode","val":"92106"}]},{"result":[{"key":"?t","val":"VO_8e43c4c3_2898_4008_8765_edd0a09a62be_1503939763086_6"},{"key":"?d","val":"VO_8e43c4c3_2898_4008_8765_edd0a09a62be_1503939763086_5"},{"key":"?s","val":"NO_b0eec637_f68c_449a_bd06_7c2e208f1046_1503939775790_id3"},{"key":"?destinationStreetName","val":"59 Strawberry Street"},{"key":"?c","val":"NO_b0eec637_f68c_449a_bd06_7c2e208f1046_1503939775790_id9"},{"key":"?destinationCity","val":"San Diego"},{"key":"?st","val":"NO_b0eec637_f68c_449a_bd06_7c2e208f1046_1503939775790_id11"},{"key":"?destinationState","val":"CA"},{"key":"?destinationZipCode","val":"92117"}]}]},{"query":"?- ?t:AE#Travelling, ?t[AE#hasOrigin->?d], ?d[label->?originFullAddress].","resultList":[{"result":[{"key":"?t","val":"VO_8e43c4c3_2898_4008_8765_edd0a09a62be_1503939763086_7"},{"key":"?d","val":"VO_8e43c4c3_2898_4008_8765_edd0a09a62be_1503939763086_3"},{"key":"?originFullAddress","val":"3341 Riviera Dr, San Diego, CA 92109"}]},{"result":[{"key":"?t","val":"VO_8e43c4c3_2898_4008_8765_edd0a09a62be_1503939763086_6"},{"key":"?d","val":"VO_8e43c4c3_2898_4008_8765_edd0a09a62be_1503939763086_8"},{"key":"?originFullAddress","val":"2790 Truxton Road, Suite 130, San Diego, CA 92106"}]}]},{"query":"?- ?t:AE#Travelling, ?t[AE#hasOrigin->?d], ?d[AE#hasStreet->?s], ?s[label->?originStreetName], ?d[AE#hasCity->?c], ?c[label->?originCity], ?d[AE#hasState->?st], ?st[label->?originState], ?d[AE#hasZipcode->?originZipCode].","resultList":[{"result":[{"key":"?t","val":"VO_8e43c4c3_2898_4008_8765_edd0a09a62be_1503939763086_7"},{"key":"?d","val":"VO_8e43c4c3_2898_4008_8765_edd0a09a62be_1503939763086_3"},{"key":"?s","val":"NO_3f560167_e2c6_42d1_b7f6_54268a5aa6cc_1503939777737_id3"},{"key":"?originStreetName","val":"3341 Riviera Dr"},{"key":"?c","val":"NO_3f560167_e2c6_42d1_b7f6_54268a5aa6cc_1503939777737_id9"},{"key":"?originCity","val":"San Diego"},{"key":"?st","val":"NO_3f560167_e2c6_42d1_b7f6_54268a5aa6cc_1503939777737_id11"},{"key":"?originState","val":"CA"},{"key":"?originZipCode","val":"92109"}]},{"result":[{"key":"?t","val":"VO_8e43c4c3_2898_4008_8765_edd0a09a62be_1503939763086_6"},{"key":"?d","val":"VO_8e43c4c3_2898_4008_8765_edd0a09a62be_1503939763086_8"},{"key":"?s","val":"NO_fb2a2d8b_60c4_4b23_a0d6_39b1285f58d7_1503939773615_id5"},{"key":"?originStreetName","val":"2790 Truxton Road"},{"key":"?c","val":"NO_fb2a2d8b_60c4_4b23_a0d6_39b1285f58d7_1503939773615_id11"},{"key":"?originCity","val":"San Diego"},{"key":"?st","val":"NO_fb2a2d8b_60c4_4b23_a0d6_39b1285f58d7_1503939773615_id13"},{"key":"?originState","val":"CA"},{"key":"?originZipCode","val":"92106"}]}]},{"query":"?- ?t:AE#Travelling, ?t[AE#hasPath->?p], ?p[AE#hasStartRegion->?s], ?s[AE#hasLatitude->?originLatitude], ?s[AE#hasLongitude->?originLongitude].","resultList":[{"result":[{"key":"?t","val":"VO_8e43c4c3_2898_4008_8765_edd0a09a62be_1503939763086_6"},{"key":"?p","val":"ES_849a04ae_54b3_406e_8b26_308e3ddeeead_1503939791197_4"},{"key":"?s","val":"ES_849a04ae_54b3_406e_8b26_308e3ddeeead_1503939791197_3"},{"key":"?originLatitude","val":"32.74051839275188058309140615165233612060546875"},{"key":"?originLongitude","val":"-117.2130215001728856805129908025264739990234375"}]}]},{"query":"?- ?t:AE#Travelling, ?t[AE#hasPath->?p], ?p[AE#hasEndRegion->?e], ?e[AE#hasLatitude->?destinationLatitude], ?e[AE#hasLongitude->?destinationLongitude].","resultList":[{"result":[{"key":"?t","val":"VO_8e43c4c3_2898_4008_8765_edd0a09a62be_1503939763086_6"},{"key":"?p","val":"ES_849a04ae_54b3_406e_8b26_308e3ddeeead_1503939791197_4"},{"key":"?e","val":"ES_849a04ae_54b3_406e_8b26_308e3ddeeead_1503939791197_1"},{"key":"?destinationLatitude","val":"32.79662300000001096123014576733112335205078125"},{"key":"?destinationLongitude","val":"-117.197813600000017686397768557071685791015625"}]}]}]}
