{"dataList":[{"query":"?- ?v:AE#VATravelVoucher, ?v[AE#hasVoucherClaimant->?c], ?c[AE#hasName->?cn], ?cn[label->?claimantFullName].","resultList":[{"result":[{"key":"?v","val":"VO_8154a931_6484_4bc5_a7dd_3b6dbdef6b38_1503944629824_0"},{"key":"?c","val":"VO_8154a931_6484_4bc5_a7dd_3b6dbdef6b38_1503944629824_2"},{"key":"?cn","val":"NO_a7163dc7_39bf_4f8c_8b47_c0cc3d71a6ba_1503944637706_0"},{"key":"?claimantFullName","val":"John Martin Dawe"}]},{"result":[{"key":"?v","val":"VO_8154a931_6484_4bc5_a7dd_3b6dbdef6b38_1503944629824_0"},{"key":"?c","val":"VO_8154a931_6484_4bc5_a7dd_3b6dbdef6b38_1503944629824_2"},{"key":"?cn","val":"VO_8154a931_6484_4bc5_a7dd_3b6dbdef6b38_1503944629824_1"},{"key":"?claimantFullName","val":"John Martin Dawe"}]}]},{"query":"?- ?v:AE#VATravelVoucher, ?v[AE#hasVoucherClaimant->?c], ?c[AE#hasName->?cn], ?cn[AE#hasFirstName->?claimantFirstName].","resultList":[{"result":[{"key":"?v","val":"VO_8154a931_6484_4bc5_a7dd_3b6dbdef6b38_1503944629824_0"},{"key":"?c","val":"VO_8154a931_6484_4bc5_a7dd_3b6dbdef6b38_1503944629824_2"},{"key":"?cn","val":"NO_a7163dc7_39bf_4f8c_8b47_c0cc3d71a6ba_1503944637706_0"},{"key":"?claimantFirstName","val":"john"}]}]},{"query":"?- ?v:AE#VATravelVoucher, ?v[AE#hasVoucherClaimant->?c], ?c[AE#hasName->?cn], ?cn[AE#hasLastName->?claimantLastName].","resultList":[{"result":[{"key":"?v","val":"VO_8154a931_6484_4bc5_a7dd_3b6dbdef6b38_1503944629824_0"},{"key":"?c","val":"VO_8154a931_6484_4bc5_a7dd_3b6dbdef6b38_1503944629824_2"},{"key":"?cn","val":"NO_a7163dc7_39bf_4f8c_8b47_c0cc3d71a6ba_1503944637706_0"},{"key":"?claimantLastName","val":"dawe"}]}]},{"query":"?- ?v:AE#VATravelVoucher, ?v[AE#hasVoucherClaimant->?c], ?c[AE#hasSocialSecurityNumber->?s], ?s[label->?claimantSsn].","resultList":[{"result":[{"key":"?v","val":"VO_8154a931_6484_4bc5_a7dd_3b6dbdef6b38_1503944629824_0"},{"key":"?c","val":"VO_8154a931_6484_4bc5_a7dd_3b6dbdef6b38_1503944629824_2"},{"key":"?s","val":"VO_8154a931_6484_4bc5_a7dd_3b6dbdef6b38_1503944629824_12"},{"key":"?claimantSsn","val":"831-99-0680"}]}]},{"query":"?- ?v:AE#VATravelVoucher, ?v[AE#hasVoucherClaimant->?c], ?c[AE#hasLiens->?claimantHasLiens].","resultList":[{"result":[{"key":"?v","val":"VO_8154a931_6484_4bc5_a7dd_3b6dbdef6b38_1503944629824_0"},{"key":"?c","val":"VO_8154a931_6484_4bc5_a7dd_3b6dbdef6b38_1503944629824_2"},{"key":"?claimantHasLiens","val":"AE#UnknownLienReport"}]}]},{"query":"?- ?v:AE#VATravelVoucher, ?v[AE#hasVoucherClaimant->?c], ?c[AE#hasDeclaredBankruptcy->?claimantHasDeclaredBankruptcy].","resultList":[{"result":[{"key":"?v","val":"VO_8154a931_6484_4bc5_a7dd_3b6dbdef6b38_1503944629824_0"},{"key":"?c","val":"VO_8154a931_6484_4bc5_a7dd_3b6dbdef6b38_1503944629824_2"},{"key":"?claimantHasDeclaredBankruptcy","val":"AE#NoBankruptcyReport"}]}]},{"query":"?- ?v:AE#VATravelVoucher, ?v[AE#hasVoucherClaimant->?c], ?c[AE#hasArrestRecord->?claimantHasArrestRecord].","resultList":[{"result":[{"key":"?v","val":"VO_8154a931_6484_4bc5_a7dd_3b6dbdef6b38_1503944629824_0"},{"key":"?c","val":"VO_8154a931_6484_4bc5_a7dd_3b6dbdef6b38_1503944629824_2"},{"key":"?claimantHasArrestRecord","val":"AE#NoArrestRecord"}]}]},{"query":"?- ?v:AE#VATravelVoucher, ?v[AE#hasVoucherClaimant->?c], ?c[AE#hasCriminalRecord->?claimantHasCriminalRecord].","resultList":[{"result":[{"key":"?v","val":"VO_8154a931_6484_4bc5_a7dd_3b6dbdef6b38_1503944629824_0"},{"key":"?c","val":"VO_8154a931_6484_4bc5_a7dd_3b6dbdef6b38_1503944629824_2"},{"key":"?claimantHasCriminalRecord","val":"AE#NoCriminalRecord"}]}]},{"query":"?- ?v:AE#VATravelVoucher, ?v[AE#hasVoucherBeneficiary->?b], ?b[AE#hasName->?cn], ?cn[label->?beneficiaryFullName].","resultList":[{"result":[{"key":"?v","val":"VO_8154a931_6484_4bc5_a7dd_3b6dbdef6b38_1503944629824_0"},{"key":"?b","val":"VO_8154a931_6484_4bc5_a7dd_3b6dbdef6b38_1503944629824_11"},{"key":"?cn","val":"VO_8154a931_6484_4bc5_a7dd_3b6dbdef6b38_1503944629824_10"},{"key":"?beneficiaryFullName","val":"John Martin Dawe"}]},{"result":[{"key":"?v","val":"VO_8154a931_6484_4bc5_a7dd_3b6dbdef6b38_1503944629824_0"},{"key":"?b","val":"VO_8154a931_6484_4bc5_a7dd_3b6dbdef6b38_1503944629824_11"},{"key":"?cn","val":"NO_6f9df8c2_39ff_4195_bc89_ef614b4c5b46_1503944635733_0"},{"key":"?beneficiaryFullName","val":"John Martin Dawe"}]}]},{"query":"?- ?v:AE#VATravelVoucher, ?v[AE#hasVoucherBeneficiary->?b], ?b[AE#hasName->?cn], ?cn[AE#hasFirstName->?beneficiaryFirstName].","resultList":[{"result":[{"key":"?v","val":"VO_8154a931_6484_4bc5_a7dd_3b6dbdef6b38_1503944629824_0"},{"key":"?b","val":"VO_8154a931_6484_4bc5_a7dd_3b6dbdef6b38_1503944629824_11"},{"key":"?cn","val":"NO_6f9df8c2_39ff_4195_bc89_ef614b4c5b46_1503944635733_0"},{"key":"?beneficiaryFirstName","val":"john"}]}]},{"query":"?- ?v:AE#VATravelVoucher, ?v[AE#hasVoucherBeneficiary->?b], ?b[AE#hasName->?cn], ?cn[AE#hasLastName->?beneficiaryLastName].","resultList":[{"result":[{"key":"?v","val":"VO_8154a931_6484_4bc5_a7dd_3b6dbdef6b38_1503944629824_0"},{"key":"?b","val":"VO_8154a931_6484_4bc5_a7dd_3b6dbdef6b38_1503944629824_11"},{"key":"?cn","val":"NO_6f9df8c2_39ff_4195_bc89_ef614b4c5b46_1503944635733_0"},{"key":"?beneficiaryLastName","val":"dawe"}]}]},{"query":"?- ?v:AE#VATravelVoucher, ?v[AE#hasVoucherBeneficiary->?b], ?b[AE#hasSocialSecurityNumber->?s], ?s[label->?beneficiarySsn].","resultList":[{"result":[{"key":"?v","val":"VO_8154a931_6484_4bc5_a7dd_3b6dbdef6b38_1503944629824_0"},{"key":"?b","val":"VO_8154a931_6484_4bc5_a7dd_3b6dbdef6b38_1503944629824_11"},{"key":"?s","val":"VO_8154a931_6484_4bc5_a7dd_3b6dbdef6b38_1503944629824_9"},{"key":"?beneficiarySsn","val":"831-99-0680"}]}]},{"query":"?- ?v:AE#VATravelVoucher, ?v[AE#hasVoucherBeneficiary->?b], ?b[AE#hasLiens->?beneficiaryHasLiens].","resultList":[{"result":[{"key":"?v","val":"VO_8154a931_6484_4bc5_a7dd_3b6dbdef6b38_1503944629824_0"},{"key":"?b","val":"VO_8154a931_6484_4bc5_a7dd_3b6dbdef6b38_1503944629824_11"},{"key":"?beneficiaryHasLiens","val":"AE#UnknownLienReport"}]}]},{"query":"?- ?v:AE#VATravelVoucher, ?v[AE#hasVoucherBeneficiary->?b], ?b[AE#hasDeclaredBankruptcy->?beneficiaryHasDeclaredBankruptcy].","resultList":[{"result":[{"key":"?v","val":"VO_8154a931_6484_4bc5_a7dd_3b6dbdef6b38_1503944629824_0"},{"key":"?b","val":"VO_8154a931_6484_4bc5_a7dd_3b6dbdef6b38_1503944629824_11"},{"key":"?beneficiaryHasDeclaredBankruptcy","val":"AE#NoBankruptcyReport"}]}]},{"query":"?- ?v:AE#VATravelVoucher, ?v[AE#hasVoucherBeneficiary->?b], ?b[AE#hasArrestRecord->?beneficiaryHasArrestRecord].","resultList":[{"result":[{"key":"?v","val":"VO_8154a931_6484_4bc5_a7dd_3b6dbdef6b38_1503944629824_0"},{"key":"?b","val":"VO_8154a931_6484_4bc5_a7dd_3b6dbdef6b38_1503944629824_11"},{"key":"?beneficiaryHasArrestRecord","val":"AE#NoArrestRecord"}]}]},{"query":"?- ?v:AE#VATravelVoucher, ?v[AE#hasVoucherBeneficiary->?b], ?b[AE#hasCriminalRecord->?beneficiaryHasCriminalRecord].","resultList":[{"result":[{"key":"?v","val":"VO_8154a931_6484_4bc5_a7dd_3b6dbdef6b38_1503944629824_0"},{"key":"?b","val":"VO_8154a931_6484_4bc5_a7dd_3b6dbdef6b38_1503944629824_11"},{"key":"?beneficiaryHasCriminalRecord","val":"AE#NoCriminalRecord"}]}]},{"query":"?- ?t:AE#Travelling, ?t[AE#hasPath->?p], ?p[AE#hasDistance->?d], ?d[AE#numericValue->?expectedDistanceValue], ?d[AE#hasUnitOfMeasure->?unitOfDistanceMeasure].","resultList":[{"result":[{"key":"?t","val":"VO_8154a931_6484_4bc5_a7dd_3b6dbdef6b38_1503944629824_6"},{"key":"?p","val":"ES_4633dbc5_8beb_444e_b779_549ac950bf3f_1503944657912_4"},{"key":"?d","val":"ES_4633dbc5_8beb_444e_b779_549ac950bf3f_1503944657912_0"},{"key":"?expectedDistanceValue","val":"20280.4003677915898151695728302001953125"},{"key":"?unitOfDistanceMeasure","val":"meters"}]}]},{"query":"?- ?t:AE#Travelling, ?t[AE#hasPath->?p], ?p[AE#hasExpectedTravelTime->?d], ?d[AE#numericValue->?expectedTimeValue], ?d[AE#hasUnitOfMeasure->?unitOfTimeMeasure].","resultList":[{"result":[{"key":"?t","val":"VO_8154a931_6484_4bc5_a7dd_3b6dbdef6b38_1503944629824_6"},{"key":"?p","val":"ES_4633dbc5_8beb_444e_b779_549ac950bf3f_1503944657912_4"},{"key":"?d","val":"ES_4633dbc5_8beb_444e_b779_549ac950bf3f_1503944657912_2"},{"key":"?expectedTimeValue","val":"15.09631057851947844028472900390625"},{"key":"?unitOfTimeMeasure","val":"minutes"}]}]},{"query":"?- ?t:AE#Travelling, ?t[AE#hasDestination->?d], ?d[label->?destinationFullAddress].","resultList":[{"result":[{"key":"?t","val":"VO_8154a931_6484_4bc5_a7dd_3b6dbdef6b38_1503944629824_7"},{"key":"?d","val":"VO_8154a931_6484_4bc5_a7dd_3b6dbdef6b38_1503944629824_8"},{"key":"?destinationFullAddress","val":"2790 Truxton Road, Suite 130, San Diego, CA 92106"}]},{"result":[{"key":"?t","val":"VO_8154a931_6484_4bc5_a7dd_3b6dbdef6b38_1503944629824_6"},{"key":"?d","val":"VO_8154a931_6484_4bc5_a7dd_3b6dbdef6b38_1503944629824_5"},{"key":"?destinationFullAddress","val":"278 Mountainview Drive San Diego, CA 92126"}]}]},{"query":"?- ?t:AE#Travelling, ?t[AE#hasDestination->?d], ?d[AE#hasStreet->?s], ?s[label->?destinationStreetName], ?d[AE#hasCity->?c], ?c[label->?destinationCity], ?d[AE#hasState->?st], ?st[label->?destinationState], ?d[AE#hasZipcode->?destinationZipCode].","resultList":[{"result":[{"key":"?t","val":"VO_8154a931_6484_4bc5_a7dd_3b6dbdef6b38_1503944629824_7"},{"key":"?d","val":"VO_8154a931_6484_4bc5_a7dd_3b6dbdef6b38_1503944629824_8"},{"key":"?s","val":"NO_e94e1df9_89d0_4b96_b014_949a0dea3f1c_1503944639614_id5"},{"key":"?destinationStreetName","val":"2790 Truxton Road"},{"key":"?c","val":"NO_e94e1df9_89d0_4b96_b014_949a0dea3f1c_1503944639614_id11"},{"key":"?destinationCity","val":"San Diego"},{"key":"?st","val":"NO_e94e1df9_89d0_4b96_b014_949a0dea3f1c_1503944639614_id13"},{"key":"?destinationState","val":"CA"},{"key":"?destinationZipCode","val":"92106"}]},{"result":[{"key":"?t","val":"VO_8154a931_6484_4bc5_a7dd_3b6dbdef6b38_1503944629824_6"},{"key":"?d","val":"VO_8154a931_6484_4bc5_a7dd_3b6dbdef6b38_1503944629824_5"},{"key":"?s","val":"NO_9117e709_6551_44f1_bec7_7e94a259d729_1503944642117_id3"},{"key":"?destinationStreetName","val":"278 Mountainview Drive"},{"key":"?c","val":"NO_9117e709_6551_44f1_bec7_7e94a259d729_1503944642117_id9"},{"key":"?destinationCity","val":"San Diego"},{"key":"?st","val":"NO_9117e709_6551_44f1_bec7_7e94a259d729_1503944642117_id11"},{"key":"?destinationState","val":"CA"},{"key":"?destinationZipCode","val":"92126"}]}]},{"query":"?- ?t:AE#Travelling, ?t[AE#hasOrigin->?d], ?d[label->?originFullAddress].","resultList":[{"result":[{"key":"?t","val":"VO_8154a931_6484_4bc5_a7dd_3b6dbdef6b38_1503944629824_7"},{"key":"?d","val":"VO_8154a931_6484_4bc5_a7dd_3b6dbdef6b38_1503944629824_3"},{"key":"?originFullAddress","val":"278 Mountainview Drive San Diego, CA 92126"}]},{"result":[{"key":"?t","val":"VO_8154a931_6484_4bc5_a7dd_3b6dbdef6b38_1503944629824_6"},{"key":"?d","val":"VO_8154a931_6484_4bc5_a7dd_3b6dbdef6b38_1503944629824_8"},{"key":"?originFullAddress","val":"2790 Truxton Road, Suite 130, San Diego, CA 92106"}]}]},{"query":"?- ?t:AE#Travelling, ?t[AE#hasOrigin->?d], ?d[AE#hasStreet->?s], ?s[label->?originStreetName], ?d[AE#hasCity->?c], ?c[label->?originCity], ?d[AE#hasState->?st], ?st[label->?originState], ?d[AE#hasZipcode->?originZipCode].","resultList":[{"result":[{"key":"?t","val":"VO_8154a931_6484_4bc5_a7dd_3b6dbdef6b38_1503944629824_7"},{"key":"?d","val":"VO_8154a931_6484_4bc5_a7dd_3b6dbdef6b38_1503944629824_3"},{"key":"?s","val":"NO_1f43190f_43c3_419d_8b31_b4dd5f79575d_1503944644351_id3"},{"key":"?originStreetName","val":"278 Mountainview Drive"},{"key":"?c","val":"NO_1f43190f_43c3_419d_8b31_b4dd5f79575d_1503944644351_id9"},{"key":"?originCity","val":"San Diego"},{"key":"?st","val":"NO_1f43190f_43c3_419d_8b31_b4dd5f79575d_1503944644351_id11"},{"key":"?originState","val":"CA"},{"key":"?originZipCode","val":"92126"}]},{"result":[{"key":"?t","val":"VO_8154a931_6484_4bc5_a7dd_3b6dbdef6b38_1503944629824_6"},{"key":"?d","val":"VO_8154a931_6484_4bc5_a7dd_3b6dbdef6b38_1503944629824_8"},{"key":"?s","val":"NO_e94e1df9_89d0_4b96_b014_949a0dea3f1c_1503944639614_id5"},{"key":"?originStreetName","val":"2790 Truxton Road"},{"key":"?c","val":"NO_e94e1df9_89d0_4b96_b014_949a0dea3f1c_1503944639614_id11"},{"key":"?originCity","val":"San Diego"},{"key":"?st","val":"NO_e94e1df9_89d0_4b96_b014_949a0dea3f1c_1503944639614_id13"},{"key":"?originState","val":"CA"},{"key":"?originZipCode","val":"92106"}]}]},{"query":"?- ?t:AE#Travelling, ?t[AE#hasPath->?p], ?p[AE#hasStartRegion->?s], ?s[AE#hasLatitude->?originLatitude], ?s[AE#hasLongitude->?originLongitude].","resultList":[{"result":[{"key":"?t","val":"VO_8154a931_6484_4bc5_a7dd_3b6dbdef6b38_1503944629824_6"},{"key":"?p","val":"ES_4633dbc5_8beb_444e_b779_549ac950bf3f_1503944657912_4"},{"key":"?s","val":"ES_4633dbc5_8beb_444e_b779_549ac950bf3f_1503944657912_3"},{"key":"?originLatitude","val":"32.74051839275188058309140615165233612060546875"},{"key":"?originLongitude","val":"-117.2130215001728856805129908025264739990234375"}]}]},{"query":"?- ?t:AE#Travelling, ?t[AE#hasPath->?p], ?p[AE#hasEndRegion->?e], ?e[AE#hasLatitude->?destinationLatitude], ?e[AE#hasLongitude->?destinationLongitude].","resultList":[{"result":[{"key":"?t","val":"VO_8154a931_6484_4bc5_a7dd_3b6dbdef6b38_1503944629824_6"},{"key":"?p","val":"ES_4633dbc5_8beb_444e_b779_549ac950bf3f_1503944657912_4"},{"key":"?e","val":"ES_4633dbc5_8beb_444e_b779_549ac950bf3f_1503944657912_1"},{"key":"?destinationLatitude","val":"32.6483734927119115809546201489865779876708984375"},{"key":"?destinationLongitude","val":"-117.079831109999389582299045287072658538818359375"}]}]}]}
