{"dataList":[{"query":"?- ?v:AE#VATravelVoucher, ?v[AE#hasVoucherClaimant->?c], ?c[AE#hasName->?cn], ?cn[label->?claimantFullName].","resultList":[{"result":[{"key":"?v","val":"VO_8a42dcdf_a89b_437c_9128_372774b0aef0_1503939865687_0"},{"key":"?c","val":"VO_8a42dcdf_a89b_437c_9128_372774b0aef0_1503939865687_2"},{"key":"?cn","val":"VO_8a42dcdf_a89b_437c_9128_372774b0aef0_1503939865687_1"},{"key":"?claimantFullName","val":"Tom K. Shafique"}]},{"result":[{"key":"?v","val":"VO_8a42dcdf_a89b_437c_9128_372774b0aef0_1503939865687_0"},{"key":"?c","val":"VO_8a42dcdf_a89b_437c_9128_372774b0aef0_1503939865687_2"},{"key":"?cn","val":"NO_0559077b_804e_4114_bdc8_18589a29690d_1503939875472_0"},{"key":"?claimantFullName","val":"Tom K. Shafique"}]}]},{"query":"?- ?v:AE#VATravelVoucher, ?v[AE#hasVoucherClaimant->?c], ?c[AE#hasName->?cn], ?cn[AE#hasFirstName->?claimantFirstName].","resultList":[{"result":[{"key":"?v","val":"VO_8a42dcdf_a89b_437c_9128_372774b0aef0_1503939865687_0"},{"key":"?c","val":"VO_8a42dcdf_a89b_437c_9128_372774b0aef0_1503939865687_2"},{"key":"?cn","val":"NO_0559077b_804e_4114_bdc8_18589a29690d_1503939875472_0"},{"key":"?claimantFirstName","val":"tom"}]}]},{"query":"?- ?v:AE#VATravelVoucher, ?v[AE#hasVoucherClaimant->?c], ?c[AE#hasName->?cn], ?cn[AE#hasLastName->?claimantLastName].","resultList":[{"result":[{"key":"?v","val":"VO_8a42dcdf_a89b_437c_9128_372774b0aef0_1503939865687_0"},{"key":"?c","val":"VO_8a42dcdf_a89b_437c_9128_372774b0aef0_1503939865687_2"},{"key":"?cn","val":"NO_0559077b_804e_4114_bdc8_18589a29690d_1503939875472_0"},{"key":"?claimantLastName","val":"shafique"}]}]},{"query":"?- ?v:AE#VATravelVoucher, ?v[AE#hasVoucherClaimant->?c], ?c[AE#hasSocialSecurityNumber->?s], ?s[label->?claimantSsn].","resultList":[{"result":[{"key":"?v","val":"VO_8a42dcdf_a89b_437c_9128_372774b0aef0_1503939865687_0"},{"key":"?c","val":"VO_8a42dcdf_a89b_437c_9128_372774b0aef0_1503939865687_2"},{"key":"?s","val":"VO_8a42dcdf_a89b_437c_9128_372774b0aef0_1503939865687_12"},{"key":"?claimantSsn","val":"021-98-7522"}]}]},{"query":"?- ?v:AE#VATravelVoucher, ?v[AE#hasVoucherClaimant->?c], ?c[AE#hasLiens->?claimantHasLiens].","resultList":[{"result":[{"key":"?v","val":"VO_8a42dcdf_a89b_437c_9128_372774b0aef0_1503939865687_0"},{"key":"?c","val":"VO_8a42dcdf_a89b_437c_9128_372774b0aef0_1503939865687_2"},{"key":"?claimantHasLiens","val":"AE#NoLienReport"}]}]},{"query":"?- ?v:AE#VATravelVoucher, ?v[AE#hasVoucherClaimant->?c], ?c[AE#hasDeclaredBankruptcy->?claimantHasDeclaredBankruptcy].","resultList":[{"result":[{"key":"?v","val":"VO_8a42dcdf_a89b_437c_9128_372774b0aef0_1503939865687_0"},{"key":"?c","val":"VO_8a42dcdf_a89b_437c_9128_372774b0aef0_1503939865687_2"},{"key":"?claimantHasDeclaredBankruptcy","val":"AE#NoBankruptcyReport"}]}]},{"query":"?- ?v:AE#VATravelVoucher, ?v[AE#hasVoucherClaimant->?c], ?c[AE#hasArrestRecord->?claimantHasArrestRecord].","resultList":[{"result":[{"key":"?v","val":"VO_8a42dcdf_a89b_437c_9128_372774b0aef0_1503939865687_0"},{"key":"?c","val":"VO_8a42dcdf_a89b_437c_9128_372774b0aef0_1503939865687_2"},{"key":"?claimantHasArrestRecord","val":"AE#NoArrestRecord"}]}]},{"query":"?- ?v:AE#VATravelVoucher, ?v[AE#hasVoucherClaimant->?c], ?c[AE#hasCriminalRecord->?claimantHasCriminalRecord].","resultList":[{"result":[{"key":"?v","val":"VO_8a42dcdf_a89b_437c_9128_372774b0aef0_1503939865687_0"},{"key":"?c","val":"VO_8a42dcdf_a89b_437c_9128_372774b0aef0_1503939865687_2"},{"key":"?claimantHasCriminalRecord","val":"AE#NoCriminalRecord"}]}]},{"query":"?- ?v:AE#VATravelVoucher, ?v[AE#hasVoucherBeneficiary->?b], ?b[AE#hasName->?cn], ?cn[label->?beneficiaryFullName].","resultList":[{"result":[{"key":"?v","val":"VO_8a42dcdf_a89b_437c_9128_372774b0aef0_1503939865687_0"},{"key":"?b","val":"VO_8a42dcdf_a89b_437c_9128_372774b0aef0_1503939865687_11"},{"key":"?cn","val":"VO_8a42dcdf_a89b_437c_9128_372774b0aef0_1503939865687_10"},{"key":"?beneficiaryFullName","val":"Tom K. Shafique"}]},{"result":[{"key":"?v","val":"VO_8a42dcdf_a89b_437c_9128_372774b0aef0_1503939865687_0"},{"key":"?b","val":"VO_8a42dcdf_a89b_437c_9128_372774b0aef0_1503939865687_11"},{"key":"?cn","val":"NO_9c6a626a_defc_4142_b4dd_e2133c34c5bb_1503939873398_0"},{"key":"?beneficiaryFullName","val":"Tom K. Shafique"}]}]},{"query":"?- ?v:AE#VATravelVoucher, ?v[AE#hasVoucherBeneficiary->?b], ?b[AE#hasName->?cn], ?cn[AE#hasFirstName->?beneficiaryFirstName].","resultList":[{"result":[{"key":"?v","val":"VO_8a42dcdf_a89b_437c_9128_372774b0aef0_1503939865687_0"},{"key":"?b","val":"VO_8a42dcdf_a89b_437c_9128_372774b0aef0_1503939865687_11"},{"key":"?cn","val":"NO_9c6a626a_defc_4142_b4dd_e2133c34c5bb_1503939873398_0"},{"key":"?beneficiaryFirstName","val":"tom"}]}]},{"query":"?- ?v:AE#VATravelVoucher, ?v[AE#hasVoucherBeneficiary->?b], ?b[AE#hasName->?cn], ?cn[AE#hasLastName->?beneficiaryLastName].","resultList":[{"result":[{"key":"?v","val":"VO_8a42dcdf_a89b_437c_9128_372774b0aef0_1503939865687_0"},{"key":"?b","val":"VO_8a42dcdf_a89b_437c_9128_372774b0aef0_1503939865687_11"},{"key":"?cn","val":"NO_9c6a626a_defc_4142_b4dd_e2133c34c5bb_1503939873398_0"},{"key":"?beneficiaryLastName","val":"shafique"}]}]},{"query":"?- ?v:AE#VATravelVoucher, ?v[AE#hasVoucherBeneficiary->?b], ?b[AE#hasSocialSecurityNumber->?s], ?s[label->?beneficiarySsn].","resultList":[{"result":[{"key":"?v","val":"VO_8a42dcdf_a89b_437c_9128_372774b0aef0_1503939865687_0"},{"key":"?b","val":"VO_8a42dcdf_a89b_437c_9128_372774b0aef0_1503939865687_11"},{"key":"?s","val":"VO_8a42dcdf_a89b_437c_9128_372774b0aef0_1503939865687_9"},{"key":"?beneficiarySsn","val":"021-98-7522"}]}]},{"query":"?- ?v:AE#VATravelVoucher, ?v[AE#hasVoucherBeneficiary->?b], ?b[AE#hasLiens->?beneficiaryHasLiens].","resultList":[{"result":[{"key":"?v","val":"VO_8a42dcdf_a89b_437c_9128_372774b0aef0_1503939865687_0"},{"key":"?b","val":"VO_8a42dcdf_a89b_437c_9128_372774b0aef0_1503939865687_11"},{"key":"?beneficiaryHasLiens","val":"AE#NoLienReport"}]}]},{"query":"?- ?v:AE#VATravelVoucher, ?v[AE#hasVoucherBeneficiary->?b], ?b[AE#hasDeclaredBankruptcy->?beneficiaryHasDeclaredBankruptcy].","resultList":[{"result":[{"key":"?v","val":"VO_8a42dcdf_a89b_437c_9128_372774b0aef0_1503939865687_0"},{"key":"?b","val":"VO_8a42dcdf_a89b_437c_9128_372774b0aef0_1503939865687_11"},{"key":"?beneficiaryHasDeclaredBankruptcy","val":"AE#NoBankruptcyReport"}]}]},{"query":"?- ?v:AE#VATravelVoucher, ?v[AE#hasVoucherBeneficiary->?b], ?b[AE#hasArrestRecord->?beneficiaryHasArrestRecord].","resultList":[{"result":[{"key":"?v","val":"VO_8a42dcdf_a89b_437c_9128_372774b0aef0_1503939865687_0"},{"key":"?b","val":"VO_8a42dcdf_a89b_437c_9128_372774b0aef0_1503939865687_11"},{"key":"?beneficiaryHasArrestRecord","val":"AE#NoArrestRecord"}]}]},{"query":"?- ?v:AE#VATravelVoucher, ?v[AE#hasVoucherBeneficiary->?b], ?b[AE#hasCriminalRecord->?beneficiaryHasCriminalRecord].","resultList":[{"result":[{"key":"?v","val":"VO_8a42dcdf_a89b_437c_9128_372774b0aef0_1503939865687_0"},{"key":"?b","val":"VO_8a42dcdf_a89b_437c_9128_372774b0aef0_1503939865687_11"},{"key":"?beneficiaryHasCriminalRecord","val":"AE#NoCriminalRecord"}]}]},{"query":"?- ?t:AE#Travelling, ?t[AE#hasPath->?p], ?p[AE#hasDistance->?d], ?d[AE#numericValue->?expectedDistanceValue], ?d[AE#hasUnitOfMeasure->?unitOfDistanceMeasure].","resultList":[{"result":[{"key":"?t","val":"VO_8a42dcdf_a89b_437c_9128_372774b0aef0_1503939865687_6"},{"key":"?p","val":"ES_32ee3c4d_77d2_4fb8_8704_36a9efe0af2f_1503939896620_4"},{"key":"?d","val":"ES_32ee3c4d_77d2_4fb8_8704_36a9efe0af2f_1503939896620_0"},{"key":"?expectedDistanceValue","val":"21355.5336463799976627342402935028076171875"},{"key":"?unitOfDistanceMeasure","val":"meters"}]}]},{"query":"?- ?t:AE#Travelling, ?t[AE#hasPath->?p], ?p[AE#hasExpectedTravelTime->?d], ?d[AE#numericValue->?expectedTimeValue], ?d[AE#hasUnitOfMeasure->?unitOfTimeMeasure].","resultList":[{"result":[{"key":"?t","val":"VO_8a42dcdf_a89b_437c_9128_372774b0aef0_1503939865687_6"},{"key":"?p","val":"ES_32ee3c4d_77d2_4fb8_8704_36a9efe0af2f_1503939896620_4"},{"key":"?d","val":"ES_32ee3c4d_77d2_4fb8_8704_36a9efe0af2f_1503939896620_2"},{"key":"?expectedTimeValue","val":"16.08712515793740749359130859375"},{"key":"?unitOfTimeMeasure","val":"minutes"}]}]},{"query":"?- ?t:AE#Travelling, ?t[AE#hasDestination->?d], ?d[label->?destinationFullAddress].","resultList":[{"result":[{"key":"?t","val":"VO_8a42dcdf_a89b_437c_9128_372774b0aef0_1503939865687_7"},{"key":"?d","val":"VO_8a42dcdf_a89b_437c_9128_372774b0aef0_1503939865687_8"},{"key":"?destinationFullAddress","val":"2790 Truxton Road, Suite 130, San Diego, CA 92106"}]},{"result":[{"key":"?t","val":"VO_8a42dcdf_a89b_437c_9128_372774b0aef0_1503939865687_6"},{"key":"?d","val":"VO_8a42dcdf_a89b_437c_9128_372774b0aef0_1503939865687_5"},{"key":"?destinationFullAddress","val":"6352 Lake Shore Dr San Diego, CA 92119"}]}]},{"query":"?- ?t:AE#Travelling, ?t[AE#hasDestination->?d], ?d[AE#hasStreet->?s], ?s[label->?destinationStreetName], ?d[AE#hasCity->?c], ?c[label->?destinationCity], ?d[AE#hasState->?st], ?st[label->?destinationState], ?d[AE#hasZipcode->?destinationZipCode].","resultList":[{"result":[{"key":"?t","val":"VO_8a42dcdf_a89b_437c_9128_372774b0aef0_1503939865687_7"},{"key":"?d","val":"VO_8a42dcdf_a89b_437c_9128_372774b0aef0_1503939865687_8"},{"key":"?s","val":"NO_8a03c34f_5859_4fbe_b799_909d0307dc2e_1503939877456_id5"},{"key":"?destinationStreetName","val":"2790 Truxton Road"},{"key":"?c","val":"NO_8a03c34f_5859_4fbe_b799_909d0307dc2e_1503939877456_id11"},{"key":"?destinationCity","val":"San Diego"},{"key":"?st","val":"NO_8a03c34f_5859_4fbe_b799_909d0307dc2e_1503939877456_id13"},{"key":"?destinationState","val":"CA"},{"key":"?destinationZipCode","val":"92106"}]},{"result":[{"key":"?t","val":"VO_8a42dcdf_a89b_437c_9128_372774b0aef0_1503939865687_6"},{"key":"?d","val":"VO_8a42dcdf_a89b_437c_9128_372774b0aef0_1503939865687_5"},{"key":"?s","val":"NO_0ce8dcc1_ff81_4455_96ea_686a83eebb87_1503939879426_id3"},{"key":"?destinationStreetName","val":"6352 Lake Shore Dr"},{"key":"?c","val":"NO_0ce8dcc1_ff81_4455_96ea_686a83eebb87_1503939879426_id9"},{"key":"?destinationCity","val":"San Diego"},{"key":"?st","val":"NO_0ce8dcc1_ff81_4455_96ea_686a83eebb87_1503939879426_id11"},{"key":"?destinationState","val":"CA"},{"key":"?destinationZipCode","val":"92119"}]}]},{"query":"?- ?t:AE#Travelling, ?t[AE#hasOrigin->?d], ?d[label->?originFullAddress].","resultList":[{"result":[{"key":"?t","val":"VO_8a42dcdf_a89b_437c_9128_372774b0aef0_1503939865687_7"},{"key":"?d","val":"VO_8a42dcdf_a89b_437c_9128_372774b0aef0_1503939865687_3"},{"key":"?originFullAddress","val":"6352 Lake Shore Dr San Diego, CA 92119"}]},{"result":[{"key":"?t","val":"VO_8a42dcdf_a89b_437c_9128_372774b0aef0_1503939865687_6"},{"key":"?d","val":"VO_8a42dcdf_a89b_437c_9128_372774b0aef0_1503939865687_8"},{"key":"?originFullAddress","val":"2790 Truxton Road, Suite 130, San Diego, CA 92106"}]}]},{"query":"?- ?t:AE#Travelling, ?t[AE#hasOrigin->?d], ?d[AE#hasStreet->?s], ?s[label->?originStreetName], ?d[AE#hasCity->?c], ?c[label->?originCity], ?d[AE#hasState->?st], ?st[label->?originState], ?d[AE#hasZipcode->?originZipCode].","resultList":[{"result":[{"key":"?t","val":"VO_8a42dcdf_a89b_437c_9128_372774b0aef0_1503939865687_7"},{"key":"?d","val":"VO_8a42dcdf_a89b_437c_9128_372774b0aef0_1503939865687_3"},{"key":"?s","val":"NO_d914b19b_2e7b_420c_a2aa_b555f3e33932_1503939881297_id3"},{"key":"?originStreetName","val":"6352 Lake Shore Dr"},{"key":"?c","val":"NO_d914b19b_2e7b_420c_a2aa_b555f3e33932_1503939881297_id9"},{"key":"?originCity","val":"San Diego"},{"key":"?st","val":"NO_d914b19b_2e7b_420c_a2aa_b555f3e33932_1503939881297_id11"},{"key":"?originState","val":"CA"},{"key":"?originZipCode","val":"92119"}]},{"result":[{"key":"?t","val":"VO_8a42dcdf_a89b_437c_9128_372774b0aef0_1503939865687_6"},{"key":"?d","val":"VO_8a42dcdf_a89b_437c_9128_372774b0aef0_1503939865687_8"},{"key":"?s","val":"NO_8a03c34f_5859_4fbe_b799_909d0307dc2e_1503939877456_id5"},{"key":"?originStreetName","val":"2790 Truxton Road"},{"key":"?c","val":"NO_8a03c34f_5859_4fbe_b799_909d0307dc2e_1503939877456_id11"},{"key":"?originCity","val":"San Diego"},{"key":"?st","val":"NO_8a03c34f_5859_4fbe_b799_909d0307dc2e_1503939877456_id13"},{"key":"?originState","val":"CA"},{"key":"?originZipCode","val":"92106"}]}]},{"query":"?- ?t:AE#Travelling, ?t[AE#hasPath->?p], ?p[AE#hasStartRegion->?s], ?s[AE#hasLatitude->?originLatitude], ?s[AE#hasLongitude->?originLongitude].","resultList":[{"result":[{"key":"?t","val":"VO_8a42dcdf_a89b_437c_9128_372774b0aef0_1503939865687_6"},{"key":"?p","val":"ES_32ee3c4d_77d2_4fb8_8704_36a9efe0af2f_1503939896620_4"},{"key":"?s","val":"ES_32ee3c4d_77d2_4fb8_8704_36a9efe0af2f_1503939896620_3"},{"key":"?originLatitude","val":"32.74051839275188058309140615165233612060546875"},{"key":"?originLongitude","val":"-117.2130215001728856805129908025264739990234375"}]}]},{"query":"?- ?t:AE#Travelling, ?t[AE#hasPath->?p], ?p[AE#hasEndRegion->?e], ?e[AE#hasLatitude->?destinationLatitude], ?e[AE#hasLongitude->?destinationLongitude].","resultList":[{"result":[{"key":"?t","val":"VO_8a42dcdf_a89b_437c_9128_372774b0aef0_1503939865687_6"},{"key":"?p","val":"ES_32ee3c4d_77d2_4fb8_8704_36a9efe0af2f_1503939896620_4"},{"key":"?e","val":"ES_32ee3c4d_77d2_4fb8_8704_36a9efe0af2f_1503939896620_1"},{"key":"?destinationLatitude","val":"32.7961704646256890782751725055277347564697265625"},{"key":"?destinationLongitude","val":"-117.035987843499100335975526832044124603271484375"}]}]}]}
