{"dataList":[{"query":"?- ?v:AE#VATravelVoucher, ?v[AE#hasVoucherClaimant->?c], ?c[AE#hasName->?cn], ?cn[label->?claimantFullName].","resultList":[{"result":[{"key":"?v","val":"VO_8883bc62_a471_4dc8_ac94_29f845fc2542_1503941560703_0"},{"key":"?c","val":"VO_8883bc62_a471_4dc8_ac94_29f845fc2542_1503941560703_2"},{"key":"?cn","val":"NO_24eaa056_a904_49aa_97c2_517155c8269f_1503941568362_0"},{"key":"?claimantFullName","val":"Gary Munir Nutbeam"}]},{"result":[{"key":"?v","val":"VO_8883bc62_a471_4dc8_ac94_29f845fc2542_1503941560703_0"},{"key":"?c","val":"VO_8883bc62_a471_4dc8_ac94_29f845fc2542_1503941560703_2"},{"key":"?cn","val":"VO_8883bc62_a471_4dc8_ac94_29f845fc2542_1503941560703_1"},{"key":"?claimantFullName","val":"Gary Munir Nutbeam"}]}]},{"query":"?- ?v:AE#VATravelVoucher, ?v[AE#hasVoucherClaimant->?c], ?c[AE#hasName->?cn], ?cn[AE#hasFirstName->?claimantFirstName].","resultList":[{"result":[{"key":"?v","val":"VO_8883bc62_a471_4dc8_ac94_29f845fc2542_1503941560703_0"},{"key":"?c","val":"VO_8883bc62_a471_4dc8_ac94_29f845fc2542_1503941560703_2"},{"key":"?cn","val":"NO_24eaa056_a904_49aa_97c2_517155c8269f_1503941568362_0"},{"key":"?claimantFirstName","val":"gary_munir"}]}]},{"query":"?- ?v:AE#VATravelVoucher, ?v[AE#hasVoucherClaimant->?c], ?c[AE#hasName->?cn], ?cn[AE#hasLastName->?claimantLastName].","resultList":[{"result":[{"key":"?v","val":"VO_8883bc62_a471_4dc8_ac94_29f845fc2542_1503941560703_0"},{"key":"?c","val":"VO_8883bc62_a471_4dc8_ac94_29f845fc2542_1503941560703_2"},{"key":"?cn","val":"NO_24eaa056_a904_49aa_97c2_517155c8269f_1503941568362_0"},{"key":"?claimantLastName","val":"nutbeam"}]}]},{"query":"?- ?v:AE#VATravelVoucher, ?v[AE#hasVoucherClaimant->?c], ?c[AE#hasSocialSecurityNumber->?s], ?s[label->?claimantSsn].","resultList":[{"result":[{"key":"?v","val":"VO_8883bc62_a471_4dc8_ac94_29f845fc2542_1503941560703_0"},{"key":"?c","val":"VO_8883bc62_a471_4dc8_ac94_29f845fc2542_1503941560703_2"},{"key":"?s","val":"VO_8883bc62_a471_4dc8_ac94_29f845fc2542_1503941560703_12"},{"key":"?claimantSsn","val":"536-43-1927"}]}]},{"query":"?- ?v:AE#VATravelVoucher, ?v[AE#hasVoucherClaimant->?c], ?c[AE#hasLiens->?claimantHasLiens].","resultList":[{"result":[{"key":"?v","val":"VO_8883bc62_a471_4dc8_ac94_29f845fc2542_1503941560703_0"},{"key":"?c","val":"VO_8883bc62_a471_4dc8_ac94_29f845fc2542_1503941560703_2"},{"key":"?claimantHasLiens","val":"AE#NoLienReport"}]}]},{"query":"?- ?v:AE#VATravelVoucher, ?v[AE#hasVoucherClaimant->?c], ?c[AE#hasDeclaredBankruptcy->?claimantHasDeclaredBankruptcy].","resultList":[{"result":[{"key":"?v","val":"VO_8883bc62_a471_4dc8_ac94_29f845fc2542_1503941560703_0"},{"key":"?c","val":"VO_8883bc62_a471_4dc8_ac94_29f845fc2542_1503941560703_2"},{"key":"?claimantHasDeclaredBankruptcy","val":"AE#NoBankruptcyReport"}]}]},{"query":"?- ?v:AE#VATravelVoucher, ?v[AE#hasVoucherClaimant->?c], ?c[AE#hasArrestRecord->?claimantHasArrestRecord].","resultList":[{"result":[{"key":"?v","val":"VO_8883bc62_a471_4dc8_ac94_29f845fc2542_1503941560703_0"},{"key":"?c","val":"VO_8883bc62_a471_4dc8_ac94_29f845fc2542_1503941560703_2"},{"key":"?claimantHasArrestRecord","val":"AE#NoArrestRecord"}]}]},{"query":"?- ?v:AE#VATravelVoucher, ?v[AE#hasVoucherClaimant->?c], ?c[AE#hasCriminalRecord->?claimantHasCriminalRecord].","resultList":[{"result":[{"key":"?v","val":"VO_8883bc62_a471_4dc8_ac94_29f845fc2542_1503941560703_0"},{"key":"?c","val":"VO_8883bc62_a471_4dc8_ac94_29f845fc2542_1503941560703_2"},{"key":"?claimantHasCriminalRecord","val":"AE#NoCriminalRecord"}]}]},{"query":"?- ?v:AE#VATravelVoucher, ?v[AE#hasVoucherBeneficiary->?b], ?b[AE#hasName->?cn], ?cn[label->?beneficiaryFullName].","resultList":[{"result":[{"key":"?v","val":"VO_8883bc62_a471_4dc8_ac94_29f845fc2542_1503941560703_0"},{"key":"?b","val":"VO_8883bc62_a471_4dc8_ac94_29f845fc2542_1503941560703_11"},{"key":"?cn","val":"VO_8883bc62_a471_4dc8_ac94_29f845fc2542_1503941560703_10"},{"key":"?beneficiaryFullName","val":"Gary Munir Nutbeam"}]},{"result":[{"key":"?v","val":"VO_8883bc62_a471_4dc8_ac94_29f845fc2542_1503941560703_0"},{"key":"?b","val":"VO_8883bc62_a471_4dc8_ac94_29f845fc2542_1503941560703_11"},{"key":"?cn","val":"NO_89444ae3_bf2b_4240_a97b_be6b339f23a8_1503941566591_0"},{"key":"?beneficiaryFullName","val":"Gary Munir Nutbeam"}]}]},{"query":"?- ?v:AE#VATravelVoucher, ?v[AE#hasVoucherBeneficiary->?b], ?b[AE#hasName->?cn], ?cn[AE#hasFirstName->?beneficiaryFirstName].","resultList":[{"result":[{"key":"?v","val":"VO_8883bc62_a471_4dc8_ac94_29f845fc2542_1503941560703_0"},{"key":"?b","val":"VO_8883bc62_a471_4dc8_ac94_29f845fc2542_1503941560703_11"},{"key":"?cn","val":"NO_89444ae3_bf2b_4240_a97b_be6b339f23a8_1503941566591_0"},{"key":"?beneficiaryFirstName","val":"gary_munir"}]}]},{"query":"?- ?v:AE#VATravelVoucher, ?v[AE#hasVoucherBeneficiary->?b], ?b[AE#hasName->?cn], ?cn[AE#hasLastName->?beneficiaryLastName].","resultList":[{"result":[{"key":"?v","val":"VO_8883bc62_a471_4dc8_ac94_29f845fc2542_1503941560703_0"},{"key":"?b","val":"VO_8883bc62_a471_4dc8_ac94_29f845fc2542_1503941560703_11"},{"key":"?cn","val":"NO_89444ae3_bf2b_4240_a97b_be6b339f23a8_1503941566591_0"},{"key":"?beneficiaryLastName","val":"nutbeam"}]}]},{"query":"?- ?v:AE#VATravelVoucher, ?v[AE#hasVoucherBeneficiary->?b], ?b[AE#hasSocialSecurityNumber->?s], ?s[label->?beneficiarySsn].","resultList":[{"result":[{"key":"?v","val":"VO_8883bc62_a471_4dc8_ac94_29f845fc2542_1503941560703_0"},{"key":"?b","val":"VO_8883bc62_a471_4dc8_ac94_29f845fc2542_1503941560703_11"},{"key":"?s","val":"VO_8883bc62_a471_4dc8_ac94_29f845fc2542_1503941560703_9"},{"key":"?beneficiarySsn","val":"536-43-1927"}]}]},{"query":"?- ?v:AE#VATravelVoucher, ?v[AE#hasVoucherBeneficiary->?b], ?b[AE#hasLiens->?beneficiaryHasLiens].","resultList":[{"result":[{"key":"?v","val":"VO_8883bc62_a471_4dc8_ac94_29f845fc2542_1503941560703_0"},{"key":"?b","val":"VO_8883bc62_a471_4dc8_ac94_29f845fc2542_1503941560703_11"},{"key":"?beneficiaryHasLiens","val":"AE#NoLienReport"}]}]},{"query":"?- ?v:AE#VATravelVoucher, ?v[AE#hasVoucherBeneficiary->?b], ?b[AE#hasDeclaredBankruptcy->?beneficiaryHasDeclaredBankruptcy].","resultList":[{"result":[{"key":"?v","val":"VO_8883bc62_a471_4dc8_ac94_29f845fc2542_1503941560703_0"},{"key":"?b","val":"VO_8883bc62_a471_4dc8_ac94_29f845fc2542_1503941560703_11"},{"key":"?beneficiaryHasDeclaredBankruptcy","val":"AE#NoBankruptcyReport"}]}]},{"query":"?- ?v:AE#VATravelVoucher, ?v[AE#hasVoucherBeneficiary->?b], ?b[AE#hasArrestRecord->?beneficiaryHasArrestRecord].","resultList":[{"result":[{"key":"?v","val":"VO_8883bc62_a471_4dc8_ac94_29f845fc2542_1503941560703_0"},{"key":"?b","val":"VO_8883bc62_a471_4dc8_ac94_29f845fc2542_1503941560703_11"},{"key":"?beneficiaryHasArrestRecord","val":"AE#NoArrestRecord"}]}]},{"query":"?- ?v:AE#VATravelVoucher, ?v[AE#hasVoucherBeneficiary->?b], ?b[AE#hasCriminalRecord->?beneficiaryHasCriminalRecord].","resultList":[{"result":[{"key":"?v","val":"VO_8883bc62_a471_4dc8_ac94_29f845fc2542_1503941560703_0"},{"key":"?b","val":"VO_8883bc62_a471_4dc8_ac94_29f845fc2542_1503941560703_11"},{"key":"?beneficiaryHasCriminalRecord","val":"AE#NoCriminalRecord"}]}]},{"query":"?- ?t:AE#Travelling, ?t[AE#hasPath->?p], ?p[AE#hasDistance->?d], ?d[AE#numericValue->?expectedDistanceValue], ?d[AE#hasUnitOfMeasure->?unitOfDistanceMeasure].","resultList":[{"result":[{"key":"?t","val":"VO_8883bc62_a471_4dc8_ac94_29f845fc2542_1503941560703_6"},{"key":"?p","val":"ES_b92d5554_7614_429a_b1e2_bd438c150e80_1503941586461_4"},{"key":"?d","val":"ES_b92d5554_7614_429a_b1e2_bd438c150e80_1503941586461_0"},{"key":"?expectedDistanceValue","val":"35041.3137944550180691294372081756591796875"},{"key":"?unitOfDistanceMeasure","val":"meters"}]}]},{"query":"?- ?t:AE#Travelling, ?t[AE#hasPath->?p], ?p[AE#hasExpectedTravelTime->?d], ?d[AE#numericValue->?expectedTimeValue], ?d[AE#hasUnitOfMeasure->?unitOfTimeMeasure].","resultList":[{"result":[{"key":"?t","val":"VO_8883bc62_a471_4dc8_ac94_29f845fc2542_1503941560703_6"},{"key":"?p","val":"ES_b92d5554_7614_429a_b1e2_bd438c150e80_1503941586461_4"},{"key":"?d","val":"ES_b92d5554_7614_429a_b1e2_bd438c150e80_1503941586461_2"},{"key":"?expectedTimeValue","val":"24.530829762225039303302764892578125"},{"key":"?unitOfTimeMeasure","val":"minutes"}]}]},{"query":"?- ?t:AE#Travelling, ?t[AE#hasDestination->?d], ?d[label->?destinationFullAddress].","resultList":[{"result":[{"key":"?t","val":"VO_8883bc62_a471_4dc8_ac94_29f845fc2542_1503941560703_7"},{"key":"?d","val":"VO_8883bc62_a471_4dc8_ac94_29f845fc2542_1503941560703_8"},{"key":"?destinationFullAddress","val":"2790 Truxton Road, Suite 130, San Diego, CA 92106"}]},{"result":[{"key":"?t","val":"VO_8883bc62_a471_4dc8_ac94_29f845fc2542_1503941560703_6"},{"key":"?d","val":"VO_8883bc62_a471_4dc8_ac94_29f845fc2542_1503941560703_5"},{"key":"?destinationFullAddress","val":"878 N Valley View Dr Chula Vista, CA 91914"}]}]},{"query":"?- ?t:AE#Travelling, ?t[AE#hasDestination->?d], ?d[AE#hasStreet->?s], ?s[label->?destinationStreetName], ?d[AE#hasCity->?c], ?c[label->?destinationCity], ?d[AE#hasState->?st], ?st[label->?destinationState], ?d[AE#hasZipcode->?destinationZipCode].","resultList":[{"result":[{"key":"?t","val":"VO_8883bc62_a471_4dc8_ac94_29f845fc2542_1503941560703_7"},{"key":"?d","val":"VO_8883bc62_a471_4dc8_ac94_29f845fc2542_1503941560703_8"},{"key":"?s","val":"NO_86f23150_46c9_4652_8bce_7cfca86df5a6_1503941570134_id5"},{"key":"?destinationStreetName","val":"2790 Truxton Road"},{"key":"?c","val":"NO_86f23150_46c9_4652_8bce_7cfca86df5a6_1503941570134_id11"},{"key":"?destinationCity","val":"San Diego"},{"key":"?st","val":"NO_86f23150_46c9_4652_8bce_7cfca86df5a6_1503941570134_id13"},{"key":"?destinationState","val":"CA"},{"key":"?destinationZipCode","val":"92106"}]},{"result":[{"key":"?t","val":"VO_8883bc62_a471_4dc8_ac94_29f845fc2542_1503941560703_6"},{"key":"?d","val":"VO_8883bc62_a471_4dc8_ac94_29f845fc2542_1503941560703_5"},{"key":"?s","val":"NO_a1a26d8a_bb7a_44da_9861_9052800dbf93_1503941571903_id3"},{"key":"?destinationStreetName","val":"878 N Valley View Dr"},{"key":"?c","val":"NO_a1a26d8a_bb7a_44da_9861_9052800dbf93_1503941571903_id9"},{"key":"?destinationCity","val":"Chula Vista"},{"key":"?st","val":"NO_a1a26d8a_bb7a_44da_9861_9052800dbf93_1503941571903_id11"},{"key":"?destinationState","val":"CA"},{"key":"?destinationZipCode","val":"91914"}]}]},{"query":"?- ?t:AE#Travelling, ?t[AE#hasOrigin->?d], ?d[label->?originFullAddress].","resultList":[{"result":[{"key":"?t","val":"VO_8883bc62_a471_4dc8_ac94_29f845fc2542_1503941560703_7"},{"key":"?d","val":"VO_8883bc62_a471_4dc8_ac94_29f845fc2542_1503941560703_3"},{"key":"?originFullAddress","val":"878 N Valley View Dr Chula Vista, CA 91914"}]},{"result":[{"key":"?t","val":"VO_8883bc62_a471_4dc8_ac94_29f845fc2542_1503941560703_6"},{"key":"?d","val":"VO_8883bc62_a471_4dc8_ac94_29f845fc2542_1503941560703_8"},{"key":"?originFullAddress","val":"2790 Truxton Road, Suite 130, San Diego, CA 92106"}]}]},{"query":"?- ?t:AE#Travelling, ?t[AE#hasOrigin->?d], ?d[AE#hasStreet->?s], ?s[label->?originStreetName], ?d[AE#hasCity->?c], ?c[label->?originCity], ?d[AE#hasState->?st], ?st[label->?originState], ?d[AE#hasZipcode->?originZipCode].","resultList":[{"result":[{"key":"?t","val":"VO_8883bc62_a471_4dc8_ac94_29f845fc2542_1503941560703_7"},{"key":"?d","val":"VO_8883bc62_a471_4dc8_ac94_29f845fc2542_1503941560703_3"},{"key":"?s","val":"NO_c0e064b1_6789_47b0_9860_c9b5c02ff173_1503941573779_id3"},{"key":"?originStreetName","val":"878 N Valley View Dr"},{"key":"?c","val":"NO_c0e064b1_6789_47b0_9860_c9b5c02ff173_1503941573779_id9"},{"key":"?originCity","val":"Chula Vista"},{"key":"?st","val":"NO_c0e064b1_6789_47b0_9860_c9b5c02ff173_1503941573779_id11"},{"key":"?originState","val":"CA"},{"key":"?originZipCode","val":"91914"}]},{"result":[{"key":"?t","val":"VO_8883bc62_a471_4dc8_ac94_29f845fc2542_1503941560703_6"},{"key":"?d","val":"VO_8883bc62_a471_4dc8_ac94_29f845fc2542_1503941560703_8"},{"key":"?s","val":"NO_86f23150_46c9_4652_8bce_7cfca86df5a6_1503941570134_id5"},{"key":"?originStreetName","val":"2790 Truxton Road"},{"key":"?c","val":"NO_86f23150_46c9_4652_8bce_7cfca86df5a6_1503941570134_id11"},{"key":"?originCity","val":"San Diego"},{"key":"?st","val":"NO_86f23150_46c9_4652_8bce_7cfca86df5a6_1503941570134_id13"},{"key":"?originState","val":"CA"},{"key":"?originZipCode","val":"92106"}]}]},{"query":"?- ?t:AE#Travelling, ?t[AE#hasPath->?p], ?p[AE#hasStartRegion->?s], ?s[AE#hasLatitude->?originLatitude], ?s[AE#hasLongitude->?originLongitude].","resultList":[{"result":[{"key":"?t","val":"VO_8883bc62_a471_4dc8_ac94_29f845fc2542_1503941560703_6"},{"key":"?p","val":"ES_b92d5554_7614_429a_b1e2_bd438c150e80_1503941586461_4"},{"key":"?s","val":"ES_b92d5554_7614_429a_b1e2_bd438c150e80_1503941586461_3"},{"key":"?originLatitude","val":"32.74051839275188058309140615165233612060546875"},{"key":"?originLongitude","val":"-117.2130215001728856805129908025264739990234375"}]}]},{"query":"?- ?t:AE#Travelling, ?t[AE#hasPath->?p], ?p[AE#hasEndRegion->?e], ?e[AE#hasLatitude->?destinationLatitude], ?e[AE#hasLongitude->?destinationLongitude].","resultList":[{"result":[{"key":"?t","val":"VO_8883bc62_a471_4dc8_ac94_29f845fc2542_1503941560703_6"},{"key":"?p","val":"ES_b92d5554_7614_429a_b1e2_bd438c150e80_1503941586461_4"},{"key":"?e","val":"ES_b92d5554_7614_429a_b1e2_bd438c150e80_1503941586461_1"},{"key":"?destinationLatitude","val":"32.6578040771723721036323695443570613861083984375"},{"key":"?destinationLongitude","val":"-116.9569459559046862295872415415942668914794921875"}]}]}]}
