{"dataList":[{"query":"?- ?v:AE#VATravelVoucher, ?v[AE#hasVoucherClaimant->?c], ?c[AE#hasName->?cn], ?cn[label->?claimantFullName].","resultList":[{"result":[{"key":"?v","val":"VO_815e1172_00e4_46c4_9dc1_d4df94ce0c2d_1503941798528_0"},{"key":"?c","val":"VO_815e1172_00e4_46c4_9dc1_d4df94ce0c2d_1503941798528_2"},{"key":"?cn","val":"NO_ef6eb46e_c075_41c3_8df7_b81659be3b5d_1503941805998_0"},{"key":"?claimantFullName","val":"George J. Whiting"}]},{"result":[{"key":"?v","val":"VO_815e1172_00e4_46c4_9dc1_d4df94ce0c2d_1503941798528_0"},{"key":"?c","val":"VO_815e1172_00e4_46c4_9dc1_d4df94ce0c2d_1503941798528_2"},{"key":"?cn","val":"VO_815e1172_00e4_46c4_9dc1_d4df94ce0c2d_1503941798528_1"},{"key":"?claimantFullName","val":"George J. Whiting"}]}]},{"query":"?- ?v:AE#VATravelVoucher, ?v[AE#hasVoucherClaimant->?c], ?c[AE#hasName->?cn], ?cn[AE#hasFirstName->?claimantFirstName].","resultList":[{"result":[{"key":"?v","val":"VO_815e1172_00e4_46c4_9dc1_d4df94ce0c2d_1503941798528_0"},{"key":"?c","val":"VO_815e1172_00e4_46c4_9dc1_d4df94ce0c2d_1503941798528_2"},{"key":"?cn","val":"NO_ef6eb46e_c075_41c3_8df7_b81659be3b5d_1503941805998_0"},{"key":"?claimantFirstName","val":"george"}]}]},{"query":"?- ?v:AE#VATravelVoucher, ?v[AE#hasVoucherClaimant->?c], ?c[AE#hasName->?cn], ?cn[AE#hasLastName->?claimantLastName].","resultList":[{"result":[{"key":"?v","val":"VO_815e1172_00e4_46c4_9dc1_d4df94ce0c2d_1503941798528_0"},{"key":"?c","val":"VO_815e1172_00e4_46c4_9dc1_d4df94ce0c2d_1503941798528_2"},{"key":"?cn","val":"NO_ef6eb46e_c075_41c3_8df7_b81659be3b5d_1503941805998_0"},{"key":"?claimantLastName","val":"whiting"}]}]},{"query":"?- ?v:AE#VATravelVoucher, ?v[AE#hasVoucherClaimant->?c], ?c[AE#hasSocialSecurityNumber->?s], ?s[label->?claimantSsn].","resultList":[{"result":[{"key":"?v","val":"VO_815e1172_00e4_46c4_9dc1_d4df94ce0c2d_1503941798528_0"},{"key":"?c","val":"VO_815e1172_00e4_46c4_9dc1_d4df94ce0c2d_1503941798528_2"},{"key":"?s","val":"VO_815e1172_00e4_46c4_9dc1_d4df94ce0c2d_1503941798528_12"},{"key":"?claimantSsn","val":"879-69-1385"}]}]},{"query":"?- ?v:AE#VATravelVoucher, ?v[AE#hasVoucherClaimant->?c], ?c[AE#hasLiens->?claimantHasLiens].","resultList":[{"result":[{"key":"?v","val":"VO_815e1172_00e4_46c4_9dc1_d4df94ce0c2d_1503941798528_0"},{"key":"?c","val":"VO_815e1172_00e4_46c4_9dc1_d4df94ce0c2d_1503941798528_2"},{"key":"?claimantHasLiens","val":"AE#NoLienReport"}]}]},{"query":"?- ?v:AE#VATravelVoucher, ?v[AE#hasVoucherClaimant->?c], ?c[AE#hasDeclaredBankruptcy->?claimantHasDeclaredBankruptcy].","resultList":[{"result":[{"key":"?v","val":"VO_815e1172_00e4_46c4_9dc1_d4df94ce0c2d_1503941798528_0"},{"key":"?c","val":"VO_815e1172_00e4_46c4_9dc1_d4df94ce0c2d_1503941798528_2"},{"key":"?claimantHasDeclaredBankruptcy","val":"AE#NoBankruptcyReport"}]}]},{"query":"?- ?v:AE#VATravelVoucher, ?v[AE#hasVoucherClaimant->?c], ?c[AE#hasArrestRecord->?claimantHasArrestRecord].","resultList":[{"result":[{"key":"?v","val":"VO_815e1172_00e4_46c4_9dc1_d4df94ce0c2d_1503941798528_0"},{"key":"?c","val":"VO_815e1172_00e4_46c4_9dc1_d4df94ce0c2d_1503941798528_2"},{"key":"?claimantHasArrestRecord","val":"AE#NoArrestRecord"}]}]},{"query":"?- ?v:AE#VATravelVoucher, ?v[AE#hasVoucherClaimant->?c], ?c[AE#hasCriminalRecord->?claimantHasCriminalRecord].","resultList":[{"result":[{"key":"?v","val":"VO_815e1172_00e4_46c4_9dc1_d4df94ce0c2d_1503941798528_0"},{"key":"?c","val":"VO_815e1172_00e4_46c4_9dc1_d4df94ce0c2d_1503941798528_2"},{"key":"?claimantHasCriminalRecord","val":"AE#NoCriminalRecord"}]}]},{"query":"?- ?v:AE#VATravelVoucher, ?v[AE#hasVoucherBeneficiary->?b], ?b[AE#hasName->?cn], ?cn[label->?beneficiaryFullName].","resultList":[{"result":[{"key":"?v","val":"VO_815e1172_00e4_46c4_9dc1_d4df94ce0c2d_1503941798528_0"},{"key":"?b","val":"VO_815e1172_00e4_46c4_9dc1_d4df94ce0c2d_1503941798528_11"},{"key":"?cn","val":"VO_815e1172_00e4_46c4_9dc1_d4df94ce0c2d_1503941798528_10"},{"key":"?beneficiaryFullName","val":"George J. Whiting"}]},{"result":[{"key":"?v","val":"VO_815e1172_00e4_46c4_9dc1_d4df94ce0c2d_1503941798528_0"},{"key":"?b","val":"VO_815e1172_00e4_46c4_9dc1_d4df94ce0c2d_1503941798528_11"},{"key":"?cn","val":"NO_71bfc126_767d_4087_ac24_3dc03269d6a3_1503941803963_0"},{"key":"?beneficiaryFullName","val":"George J. Whiting"}]}]},{"query":"?- ?v:AE#VATravelVoucher, ?v[AE#hasVoucherBeneficiary->?b], ?b[AE#hasName->?cn], ?cn[AE#hasFirstName->?beneficiaryFirstName].","resultList":[{"result":[{"key":"?v","val":"VO_815e1172_00e4_46c4_9dc1_d4df94ce0c2d_1503941798528_0"},{"key":"?b","val":"VO_815e1172_00e4_46c4_9dc1_d4df94ce0c2d_1503941798528_11"},{"key":"?cn","val":"NO_71bfc126_767d_4087_ac24_3dc03269d6a3_1503941803963_0"},{"key":"?beneficiaryFirstName","val":"george"}]}]},{"query":"?- ?v:AE#VATravelVoucher, ?v[AE#hasVoucherBeneficiary->?b], ?b[AE#hasName->?cn], ?cn[AE#hasLastName->?beneficiaryLastName].","resultList":[{"result":[{"key":"?v","val":"VO_815e1172_00e4_46c4_9dc1_d4df94ce0c2d_1503941798528_0"},{"key":"?b","val":"VO_815e1172_00e4_46c4_9dc1_d4df94ce0c2d_1503941798528_11"},{"key":"?cn","val":"NO_71bfc126_767d_4087_ac24_3dc03269d6a3_1503941803963_0"},{"key":"?beneficiaryLastName","val":"whiting"}]}]},{"query":"?- ?v:AE#VATravelVoucher, ?v[AE#hasVoucherBeneficiary->?b], ?b[AE#hasSocialSecurityNumber->?s], ?s[label->?beneficiarySsn].","resultList":[{"result":[{"key":"?v","val":"VO_815e1172_00e4_46c4_9dc1_d4df94ce0c2d_1503941798528_0"},{"key":"?b","val":"VO_815e1172_00e4_46c4_9dc1_d4df94ce0c2d_1503941798528_11"},{"key":"?s","val":"VO_815e1172_00e4_46c4_9dc1_d4df94ce0c2d_1503941798528_9"},{"key":"?beneficiarySsn","val":"879-69-1385"}]}]},{"query":"?- ?v:AE#VATravelVoucher, ?v[AE#hasVoucherBeneficiary->?b], ?b[AE#hasLiens->?beneficiaryHasLiens].","resultList":[{"result":[{"key":"?v","val":"VO_815e1172_00e4_46c4_9dc1_d4df94ce0c2d_1503941798528_0"},{"key":"?b","val":"VO_815e1172_00e4_46c4_9dc1_d4df94ce0c2d_1503941798528_11"},{"key":"?beneficiaryHasLiens","val":"AE#NoLienReport"}]}]},{"query":"?- ?v:AE#VATravelVoucher, ?v[AE#hasVoucherBeneficiary->?b], ?b[AE#hasDeclaredBankruptcy->?beneficiaryHasDeclaredBankruptcy].","resultList":[{"result":[{"key":"?v","val":"VO_815e1172_00e4_46c4_9dc1_d4df94ce0c2d_1503941798528_0"},{"key":"?b","val":"VO_815e1172_00e4_46c4_9dc1_d4df94ce0c2d_1503941798528_11"},{"key":"?beneficiaryHasDeclaredBankruptcy","val":"AE#NoBankruptcyReport"}]}]},{"query":"?- ?v:AE#VATravelVoucher, ?v[AE#hasVoucherBeneficiary->?b], ?b[AE#hasArrestRecord->?beneficiaryHasArrestRecord].","resultList":[{"result":[{"key":"?v","val":"VO_815e1172_00e4_46c4_9dc1_d4df94ce0c2d_1503941798528_0"},{"key":"?b","val":"VO_815e1172_00e4_46c4_9dc1_d4df94ce0c2d_1503941798528_11"},{"key":"?beneficiaryHasArrestRecord","val":"AE#NoArrestRecord"}]}]},{"query":"?- ?v:AE#VATravelVoucher, ?v[AE#hasVoucherBeneficiary->?b], ?b[AE#hasCriminalRecord->?beneficiaryHasCriminalRecord].","resultList":[{"result":[{"key":"?v","val":"VO_815e1172_00e4_46c4_9dc1_d4df94ce0c2d_1503941798528_0"},{"key":"?b","val":"VO_815e1172_00e4_46c4_9dc1_d4df94ce0c2d_1503941798528_11"},{"key":"?beneficiaryHasCriminalRecord","val":"AE#NoCriminalRecord"}]}]},{"query":"?- ?t:AE#Travelling, ?t[AE#hasPath->?p], ?p[AE#hasDistance->?d], ?d[AE#numericValue->?expectedDistanceValue], ?d[AE#hasUnitOfMeasure->?unitOfDistanceMeasure].","resultList":[{"result":[{"key":"?t","val":"VO_815e1172_00e4_46c4_9dc1_d4df94ce0c2d_1503941798528_6"},{"key":"?p","val":"ES_74271388_512f_43a1_a17b_945d098f9c04_1503941824649_4"},{"key":"?d","val":"ES_74271388_512f_43a1_a17b_945d098f9c04_1503941824649_0"},{"key":"?expectedDistanceValue","val":"8771.6112570495461113750934600830078125"},{"key":"?unitOfDistanceMeasure","val":"meters"}]}]},{"query":"?- ?t:AE#Travelling, ?t[AE#hasPath->?p], ?p[AE#hasExpectedTravelTime->?d], ?d[AE#numericValue->?expectedTimeValue], ?d[AE#hasUnitOfMeasure->?unitOfTimeMeasure].","resultList":[{"result":[{"key":"?t","val":"VO_815e1172_00e4_46c4_9dc1_d4df94ce0c2d_1503941798528_6"},{"key":"?p","val":"ES_74271388_512f_43a1_a17b_945d098f9c04_1503941824649_4"},{"key":"?d","val":"ES_74271388_512f_43a1_a17b_945d098f9c04_1503941824649_2"},{"key":"?expectedTimeValue","val":"9.606476986664347350597381591796875"},{"key":"?unitOfTimeMeasure","val":"minutes"}]}]},{"query":"?- ?t:AE#Travelling, ?t[AE#hasDestination->?d], ?d[label->?destinationFullAddress].","resultList":[{"result":[{"key":"?t","val":"VO_815e1172_00e4_46c4_9dc1_d4df94ce0c2d_1503941798528_7"},{"key":"?d","val":"VO_815e1172_00e4_46c4_9dc1_d4df94ce0c2d_1503941798528_8"},{"key":"?destinationFullAddress","val":"2790 Truxton Road, Suite 130, San Diego, CA 92106"}]},{"result":[{"key":"?t","val":"VO_815e1172_00e4_46c4_9dc1_d4df94ce0c2d_1503941798528_6"},{"key":"?d","val":"VO_815e1172_00e4_46c4_9dc1_d4df94ce0c2d_1503941798528_5"},{"key":"?destinationFullAddress","val":"85 Trusel Avenue San Diego, CA 92117"}]}]},{"query":"?- ?t:AE#Travelling, ?t[AE#hasDestination->?d], ?d[AE#hasStreet->?s], ?s[label->?destinationStreetName], ?d[AE#hasCity->?c], ?c[label->?destinationCity], ?d[AE#hasState->?st], ?st[label->?destinationState], ?d[AE#hasZipcode->?destinationZipCode].","resultList":[{"result":[{"key":"?t","val":"VO_815e1172_00e4_46c4_9dc1_d4df94ce0c2d_1503941798528_7"},{"key":"?d","val":"VO_815e1172_00e4_46c4_9dc1_d4df94ce0c2d_1503941798528_8"},{"key":"?s","val":"NO_d27e8642_a0a4_4d14_a272_ad049fcfa26e_1503941808092_id5"},{"key":"?destinationStreetName","val":"2790 Truxton Road"},{"key":"?c","val":"NO_d27e8642_a0a4_4d14_a272_ad049fcfa26e_1503941808092_id11"},{"key":"?destinationCity","val":"San Diego"},{"key":"?st","val":"NO_d27e8642_a0a4_4d14_a272_ad049fcfa26e_1503941808092_id13"},{"key":"?destinationState","val":"CA"},{"key":"?destinationZipCode","val":"92106"}]},{"result":[{"key":"?t","val":"VO_815e1172_00e4_46c4_9dc1_d4df94ce0c2d_1503941798528_6"},{"key":"?d","val":"VO_815e1172_00e4_46c4_9dc1_d4df94ce0c2d_1503941798528_5"},{"key":"?s","val":"NO_3603f967_76b0_44fd_a89e_33c5c6a2bbde_1503941810128_id3"},{"key":"?destinationStreetName","val":"85 Trusel Avenue"},{"key":"?c","val":"NO_3603f967_76b0_44fd_a89e_33c5c6a2bbde_1503941810128_id9"},{"key":"?destinationCity","val":"San Diego"},{"key":"?st","val":"NO_3603f967_76b0_44fd_a89e_33c5c6a2bbde_1503941810128_id11"},{"key":"?destinationState","val":"CA"},{"key":"?destinationZipCode","val":"92117"}]}]},{"query":"?- ?t:AE#Travelling, ?t[AE#hasOrigin->?d], ?d[label->?originFullAddress].","resultList":[{"result":[{"key":"?t","val":"VO_815e1172_00e4_46c4_9dc1_d4df94ce0c2d_1503941798528_7"},{"key":"?d","val":"VO_815e1172_00e4_46c4_9dc1_d4df94ce0c2d_1503941798528_3"},{"key":"?originFullAddress","val":"85 Trusel Avenue San Diego, CA 92117"}]},{"result":[{"key":"?t","val":"VO_815e1172_00e4_46c4_9dc1_d4df94ce0c2d_1503941798528_6"},{"key":"?d","val":"VO_815e1172_00e4_46c4_9dc1_d4df94ce0c2d_1503941798528_8"},{"key":"?originFullAddress","val":"2790 Truxton Road, Suite 130, San Diego, CA 92106"}]}]},{"query":"?- ?t:AE#Travelling, ?t[AE#hasOrigin->?d], ?d[AE#hasStreet->?s], ?s[label->?originStreetName], ?d[AE#hasCity->?c], ?c[label->?originCity], ?d[AE#hasState->?st], ?st[label->?originState], ?d[AE#hasZipcode->?originZipCode].","resultList":[{"result":[{"key":"?t","val":"VO_815e1172_00e4_46c4_9dc1_d4df94ce0c2d_1503941798528_7"},{"key":"?d","val":"VO_815e1172_00e4_46c4_9dc1_d4df94ce0c2d_1503941798528_3"},{"key":"?s","val":"NO_f14eaa09_a288_4034_9d53_297935e02fb5_1503941812301_id3"},{"key":"?originStreetName","val":"85 Trusel Avenue"},{"key":"?c","val":"NO_f14eaa09_a288_4034_9d53_297935e02fb5_1503941812301_id9"},{"key":"?originCity","val":"San Diego"},{"key":"?st","val":"NO_f14eaa09_a288_4034_9d53_297935e02fb5_1503941812301_id11"},{"key":"?originState","val":"CA"},{"key":"?originZipCode","val":"92117"}]},{"result":[{"key":"?t","val":"VO_815e1172_00e4_46c4_9dc1_d4df94ce0c2d_1503941798528_6"},{"key":"?d","val":"VO_815e1172_00e4_46c4_9dc1_d4df94ce0c2d_1503941798528_8"},{"key":"?s","val":"NO_d27e8642_a0a4_4d14_a272_ad049fcfa26e_1503941808092_id5"},{"key":"?originStreetName","val":"2790 Truxton Road"},{"key":"?c","val":"NO_d27e8642_a0a4_4d14_a272_ad049fcfa26e_1503941808092_id11"},{"key":"?originCity","val":"San Diego"},{"key":"?st","val":"NO_d27e8642_a0a4_4d14_a272_ad049fcfa26e_1503941808092_id13"},{"key":"?originState","val":"CA"},{"key":"?originZipCode","val":"92106"}]}]},{"query":"?- ?t:AE#Travelling, ?t[AE#hasPath->?p], ?p[AE#hasStartRegion->?s], ?s[AE#hasLatitude->?originLatitude], ?s[AE#hasLongitude->?originLongitude].","resultList":[{"result":[{"key":"?t","val":"VO_815e1172_00e4_46c4_9dc1_d4df94ce0c2d_1503941798528_6"},{"key":"?p","val":"ES_74271388_512f_43a1_a17b_945d098f9c04_1503941824649_4"},{"key":"?s","val":"ES_74271388_512f_43a1_a17b_945d098f9c04_1503941824649_3"},{"key":"?originLatitude","val":"32.74051839275188058309140615165233612060546875"},{"key":"?originLongitude","val":"-117.2130215001728856805129908025264739990234375"}]}]},{"query":"?- ?t:AE#Travelling, ?t[AE#hasPath->?p], ?p[AE#hasEndRegion->?e], ?e[AE#hasLatitude->?destinationLatitude], ?e[AE#hasLongitude->?destinationLongitude].","resultList":[{"result":[{"key":"?t","val":"VO_815e1172_00e4_46c4_9dc1_d4df94ce0c2d_1503941798528_6"},{"key":"?p","val":"ES_74271388_512f_43a1_a17b_945d098f9c04_1503941824649_4"},{"key":"?e","val":"ES_74271388_512f_43a1_a17b_945d098f9c04_1503941824649_1"},{"key":"?destinationLatitude","val":"32.79662300000001096123014576733112335205078125"},{"key":"?destinationLongitude","val":"-117.197813600000017686397768557071685791015625"}]}]}]}
