{"dataList":[{"query":"?- ?v:AE#VATravelVoucher, ?v[AE#hasVoucherClaimant->?c], ?c[AE#hasName->?cn], ?cn[label->?claimantFullName].","resultList":[{"result":[{"key":"?v","val":"VO_986efa79_30a1_4d92_b393_8d9356b4b04c_1503942978768_0"},{"key":"?c","val":"VO_986efa79_30a1_4d92_b393_8d9356b4b04c_1503942978768_2"},{"key":"?cn","val":"VO_986efa79_30a1_4d92_b393_8d9356b4b04c_1503942978768_1"},{"key":"?claimantFullName","val":"Hakim P. Green"}]},{"result":[{"key":"?v","val":"VO_986efa79_30a1_4d92_b393_8d9356b4b04c_1503942978768_0"},{"key":"?c","val":"VO_986efa79_30a1_4d92_b393_8d9356b4b04c_1503942978768_2"},{"key":"?cn","val":"NO_6bf51fe8_518b_43fa_bd05_edae9d205fb4_1503942986213_0"},{"key":"?claimantFullName","val":"Hakim P. Green"}]}]},{"query":"?- ?v:AE#VATravelVoucher, ?v[AE#hasVoucherClaimant->?c], ?c[AE#hasName->?cn], ?cn[AE#hasFirstName->?claimantFirstName].","resultList":[{"result":[{"key":"?v","val":"VO_986efa79_30a1_4d92_b393_8d9356b4b04c_1503942978768_0"},{"key":"?c","val":"VO_986efa79_30a1_4d92_b393_8d9356b4b04c_1503942978768_2"},{"key":"?cn","val":"NO_6bf51fe8_518b_43fa_bd05_edae9d205fb4_1503942986213_0"},{"key":"?claimantFirstName","val":"hakim"}]}]},{"query":"?- ?v:AE#VATravelVoucher, ?v[AE#hasVoucherClaimant->?c], ?c[AE#hasName->?cn], ?cn[AE#hasLastName->?claimantLastName].","resultList":[{"result":[{"key":"?v","val":"VO_986efa79_30a1_4d92_b393_8d9356b4b04c_1503942978768_0"},{"key":"?c","val":"VO_986efa79_30a1_4d92_b393_8d9356b4b04c_1503942978768_2"},{"key":"?cn","val":"NO_6bf51fe8_518b_43fa_bd05_edae9d205fb4_1503942986213_0"},{"key":"?claimantLastName","val":"green"}]}]},{"query":"?- ?v:AE#VATravelVoucher, ?v[AE#hasVoucherClaimant->?c], ?c[AE#hasSocialSecurityNumber->?s], ?s[label->?claimantSsn].","resultList":[{"result":[{"key":"?v","val":"VO_986efa79_30a1_4d92_b393_8d9356b4b04c_1503942978768_0"},{"key":"?c","val":"VO_986efa79_30a1_4d92_b393_8d9356b4b04c_1503942978768_2"},{"key":"?s","val":"VO_986efa79_30a1_4d92_b393_8d9356b4b04c_1503942978768_12"},{"key":"?claimantSsn","val":"154-39-8211"}]}]},{"query":"?- ?v:AE#VATravelVoucher, ?v[AE#hasVoucherClaimant->?c], ?c[AE#hasLiens->?claimantHasLiens].","resultList":[{"result":[{"key":"?v","val":"VO_986efa79_30a1_4d92_b393_8d9356b4b04c_1503942978768_0"},{"key":"?c","val":"VO_986efa79_30a1_4d92_b393_8d9356b4b04c_1503942978768_2"},{"key":"?claimantHasLiens","val":"AE#NoLienReport"}]}]},{"query":"?- ?v:AE#VATravelVoucher, ?v[AE#hasVoucherClaimant->?c], ?c[AE#hasDeclaredBankruptcy->?claimantHasDeclaredBankruptcy].","resultList":[{"result":[{"key":"?v","val":"VO_986efa79_30a1_4d92_b393_8d9356b4b04c_1503942978768_0"},{"key":"?c","val":"VO_986efa79_30a1_4d92_b393_8d9356b4b04c_1503942978768_2"},{"key":"?claimantHasDeclaredBankruptcy","val":"AE#NoBankruptcyReport"}]}]},{"query":"?- ?v:AE#VATravelVoucher, ?v[AE#hasVoucherClaimant->?c], ?c[AE#hasArrestRecord->?claimantHasArrestRecord].","resultList":[{"result":[{"key":"?v","val":"VO_986efa79_30a1_4d92_b393_8d9356b4b04c_1503942978768_0"},{"key":"?c","val":"VO_986efa79_30a1_4d92_b393_8d9356b4b04c_1503942978768_2"},{"key":"?claimantHasArrestRecord","val":"AE#NoArrestRecord"}]}]},{"query":"?- ?v:AE#VATravelVoucher, ?v[AE#hasVoucherClaimant->?c], ?c[AE#hasCriminalRecord->?claimantHasCriminalRecord].","resultList":[{"result":[{"key":"?v","val":"VO_986efa79_30a1_4d92_b393_8d9356b4b04c_1503942978768_0"},{"key":"?c","val":"VO_986efa79_30a1_4d92_b393_8d9356b4b04c_1503942978768_2"},{"key":"?claimantHasCriminalRecord","val":"AE#NoCriminalRecord"}]}]},{"query":"?- ?v:AE#VATravelVoucher, ?v[AE#hasVoucherBeneficiary->?b], ?b[AE#hasName->?cn], ?cn[label->?beneficiaryFullName].","resultList":[{"result":[{"key":"?v","val":"VO_986efa79_30a1_4d92_b393_8d9356b4b04c_1503942978768_0"},{"key":"?b","val":"VO_986efa79_30a1_4d92_b393_8d9356b4b04c_1503942978768_11"},{"key":"?cn","val":"VO_986efa79_30a1_4d92_b393_8d9356b4b04c_1503942978768_10"},{"key":"?beneficiaryFullName","val":"Hakim P. Green"}]},{"result":[{"key":"?v","val":"VO_986efa79_30a1_4d92_b393_8d9356b4b04c_1503942978768_0"},{"key":"?b","val":"VO_986efa79_30a1_4d92_b393_8d9356b4b04c_1503942978768_11"},{"key":"?cn","val":"NO_411e0245_141a_4121_acef_63c1912f70f0_1503942984398_0"},{"key":"?beneficiaryFullName","val":"Hakim P. Green"}]}]},{"query":"?- ?v:AE#VATravelVoucher, ?v[AE#hasVoucherBeneficiary->?b], ?b[AE#hasName->?cn], ?cn[AE#hasFirstName->?beneficiaryFirstName].","resultList":[{"result":[{"key":"?v","val":"VO_986efa79_30a1_4d92_b393_8d9356b4b04c_1503942978768_0"},{"key":"?b","val":"VO_986efa79_30a1_4d92_b393_8d9356b4b04c_1503942978768_11"},{"key":"?cn","val":"NO_411e0245_141a_4121_acef_63c1912f70f0_1503942984398_0"},{"key":"?beneficiaryFirstName","val":"hakim"}]}]},{"query":"?- ?v:AE#VATravelVoucher, ?v[AE#hasVoucherBeneficiary->?b], ?b[AE#hasName->?cn], ?cn[AE#hasLastName->?beneficiaryLastName].","resultList":[{"result":[{"key":"?v","val":"VO_986efa79_30a1_4d92_b393_8d9356b4b04c_1503942978768_0"},{"key":"?b","val":"VO_986efa79_30a1_4d92_b393_8d9356b4b04c_1503942978768_11"},{"key":"?cn","val":"NO_411e0245_141a_4121_acef_63c1912f70f0_1503942984398_0"},{"key":"?beneficiaryLastName","val":"green"}]}]},{"query":"?- ?v:AE#VATravelVoucher, ?v[AE#hasVoucherBeneficiary->?b], ?b[AE#hasSocialSecurityNumber->?s], ?s[label->?beneficiarySsn].","resultList":[{"result":[{"key":"?v","val":"VO_986efa79_30a1_4d92_b393_8d9356b4b04c_1503942978768_0"},{"key":"?b","val":"VO_986efa79_30a1_4d92_b393_8d9356b4b04c_1503942978768_11"},{"key":"?s","val":"VO_986efa79_30a1_4d92_b393_8d9356b4b04c_1503942978768_9"},{"key":"?beneficiarySsn","val":"154-39-8211"}]}]},{"query":"?- ?v:AE#VATravelVoucher, ?v[AE#hasVoucherBeneficiary->?b], ?b[AE#hasLiens->?beneficiaryHasLiens].","resultList":[{"result":[{"key":"?v","val":"VO_986efa79_30a1_4d92_b393_8d9356b4b04c_1503942978768_0"},{"key":"?b","val":"VO_986efa79_30a1_4d92_b393_8d9356b4b04c_1503942978768_11"},{"key":"?beneficiaryHasLiens","val":"AE#NoLienReport"}]}]},{"query":"?- ?v:AE#VATravelVoucher, ?v[AE#hasVoucherBeneficiary->?b], ?b[AE#hasDeclaredBankruptcy->?beneficiaryHasDeclaredBankruptcy].","resultList":[{"result":[{"key":"?v","val":"VO_986efa79_30a1_4d92_b393_8d9356b4b04c_1503942978768_0"},{"key":"?b","val":"VO_986efa79_30a1_4d92_b393_8d9356b4b04c_1503942978768_11"},{"key":"?beneficiaryHasDeclaredBankruptcy","val":"AE#NoBankruptcyReport"}]}]},{"query":"?- ?v:AE#VATravelVoucher, ?v[AE#hasVoucherBeneficiary->?b], ?b[AE#hasArrestRecord->?beneficiaryHasArrestRecord].","resultList":[{"result":[{"key":"?v","val":"VO_986efa79_30a1_4d92_b393_8d9356b4b04c_1503942978768_0"},{"key":"?b","val":"VO_986efa79_30a1_4d92_b393_8d9356b4b04c_1503942978768_11"},{"key":"?beneficiaryHasArrestRecord","val":"AE#NoArrestRecord"}]}]},{"query":"?- ?v:AE#VATravelVoucher, ?v[AE#hasVoucherBeneficiary->?b], ?b[AE#hasCriminalRecord->?beneficiaryHasCriminalRecord].","resultList":[{"result":[{"key":"?v","val":"VO_986efa79_30a1_4d92_b393_8d9356b4b04c_1503942978768_0"},{"key":"?b","val":"VO_986efa79_30a1_4d92_b393_8d9356b4b04c_1503942978768_11"},{"key":"?beneficiaryHasCriminalRecord","val":"AE#NoCriminalRecord"}]}]},{"query":"?- ?t:AE#Travelling, ?t[AE#hasPath->?p], ?p[AE#hasDistance->?d], ?d[AE#numericValue->?expectedDistanceValue], ?d[AE#hasUnitOfMeasure->?unitOfDistanceMeasure].","resultList":[{"result":[{"key":"?t","val":"VO_986efa79_30a1_4d92_b393_8d9356b4b04c_1503942978768_6"},{"key":"?p","val":"ES_240707c4_3877_4977_9e9e_940408182dd1_1503943004546_4"},{"key":"?d","val":"ES_240707c4_3877_4977_9e9e_940408182dd1_1503943004546_0"},{"key":"?expectedDistanceValue","val":"14705.263033579010880202986299991607666015625"},{"key":"?unitOfDistanceMeasure","val":"meters"}]}]},{"query":"?- ?t:AE#Travelling, ?t[AE#hasPath->?p], ?p[AE#hasExpectedTravelTime->?d], ?d[AE#numericValue->?expectedTimeValue], ?d[AE#hasUnitOfMeasure->?unitOfTimeMeasure].","resultList":[{"result":[{"key":"?t","val":"VO_986efa79_30a1_4d92_b393_8d9356b4b04c_1503942978768_6"},{"key":"?p","val":"ES_240707c4_3877_4977_9e9e_940408182dd1_1503943004546_4"},{"key":"?d","val":"ES_240707c4_3877_4977_9e9e_940408182dd1_1503943004546_2"},{"key":"?expectedTimeValue","val":"12.16110569774173200130462646484375"},{"key":"?unitOfTimeMeasure","val":"minutes"}]}]},{"query":"?- ?t:AE#Travelling, ?t[AE#hasDestination->?d], ?d[label->?destinationFullAddress].","resultList":[{"result":[{"key":"?t","val":"VO_986efa79_30a1_4d92_b393_8d9356b4b04c_1503942978768_7"},{"key":"?d","val":"VO_986efa79_30a1_4d92_b393_8d9356b4b04c_1503942978768_8"},{"key":"?destinationFullAddress","val":"2790 Truxton Road, Suite 130, San Diego, CA 92106"}]},{"result":[{"key":"?t","val":"VO_986efa79_30a1_4d92_b393_8d9356b4b04c_1503942978768_6"},{"key":"?d","val":"VO_986efa79_30a1_4d92_b393_8d9356b4b04c_1503942978768_5"},{"key":"?destinationFullAddress","val":"3343 43rd St, San Diego, CA 92105"}]}]},{"query":"?- ?t:AE#Travelling, ?t[AE#hasDestination->?d], ?d[AE#hasStreet->?s], ?s[label->?destinationStreetName], ?d[AE#hasCity->?c], ?c[label->?destinationCity], ?d[AE#hasState->?st], ?st[label->?destinationState], ?d[AE#hasZipcode->?destinationZipCode].","resultList":[{"result":[{"key":"?t","val":"VO_986efa79_30a1_4d92_b393_8d9356b4b04c_1503942978768_7"},{"key":"?d","val":"VO_986efa79_30a1_4d92_b393_8d9356b4b04c_1503942978768_8"},{"key":"?s","val":"NO_3bf3e665_6a4a_43a5_91d3_543528f5fea4_1503942988072_id5"},{"key":"?destinationStreetName","val":"2790 Truxton Road"},{"key":"?c","val":"NO_3bf3e665_6a4a_43a5_91d3_543528f5fea4_1503942988072_id11"},{"key":"?destinationCity","val":"San Diego"},{"key":"?st","val":"NO_3bf3e665_6a4a_43a5_91d3_543528f5fea4_1503942988072_id13"},{"key":"?destinationState","val":"CA"},{"key":"?destinationZipCode","val":"92106"}]},{"result":[{"key":"?t","val":"VO_986efa79_30a1_4d92_b393_8d9356b4b04c_1503942978768_6"},{"key":"?d","val":"VO_986efa79_30a1_4d92_b393_8d9356b4b04c_1503942978768_5"},{"key":"?s","val":"NO_79e0163a_7931_44b2_a204_26a27ffa2124_1503942990020_id3"},{"key":"?destinationStreetName","val":"3343 43rd St"},{"key":"?c","val":"NO_79e0163a_7931_44b2_a204_26a27ffa2124_1503942990020_id9"},{"key":"?destinationCity","val":"San Diego"},{"key":"?st","val":"NO_79e0163a_7931_44b2_a204_26a27ffa2124_1503942990020_id11"},{"key":"?destinationState","val":"CA"},{"key":"?destinationZipCode","val":"92105"}]}]},{"query":"?- ?t:AE#Travelling, ?t[AE#hasOrigin->?d], ?d[label->?originFullAddress].","resultList":[{"result":[{"key":"?t","val":"VO_986efa79_30a1_4d92_b393_8d9356b4b04c_1503942978768_7"},{"key":"?d","val":"VO_986efa79_30a1_4d92_b393_8d9356b4b04c_1503942978768_3"},{"key":"?originFullAddress","val":"3343 43rd St, San Diego, CA 92105"}]},{"result":[{"key":"?t","val":"VO_986efa79_30a1_4d92_b393_8d9356b4b04c_1503942978768_6"},{"key":"?d","val":"VO_986efa79_30a1_4d92_b393_8d9356b4b04c_1503942978768_8"},{"key":"?originFullAddress","val":"2790 Truxton Road, Suite 130, San Diego, CA 92106"}]}]},{"query":"?- ?t:AE#Travelling, ?t[AE#hasOrigin->?d], ?d[AE#hasStreet->?s], ?s[label->?originStreetName], ?d[AE#hasCity->?c], ?c[label->?originCity], ?d[AE#hasState->?st], ?st[label->?originState], ?d[AE#hasZipcode->?originZipCode].","resultList":[{"result":[{"key":"?t","val":"VO_986efa79_30a1_4d92_b393_8d9356b4b04c_1503942978768_7"},{"key":"?d","val":"VO_986efa79_30a1_4d92_b393_8d9356b4b04c_1503942978768_3"},{"key":"?s","val":"NO_309489c3_3504_4e66_9cae_711b49336ba0_1503942991971_id3"},{"key":"?originStreetName","val":"3343 43rd St"},{"key":"?c","val":"NO_309489c3_3504_4e66_9cae_711b49336ba0_1503942991971_id9"},{"key":"?originCity","val":"San Diego"},{"key":"?st","val":"NO_309489c3_3504_4e66_9cae_711b49336ba0_1503942991971_id11"},{"key":"?originState","val":"CA"},{"key":"?originZipCode","val":"92105"}]},{"result":[{"key":"?t","val":"VO_986efa79_30a1_4d92_b393_8d9356b4b04c_1503942978768_6"},{"key":"?d","val":"VO_986efa79_30a1_4d92_b393_8d9356b4b04c_1503942978768_8"},{"key":"?s","val":"NO_3bf3e665_6a4a_43a5_91d3_543528f5fea4_1503942988072_id5"},{"key":"?originStreetName","val":"2790 Truxton Road"},{"key":"?c","val":"NO_3bf3e665_6a4a_43a5_91d3_543528f5fea4_1503942988072_id11"},{"key":"?originCity","val":"San Diego"},{"key":"?st","val":"NO_3bf3e665_6a4a_43a5_91d3_543528f5fea4_1503942988072_id13"},{"key":"?originState","val":"CA"},{"key":"?originZipCode","val":"92106"}]}]},{"query":"?- ?t:AE#Travelling, ?t[AE#hasPath->?p], ?p[AE#hasStartRegion->?s], ?s[AE#hasLatitude->?originLatitude], ?s[AE#hasLongitude->?originLongitude].","resultList":[{"result":[{"key":"?t","val":"VO_986efa79_30a1_4d92_b393_8d9356b4b04c_1503942978768_6"},{"key":"?p","val":"ES_240707c4_3877_4977_9e9e_940408182dd1_1503943004546_4"},{"key":"?s","val":"ES_240707c4_3877_4977_9e9e_940408182dd1_1503943004546_3"},{"key":"?originLatitude","val":"32.74051839275188058309140615165233612060546875"},{"key":"?originLongitude","val":"-117.2130215001728856805129908025264739990234375"}]}]},{"query":"?- ?t:AE#Travelling, ?t[AE#hasPath->?p], ?p[AE#hasEndRegion->?e], ?e[AE#hasLatitude->?destinationLatitude], ?e[AE#hasLongitude->?destinationLongitude].","resultList":[{"result":[{"key":"?t","val":"VO_986efa79_30a1_4d92_b393_8d9356b4b04c_1503942978768_6"},{"key":"?p","val":"ES_240707c4_3877_4977_9e9e_940408182dd1_1503943004546_4"},{"key":"?e","val":"ES_240707c4_3877_4977_9e9e_940408182dd1_1503943004546_1"},{"key":"?destinationLatitude","val":"32.74111840827512054374892613850533962249755859375"},{"key":"?destinationLongitude","val":"-117.10203096944445633198483847081661224365234375"}]}]}]}
