{"dataList":[{"query":"?- ?v:AE#VATravelVoucher, ?v[AE#hasVoucherClaimant->?c], ?c[AE#hasName->?cn], ?cn[label->?claimantFullName].","resultList":[{"result":[{"key":"?v","val":"VO_920c82d6_c964_46e9_bab4_5fb3f1bd3578_1503940619289_0"},{"key":"?c","val":"VO_920c82d6_c964_46e9_bab4_5fb3f1bd3578_1503940619289_2"},{"key":"?cn","val":"VO_920c82d6_c964_46e9_bab4_5fb3f1bd3578_1503940619289_1"},{"key":"?claimantFullName","val":"Charles J. Williams"}]},{"result":[{"key":"?v","val":"VO_920c82d6_c964_46e9_bab4_5fb3f1bd3578_1503940619289_0"},{"key":"?c","val":"VO_920c82d6_c964_46e9_bab4_5fb3f1bd3578_1503940619289_2"},{"key":"?cn","val":"NO_bb93142f_381e_4009_ae8d_db943c0c8594_1503940627685_0"},{"key":"?claimantFullName","val":"Charles J. Williams"}]}]},{"query":"?- ?v:AE#VATravelVoucher, ?v[AE#hasVoucherClaimant->?c], ?c[AE#hasName->?cn], ?cn[AE#hasFirstName->?claimantFirstName].","resultList":[{"result":[{"key":"?v","val":"VO_920c82d6_c964_46e9_bab4_5fb3f1bd3578_1503940619289_0"},{"key":"?c","val":"VO_920c82d6_c964_46e9_bab4_5fb3f1bd3578_1503940619289_2"},{"key":"?cn","val":"NO_bb93142f_381e_4009_ae8d_db943c0c8594_1503940627685_0"},{"key":"?claimantFirstName","val":"charles"}]}]},{"query":"?- ?v:AE#VATravelVoucher, ?v[AE#hasVoucherClaimant->?c], ?c[AE#hasName->?cn], ?cn[AE#hasLastName->?claimantLastName].","resultList":[{"result":[{"key":"?v","val":"VO_920c82d6_c964_46e9_bab4_5fb3f1bd3578_1503940619289_0"},{"key":"?c","val":"VO_920c82d6_c964_46e9_bab4_5fb3f1bd3578_1503940619289_2"},{"key":"?cn","val":"NO_bb93142f_381e_4009_ae8d_db943c0c8594_1503940627685_0"},{"key":"?claimantLastName","val":"williams"}]}]},{"query":"?- ?v:AE#VATravelVoucher, ?v[AE#hasVoucherClaimant->?c], ?c[AE#hasSocialSecurityNumber->?s], ?s[label->?claimantSsn].","resultList":[{"result":[{"key":"?v","val":"VO_920c82d6_c964_46e9_bab4_5fb3f1bd3578_1503940619289_0"},{"key":"?c","val":"VO_920c82d6_c964_46e9_bab4_5fb3f1bd3578_1503940619289_2"},{"key":"?s","val":"VO_920c82d6_c964_46e9_bab4_5fb3f1bd3578_1503940619289_12"},{"key":"?claimantSsn","val":"079-03-4657"}]}]},{"query":"?- ?v:AE#VATravelVoucher, ?v[AE#hasVoucherClaimant->?c], ?c[AE#hasLiens->?claimantHasLiens].","resultList":[{"result":[{"key":"?v","val":"VO_920c82d6_c964_46e9_bab4_5fb3f1bd3578_1503940619289_0"},{"key":"?c","val":"VO_920c82d6_c964_46e9_bab4_5fb3f1bd3578_1503940619289_2"},{"key":"?claimantHasLiens","val":"AE#NoLienReport"}]}]},{"query":"?- ?v:AE#VATravelVoucher, ?v[AE#hasVoucherClaimant->?c], ?c[AE#hasDeclaredBankruptcy->?claimantHasDeclaredBankruptcy].","resultList":[{"result":[{"key":"?v","val":"VO_920c82d6_c964_46e9_bab4_5fb3f1bd3578_1503940619289_0"},{"key":"?c","val":"VO_920c82d6_c964_46e9_bab4_5fb3f1bd3578_1503940619289_2"},{"key":"?claimantHasDeclaredBankruptcy","val":"AE#NoBankruptcyReport"}]}]},{"query":"?- ?v:AE#VATravelVoucher, ?v[AE#hasVoucherClaimant->?c], ?c[AE#hasArrestRecord->?claimantHasArrestRecord].","resultList":[{"result":[{"key":"?v","val":"VO_920c82d6_c964_46e9_bab4_5fb3f1bd3578_1503940619289_0"},{"key":"?c","val":"VO_920c82d6_c964_46e9_bab4_5fb3f1bd3578_1503940619289_2"},{"key":"?claimantHasArrestRecord","val":"AE#NoArrestRecord"}]}]},{"query":"?- ?v:AE#VATravelVoucher, ?v[AE#hasVoucherClaimant->?c], ?c[AE#hasCriminalRecord->?claimantHasCriminalRecord].","resultList":[{"result":[{"key":"?v","val":"VO_920c82d6_c964_46e9_bab4_5fb3f1bd3578_1503940619289_0"},{"key":"?c","val":"VO_920c82d6_c964_46e9_bab4_5fb3f1bd3578_1503940619289_2"},{"key":"?claimantHasCriminalRecord","val":"AE#NoCriminalRecord"}]}]},{"query":"?- ?v:AE#VATravelVoucher, ?v[AE#hasVoucherBeneficiary->?b], ?b[AE#hasName->?cn], ?cn[label->?beneficiaryFullName].","resultList":[{"result":[{"key":"?v","val":"VO_920c82d6_c964_46e9_bab4_5fb3f1bd3578_1503940619289_0"},{"key":"?b","val":"VO_920c82d6_c964_46e9_bab4_5fb3f1bd3578_1503940619289_11"},{"key":"?cn","val":"VO_920c82d6_c964_46e9_bab4_5fb3f1bd3578_1503940619289_10"},{"key":"?beneficiaryFullName","val":"Charles J. Williams"}]},{"result":[{"key":"?v","val":"VO_920c82d6_c964_46e9_bab4_5fb3f1bd3578_1503940619289_0"},{"key":"?b","val":"VO_920c82d6_c964_46e9_bab4_5fb3f1bd3578_1503940619289_11"},{"key":"?cn","val":"NO_7f7535f9_9ce9_4d5d_bdb3_129a1685d23e_1503940625649_0"},{"key":"?beneficiaryFullName","val":"Charles J. Williams"}]}]},{"query":"?- ?v:AE#VATravelVoucher, ?v[AE#hasVoucherBeneficiary->?b], ?b[AE#hasName->?cn], ?cn[AE#hasFirstName->?beneficiaryFirstName].","resultList":[{"result":[{"key":"?v","val":"VO_920c82d6_c964_46e9_bab4_5fb3f1bd3578_1503940619289_0"},{"key":"?b","val":"VO_920c82d6_c964_46e9_bab4_5fb3f1bd3578_1503940619289_11"},{"key":"?cn","val":"NO_7f7535f9_9ce9_4d5d_bdb3_129a1685d23e_1503940625649_0"},{"key":"?beneficiaryFirstName","val":"charles"}]}]},{"query":"?- ?v:AE#VATravelVoucher, ?v[AE#hasVoucherBeneficiary->?b], ?b[AE#hasName->?cn], ?cn[AE#hasLastName->?beneficiaryLastName].","resultList":[{"result":[{"key":"?v","val":"VO_920c82d6_c964_46e9_bab4_5fb3f1bd3578_1503940619289_0"},{"key":"?b","val":"VO_920c82d6_c964_46e9_bab4_5fb3f1bd3578_1503940619289_11"},{"key":"?cn","val":"NO_7f7535f9_9ce9_4d5d_bdb3_129a1685d23e_1503940625649_0"},{"key":"?beneficiaryLastName","val":"williams"}]}]},{"query":"?- ?v:AE#VATravelVoucher, ?v[AE#hasVoucherBeneficiary->?b], ?b[AE#hasSocialSecurityNumber->?s], ?s[label->?beneficiarySsn].","resultList":[{"result":[{"key":"?v","val":"VO_920c82d6_c964_46e9_bab4_5fb3f1bd3578_1503940619289_0"},{"key":"?b","val":"VO_920c82d6_c964_46e9_bab4_5fb3f1bd3578_1503940619289_11"},{"key":"?s","val":"VO_920c82d6_c964_46e9_bab4_5fb3f1bd3578_1503940619289_9"},{"key":"?beneficiarySsn","val":"079-03-4657"}]}]},{"query":"?- ?v:AE#VATravelVoucher, ?v[AE#hasVoucherBeneficiary->?b], ?b[AE#hasLiens->?beneficiaryHasLiens].","resultList":[{"result":[{"key":"?v","val":"VO_920c82d6_c964_46e9_bab4_5fb3f1bd3578_1503940619289_0"},{"key":"?b","val":"VO_920c82d6_c964_46e9_bab4_5fb3f1bd3578_1503940619289_11"},{"key":"?beneficiaryHasLiens","val":"AE#NoLienReport"}]}]},{"query":"?- ?v:AE#VATravelVoucher, ?v[AE#hasVoucherBeneficiary->?b], ?b[AE#hasDeclaredBankruptcy->?beneficiaryHasDeclaredBankruptcy].","resultList":[{"result":[{"key":"?v","val":"VO_920c82d6_c964_46e9_bab4_5fb3f1bd3578_1503940619289_0"},{"key":"?b","val":"VO_920c82d6_c964_46e9_bab4_5fb3f1bd3578_1503940619289_11"},{"key":"?beneficiaryHasDeclaredBankruptcy","val":"AE#NoBankruptcyReport"}]}]},{"query":"?- ?v:AE#VATravelVoucher, ?v[AE#hasVoucherBeneficiary->?b], ?b[AE#hasArrestRecord->?beneficiaryHasArrestRecord].","resultList":[{"result":[{"key":"?v","val":"VO_920c82d6_c964_46e9_bab4_5fb3f1bd3578_1503940619289_0"},{"key":"?b","val":"VO_920c82d6_c964_46e9_bab4_5fb3f1bd3578_1503940619289_11"},{"key":"?beneficiaryHasArrestRecord","val":"AE#NoArrestRecord"}]}]},{"query":"?- ?v:AE#VATravelVoucher, ?v[AE#hasVoucherBeneficiary->?b], ?b[AE#hasCriminalRecord->?beneficiaryHasCriminalRecord].","resultList":[{"result":[{"key":"?v","val":"VO_920c82d6_c964_46e9_bab4_5fb3f1bd3578_1503940619289_0"},{"key":"?b","val":"VO_920c82d6_c964_46e9_bab4_5fb3f1bd3578_1503940619289_11"},{"key":"?beneficiaryHasCriminalRecord","val":"AE#NoCriminalRecord"}]}]},{"query":"?- ?t:AE#Travelling, ?t[AE#hasPath->?p], ?p[AE#hasDistance->?d], ?d[AE#numericValue->?expectedDistanceValue], ?d[AE#hasUnitOfMeasure->?unitOfDistanceMeasure].","resultList":[{"result":[{"key":"?t","val":"VO_920c82d6_c964_46e9_bab4_5fb3f1bd3578_1503940619289_6"},{"key":"?p","val":"ES_2d1aff90_0618_4b5e_b29d_387f89446a5a_1503940646265_4"},{"key":"?d","val":"ES_2d1aff90_0618_4b5e_b29d_387f89446a5a_1503940646265_0"},{"key":"?expectedDistanceValue","val":"3589.36451782564790846663527190685272216796875"},{"key":"?unitOfDistanceMeasure","val":"meters"}]}]},{"query":"?- ?t:AE#Travelling, ?t[AE#hasPath->?p], ?p[AE#hasExpectedTravelTime->?d], ?d[AE#numericValue->?expectedTimeValue], ?d[AE#hasUnitOfMeasure->?unitOfTimeMeasure].","resultList":[{"result":[{"key":"?t","val":"VO_920c82d6_c964_46e9_bab4_5fb3f1bd3578_1503940619289_6"},{"key":"?p","val":"ES_2d1aff90_0618_4b5e_b29d_387f89446a5a_1503940646265_4"},{"key":"?d","val":"ES_2d1aff90_0618_4b5e_b29d_387f89446a5a_1503940646265_2"},{"key":"?expectedTimeValue","val":"6.208561048842966556549072265625"},{"key":"?unitOfTimeMeasure","val":"minutes"}]}]},{"query":"?- ?t:AE#Travelling, ?t[AE#hasDestination->?d], ?d[label->?destinationFullAddress].","resultList":[{"result":[{"key":"?t","val":"VO_920c82d6_c964_46e9_bab4_5fb3f1bd3578_1503940619289_7"},{"key":"?d","val":"VO_920c82d6_c964_46e9_bab4_5fb3f1bd3578_1503940619289_8"},{"key":"?destinationFullAddress","val":"2790 Truxton Road, Suite 130, San Diego, CA 92106"}]},{"result":[{"key":"?t","val":"VO_920c82d6_c964_46e9_bab4_5fb3f1bd3578_1503940619289_6"},{"key":"?d","val":"VO_920c82d6_c964_46e9_bab4_5fb3f1bd3578_1503940619289_5"},{"key":"?destinationFullAddress","val":"3537 Addison St San Diego, CA 92106"}]}]},{"query":"?- ?t:AE#Travelling, ?t[AE#hasDestination->?d], ?d[AE#hasStreet->?s], ?s[label->?destinationStreetName], ?d[AE#hasCity->?c], ?c[label->?destinationCity], ?d[AE#hasState->?st], ?st[label->?destinationState], ?d[AE#hasZipcode->?destinationZipCode].","resultList":[{"result":[{"key":"?t","val":"VO_920c82d6_c964_46e9_bab4_5fb3f1bd3578_1503940619289_7"},{"key":"?d","val":"VO_920c82d6_c964_46e9_bab4_5fb3f1bd3578_1503940619289_8"},{"key":"?s","val":"NO_2b5144c3_cba1_443a_9e0f_42c37660473d_1503940629657_id5"},{"key":"?destinationStreetName","val":"2790 Truxton Road"},{"key":"?c","val":"NO_2b5144c3_cba1_443a_9e0f_42c37660473d_1503940629657_id11"},{"key":"?destinationCity","val":"San Diego"},{"key":"?st","val":"NO_2b5144c3_cba1_443a_9e0f_42c37660473d_1503940629657_id13"},{"key":"?destinationState","val":"CA"},{"key":"?destinationZipCode","val":"92106"}]},{"result":[{"key":"?t","val":"VO_920c82d6_c964_46e9_bab4_5fb3f1bd3578_1503940619289_6"},{"key":"?d","val":"VO_920c82d6_c964_46e9_bab4_5fb3f1bd3578_1503940619289_5"},{"key":"?s","val":"NO_3dc53fb9_5f84_456b_82f1_fd199c17d8ae_1503940631488_id3"},{"key":"?destinationStreetName","val":"3537 Addison St"},{"key":"?c","val":"NO_3dc53fb9_5f84_456b_82f1_fd199c17d8ae_1503940631488_id9"},{"key":"?destinationCity","val":"San Diego"},{"key":"?st","val":"NO_3dc53fb9_5f84_456b_82f1_fd199c17d8ae_1503940631488_id11"},{"key":"?destinationState","val":"CA"},{"key":"?destinationZipCode","val":"92106"}]}]},{"query":"?- ?t:AE#Travelling, ?t[AE#hasOrigin->?d], ?d[label->?originFullAddress].","resultList":[{"result":[{"key":"?t","val":"VO_920c82d6_c964_46e9_bab4_5fb3f1bd3578_1503940619289_7"},{"key":"?d","val":"VO_920c82d6_c964_46e9_bab4_5fb3f1bd3578_1503940619289_3"},{"key":"?originFullAddress","val":"3537 Addison St San Diego, CA 92106"}]},{"result":[{"key":"?t","val":"VO_920c82d6_c964_46e9_bab4_5fb3f1bd3578_1503940619289_6"},{"key":"?d","val":"VO_920c82d6_c964_46e9_bab4_5fb3f1bd3578_1503940619289_8"},{"key":"?originFullAddress","val":"2790 Truxton Road, Suite 130, San Diego, CA 92106"}]}]},{"query":"?- ?t:AE#Travelling, ?t[AE#hasOrigin->?d], ?d[AE#hasStreet->?s], ?s[label->?originStreetName], ?d[AE#hasCity->?c], ?c[label->?originCity], ?d[AE#hasState->?st], ?st[label->?originState], ?d[AE#hasZipcode->?originZipCode].","resultList":[{"result":[{"key":"?t","val":"VO_920c82d6_c964_46e9_bab4_5fb3f1bd3578_1503940619289_7"},{"key":"?d","val":"VO_920c82d6_c964_46e9_bab4_5fb3f1bd3578_1503940619289_3"},{"key":"?s","val":"NO_4521679e_7cb9_41a4_8214_2d8ceb42edbb_1503940633474_id3"},{"key":"?originStreetName","val":"3537 Addison St"},{"key":"?c","val":"NO_4521679e_7cb9_41a4_8214_2d8ceb42edbb_1503940633474_id9"},{"key":"?originCity","val":"San Diego"},{"key":"?st","val":"NO_4521679e_7cb9_41a4_8214_2d8ceb42edbb_1503940633474_id11"},{"key":"?originState","val":"CA"},{"key":"?originZipCode","val":"92106"}]},{"result":[{"key":"?t","val":"VO_920c82d6_c964_46e9_bab4_5fb3f1bd3578_1503940619289_6"},{"key":"?d","val":"VO_920c82d6_c964_46e9_bab4_5fb3f1bd3578_1503940619289_8"},{"key":"?s","val":"NO_2b5144c3_cba1_443a_9e0f_42c37660473d_1503940629657_id5"},{"key":"?originStreetName","val":"2790 Truxton Road"},{"key":"?c","val":"NO_2b5144c3_cba1_443a_9e0f_42c37660473d_1503940629657_id11"},{"key":"?originCity","val":"San Diego"},{"key":"?st","val":"NO_2b5144c3_cba1_443a_9e0f_42c37660473d_1503940629657_id13"},{"key":"?originState","val":"CA"},{"key":"?originZipCode","val":"92106"}]}]},{"query":"?- ?t:AE#Travelling, ?t[AE#hasPath->?p], ?p[AE#hasStartRegion->?s], ?s[AE#hasLatitude->?originLatitude], ?s[AE#hasLongitude->?originLongitude].","resultList":[{"result":[{"key":"?t","val":"VO_920c82d6_c964_46e9_bab4_5fb3f1bd3578_1503940619289_6"},{"key":"?p","val":"ES_2d1aff90_0618_4b5e_b29d_387f89446a5a_1503940646265_4"},{"key":"?s","val":"ES_2d1aff90_0618_4b5e_b29d_387f89446a5a_1503940646265_3"},{"key":"?originLatitude","val":"32.74051839275188058309140615165233612060546875"},{"key":"?originLongitude","val":"-117.2130215001728856805129908025264739990234375"}]}]},{"query":"?- ?t:AE#Travelling, ?t[AE#hasPath->?p], ?p[AE#hasEndRegion->?e], ?e[AE#hasLatitude->?destinationLatitude], ?e[AE#hasLongitude->?destinationLongitude].","resultList":[{"result":[{"key":"?t","val":"VO_920c82d6_c964_46e9_bab4_5fb3f1bd3578_1503940619289_6"},{"key":"?p","val":"ES_2d1aff90_0618_4b5e_b29d_387f89446a5a_1503940646265_4"},{"key":"?e","val":"ES_2d1aff90_0618_4b5e_b29d_387f89446a5a_1503940646265_1"},{"key":"?destinationLatitude","val":"32.726214367736247368156909942626953125"},{"key":"?destinationLongitude","val":"-117.2365517013962517012259922921657562255859375"}]}]}]}
