{"dataList":[{"query":"?- ?v:AE#VATravelVoucher, ?v[AE#hasVoucherClaimant->?c], ?c[AE#hasName->?cn], ?cn[label->?claimantFullName].","resultList":[{"result":[{"key":"?v","val":"VO_9d50c79a_e373_4c2b_8b48_712290151b3d_1503943257085_0"},{"key":"?c","val":"VO_9d50c79a_e373_4c2b_8b48_712290151b3d_1503943257085_2"},{"key":"?cn","val":"VO_9d50c79a_e373_4c2b_8b48_712290151b3d_1503943257085_1"},{"key":"?claimantFullName","val":"Barbara Jean Thompson"}]},{"result":[{"key":"?v","val":"VO_9d50c79a_e373_4c2b_8b48_712290151b3d_1503943257085_0"},{"key":"?c","val":"VO_9d50c79a_e373_4c2b_8b48_712290151b3d_1503943257085_2"},{"key":"?cn","val":"NO_fe7d0186_f001_4583_9cf9_6e51fb87b6d4_1503943264603_0"},{"key":"?claimantFullName","val":"Barbara Jean Thompson"}]}]},{"query":"?- ?v:AE#VATravelVoucher, ?v[AE#hasVoucherClaimant->?c], ?c[AE#hasName->?cn], ?cn[AE#hasFirstName->?claimantFirstName].","resultList":[{"result":[{"key":"?v","val":"VO_9d50c79a_e373_4c2b_8b48_712290151b3d_1503943257085_0"},{"key":"?c","val":"VO_9d50c79a_e373_4c2b_8b48_712290151b3d_1503943257085_2"},{"key":"?cn","val":"NO_fe7d0186_f001_4583_9cf9_6e51fb87b6d4_1503943264603_0"},{"key":"?claimantFirstName","val":"barbara"}]}]},{"query":"?- ?v:AE#VATravelVoucher, ?v[AE#hasVoucherClaimant->?c], ?c[AE#hasName->?cn], ?cn[AE#hasLastName->?claimantLastName].","resultList":[{"result":[{"key":"?v","val":"VO_9d50c79a_e373_4c2b_8b48_712290151b3d_1503943257085_0"},{"key":"?c","val":"VO_9d50c79a_e373_4c2b_8b48_712290151b3d_1503943257085_2"},{"key":"?cn","val":"NO_fe7d0186_f001_4583_9cf9_6e51fb87b6d4_1503943264603_0"},{"key":"?claimantLastName","val":"thompson"}]}]},{"query":"?- ?v:AE#VATravelVoucher, ?v[AE#hasVoucherClaimant->?c], ?c[AE#hasSocialSecurityNumber->?s], ?s[label->?claimantSsn].","resultList":[{"result":[{"key":"?v","val":"VO_9d50c79a_e373_4c2b_8b48_712290151b3d_1503943257085_0"},{"key":"?c","val":"VO_9d50c79a_e373_4c2b_8b48_712290151b3d_1503943257085_2"},{"key":"?s","val":"VO_9d50c79a_e373_4c2b_8b48_712290151b3d_1503943257085_12"},{"key":"?claimantSsn","val":"095-18-9965"}]}]},{"query":"?- ?v:AE#VATravelVoucher, ?v[AE#hasVoucherClaimant->?c], ?c[AE#hasLiens->?claimantHasLiens].","resultList":[{"result":[{"key":"?v","val":"VO_9d50c79a_e373_4c2b_8b48_712290151b3d_1503943257085_0"},{"key":"?c","val":"VO_9d50c79a_e373_4c2b_8b48_712290151b3d_1503943257085_2"},{"key":"?claimantHasLiens","val":"AE#UnknownLienReport"}]}]},{"query":"?- ?v:AE#VATravelVoucher, ?v[AE#hasVoucherClaimant->?c], ?c[AE#hasDeclaredBankruptcy->?claimantHasDeclaredBankruptcy].","resultList":[{"result":[{"key":"?v","val":"VO_9d50c79a_e373_4c2b_8b48_712290151b3d_1503943257085_0"},{"key":"?c","val":"VO_9d50c79a_e373_4c2b_8b48_712290151b3d_1503943257085_2"},{"key":"?claimantHasDeclaredBankruptcy","val":"AE#NoBankruptcyReport"}]}]},{"query":"?- ?v:AE#VATravelVoucher, ?v[AE#hasVoucherClaimant->?c], ?c[AE#hasArrestRecord->?claimantHasArrestRecord].","resultList":[{"result":[{"key":"?v","val":"VO_9d50c79a_e373_4c2b_8b48_712290151b3d_1503943257085_0"},{"key":"?c","val":"VO_9d50c79a_e373_4c2b_8b48_712290151b3d_1503943257085_2"},{"key":"?claimantHasArrestRecord","val":"AE#NoArrestRecord"}]}]},{"query":"?- ?v:AE#VATravelVoucher, ?v[AE#hasVoucherClaimant->?c], ?c[AE#hasCriminalRecord->?claimantHasCriminalRecord].","resultList":[{"result":[{"key":"?v","val":"VO_9d50c79a_e373_4c2b_8b48_712290151b3d_1503943257085_0"},{"key":"?c","val":"VO_9d50c79a_e373_4c2b_8b48_712290151b3d_1503943257085_2"},{"key":"?claimantHasCriminalRecord","val":"AE#NoCriminalRecord"}]}]},{"query":"?- ?v:AE#VATravelVoucher, ?v[AE#hasVoucherBeneficiary->?b], ?b[AE#hasName->?cn], ?cn[label->?beneficiaryFullName].","resultList":[{"result":[{"key":"?v","val":"VO_9d50c79a_e373_4c2b_8b48_712290151b3d_1503943257085_0"},{"key":"?b","val":"VO_9d50c79a_e373_4c2b_8b48_712290151b3d_1503943257085_11"},{"key":"?cn","val":"VO_9d50c79a_e373_4c2b_8b48_712290151b3d_1503943257085_10"},{"key":"?beneficiaryFullName","val":"Barbara Jean Thompson"}]},{"result":[{"key":"?v","val":"VO_9d50c79a_e373_4c2b_8b48_712290151b3d_1503943257085_0"},{"key":"?b","val":"VO_9d50c79a_e373_4c2b_8b48_712290151b3d_1503943257085_11"},{"key":"?cn","val":"NO_19d976a3_cce0_487c_a509_00e9d9ee69d9_1503943262770_0"},{"key":"?beneficiaryFullName","val":"Barbara Jean Thompson"}]}]},{"query":"?- ?v:AE#VATravelVoucher, ?v[AE#hasVoucherBeneficiary->?b], ?b[AE#hasName->?cn], ?cn[AE#hasFirstName->?beneficiaryFirstName].","resultList":[{"result":[{"key":"?v","val":"VO_9d50c79a_e373_4c2b_8b48_712290151b3d_1503943257085_0"},{"key":"?b","val":"VO_9d50c79a_e373_4c2b_8b48_712290151b3d_1503943257085_11"},{"key":"?cn","val":"NO_19d976a3_cce0_487c_a509_00e9d9ee69d9_1503943262770_0"},{"key":"?beneficiaryFirstName","val":"barbara"}]}]},{"query":"?- ?v:AE#VATravelVoucher, ?v[AE#hasVoucherBeneficiary->?b], ?b[AE#hasName->?cn], ?cn[AE#hasLastName->?beneficiaryLastName].","resultList":[{"result":[{"key":"?v","val":"VO_9d50c79a_e373_4c2b_8b48_712290151b3d_1503943257085_0"},{"key":"?b","val":"VO_9d50c79a_e373_4c2b_8b48_712290151b3d_1503943257085_11"},{"key":"?cn","val":"NO_19d976a3_cce0_487c_a509_00e9d9ee69d9_1503943262770_0"},{"key":"?beneficiaryLastName","val":"thompson"}]}]},{"query":"?- ?v:AE#VATravelVoucher, ?v[AE#hasVoucherBeneficiary->?b], ?b[AE#hasSocialSecurityNumber->?s], ?s[label->?beneficiarySsn].","resultList":[{"result":[{"key":"?v","val":"VO_9d50c79a_e373_4c2b_8b48_712290151b3d_1503943257085_0"},{"key":"?b","val":"VO_9d50c79a_e373_4c2b_8b48_712290151b3d_1503943257085_11"},{"key":"?s","val":"VO_9d50c79a_e373_4c2b_8b48_712290151b3d_1503943257085_9"},{"key":"?beneficiarySsn","val":"095-18-9965"}]}]},{"query":"?- ?v:AE#VATravelVoucher, ?v[AE#hasVoucherBeneficiary->?b], ?b[AE#hasLiens->?beneficiaryHasLiens].","resultList":[{"result":[{"key":"?v","val":"VO_9d50c79a_e373_4c2b_8b48_712290151b3d_1503943257085_0"},{"key":"?b","val":"VO_9d50c79a_e373_4c2b_8b48_712290151b3d_1503943257085_11"},{"key":"?beneficiaryHasLiens","val":"AE#UnknownLienReport"}]}]},{"query":"?- ?v:AE#VATravelVoucher, ?v[AE#hasVoucherBeneficiary->?b], ?b[AE#hasDeclaredBankruptcy->?beneficiaryHasDeclaredBankruptcy].","resultList":[{"result":[{"key":"?v","val":"VO_9d50c79a_e373_4c2b_8b48_712290151b3d_1503943257085_0"},{"key":"?b","val":"VO_9d50c79a_e373_4c2b_8b48_712290151b3d_1503943257085_11"},{"key":"?beneficiaryHasDeclaredBankruptcy","val":"AE#NoBankruptcyReport"}]}]},{"query":"?- ?v:AE#VATravelVoucher, ?v[AE#hasVoucherBeneficiary->?b], ?b[AE#hasArrestRecord->?beneficiaryHasArrestRecord].","resultList":[{"result":[{"key":"?v","val":"VO_9d50c79a_e373_4c2b_8b48_712290151b3d_1503943257085_0"},{"key":"?b","val":"VO_9d50c79a_e373_4c2b_8b48_712290151b3d_1503943257085_11"},{"key":"?beneficiaryHasArrestRecord","val":"AE#NoArrestRecord"}]}]},{"query":"?- ?v:AE#VATravelVoucher, ?v[AE#hasVoucherBeneficiary->?b], ?b[AE#hasCriminalRecord->?beneficiaryHasCriminalRecord].","resultList":[{"result":[{"key":"?v","val":"VO_9d50c79a_e373_4c2b_8b48_712290151b3d_1503943257085_0"},{"key":"?b","val":"VO_9d50c79a_e373_4c2b_8b48_712290151b3d_1503943257085_11"},{"key":"?beneficiaryHasCriminalRecord","val":"AE#NoCriminalRecord"}]}]},{"query":"?- ?t:AE#Travelling, ?t[AE#hasPath->?p], ?p[AE#hasDistance->?d], ?d[AE#numericValue->?expectedDistanceValue], ?d[AE#hasUnitOfMeasure->?unitOfDistanceMeasure].","resultList":[{"result":[{"key":"?t","val":"VO_9d50c79a_e373_4c2b_8b48_712290151b3d_1503943257085_6"},{"key":"?p","val":"ES_84880692_ef90_4ca6_aadc_8989e9b3584d_1503943282613_4"},{"key":"?d","val":"ES_84880692_ef90_4ca6_aadc_8989e9b3584d_1503943282613_0"},{"key":"?expectedDistanceValue","val":"14359.643008024446316994726657867431640625"},{"key":"?unitOfDistanceMeasure","val":"meters"}]}]},{"query":"?- ?t:AE#Travelling, ?t[AE#hasPath->?p], ?p[AE#hasExpectedTravelTime->?d], ?d[AE#numericValue->?expectedTimeValue], ?d[AE#hasUnitOfMeasure->?unitOfTimeMeasure].","resultList":[{"result":[{"key":"?t","val":"VO_9d50c79a_e373_4c2b_8b48_712290151b3d_1503943257085_6"},{"key":"?p","val":"ES_84880692_ef90_4ca6_aadc_8989e9b3584d_1503943282613_4"},{"key":"?d","val":"ES_84880692_ef90_4ca6_aadc_8989e9b3584d_1503943282613_2"},{"key":"?expectedTimeValue","val":"11.86803362681530416011810302734375"},{"key":"?unitOfTimeMeasure","val":"minutes"}]}]},{"query":"?- ?t:AE#Travelling, ?t[AE#hasDestination->?d], ?d[label->?destinationFullAddress].","resultList":[{"result":[{"key":"?t","val":"VO_9d50c79a_e373_4c2b_8b48_712290151b3d_1503943257085_7"},{"key":"?d","val":"VO_9d50c79a_e373_4c2b_8b48_712290151b3d_1503943257085_8"},{"key":"?destinationFullAddress","val":"2790 Truxton Road, Suite 130, San Diego, CA 92106"}]},{"result":[{"key":"?t","val":"VO_9d50c79a_e373_4c2b_8b48_712290151b3d_1503943257085_6"},{"key":"?d","val":"VO_9d50c79a_e373_4c2b_8b48_712290151b3d_1503943257085_5"},{"key":"?destinationFullAddress","val":"668 Orange Ave. San Diego, CA 92126"}]}]},{"query":"?- ?t:AE#Travelling, ?t[AE#hasDestination->?d], ?d[AE#hasStreet->?s], ?s[label->?destinationStreetName], ?d[AE#hasCity->?c], ?c[label->?destinationCity], ?d[AE#hasState->?st], ?st[label->?destinationState], ?d[AE#hasZipcode->?destinationZipCode].","resultList":[{"result":[{"key":"?t","val":"VO_9d50c79a_e373_4c2b_8b48_712290151b3d_1503943257085_7"},{"key":"?d","val":"VO_9d50c79a_e373_4c2b_8b48_712290151b3d_1503943257085_8"},{"key":"?s","val":"NO_631595f1_d9cd_4299_beb3_f0e98578d9dd_1503943266426_id5"},{"key":"?destinationStreetName","val":"2790 Truxton Road"},{"key":"?c","val":"NO_631595f1_d9cd_4299_beb3_f0e98578d9dd_1503943266426_id11"},{"key":"?destinationCity","val":"San Diego"},{"key":"?st","val":"NO_631595f1_d9cd_4299_beb3_f0e98578d9dd_1503943266426_id13"},{"key":"?destinationState","val":"CA"},{"key":"?destinationZipCode","val":"92106"}]},{"result":[{"key":"?t","val":"VO_9d50c79a_e373_4c2b_8b48_712290151b3d_1503943257085_6"},{"key":"?d","val":"VO_9d50c79a_e373_4c2b_8b48_712290151b3d_1503943257085_5"},{"key":"?s","val":"NO_a25c7fee_5173_4d62_bd0e_36baabb1b84b_1503943268311_id3"},{"key":"?destinationStreetName","val":"668 Orange Ave."},{"key":"?c","val":"NO_a25c7fee_5173_4d62_bd0e_36baabb1b84b_1503943268311_id9"},{"key":"?destinationCity","val":"San Diego"},{"key":"?st","val":"NO_a25c7fee_5173_4d62_bd0e_36baabb1b84b_1503943268311_id11"},{"key":"?destinationState","val":"CA"},{"key":"?destinationZipCode","val":"92126"}]}]},{"query":"?- ?t:AE#Travelling, ?t[AE#hasOrigin->?d], ?d[label->?originFullAddress].","resultList":[{"result":[{"key":"?t","val":"VO_9d50c79a_e373_4c2b_8b48_712290151b3d_1503943257085_7"},{"key":"?d","val":"VO_9d50c79a_e373_4c2b_8b48_712290151b3d_1503943257085_3"},{"key":"?originFullAddress","val":"668 Orange Ave. San Diego, CA 92126"}]},{"result":[{"key":"?t","val":"VO_9d50c79a_e373_4c2b_8b48_712290151b3d_1503943257085_6"},{"key":"?d","val":"VO_9d50c79a_e373_4c2b_8b48_712290151b3d_1503943257085_8"},{"key":"?originFullAddress","val":"2790 Truxton Road, Suite 130, San Diego, CA 92106"}]}]},{"query":"?- ?t:AE#Travelling, ?t[AE#hasOrigin->?d], ?d[AE#hasStreet->?s], ?s[label->?originStreetName], ?d[AE#hasCity->?c], ?c[label->?originCity], ?d[AE#hasState->?st], ?st[label->?originState], ?d[AE#hasZipcode->?originZipCode].","resultList":[{"result":[{"key":"?t","val":"VO_9d50c79a_e373_4c2b_8b48_712290151b3d_1503943257085_7"},{"key":"?d","val":"VO_9d50c79a_e373_4c2b_8b48_712290151b3d_1503943257085_3"},{"key":"?s","val":"NO_e5ea12e2_1104_4130_b6f7_d49e166607d7_1503943270180_id3"},{"key":"?originStreetName","val":"668 Orange Ave."},{"key":"?c","val":"NO_e5ea12e2_1104_4130_b6f7_d49e166607d7_1503943270180_id9"},{"key":"?originCity","val":"San Diego"},{"key":"?st","val":"NO_e5ea12e2_1104_4130_b6f7_d49e166607d7_1503943270180_id11"},{"key":"?originState","val":"CA"},{"key":"?originZipCode","val":"92126"}]},{"result":[{"key":"?t","val":"VO_9d50c79a_e373_4c2b_8b48_712290151b3d_1503943257085_6"},{"key":"?d","val":"VO_9d50c79a_e373_4c2b_8b48_712290151b3d_1503943257085_8"},{"key":"?s","val":"NO_631595f1_d9cd_4299_beb3_f0e98578d9dd_1503943266426_id5"},{"key":"?originStreetName","val":"2790 Truxton Road"},{"key":"?c","val":"NO_631595f1_d9cd_4299_beb3_f0e98578d9dd_1503943266426_id11"},{"key":"?originCity","val":"San Diego"},{"key":"?st","val":"NO_631595f1_d9cd_4299_beb3_f0e98578d9dd_1503943266426_id13"},{"key":"?originState","val":"CA"},{"key":"?originZipCode","val":"92106"}]}]},{"query":"?- ?t:AE#Travelling, ?t[AE#hasPath->?p], ?p[AE#hasStartRegion->?s], ?s[AE#hasLatitude->?originLatitude], ?s[AE#hasLongitude->?originLongitude].","resultList":[{"result":[{"key":"?t","val":"VO_9d50c79a_e373_4c2b_8b48_712290151b3d_1503943257085_6"},{"key":"?p","val":"ES_84880692_ef90_4ca6_aadc_8989e9b3584d_1503943282613_4"},{"key":"?s","val":"ES_84880692_ef90_4ca6_aadc_8989e9b3584d_1503943282613_3"},{"key":"?originLatitude","val":"32.74051839275188058309140615165233612060546875"},{"key":"?originLongitude","val":"-117.2130215001728856805129908025264739990234375"}]}]},{"query":"?- ?t:AE#Travelling, ?t[AE#hasPath->?p], ?p[AE#hasEndRegion->?e], ?e[AE#hasLatitude->?destinationLatitude], ?e[AE#hasLongitude->?destinationLongitude].","resultList":[{"result":[{"key":"?t","val":"VO_9d50c79a_e373_4c2b_8b48_712290151b3d_1503943257085_6"},{"key":"?p","val":"ES_84880692_ef90_4ca6_aadc_8989e9b3584d_1503943282613_4"},{"key":"?e","val":"ES_84880692_ef90_4ca6_aadc_8989e9b3584d_1503943282613_1"},{"key":"?destinationLatitude","val":"32.69065721543023528283811174333095550537109375"},{"key":"?destinationLongitude","val":"-117.177253937492224622474168427288532257080078125"}]}]}]}
