{"dataList":[{"query":"?- ?v:AE#VATravelVoucher, ?v[AE#hasVoucherClaimant->?c], ?c[AE#hasName->?cn], ?cn[label->?claimantFullName].","resultList":[{"result":[{"key":"?v","val":"VO_915fdbc1_4cc4_4ade_bb2c_f0b40477f115_1503942701024_0"},{"key":"?c","val":"VO_915fdbc1_4cc4_4ade_bb2c_f0b40477f115_1503942701024_2"},{"key":"?cn","val":"NO_6c4c16a9_88e8_4385_a644_994079a278c5_1503942708584_0"},{"key":"?claimantFullName","val":"Shawna P. Mosher"}]},{"result":[{"key":"?v","val":"VO_915fdbc1_4cc4_4ade_bb2c_f0b40477f115_1503942701024_0"},{"key":"?c","val":"VO_915fdbc1_4cc4_4ade_bb2c_f0b40477f115_1503942701024_2"},{"key":"?cn","val":"VO_915fdbc1_4cc4_4ade_bb2c_f0b40477f115_1503942701024_1"},{"key":"?claimantFullName","val":"Shawna P. Mosher"}]}]},{"query":"?- ?v:AE#VATravelVoucher, ?v[AE#hasVoucherClaimant->?c], ?c[AE#hasName->?cn], ?cn[AE#hasFirstName->?claimantFirstName].","resultList":[{"result":[{"key":"?v","val":"VO_915fdbc1_4cc4_4ade_bb2c_f0b40477f115_1503942701024_0"},{"key":"?c","val":"VO_915fdbc1_4cc4_4ade_bb2c_f0b40477f115_1503942701024_2"},{"key":"?cn","val":"NO_6c4c16a9_88e8_4385_a644_994079a278c5_1503942708584_0"},{"key":"?claimantFirstName","val":"shawna"}]}]},{"query":"?- ?v:AE#VATravelVoucher, ?v[AE#hasVoucherClaimant->?c], ?c[AE#hasName->?cn], ?cn[AE#hasLastName->?claimantLastName].","resultList":[{"result":[{"key":"?v","val":"VO_915fdbc1_4cc4_4ade_bb2c_f0b40477f115_1503942701024_0"},{"key":"?c","val":"VO_915fdbc1_4cc4_4ade_bb2c_f0b40477f115_1503942701024_2"},{"key":"?cn","val":"NO_6c4c16a9_88e8_4385_a644_994079a278c5_1503942708584_0"},{"key":"?claimantLastName","val":"mosher"}]}]},{"query":"?- ?v:AE#VATravelVoucher, ?v[AE#hasVoucherClaimant->?c], ?c[AE#hasSocialSecurityNumber->?s], ?s[label->?claimantSsn].","resultList":[{"result":[{"key":"?v","val":"VO_915fdbc1_4cc4_4ade_bb2c_f0b40477f115_1503942701024_0"},{"key":"?c","val":"VO_915fdbc1_4cc4_4ade_bb2c_f0b40477f115_1503942701024_2"},{"key":"?s","val":"VO_915fdbc1_4cc4_4ade_bb2c_f0b40477f115_1503942701024_12"},{"key":"?claimantSsn","val":"915-05-6025"}]}]},{"query":"?- ?v:AE#VATravelVoucher, ?v[AE#hasVoucherClaimant->?c], ?c[AE#hasLiens->?claimantHasLiens].","resultList":[{"result":[{"key":"?v","val":"VO_915fdbc1_4cc4_4ade_bb2c_f0b40477f115_1503942701024_0"},{"key":"?c","val":"VO_915fdbc1_4cc4_4ade_bb2c_f0b40477f115_1503942701024_2"},{"key":"?claimantHasLiens","val":"AE#UnknownLienReport"}]}]},{"query":"?- ?v:AE#VATravelVoucher, ?v[AE#hasVoucherClaimant->?c], ?c[AE#hasDeclaredBankruptcy->?claimantHasDeclaredBankruptcy].","resultList":[{"result":[{"key":"?v","val":"VO_915fdbc1_4cc4_4ade_bb2c_f0b40477f115_1503942701024_0"},{"key":"?c","val":"VO_915fdbc1_4cc4_4ade_bb2c_f0b40477f115_1503942701024_2"},{"key":"?claimantHasDeclaredBankruptcy","val":"AE#NoBankruptcyReport"}]}]},{"query":"?- ?v:AE#VATravelVoucher, ?v[AE#hasVoucherClaimant->?c], ?c[AE#hasArrestRecord->?claimantHasArrestRecord].","resultList":[{"result":[{"key":"?v","val":"VO_915fdbc1_4cc4_4ade_bb2c_f0b40477f115_1503942701024_0"},{"key":"?c","val":"VO_915fdbc1_4cc4_4ade_bb2c_f0b40477f115_1503942701024_2"},{"key":"?claimantHasArrestRecord","val":"AE#NoArrestRecord"}]}]},{"query":"?- ?v:AE#VATravelVoucher, ?v[AE#hasVoucherClaimant->?c], ?c[AE#hasCriminalRecord->?claimantHasCriminalRecord].","resultList":[{"result":[{"key":"?v","val":"VO_915fdbc1_4cc4_4ade_bb2c_f0b40477f115_1503942701024_0"},{"key":"?c","val":"VO_915fdbc1_4cc4_4ade_bb2c_f0b40477f115_1503942701024_2"},{"key":"?claimantHasCriminalRecord","val":"AE#NoCriminalRecord"}]}]},{"query":"?- ?v:AE#VATravelVoucher, ?v[AE#hasVoucherBeneficiary->?b], ?b[AE#hasName->?cn], ?cn[label->?beneficiaryFullName].","resultList":[{"result":[{"key":"?v","val":"VO_915fdbc1_4cc4_4ade_bb2c_f0b40477f115_1503942701024_0"},{"key":"?b","val":"VO_915fdbc1_4cc4_4ade_bb2c_f0b40477f115_1503942701024_11"},{"key":"?cn","val":"VO_915fdbc1_4cc4_4ade_bb2c_f0b40477f115_1503942701024_10"},{"key":"?beneficiaryFullName","val":"Gareth J. Rhinehart"}]},{"result":[{"key":"?v","val":"VO_915fdbc1_4cc4_4ade_bb2c_f0b40477f115_1503942701024_0"},{"key":"?b","val":"VO_915fdbc1_4cc4_4ade_bb2c_f0b40477f115_1503942701024_11"},{"key":"?cn","val":"NO_5cf9b374_fbcc_435c_a126_37866e6e5331_1503942706646_0"},{"key":"?beneficiaryFullName","val":"Gareth J. Rhinehart"}]}]},{"query":"?- ?v:AE#VATravelVoucher, ?v[AE#hasVoucherBeneficiary->?b], ?b[AE#hasName->?cn], ?cn[AE#hasFirstName->?beneficiaryFirstName].","resultList":[{"result":[{"key":"?v","val":"VO_915fdbc1_4cc4_4ade_bb2c_f0b40477f115_1503942701024_0"},{"key":"?b","val":"VO_915fdbc1_4cc4_4ade_bb2c_f0b40477f115_1503942701024_11"},{"key":"?cn","val":"NO_5cf9b374_fbcc_435c_a126_37866e6e5331_1503942706646_0"},{"key":"?beneficiaryFirstName","val":"gareth"}]}]},{"query":"?- ?v:AE#VATravelVoucher, ?v[AE#hasVoucherBeneficiary->?b], ?b[AE#hasName->?cn], ?cn[AE#hasLastName->?beneficiaryLastName].","resultList":[{"result":[{"key":"?v","val":"VO_915fdbc1_4cc4_4ade_bb2c_f0b40477f115_1503942701024_0"},{"key":"?b","val":"VO_915fdbc1_4cc4_4ade_bb2c_f0b40477f115_1503942701024_11"},{"key":"?cn","val":"NO_5cf9b374_fbcc_435c_a126_37866e6e5331_1503942706646_0"},{"key":"?beneficiaryLastName","val":"rhinehart"}]}]},{"query":"?- ?v:AE#VATravelVoucher, ?v[AE#hasVoucherBeneficiary->?b], ?b[AE#hasSocialSecurityNumber->?s], ?s[label->?beneficiarySsn].","resultList":[{"result":[{"key":"?v","val":"VO_915fdbc1_4cc4_4ade_bb2c_f0b40477f115_1503942701024_0"},{"key":"?b","val":"VO_915fdbc1_4cc4_4ade_bb2c_f0b40477f115_1503942701024_11"},{"key":"?s","val":"VO_915fdbc1_4cc4_4ade_bb2c_f0b40477f115_1503942701024_9"},{"key":"?beneficiarySsn","val":"724-48-1765"}]}]},{"query":"?- ?v:AE#VATravelVoucher, ?v[AE#hasVoucherBeneficiary->?b], ?b[AE#hasLiens->?beneficiaryHasLiens].","resultList":[{"result":[{"key":"?v","val":"VO_915fdbc1_4cc4_4ade_bb2c_f0b40477f115_1503942701024_0"},{"key":"?b","val":"VO_915fdbc1_4cc4_4ade_bb2c_f0b40477f115_1503942701024_11"},{"key":"?beneficiaryHasLiens","val":"AE#NoLienReport"}]}]},{"query":"?- ?v:AE#VATravelVoucher, ?v[AE#hasVoucherBeneficiary->?b], ?b[AE#hasDeclaredBankruptcy->?beneficiaryHasDeclaredBankruptcy].","resultList":[{"result":[{"key":"?v","val":"VO_915fdbc1_4cc4_4ade_bb2c_f0b40477f115_1503942701024_0"},{"key":"?b","val":"VO_915fdbc1_4cc4_4ade_bb2c_f0b40477f115_1503942701024_11"},{"key":"?beneficiaryHasDeclaredBankruptcy","val":"AE#NoBankruptcyReport"}]}]},{"query":"?- ?v:AE#VATravelVoucher, ?v[AE#hasVoucherBeneficiary->?b], ?b[AE#hasArrestRecord->?beneficiaryHasArrestRecord].","resultList":[{"result":[{"key":"?v","val":"VO_915fdbc1_4cc4_4ade_bb2c_f0b40477f115_1503942701024_0"},{"key":"?b","val":"VO_915fdbc1_4cc4_4ade_bb2c_f0b40477f115_1503942701024_11"},{"key":"?beneficiaryHasArrestRecord","val":"AE#UnknownArrestRecord"}]}]},{"query":"?- ?v:AE#VATravelVoucher, ?v[AE#hasVoucherBeneficiary->?b], ?b[AE#hasCriminalRecord->?beneficiaryHasCriminalRecord].","resultList":[{"result":[{"key":"?v","val":"VO_915fdbc1_4cc4_4ade_bb2c_f0b40477f115_1503942701024_0"},{"key":"?b","val":"VO_915fdbc1_4cc4_4ade_bb2c_f0b40477f115_1503942701024_11"},{"key":"?beneficiaryHasCriminalRecord","val":"AE#NoCriminalRecord"}]}]},{"query":"?- ?t:AE#Travelling, ?t[AE#hasPath->?p], ?p[AE#hasDistance->?d], ?d[AE#numericValue->?expectedDistanceValue], ?d[AE#hasUnitOfMeasure->?unitOfDistanceMeasure].","resultList":[{"result":[{"key":"?t","val":"VO_915fdbc1_4cc4_4ade_bb2c_f0b40477f115_1503942701024_6"},{"key":"?p","val":"ES_9a6f3956_7fc0_44ab_996f_1a17a1b04123_1503942728094_4"},{"key":"?d","val":"ES_9a6f3956_7fc0_44ab_996f_1a17a1b04123_1503942728094_0"},{"key":"?expectedDistanceValue","val":"21027.64183354800115921534597873687744140625"},{"key":"?unitOfDistanceMeasure","val":"meters"}]}]},{"query":"?- ?t:AE#Travelling, ?t[AE#hasPath->?p], ?p[AE#hasExpectedTravelTime->?d], ?d[AE#numericValue->?expectedTimeValue], ?d[AE#hasUnitOfMeasure->?unitOfTimeMeasure].","resultList":[{"result":[{"key":"?t","val":"VO_915fdbc1_4cc4_4ade_bb2c_f0b40477f115_1503942701024_6"},{"key":"?p","val":"ES_9a6f3956_7fc0_44ab_996f_1a17a1b04123_1503942728094_4"},{"key":"?d","val":"ES_9a6f3956_7fc0_44ab_996f_1a17a1b04123_1503942728094_2"},{"key":"?expectedTimeValue","val":"17.59419730980880558490753173828125"},{"key":"?unitOfTimeMeasure","val":"minutes"}]}]},{"query":"?- ?t:AE#Travelling, ?t[AE#hasDestination->?d], ?d[label->?destinationFullAddress].","resultList":[{"result":[{"key":"?t","val":"VO_915fdbc1_4cc4_4ade_bb2c_f0b40477f115_1503942701024_7"},{"key":"?d","val":"VO_915fdbc1_4cc4_4ade_bb2c_f0b40477f115_1503942701024_8"},{"key":"?destinationFullAddress","val":"2790 Truxton Road, Suite 130, San Diego, CA 92106"}]},{"result":[{"key":"?t","val":"VO_915fdbc1_4cc4_4ade_bb2c_f0b40477f115_1503942701024_6"},{"key":"?d","val":"VO_915fdbc1_4cc4_4ade_bb2c_f0b40477f115_1503942701024_5"},{"key":"?destinationFullAddress","val":"6267 Calle Pavana San Diego, CA 92139"}]}]},{"query":"?- ?t:AE#Travelling, ?t[AE#hasDestination->?d], ?d[AE#hasStreet->?s], ?s[label->?destinationStreetName], ?d[AE#hasCity->?c], ?c[label->?destinationCity], ?d[AE#hasState->?st], ?st[label->?destinationState], ?d[AE#hasZipcode->?destinationZipCode].","resultList":[{"result":[{"key":"?t","val":"VO_915fdbc1_4cc4_4ade_bb2c_f0b40477f115_1503942701024_7"},{"key":"?d","val":"VO_915fdbc1_4cc4_4ade_bb2c_f0b40477f115_1503942701024_8"},{"key":"?s","val":"NO_d6d13108_d5e9_4d08_a8bf_7815e0b62292_1503942710692_id5"},{"key":"?destinationStreetName","val":"2790 Truxton Road"},{"key":"?c","val":"NO_d6d13108_d5e9_4d08_a8bf_7815e0b62292_1503942710692_id11"},{"key":"?destinationCity","val":"San Diego"},{"key":"?st","val":"NO_d6d13108_d5e9_4d08_a8bf_7815e0b62292_1503942710692_id13"},{"key":"?destinationState","val":"CA"},{"key":"?destinationZipCode","val":"92106"}]}]},{"query":"?- ?t:AE#Travelling, ?t[AE#hasOrigin->?d], ?d[label->?originFullAddress].","resultList":[{"result":[{"key":"?t","val":"VO_915fdbc1_4cc4_4ade_bb2c_f0b40477f115_1503942701024_7"},{"key":"?d","val":"VO_915fdbc1_4cc4_4ade_bb2c_f0b40477f115_1503942701024_3"},{"key":"?originFullAddress","val":"3534 Yosemite St, San Diego, CA 92109"}]},{"result":[{"key":"?t","val":"VO_915fdbc1_4cc4_4ade_bb2c_f0b40477f115_1503942701024_6"},{"key":"?d","val":"VO_915fdbc1_4cc4_4ade_bb2c_f0b40477f115_1503942701024_8"},{"key":"?originFullAddress","val":"2790 Truxton Road, Suite 130, San Diego, CA 92106"}]}]},{"query":"?- ?t:AE#Travelling, ?t[AE#hasOrigin->?d], ?d[AE#hasStreet->?s], ?s[label->?originStreetName], ?d[AE#hasCity->?c], ?c[label->?originCity], ?d[AE#hasState->?st], ?st[label->?originState], ?d[AE#hasZipcode->?originZipCode].","resultList":[{"result":[{"key":"?t","val":"VO_915fdbc1_4cc4_4ade_bb2c_f0b40477f115_1503942701024_7"},{"key":"?d","val":"VO_915fdbc1_4cc4_4ade_bb2c_f0b40477f115_1503942701024_3"},{"key":"?s","val":"NO_3a0b03dc_68d1_4f2f_ac2f_839921de2f58_1503942714839_id3"},{"key":"?originStreetName","val":"3534 Yosemite St"},{"key":"?c","val":"NO_3a0b03dc_68d1_4f2f_ac2f_839921de2f58_1503942714839_id9"},{"key":"?originCity","val":"San Diego"},{"key":"?st","val":"NO_3a0b03dc_68d1_4f2f_ac2f_839921de2f58_1503942714839_id11"},{"key":"?originState","val":"CA"},{"key":"?originZipCode","val":"92109"}]},{"result":[{"key":"?t","val":"VO_915fdbc1_4cc4_4ade_bb2c_f0b40477f115_1503942701024_6"},{"key":"?d","val":"VO_915fdbc1_4cc4_4ade_bb2c_f0b40477f115_1503942701024_8"},{"key":"?s","val":"NO_d6d13108_d5e9_4d08_a8bf_7815e0b62292_1503942710692_id5"},{"key":"?originStreetName","val":"2790 Truxton Road"},{"key":"?c","val":"NO_d6d13108_d5e9_4d08_a8bf_7815e0b62292_1503942710692_id11"},{"key":"?originCity","val":"San Diego"},{"key":"?st","val":"NO_d6d13108_d5e9_4d08_a8bf_7815e0b62292_1503942710692_id13"},{"key":"?originState","val":"CA"},{"key":"?originZipCode","val":"92106"}]}]},{"query":"?- ?t:AE#Travelling, ?t[AE#hasPath->?p], ?p[AE#hasStartRegion->?s], ?s[AE#hasLatitude->?originLatitude], ?s[AE#hasLongitude->?originLongitude].","resultList":[{"result":[{"key":"?t","val":"VO_915fdbc1_4cc4_4ade_bb2c_f0b40477f115_1503942701024_6"},{"key":"?p","val":"ES_9a6f3956_7fc0_44ab_996f_1a17a1b04123_1503942728094_4"},{"key":"?s","val":"ES_9a6f3956_7fc0_44ab_996f_1a17a1b04123_1503942728094_3"},{"key":"?originLatitude","val":"32.74051839275188058309140615165233612060546875"},{"key":"?originLongitude","val":"-117.2130215001728856805129908025264739990234375"}]}]},{"query":"?- ?t:AE#Travelling, ?t[AE#hasPath->?p], ?p[AE#hasEndRegion->?e], ?e[AE#hasLatitude->?destinationLatitude], ?e[AE#hasLongitude->?destinationLongitude].","resultList":[{"result":[{"key":"?t","val":"VO_915fdbc1_4cc4_4ade_bb2c_f0b40477f115_1503942701024_6"},{"key":"?p","val":"ES_9a6f3956_7fc0_44ab_996f_1a17a1b04123_1503942728094_4"},{"key":"?e","val":"ES_9a6f3956_7fc0_44ab_996f_1a17a1b04123_1503942728094_1"},{"key":"?destinationLatitude","val":"32.67924776796129293643389246426522731781005859375"},{"key":"?destinationLongitude","val":"-117.0553561147499550543216173537075519561767578125"}]}]}]}
