{"dataList":[{"query":"?- ?v:AE#VATravelVoucher, ?v[AE#hasVoucherClaimant->?c], ?c[AE#hasName->?cn], ?cn[label->?claimantFullName].","resultList":[{"result":[{"key":"?v","val":"VO_9dc8e9b4_0173_4b30_9d95_6dad2647bee5_1503943471174_0"},{"key":"?c","val":"VO_9dc8e9b4_0173_4b30_9d95_6dad2647bee5_1503943471174_2"},{"key":"?cn","val":"NO_da6ab911_c23e_408e_b1f3_1d7432206900_1503943478246_0"},{"key":"?claimantFullName","val":"George J. Whiting"}]},{"result":[{"key":"?v","val":"VO_9dc8e9b4_0173_4b30_9d95_6dad2647bee5_1503943471174_0"},{"key":"?c","val":"VO_9dc8e9b4_0173_4b30_9d95_6dad2647bee5_1503943471174_2"},{"key":"?cn","val":"VO_9dc8e9b4_0173_4b30_9d95_6dad2647bee5_1503943471174_1"},{"key":"?claimantFullName","val":"George J. Whiting"}]}]},{"query":"?- ?v:AE#VATravelVoucher, ?v[AE#hasVoucherClaimant->?c], ?c[AE#hasName->?cn], ?cn[AE#hasFirstName->?claimantFirstName].","resultList":[{"result":[{"key":"?v","val":"VO_9dc8e9b4_0173_4b30_9d95_6dad2647bee5_1503943471174_0"},{"key":"?c","val":"VO_9dc8e9b4_0173_4b30_9d95_6dad2647bee5_1503943471174_2"},{"key":"?cn","val":"NO_da6ab911_c23e_408e_b1f3_1d7432206900_1503943478246_0"},{"key":"?claimantFirstName","val":"george"}]}]},{"query":"?- ?v:AE#VATravelVoucher, ?v[AE#hasVoucherClaimant->?c], ?c[AE#hasName->?cn], ?cn[AE#hasLastName->?claimantLastName].","resultList":[{"result":[{"key":"?v","val":"VO_9dc8e9b4_0173_4b30_9d95_6dad2647bee5_1503943471174_0"},{"key":"?c","val":"VO_9dc8e9b4_0173_4b30_9d95_6dad2647bee5_1503943471174_2"},{"key":"?cn","val":"NO_da6ab911_c23e_408e_b1f3_1d7432206900_1503943478246_0"},{"key":"?claimantLastName","val":"whiting"}]}]},{"query":"?- ?v:AE#VATravelVoucher, ?v[AE#hasVoucherClaimant->?c], ?c[AE#hasSocialSecurityNumber->?s], ?s[label->?claimantSsn].","resultList":[{"result":[{"key":"?v","val":"VO_9dc8e9b4_0173_4b30_9d95_6dad2647bee5_1503943471174_0"},{"key":"?c","val":"VO_9dc8e9b4_0173_4b30_9d95_6dad2647bee5_1503943471174_2"},{"key":"?s","val":"VO_9dc8e9b4_0173_4b30_9d95_6dad2647bee5_1503943471174_12"},{"key":"?claimantSsn","val":"879-69-1385"}]}]},{"query":"?- ?v:AE#VATravelVoucher, ?v[AE#hasVoucherClaimant->?c], ?c[AE#hasLiens->?claimantHasLiens].","resultList":[{"result":[{"key":"?v","val":"VO_9dc8e9b4_0173_4b30_9d95_6dad2647bee5_1503943471174_0"},{"key":"?c","val":"VO_9dc8e9b4_0173_4b30_9d95_6dad2647bee5_1503943471174_2"},{"key":"?claimantHasLiens","val":"AE#NoLienReport"}]}]},{"query":"?- ?v:AE#VATravelVoucher, ?v[AE#hasVoucherClaimant->?c], ?c[AE#hasDeclaredBankruptcy->?claimantHasDeclaredBankruptcy].","resultList":[{"result":[{"key":"?v","val":"VO_9dc8e9b4_0173_4b30_9d95_6dad2647bee5_1503943471174_0"},{"key":"?c","val":"VO_9dc8e9b4_0173_4b30_9d95_6dad2647bee5_1503943471174_2"},{"key":"?claimantHasDeclaredBankruptcy","val":"AE#NoBankruptcyReport"}]}]},{"query":"?- ?v:AE#VATravelVoucher, ?v[AE#hasVoucherClaimant->?c], ?c[AE#hasArrestRecord->?claimantHasArrestRecord].","resultList":[{"result":[{"key":"?v","val":"VO_9dc8e9b4_0173_4b30_9d95_6dad2647bee5_1503943471174_0"},{"key":"?c","val":"VO_9dc8e9b4_0173_4b30_9d95_6dad2647bee5_1503943471174_2"},{"key":"?claimantHasArrestRecord","val":"AE#NoArrestRecord"}]}]},{"query":"?- ?v:AE#VATravelVoucher, ?v[AE#hasVoucherClaimant->?c], ?c[AE#hasCriminalRecord->?claimantHasCriminalRecord].","resultList":[{"result":[{"key":"?v","val":"VO_9dc8e9b4_0173_4b30_9d95_6dad2647bee5_1503943471174_0"},{"key":"?c","val":"VO_9dc8e9b4_0173_4b30_9d95_6dad2647bee5_1503943471174_2"},{"key":"?claimantHasCriminalRecord","val":"AE#NoCriminalRecord"}]}]},{"query":"?- ?v:AE#VATravelVoucher, ?v[AE#hasVoucherBeneficiary->?b], ?b[AE#hasName->?cn], ?cn[label->?beneficiaryFullName].","resultList":[{"result":[{"key":"?v","val":"VO_9dc8e9b4_0173_4b30_9d95_6dad2647bee5_1503943471174_0"},{"key":"?b","val":"VO_9dc8e9b4_0173_4b30_9d95_6dad2647bee5_1503943471174_11"},{"key":"?cn","val":"VO_9dc8e9b4_0173_4b30_9d95_6dad2647bee5_1503943471174_10"},{"key":"?beneficiaryFullName","val":"George J. Whiting"}]},{"result":[{"key":"?v","val":"VO_9dc8e9b4_0173_4b30_9d95_6dad2647bee5_1503943471174_0"},{"key":"?b","val":"VO_9dc8e9b4_0173_4b30_9d95_6dad2647bee5_1503943471174_11"},{"key":"?cn","val":"NO_fb978cda_8711_42b7_bc87_441c84875268_1503943476451_0"},{"key":"?beneficiaryFullName","val":"George J. Whiting"}]}]},{"query":"?- ?v:AE#VATravelVoucher, ?v[AE#hasVoucherBeneficiary->?b], ?b[AE#hasName->?cn], ?cn[AE#hasFirstName->?beneficiaryFirstName].","resultList":[{"result":[{"key":"?v","val":"VO_9dc8e9b4_0173_4b30_9d95_6dad2647bee5_1503943471174_0"},{"key":"?b","val":"VO_9dc8e9b4_0173_4b30_9d95_6dad2647bee5_1503943471174_11"},{"key":"?cn","val":"NO_fb978cda_8711_42b7_bc87_441c84875268_1503943476451_0"},{"key":"?beneficiaryFirstName","val":"george"}]}]},{"query":"?- ?v:AE#VATravelVoucher, ?v[AE#hasVoucherBeneficiary->?b], ?b[AE#hasName->?cn], ?cn[AE#hasLastName->?beneficiaryLastName].","resultList":[{"result":[{"key":"?v","val":"VO_9dc8e9b4_0173_4b30_9d95_6dad2647bee5_1503943471174_0"},{"key":"?b","val":"VO_9dc8e9b4_0173_4b30_9d95_6dad2647bee5_1503943471174_11"},{"key":"?cn","val":"NO_fb978cda_8711_42b7_bc87_441c84875268_1503943476451_0"},{"key":"?beneficiaryLastName","val":"whiting"}]}]},{"query":"?- ?v:AE#VATravelVoucher, ?v[AE#hasVoucherBeneficiary->?b], ?b[AE#hasSocialSecurityNumber->?s], ?s[label->?beneficiarySsn].","resultList":[{"result":[{"key":"?v","val":"VO_9dc8e9b4_0173_4b30_9d95_6dad2647bee5_1503943471174_0"},{"key":"?b","val":"VO_9dc8e9b4_0173_4b30_9d95_6dad2647bee5_1503943471174_11"},{"key":"?s","val":"VO_9dc8e9b4_0173_4b30_9d95_6dad2647bee5_1503943471174_9"},{"key":"?beneficiarySsn","val":"879-69-1385"}]}]},{"query":"?- ?v:AE#VATravelVoucher, ?v[AE#hasVoucherBeneficiary->?b], ?b[AE#hasLiens->?beneficiaryHasLiens].","resultList":[{"result":[{"key":"?v","val":"VO_9dc8e9b4_0173_4b30_9d95_6dad2647bee5_1503943471174_0"},{"key":"?b","val":"VO_9dc8e9b4_0173_4b30_9d95_6dad2647bee5_1503943471174_11"},{"key":"?beneficiaryHasLiens","val":"AE#NoLienReport"}]}]},{"query":"?- ?v:AE#VATravelVoucher, ?v[AE#hasVoucherBeneficiary->?b], ?b[AE#hasDeclaredBankruptcy->?beneficiaryHasDeclaredBankruptcy].","resultList":[{"result":[{"key":"?v","val":"VO_9dc8e9b4_0173_4b30_9d95_6dad2647bee5_1503943471174_0"},{"key":"?b","val":"VO_9dc8e9b4_0173_4b30_9d95_6dad2647bee5_1503943471174_11"},{"key":"?beneficiaryHasDeclaredBankruptcy","val":"AE#NoBankruptcyReport"}]}]},{"query":"?- ?v:AE#VATravelVoucher, ?v[AE#hasVoucherBeneficiary->?b], ?b[AE#hasArrestRecord->?beneficiaryHasArrestRecord].","resultList":[{"result":[{"key":"?v","val":"VO_9dc8e9b4_0173_4b30_9d95_6dad2647bee5_1503943471174_0"},{"key":"?b","val":"VO_9dc8e9b4_0173_4b30_9d95_6dad2647bee5_1503943471174_11"},{"key":"?beneficiaryHasArrestRecord","val":"AE#NoArrestRecord"}]}]},{"query":"?- ?v:AE#VATravelVoucher, ?v[AE#hasVoucherBeneficiary->?b], ?b[AE#hasCriminalRecord->?beneficiaryHasCriminalRecord].","resultList":[{"result":[{"key":"?v","val":"VO_9dc8e9b4_0173_4b30_9d95_6dad2647bee5_1503943471174_0"},{"key":"?b","val":"VO_9dc8e9b4_0173_4b30_9d95_6dad2647bee5_1503943471174_11"},{"key":"?beneficiaryHasCriminalRecord","val":"AE#NoCriminalRecord"}]}]},{"query":"?- ?t:AE#Travelling, ?t[AE#hasPath->?p], ?p[AE#hasDistance->?d], ?d[AE#numericValue->?expectedDistanceValue], ?d[AE#hasUnitOfMeasure->?unitOfDistanceMeasure].","resultList":[{"result":[{"key":"?t","val":"VO_9dc8e9b4_0173_4b30_9d95_6dad2647bee5_1503943471174_6"},{"key":"?p","val":"ES_86d3a7f7_1cf8_4a84_9364_1c7766a34a58_1503943496491_4"},{"key":"?d","val":"ES_86d3a7f7_1cf8_4a84_9364_1c7766a34a58_1503943496491_0"},{"key":"?expectedDistanceValue","val":"20280.4003677915898151695728302001953125"},{"key":"?unitOfDistanceMeasure","val":"meters"}]}]},{"query":"?- ?t:AE#Travelling, ?t[AE#hasPath->?p], ?p[AE#hasExpectedTravelTime->?d], ?d[AE#numericValue->?expectedTimeValue], ?d[AE#hasUnitOfMeasure->?unitOfTimeMeasure].","resultList":[{"result":[{"key":"?t","val":"VO_9dc8e9b4_0173_4b30_9d95_6dad2647bee5_1503943471174_6"},{"key":"?p","val":"ES_86d3a7f7_1cf8_4a84_9364_1c7766a34a58_1503943496491_4"},{"key":"?d","val":"ES_86d3a7f7_1cf8_4a84_9364_1c7766a34a58_1503943496491_2"},{"key":"?expectedTimeValue","val":"15.09631057851947844028472900390625"},{"key":"?unitOfTimeMeasure","val":"minutes"}]}]},{"query":"?- ?t:AE#Travelling, ?t[AE#hasDestination->?d], ?d[label->?destinationFullAddress].","resultList":[{"result":[{"key":"?t","val":"VO_9dc8e9b4_0173_4b30_9d95_6dad2647bee5_1503943471174_7"},{"key":"?d","val":"VO_9dc8e9b4_0173_4b30_9d95_6dad2647bee5_1503943471174_8"},{"key":"?destinationFullAddress","val":"2790 Truxton Road, Suite 130, San Diego, CA 92106"}]},{"result":[{"key":"?t","val":"VO_9dc8e9b4_0173_4b30_9d95_6dad2647bee5_1503943471174_6"},{"key":"?d","val":"VO_9dc8e9b4_0173_4b30_9d95_6dad2647bee5_1503943471174_5"},{"key":"?destinationFullAddress","val":"278 Mountainview Drive San Diego, CA 92126"}]}]},{"query":"?- ?t:AE#Travelling, ?t[AE#hasDestination->?d], ?d[AE#hasStreet->?s], ?s[label->?destinationStreetName], ?d[AE#hasCity->?c], ?c[label->?destinationCity], ?d[AE#hasState->?st], ?st[label->?destinationState], ?d[AE#hasZipcode->?destinationZipCode].","resultList":[{"result":[{"key":"?t","val":"VO_9dc8e9b4_0173_4b30_9d95_6dad2647bee5_1503943471174_7"},{"key":"?d","val":"VO_9dc8e9b4_0173_4b30_9d95_6dad2647bee5_1503943471174_8"},{"key":"?s","val":"NO_587f37e2_b833_491b_b017_8fb7cea99d60_1503943480141_id5"},{"key":"?destinationStreetName","val":"2790 Truxton Road"},{"key":"?c","val":"NO_587f37e2_b833_491b_b017_8fb7cea99d60_1503943480141_id11"},{"key":"?destinationCity","val":"San Diego"},{"key":"?st","val":"NO_587f37e2_b833_491b_b017_8fb7cea99d60_1503943480141_id13"},{"key":"?destinationState","val":"CA"},{"key":"?destinationZipCode","val":"92106"}]},{"result":[{"key":"?t","val":"VO_9dc8e9b4_0173_4b30_9d95_6dad2647bee5_1503943471174_6"},{"key":"?d","val":"VO_9dc8e9b4_0173_4b30_9d95_6dad2647bee5_1503943471174_5"},{"key":"?s","val":"NO_1830d5aa_56b5_49c7_8ac2_eac43ec690b0_1503943482231_id3"},{"key":"?destinationStreetName","val":"278 Mountainview Drive"},{"key":"?c","val":"NO_1830d5aa_56b5_49c7_8ac2_eac43ec690b0_1503943482231_id9"},{"key":"?destinationCity","val":"San Diego"},{"key":"?st","val":"NO_1830d5aa_56b5_49c7_8ac2_eac43ec690b0_1503943482231_id11"},{"key":"?destinationState","val":"CA"},{"key":"?destinationZipCode","val":"92126"}]}]},{"query":"?- ?t:AE#Travelling, ?t[AE#hasOrigin->?d], ?d[label->?originFullAddress].","resultList":[{"result":[{"key":"?t","val":"VO_9dc8e9b4_0173_4b30_9d95_6dad2647bee5_1503943471174_7"},{"key":"?d","val":"VO_9dc8e9b4_0173_4b30_9d95_6dad2647bee5_1503943471174_3"},{"key":"?originFullAddress","val":"278 Mountainview Drive San Diego, CA 92126"}]},{"result":[{"key":"?t","val":"VO_9dc8e9b4_0173_4b30_9d95_6dad2647bee5_1503943471174_6"},{"key":"?d","val":"VO_9dc8e9b4_0173_4b30_9d95_6dad2647bee5_1503943471174_8"},{"key":"?originFullAddress","val":"2790 Truxton Road, Suite 130, San Diego, CA 92106"}]}]},{"query":"?- ?t:AE#Travelling, ?t[AE#hasOrigin->?d], ?d[AE#hasStreet->?s], ?s[label->?originStreetName], ?d[AE#hasCity->?c], ?c[label->?originCity], ?d[AE#hasState->?st], ?st[label->?originState], ?d[AE#hasZipcode->?originZipCode].","resultList":[{"result":[{"key":"?t","val":"VO_9dc8e9b4_0173_4b30_9d95_6dad2647bee5_1503943471174_7"},{"key":"?d","val":"VO_9dc8e9b4_0173_4b30_9d95_6dad2647bee5_1503943471174_3"},{"key":"?s","val":"NO_2b80598d_2fd6_4d48_b789_7c666e790ea9_1503943484144_id3"},{"key":"?originStreetName","val":"278 Mountainview Drive"},{"key":"?c","val":"NO_2b80598d_2fd6_4d48_b789_7c666e790ea9_1503943484144_id9"},{"key":"?originCity","val":"San Diego"},{"key":"?st","val":"NO_2b80598d_2fd6_4d48_b789_7c666e790ea9_1503943484144_id11"},{"key":"?originState","val":"CA"},{"key":"?originZipCode","val":"92126"}]},{"result":[{"key":"?t","val":"VO_9dc8e9b4_0173_4b30_9d95_6dad2647bee5_1503943471174_6"},{"key":"?d","val":"VO_9dc8e9b4_0173_4b30_9d95_6dad2647bee5_1503943471174_8"},{"key":"?s","val":"NO_587f37e2_b833_491b_b017_8fb7cea99d60_1503943480141_id5"},{"key":"?originStreetName","val":"2790 Truxton Road"},{"key":"?c","val":"NO_587f37e2_b833_491b_b017_8fb7cea99d60_1503943480141_id11"},{"key":"?originCity","val":"San Diego"},{"key":"?st","val":"NO_587f37e2_b833_491b_b017_8fb7cea99d60_1503943480141_id13"},{"key":"?originState","val":"CA"},{"key":"?originZipCode","val":"92106"}]}]},{"query":"?- ?t:AE#Travelling, ?t[AE#hasPath->?p], ?p[AE#hasStartRegion->?s], ?s[AE#hasLatitude->?originLatitude], ?s[AE#hasLongitude->?originLongitude].","resultList":[{"result":[{"key":"?t","val":"VO_9dc8e9b4_0173_4b30_9d95_6dad2647bee5_1503943471174_6"},{"key":"?p","val":"ES_86d3a7f7_1cf8_4a84_9364_1c7766a34a58_1503943496491_4"},{"key":"?s","val":"ES_86d3a7f7_1cf8_4a84_9364_1c7766a34a58_1503943496491_3"},{"key":"?originLatitude","val":"32.74051839275188058309140615165233612060546875"},{"key":"?originLongitude","val":"-117.2130215001728856805129908025264739990234375"}]}]},{"query":"?- ?t:AE#Travelling, ?t[AE#hasPath->?p], ?p[AE#hasEndRegion->?e], ?e[AE#hasLatitude->?destinationLatitude], ?e[AE#hasLongitude->?destinationLongitude].","resultList":[{"result":[{"key":"?t","val":"VO_9dc8e9b4_0173_4b30_9d95_6dad2647bee5_1503943471174_6"},{"key":"?p","val":"ES_86d3a7f7_1cf8_4a84_9364_1c7766a34a58_1503943496491_4"},{"key":"?e","val":"ES_86d3a7f7_1cf8_4a84_9364_1c7766a34a58_1503943496491_1"},{"key":"?destinationLatitude","val":"32.6483734927119115809546201489865779876708984375"},{"key":"?destinationLongitude","val":"-117.079831109999389582299045287072658538818359375"}]}]}]}
