{"dataList":[{"query":"?- ?v:AE#VATravelVoucher, ?v[AE#hasVoucherClaimant->?c], ?c[AE#hasName->?cn], ?cn[label->?claimantFullName].","resultList":[{"result":[{"key":"?v","val":"VO_9d507b0b_a6d7_408d_be4e_a8ebc29eb1c6_1503939795566_0"},{"key":"?c","val":"VO_9d507b0b_a6d7_408d_be4e_a8ebc29eb1c6_1503939795566_2"},{"key":"?cn","val":"VO_9d507b0b_a6d7_408d_be4e_a8ebc29eb1c6_1503939795566_1"},{"key":"?claimantFullName","val":"Shaun Kin Lye"}]},{"result":[{"key":"?v","val":"VO_9d507b0b_a6d7_408d_be4e_a8ebc29eb1c6_1503939795566_0"},{"key":"?c","val":"VO_9d507b0b_a6d7_408d_be4e_a8ebc29eb1c6_1503939795566_2"},{"key":"?cn","val":"NO_484a5531_ea13_44bf_af43_5363cb35cc5b_1503939803921_0"},{"key":"?claimantFullName","val":"Shaun Kin Lye"}]}]},{"query":"?- ?v:AE#VATravelVoucher, ?v[AE#hasVoucherClaimant->?c], ?c[AE#hasName->?cn], ?cn[AE#hasFirstName->?claimantFirstName].","resultList":[{"result":[{"key":"?v","val":"VO_9d507b0b_a6d7_408d_be4e_a8ebc29eb1c6_1503939795566_0"},{"key":"?c","val":"VO_9d507b0b_a6d7_408d_be4e_a8ebc29eb1c6_1503939795566_2"},{"key":"?cn","val":"NO_484a5531_ea13_44bf_af43_5363cb35cc5b_1503939803921_0"},{"key":"?claimantFirstName","val":"shaun"}]}]},{"query":"?- ?v:AE#VATravelVoucher, ?v[AE#hasVoucherClaimant->?c], ?c[AE#hasName->?cn], ?cn[AE#hasLastName->?claimantLastName].","resultList":[{"result":[{"key":"?v","val":"VO_9d507b0b_a6d7_408d_be4e_a8ebc29eb1c6_1503939795566_0"},{"key":"?c","val":"VO_9d507b0b_a6d7_408d_be4e_a8ebc29eb1c6_1503939795566_2"},{"key":"?cn","val":"NO_484a5531_ea13_44bf_af43_5363cb35cc5b_1503939803921_0"},{"key":"?claimantLastName","val":"lye"}]}]},{"query":"?- ?v:AE#VATravelVoucher, ?v[AE#hasVoucherClaimant->?c], ?c[AE#hasSocialSecurityNumber->?s], ?s[label->?claimantSsn].","resultList":[{"result":[{"key":"?v","val":"VO_9d507b0b_a6d7_408d_be4e_a8ebc29eb1c6_1503939795566_0"},{"key":"?c","val":"VO_9d507b0b_a6d7_408d_be4e_a8ebc29eb1c6_1503939795566_2"},{"key":"?s","val":"VO_9d507b0b_a6d7_408d_be4e_a8ebc29eb1c6_1503939795566_12"},{"key":"?claimantSsn","val":"301-80-7692"}]}]},{"query":"?- ?v:AE#VATravelVoucher, ?v[AE#hasVoucherClaimant->?c], ?c[AE#hasLiens->?claimantHasLiens].","resultList":[{"result":[{"key":"?v","val":"VO_9d507b0b_a6d7_408d_be4e_a8ebc29eb1c6_1503939795566_0"},{"key":"?c","val":"VO_9d507b0b_a6d7_408d_be4e_a8ebc29eb1c6_1503939795566_2"},{"key":"?claimantHasLiens","val":"AE#UnknownLienReport"}]}]},{"query":"?- ?v:AE#VATravelVoucher, ?v[AE#hasVoucherClaimant->?c], ?c[AE#hasDeclaredBankruptcy->?claimantHasDeclaredBankruptcy].","resultList":[{"result":[{"key":"?v","val":"VO_9d507b0b_a6d7_408d_be4e_a8ebc29eb1c6_1503939795566_0"},{"key":"?c","val":"VO_9d507b0b_a6d7_408d_be4e_a8ebc29eb1c6_1503939795566_2"},{"key":"?claimantHasDeclaredBankruptcy","val":"AE#NoBankruptcyReport"}]}]},{"query":"?- ?v:AE#VATravelVoucher, ?v[AE#hasVoucherClaimant->?c], ?c[AE#hasArrestRecord->?claimantHasArrestRecord].","resultList":[{"result":[{"key":"?v","val":"VO_9d507b0b_a6d7_408d_be4e_a8ebc29eb1c6_1503939795566_0"},{"key":"?c","val":"VO_9d507b0b_a6d7_408d_be4e_a8ebc29eb1c6_1503939795566_2"},{"key":"?claimantHasArrestRecord","val":"AE#UnknownArrestRecord"}]}]},{"query":"?- ?v:AE#VATravelVoucher, ?v[AE#hasVoucherClaimant->?c], ?c[AE#hasCriminalRecord->?claimantHasCriminalRecord].","resultList":[{"result":[{"key":"?v","val":"VO_9d507b0b_a6d7_408d_be4e_a8ebc29eb1c6_1503939795566_0"},{"key":"?c","val":"VO_9d507b0b_a6d7_408d_be4e_a8ebc29eb1c6_1503939795566_2"},{"key":"?claimantHasCriminalRecord","val":"AE#NoCriminalRecord"}]}]},{"query":"?- ?v:AE#VATravelVoucher, ?v[AE#hasVoucherBeneficiary->?b], ?b[AE#hasName->?cn], ?cn[label->?beneficiaryFullName].","resultList":[{"result":[{"key":"?v","val":"VO_9d507b0b_a6d7_408d_be4e_a8ebc29eb1c6_1503939795566_0"},{"key":"?b","val":"VO_9d507b0b_a6d7_408d_be4e_a8ebc29eb1c6_1503939795566_11"},{"key":"?cn","val":"VO_9d507b0b_a6d7_408d_be4e_a8ebc29eb1c6_1503939795566_10"},{"key":"?beneficiaryFullName","val":"Shaun Kin Lye"}]},{"result":[{"key":"?v","val":"VO_9d507b0b_a6d7_408d_be4e_a8ebc29eb1c6_1503939795566_0"},{"key":"?b","val":"VO_9d507b0b_a6d7_408d_be4e_a8ebc29eb1c6_1503939795566_11"},{"key":"?cn","val":"NO_5052d5ea_0abc_4326_bc0e_6866747fa523_1503939801968_0"},{"key":"?beneficiaryFullName","val":"Shaun Kin Lye"}]}]},{"query":"?- ?v:AE#VATravelVoucher, ?v[AE#hasVoucherBeneficiary->?b], ?b[AE#hasName->?cn], ?cn[AE#hasFirstName->?beneficiaryFirstName].","resultList":[{"result":[{"key":"?v","val":"VO_9d507b0b_a6d7_408d_be4e_a8ebc29eb1c6_1503939795566_0"},{"key":"?b","val":"VO_9d507b0b_a6d7_408d_be4e_a8ebc29eb1c6_1503939795566_11"},{"key":"?cn","val":"NO_5052d5ea_0abc_4326_bc0e_6866747fa523_1503939801968_0"},{"key":"?beneficiaryFirstName","val":"shaun"}]}]},{"query":"?- ?v:AE#VATravelVoucher, ?v[AE#hasVoucherBeneficiary->?b], ?b[AE#hasName->?cn], ?cn[AE#hasLastName->?beneficiaryLastName].","resultList":[{"result":[{"key":"?v","val":"VO_9d507b0b_a6d7_408d_be4e_a8ebc29eb1c6_1503939795566_0"},{"key":"?b","val":"VO_9d507b0b_a6d7_408d_be4e_a8ebc29eb1c6_1503939795566_11"},{"key":"?cn","val":"NO_5052d5ea_0abc_4326_bc0e_6866747fa523_1503939801968_0"},{"key":"?beneficiaryLastName","val":"lye"}]}]},{"query":"?- ?v:AE#VATravelVoucher, ?v[AE#hasVoucherBeneficiary->?b], ?b[AE#hasSocialSecurityNumber->?s], ?s[label->?beneficiarySsn].","resultList":[{"result":[{"key":"?v","val":"VO_9d507b0b_a6d7_408d_be4e_a8ebc29eb1c6_1503939795566_0"},{"key":"?b","val":"VO_9d507b0b_a6d7_408d_be4e_a8ebc29eb1c6_1503939795566_11"},{"key":"?s","val":"VO_9d507b0b_a6d7_408d_be4e_a8ebc29eb1c6_1503939795566_9"},{"key":"?beneficiarySsn","val":"301-80-7692"}]}]},{"query":"?- ?v:AE#VATravelVoucher, ?v[AE#hasVoucherBeneficiary->?b], ?b[AE#hasLiens->?beneficiaryHasLiens].","resultList":[{"result":[{"key":"?v","val":"VO_9d507b0b_a6d7_408d_be4e_a8ebc29eb1c6_1503939795566_0"},{"key":"?b","val":"VO_9d507b0b_a6d7_408d_be4e_a8ebc29eb1c6_1503939795566_11"},{"key":"?beneficiaryHasLiens","val":"AE#UnknownLienReport"}]}]},{"query":"?- ?v:AE#VATravelVoucher, ?v[AE#hasVoucherBeneficiary->?b], ?b[AE#hasDeclaredBankruptcy->?beneficiaryHasDeclaredBankruptcy].","resultList":[{"result":[{"key":"?v","val":"VO_9d507b0b_a6d7_408d_be4e_a8ebc29eb1c6_1503939795566_0"},{"key":"?b","val":"VO_9d507b0b_a6d7_408d_be4e_a8ebc29eb1c6_1503939795566_11"},{"key":"?beneficiaryHasDeclaredBankruptcy","val":"AE#NoBankruptcyReport"}]}]},{"query":"?- ?v:AE#VATravelVoucher, ?v[AE#hasVoucherBeneficiary->?b], ?b[AE#hasArrestRecord->?beneficiaryHasArrestRecord].","resultList":[{"result":[{"key":"?v","val":"VO_9d507b0b_a6d7_408d_be4e_a8ebc29eb1c6_1503939795566_0"},{"key":"?b","val":"VO_9d507b0b_a6d7_408d_be4e_a8ebc29eb1c6_1503939795566_11"},{"key":"?beneficiaryHasArrestRecord","val":"AE#UnknownArrestRecord"}]}]},{"query":"?- ?v:AE#VATravelVoucher, ?v[AE#hasVoucherBeneficiary->?b], ?b[AE#hasCriminalRecord->?beneficiaryHasCriminalRecord].","resultList":[{"result":[{"key":"?v","val":"VO_9d507b0b_a6d7_408d_be4e_a8ebc29eb1c6_1503939795566_0"},{"key":"?b","val":"VO_9d507b0b_a6d7_408d_be4e_a8ebc29eb1c6_1503939795566_11"},{"key":"?beneficiaryHasCriminalRecord","val":"AE#NoCriminalRecord"}]}]},{"query":"?- ?t:AE#Travelling, ?t[AE#hasPath->?p], ?p[AE#hasDistance->?d], ?d[AE#numericValue->?expectedDistanceValue], ?d[AE#hasUnitOfMeasure->?unitOfDistanceMeasure].","resultList":[{"result":[{"key":"?t","val":"VO_9d507b0b_a6d7_408d_be4e_a8ebc29eb1c6_1503939795566_6"},{"key":"?p","val":"ES_5b803e07_ea3f_4589_b302_b70b347fbc15_1503939825795_4"},{"key":"?d","val":"ES_5b803e07_ea3f_4589_b302_b70b347fbc15_1503939825795_0"},{"key":"?expectedDistanceValue","val":"12537.8562378901478950865566730499267578125"},{"key":"?unitOfDistanceMeasure","val":"meters"}]}]},{"query":"?- ?t:AE#Travelling, ?t[AE#hasPath->?p], ?p[AE#hasExpectedTravelTime->?d], ?d[AE#numericValue->?expectedTimeValue], ?d[AE#hasUnitOfMeasure->?unitOfTimeMeasure].","resultList":[{"result":[{"key":"?t","val":"VO_9d507b0b_a6d7_408d_be4e_a8ebc29eb1c6_1503939795566_6"},{"key":"?p","val":"ES_5b803e07_ea3f_4589_b302_b70b347fbc15_1503939825795_4"},{"key":"?d","val":"ES_5b803e07_ea3f_4589_b302_b70b347fbc15_1503939825795_2"},{"key":"?expectedTimeValue","val":"9.53222272801212966442108154296875"},{"key":"?unitOfTimeMeasure","val":"minutes"}]}]},{"query":"?- ?t:AE#Travelling, ?t[AE#hasDestination->?d], ?d[label->?destinationFullAddress].","resultList":[{"result":[{"key":"?t","val":"VO_9d507b0b_a6d7_408d_be4e_a8ebc29eb1c6_1503939795566_7"},{"key":"?d","val":"VO_9d507b0b_a6d7_408d_be4e_a8ebc29eb1c6_1503939795566_8"},{"key":"?destinationFullAddress","val":"2790 Truxton Road, Suite 130, San Diego, CA 92106"}]},{"result":[{"key":"?t","val":"VO_9d507b0b_a6d7_408d_be4e_a8ebc29eb1c6_1503939795566_6"},{"key":"?d","val":"VO_9d507b0b_a6d7_408d_be4e_a8ebc29eb1c6_1503939795566_5"},{"key":"?destinationFullAddress","val":"4191 Home Ave San Diego, CA 92105"}]}]},{"query":"?- ?t:AE#Travelling, ?t[AE#hasDestination->?d], ?d[AE#hasStreet->?s], ?s[label->?destinationStreetName], ?d[AE#hasCity->?c], ?c[label->?destinationCity], ?d[AE#hasState->?st], ?st[label->?destinationState], ?d[AE#hasZipcode->?destinationZipCode].","resultList":[{"result":[{"key":"?t","val":"VO_9d507b0b_a6d7_408d_be4e_a8ebc29eb1c6_1503939795566_7"},{"key":"?d","val":"VO_9d507b0b_a6d7_408d_be4e_a8ebc29eb1c6_1503939795566_8"},{"key":"?s","val":"NO_5f55aa08_d783_4002_bae8_620875953825_1503939805961_id5"},{"key":"?destinationStreetName","val":"2790 Truxton Road"},{"key":"?c","val":"NO_5f55aa08_d783_4002_bae8_620875953825_1503939805961_id11"},{"key":"?destinationCity","val":"San Diego"},{"key":"?st","val":"NO_5f55aa08_d783_4002_bae8_620875953825_1503939805961_id13"},{"key":"?destinationState","val":"CA"},{"key":"?destinationZipCode","val":"92106"}]},{"result":[{"key":"?t","val":"VO_9d507b0b_a6d7_408d_be4e_a8ebc29eb1c6_1503939795566_6"},{"key":"?d","val":"VO_9d507b0b_a6d7_408d_be4e_a8ebc29eb1c6_1503939795566_5"},{"key":"?s","val":"NO_155c0092_aebb_4bec_8340_ff0308ecfae3_1503939807998_id3"},{"key":"?destinationStreetName","val":"4191 Home Ave"},{"key":"?c","val":"NO_155c0092_aebb_4bec_8340_ff0308ecfae3_1503939807998_id9"},{"key":"?destinationCity","val":"San Diego"},{"key":"?st","val":"NO_155c0092_aebb_4bec_8340_ff0308ecfae3_1503939807998_id11"},{"key":"?destinationState","val":"CA"},{"key":"?destinationZipCode","val":"92105"}]}]},{"query":"?- ?t:AE#Travelling, ?t[AE#hasOrigin->?d], ?d[label->?originFullAddress].","resultList":[{"result":[{"key":"?t","val":"VO_9d507b0b_a6d7_408d_be4e_a8ebc29eb1c6_1503939795566_7"},{"key":"?d","val":"VO_9d507b0b_a6d7_408d_be4e_a8ebc29eb1c6_1503939795566_3"},{"key":"?originFullAddress","val":"4191 Home Ave San Diego, CA 92105"}]},{"result":[{"key":"?t","val":"VO_9d507b0b_a6d7_408d_be4e_a8ebc29eb1c6_1503939795566_6"},{"key":"?d","val":"VO_9d507b0b_a6d7_408d_be4e_a8ebc29eb1c6_1503939795566_8"},{"key":"?originFullAddress","val":"2790 Truxton Road, Suite 130, San Diego, CA 92106"}]}]},{"query":"?- ?t:AE#Travelling, ?t[AE#hasOrigin->?d], ?d[AE#hasStreet->?s], ?s[label->?originStreetName], ?d[AE#hasCity->?c], ?c[label->?originCity], ?d[AE#hasState->?st], ?st[label->?originState], ?d[AE#hasZipcode->?originZipCode].","resultList":[{"result":[{"key":"?t","val":"VO_9d507b0b_a6d7_408d_be4e_a8ebc29eb1c6_1503939795566_7"},{"key":"?d","val":"VO_9d507b0b_a6d7_408d_be4e_a8ebc29eb1c6_1503939795566_3"},{"key":"?s","val":"NO_ba7aa753_de5a_4a9f_b269_f3d8401ae706_1503939810205_id3"},{"key":"?originStreetName","val":"4191 Home Ave"},{"key":"?c","val":"NO_ba7aa753_de5a_4a9f_b269_f3d8401ae706_1503939810205_id9"},{"key":"?originCity","val":"San Diego"},{"key":"?st","val":"NO_ba7aa753_de5a_4a9f_b269_f3d8401ae706_1503939810205_id11"},{"key":"?originState","val":"CA"},{"key":"?originZipCode","val":"92105"}]},{"result":[{"key":"?t","val":"VO_9d507b0b_a6d7_408d_be4e_a8ebc29eb1c6_1503939795566_6"},{"key":"?d","val":"VO_9d507b0b_a6d7_408d_be4e_a8ebc29eb1c6_1503939795566_8"},{"key":"?s","val":"NO_5f55aa08_d783_4002_bae8_620875953825_1503939805961_id5"},{"key":"?originStreetName","val":"2790 Truxton Road"},{"key":"?c","val":"NO_5f55aa08_d783_4002_bae8_620875953825_1503939805961_id11"},{"key":"?originCity","val":"San Diego"},{"key":"?st","val":"NO_5f55aa08_d783_4002_bae8_620875953825_1503939805961_id13"},{"key":"?originState","val":"CA"},{"key":"?originZipCode","val":"92106"}]}]},{"query":"?- ?t:AE#Travelling, ?t[AE#hasPath->?p], ?p[AE#hasStartRegion->?s], ?s[AE#hasLatitude->?originLatitude], ?s[AE#hasLongitude->?originLongitude].","resultList":[{"result":[{"key":"?t","val":"VO_9d507b0b_a6d7_408d_be4e_a8ebc29eb1c6_1503939795566_6"},{"key":"?p","val":"ES_5b803e07_ea3f_4589_b302_b70b347fbc15_1503939825795_4"},{"key":"?s","val":"ES_5b803e07_ea3f_4589_b302_b70b347fbc15_1503939825795_3"},{"key":"?originLatitude","val":"32.74051839275188058309140615165233612060546875"},{"key":"?originLongitude","val":"-117.2130215001728856805129908025264739990234375"}]}]},{"query":"?- ?t:AE#Travelling, ?t[AE#hasPath->?p], ?p[AE#hasEndRegion->?e], ?e[AE#hasLatitude->?destinationLatitude], ?e[AE#hasLongitude->?destinationLongitude].","resultList":[{"result":[{"key":"?t","val":"VO_9d507b0b_a6d7_408d_be4e_a8ebc29eb1c6_1503939795566_6"},{"key":"?p","val":"ES_5b803e07_ea3f_4589_b302_b70b347fbc15_1503939825795_4"},{"key":"?e","val":"ES_5b803e07_ea3f_4589_b302_b70b347fbc15_1503939825795_1"},{"key":"?destinationLatitude","val":"32.7244527693176081584169878624379634857177734375"},{"key":"?destinationLongitude","val":"-117.10514000357801478457986377179622650146484375"}]}]}]}
