{"dataList":[{"query":"?- ?v:AE#VATravelVoucher, ?v[AE#hasVoucherClaimant->?c], ?c[AE#hasName->?cn], ?cn[label->?claimantFullName].","resultList":[{"result":[{"key":"?v","val":"VO_9e609af9_3b7c_44af_9670_ee67ef2e99dd_1503939422785_0"},{"key":"?c","val":"VO_9e609af9_3b7c_44af_9670_ee67ef2e99dd_1503939422785_2"},{"key":"?cn","val":"NO_58cb1463_c82c_4fa4_b6ab_201a63188311_1503939432579_0"},{"key":"?claimantFullName","val":"Thomas J. Kunz"}]},{"result":[{"key":"?v","val":"VO_9e609af9_3b7c_44af_9670_ee67ef2e99dd_1503939422785_0"},{"key":"?c","val":"VO_9e609af9_3b7c_44af_9670_ee67ef2e99dd_1503939422785_2"},{"key":"?cn","val":"VO_9e609af9_3b7c_44af_9670_ee67ef2e99dd_1503939422785_1"},{"key":"?claimantFullName","val":"Thomas J. Kunz"}]}]},{"query":"?- ?v:AE#VATravelVoucher, ?v[AE#hasVoucherClaimant->?c], ?c[AE#hasName->?cn], ?cn[AE#hasFirstName->?claimantFirstName].","resultList":[{"result":[{"key":"?v","val":"VO_9e609af9_3b7c_44af_9670_ee67ef2e99dd_1503939422785_0"},{"key":"?c","val":"VO_9e609af9_3b7c_44af_9670_ee67ef2e99dd_1503939422785_2"},{"key":"?cn","val":"NO_58cb1463_c82c_4fa4_b6ab_201a63188311_1503939432579_0"},{"key":"?claimantFirstName","val":"thomas"}]}]},{"query":"?- ?v:AE#VATravelVoucher, ?v[AE#hasVoucherClaimant->?c], ?c[AE#hasName->?cn], ?cn[AE#hasLastName->?claimantLastName].","resultList":[{"result":[{"key":"?v","val":"VO_9e609af9_3b7c_44af_9670_ee67ef2e99dd_1503939422785_0"},{"key":"?c","val":"VO_9e609af9_3b7c_44af_9670_ee67ef2e99dd_1503939422785_2"},{"key":"?cn","val":"NO_58cb1463_c82c_4fa4_b6ab_201a63188311_1503939432579_0"},{"key":"?claimantLastName","val":"kunz"}]}]},{"query":"?- ?v:AE#VATravelVoucher, ?v[AE#hasVoucherClaimant->?c], ?c[AE#hasSocialSecurityNumber->?s], ?s[label->?claimantSsn].","resultList":[{"result":[{"key":"?v","val":"VO_9e609af9_3b7c_44af_9670_ee67ef2e99dd_1503939422785_0"},{"key":"?c","val":"VO_9e609af9_3b7c_44af_9670_ee67ef2e99dd_1503939422785_2"},{"key":"?s","val":"VO_9e609af9_3b7c_44af_9670_ee67ef2e99dd_1503939422785_12"},{"key":"?claimantSsn","val":"452-14-6257"}]}]},{"query":"?- ?v:AE#VATravelVoucher, ?v[AE#hasVoucherClaimant->?c], ?c[AE#hasLiens->?claimantHasLiens].","resultList":[{"result":[{"key":"?v","val":"VO_9e609af9_3b7c_44af_9670_ee67ef2e99dd_1503939422785_0"},{"key":"?c","val":"VO_9e609af9_3b7c_44af_9670_ee67ef2e99dd_1503939422785_2"},{"key":"?claimantHasLiens","val":"AE#UnknownLienReport"}]}]},{"query":"?- ?v:AE#VATravelVoucher, ?v[AE#hasVoucherClaimant->?c], ?c[AE#hasDeclaredBankruptcy->?claimantHasDeclaredBankruptcy].","resultList":[{"result":[{"key":"?v","val":"VO_9e609af9_3b7c_44af_9670_ee67ef2e99dd_1503939422785_0"},{"key":"?c","val":"VO_9e609af9_3b7c_44af_9670_ee67ef2e99dd_1503939422785_2"},{"key":"?claimantHasDeclaredBankruptcy","val":"AE#NoBankruptcyReport"}]}]},{"query":"?- ?v:AE#VATravelVoucher, ?v[AE#hasVoucherClaimant->?c], ?c[AE#hasArrestRecord->?claimantHasArrestRecord].","resultList":[{"result":[{"key":"?v","val":"VO_9e609af9_3b7c_44af_9670_ee67ef2e99dd_1503939422785_0"},{"key":"?c","val":"VO_9e609af9_3b7c_44af_9670_ee67ef2e99dd_1503939422785_2"},{"key":"?claimantHasArrestRecord","val":"AE#NoArrestRecord"}]}]},{"query":"?- ?v:AE#VATravelVoucher, ?v[AE#hasVoucherClaimant->?c], ?c[AE#hasCriminalRecord->?claimantHasCriminalRecord].","resultList":[{"result":[{"key":"?v","val":"VO_9e609af9_3b7c_44af_9670_ee67ef2e99dd_1503939422785_0"},{"key":"?c","val":"VO_9e609af9_3b7c_44af_9670_ee67ef2e99dd_1503939422785_2"},{"key":"?claimantHasCriminalRecord","val":"AE#NoCriminalRecord"}]}]},{"query":"?- ?v:AE#VATravelVoucher, ?v[AE#hasVoucherBeneficiary->?b], ?b[AE#hasName->?cn], ?cn[label->?beneficiaryFullName].","resultList":[{"result":[{"key":"?v","val":"VO_9e609af9_3b7c_44af_9670_ee67ef2e99dd_1503939422785_0"},{"key":"?b","val":"VO_9e609af9_3b7c_44af_9670_ee67ef2e99dd_1503939422785_11"},{"key":"?cn","val":"VO_9e609af9_3b7c_44af_9670_ee67ef2e99dd_1503939422785_10"},{"key":"?beneficiaryFullName","val":"Thomas J. Kunz"}]},{"result":[{"key":"?v","val":"VO_9e609af9_3b7c_44af_9670_ee67ef2e99dd_1503939422785_0"},{"key":"?b","val":"VO_9e609af9_3b7c_44af_9670_ee67ef2e99dd_1503939422785_11"},{"key":"?cn","val":"NO_7cd6a6ee_e806_45c5_af76_af603275df5b_1503939430029_0"},{"key":"?beneficiaryFullName","val":"Thomas J. Kunz"}]}]},{"query":"?- ?v:AE#VATravelVoucher, ?v[AE#hasVoucherBeneficiary->?b], ?b[AE#hasName->?cn], ?cn[AE#hasFirstName->?beneficiaryFirstName].","resultList":[{"result":[{"key":"?v","val":"VO_9e609af9_3b7c_44af_9670_ee67ef2e99dd_1503939422785_0"},{"key":"?b","val":"VO_9e609af9_3b7c_44af_9670_ee67ef2e99dd_1503939422785_11"},{"key":"?cn","val":"NO_7cd6a6ee_e806_45c5_af76_af603275df5b_1503939430029_0"},{"key":"?beneficiaryFirstName","val":"thomas"}]}]},{"query":"?- ?v:AE#VATravelVoucher, ?v[AE#hasVoucherBeneficiary->?b], ?b[AE#hasName->?cn], ?cn[AE#hasLastName->?beneficiaryLastName].","resultList":[{"result":[{"key":"?v","val":"VO_9e609af9_3b7c_44af_9670_ee67ef2e99dd_1503939422785_0"},{"key":"?b","val":"VO_9e609af9_3b7c_44af_9670_ee67ef2e99dd_1503939422785_11"},{"key":"?cn","val":"NO_7cd6a6ee_e806_45c5_af76_af603275df5b_1503939430029_0"},{"key":"?beneficiaryLastName","val":"kunz"}]}]},{"query":"?- ?v:AE#VATravelVoucher, ?v[AE#hasVoucherBeneficiary->?b], ?b[AE#hasSocialSecurityNumber->?s], ?s[label->?beneficiarySsn].","resultList":[{"result":[{"key":"?v","val":"VO_9e609af9_3b7c_44af_9670_ee67ef2e99dd_1503939422785_0"},{"key":"?b","val":"VO_9e609af9_3b7c_44af_9670_ee67ef2e99dd_1503939422785_11"},{"key":"?s","val":"VO_9e609af9_3b7c_44af_9670_ee67ef2e99dd_1503939422785_9"},{"key":"?beneficiarySsn","val":"452-14-6257"}]}]},{"query":"?- ?v:AE#VATravelVoucher, ?v[AE#hasVoucherBeneficiary->?b], ?b[AE#hasLiens->?beneficiaryHasLiens].","resultList":[{"result":[{"key":"?v","val":"VO_9e609af9_3b7c_44af_9670_ee67ef2e99dd_1503939422785_0"},{"key":"?b","val":"VO_9e609af9_3b7c_44af_9670_ee67ef2e99dd_1503939422785_11"},{"key":"?beneficiaryHasLiens","val":"AE#UnknownLienReport"}]}]},{"query":"?- ?v:AE#VATravelVoucher, ?v[AE#hasVoucherBeneficiary->?b], ?b[AE#hasDeclaredBankruptcy->?beneficiaryHasDeclaredBankruptcy].","resultList":[{"result":[{"key":"?v","val":"VO_9e609af9_3b7c_44af_9670_ee67ef2e99dd_1503939422785_0"},{"key":"?b","val":"VO_9e609af9_3b7c_44af_9670_ee67ef2e99dd_1503939422785_11"},{"key":"?beneficiaryHasDeclaredBankruptcy","val":"AE#NoBankruptcyReport"}]}]},{"query":"?- ?v:AE#VATravelVoucher, ?v[AE#hasVoucherBeneficiary->?b], ?b[AE#hasArrestRecord->?beneficiaryHasArrestRecord].","resultList":[{"result":[{"key":"?v","val":"VO_9e609af9_3b7c_44af_9670_ee67ef2e99dd_1503939422785_0"},{"key":"?b","val":"VO_9e609af9_3b7c_44af_9670_ee67ef2e99dd_1503939422785_11"},{"key":"?beneficiaryHasArrestRecord","val":"AE#NoArrestRecord"}]}]},{"query":"?- ?v:AE#VATravelVoucher, ?v[AE#hasVoucherBeneficiary->?b], ?b[AE#hasCriminalRecord->?beneficiaryHasCriminalRecord].","resultList":[{"result":[{"key":"?v","val":"VO_9e609af9_3b7c_44af_9670_ee67ef2e99dd_1503939422785_0"},{"key":"?b","val":"VO_9e609af9_3b7c_44af_9670_ee67ef2e99dd_1503939422785_11"},{"key":"?beneficiaryHasCriminalRecord","val":"AE#NoCriminalRecord"}]}]},{"query":"?- ?t:AE#Travelling, ?t[AE#hasPath->?p], ?p[AE#hasDistance->?d], ?d[AE#numericValue->?expectedDistanceValue], ?d[AE#hasUnitOfMeasure->?unitOfDistanceMeasure].","resultList":[{"result":[{"key":"?t","val":"VO_9e609af9_3b7c_44af_9670_ee67ef2e99dd_1503939422785_6"},{"key":"?p","val":"ES_c5616693_7b02_4e9e_bde9_49d225021cd9_1503939453849_4"},{"key":"?d","val":"ES_c5616693_7b02_4e9e_bde9_49d225021cd9_1503939453849_0"},{"key":"?expectedDistanceValue","val":"15327.5277994302959996275603771209716796875"},{"key":"?unitOfDistanceMeasure","val":"meters"}]}]},{"query":"?- ?t:AE#Travelling, ?t[AE#hasPath->?p], ?p[AE#hasExpectedTravelTime->?d], ?d[AE#numericValue->?expectedTimeValue], ?d[AE#hasUnitOfMeasure->?unitOfTimeMeasure].","resultList":[{"result":[{"key":"?t","val":"VO_9e609af9_3b7c_44af_9670_ee67ef2e99dd_1503939422785_6"},{"key":"?p","val":"ES_c5616693_7b02_4e9e_bde9_49d225021cd9_1503939453849_4"},{"key":"?d","val":"ES_c5616693_7b02_4e9e_bde9_49d225021cd9_1503939453849_2"},{"key":"?expectedTimeValue","val":"14.11142564029432833194732666015625"},{"key":"?unitOfTimeMeasure","val":"minutes"}]}]},{"query":"?- ?t:AE#Travelling, ?t[AE#hasDestination->?d], ?d[label->?destinationFullAddress].","resultList":[{"result":[{"key":"?t","val":"VO_9e609af9_3b7c_44af_9670_ee67ef2e99dd_1503939422785_7"},{"key":"?d","val":"VO_9e609af9_3b7c_44af_9670_ee67ef2e99dd_1503939422785_8"},{"key":"?destinationFullAddress","val":"2790 Truxton Road, Suite 130, San Diego, CA 92106"}]},{"result":[{"key":"?t","val":"VO_9e609af9_3b7c_44af_9670_ee67ef2e99dd_1503939422785_6"},{"key":"?d","val":"VO_9e609af9_3b7c_44af_9670_ee67ef2e99dd_1503939422785_5"},{"key":"?destinationFullAddress","val":"8 N. Piper St. San Diego, CA 92115"}]}]},{"query":"?- ?t:AE#Travelling, ?t[AE#hasDestination->?d], ?d[AE#hasStreet->?s], ?s[label->?destinationStreetName], ?d[AE#hasCity->?c], ?c[label->?destinationCity], ?d[AE#hasState->?st], ?st[label->?destinationState], ?d[AE#hasZipcode->?destinationZipCode].","resultList":[{"result":[{"key":"?t","val":"VO_9e609af9_3b7c_44af_9670_ee67ef2e99dd_1503939422785_7"},{"key":"?d","val":"VO_9e609af9_3b7c_44af_9670_ee67ef2e99dd_1503939422785_8"},{"key":"?s","val":"NO_35de8b64_399d_4e7f_b024_86b22c8a7dbe_1503939435021_id5"},{"key":"?destinationStreetName","val":"2790 Truxton Road"},{"key":"?c","val":"NO_35de8b64_399d_4e7f_b024_86b22c8a7dbe_1503939435021_id11"},{"key":"?destinationCity","val":"San Diego"},{"key":"?st","val":"NO_35de8b64_399d_4e7f_b024_86b22c8a7dbe_1503939435021_id13"},{"key":"?destinationState","val":"CA"},{"key":"?destinationZipCode","val":"92106"}]},{"result":[{"key":"?t","val":"VO_9e609af9_3b7c_44af_9670_ee67ef2e99dd_1503939422785_6"},{"key":"?d","val":"VO_9e609af9_3b7c_44af_9670_ee67ef2e99dd_1503939422785_5"},{"key":"?s","val":"NO_04fcc0ea_35e8_4675_b0b4_524ba9b9c98d_1503939437470_id3"},{"key":"?destinationStreetName","val":"8 N. Piper St."},{"key":"?c","val":"NO_04fcc0ea_35e8_4675_b0b4_524ba9b9c98d_1503939437470_id9"},{"key":"?destinationCity","val":"San Diego"},{"key":"?st","val":"NO_04fcc0ea_35e8_4675_b0b4_524ba9b9c98d_1503939437470_id11"},{"key":"?destinationState","val":"CA"},{"key":"?destinationZipCode","val":"92115"}]}]},{"query":"?- ?t:AE#Travelling, ?t[AE#hasOrigin->?d], ?d[label->?originFullAddress].","resultList":[{"result":[{"key":"?t","val":"VO_9e609af9_3b7c_44af_9670_ee67ef2e99dd_1503939422785_7"},{"key":"?d","val":"VO_9e609af9_3b7c_44af_9670_ee67ef2e99dd_1503939422785_3"},{"key":"?originFullAddress","val":"8 N. Piper St. San Diego, CA 92115"}]},{"result":[{"key":"?t","val":"VO_9e609af9_3b7c_44af_9670_ee67ef2e99dd_1503939422785_6"},{"key":"?d","val":"VO_9e609af9_3b7c_44af_9670_ee67ef2e99dd_1503939422785_8"},{"key":"?originFullAddress","val":"2790 Truxton Road, Suite 130, San Diego, CA 92106"}]}]},{"query":"?- ?t:AE#Travelling, ?t[AE#hasOrigin->?d], ?d[AE#hasStreet->?s], ?s[label->?originStreetName], ?d[AE#hasCity->?c], ?c[label->?originCity], ?d[AE#hasState->?st], ?st[label->?originState], ?d[AE#hasZipcode->?originZipCode].","resultList":[{"result":[{"key":"?t","val":"VO_9e609af9_3b7c_44af_9670_ee67ef2e99dd_1503939422785_7"},{"key":"?d","val":"VO_9e609af9_3b7c_44af_9670_ee67ef2e99dd_1503939422785_3"},{"key":"?s","val":"NO_c3949e63_5482_4d2a_a92f_3e9516f9882e_1503939439801_id3"},{"key":"?originStreetName","val":"8 N. Piper St."},{"key":"?c","val":"NO_c3949e63_5482_4d2a_a92f_3e9516f9882e_1503939439801_id9"},{"key":"?originCity","val":"San Diego"},{"key":"?st","val":"NO_c3949e63_5482_4d2a_a92f_3e9516f9882e_1503939439801_id11"},{"key":"?originState","val":"CA"},{"key":"?originZipCode","val":"92115"}]},{"result":[{"key":"?t","val":"VO_9e609af9_3b7c_44af_9670_ee67ef2e99dd_1503939422785_6"},{"key":"?d","val":"VO_9e609af9_3b7c_44af_9670_ee67ef2e99dd_1503939422785_8"},{"key":"?s","val":"NO_35de8b64_399d_4e7f_b024_86b22c8a7dbe_1503939435021_id5"},{"key":"?originStreetName","val":"2790 Truxton Road"},{"key":"?c","val":"NO_35de8b64_399d_4e7f_b024_86b22c8a7dbe_1503939435021_id11"},{"key":"?originCity","val":"San Diego"},{"key":"?st","val":"NO_35de8b64_399d_4e7f_b024_86b22c8a7dbe_1503939435021_id13"},{"key":"?originState","val":"CA"},{"key":"?originZipCode","val":"92106"}]}]},{"query":"?- ?t:AE#Travelling, ?t[AE#hasPath->?p], ?p[AE#hasStartRegion->?s], ?s[AE#hasLatitude->?originLatitude], ?s[AE#hasLongitude->?originLongitude].","resultList":[{"result":[{"key":"?t","val":"VO_9e609af9_3b7c_44af_9670_ee67ef2e99dd_1503939422785_6"},{"key":"?p","val":"ES_c5616693_7b02_4e9e_bde9_49d225021cd9_1503939453849_4"},{"key":"?s","val":"ES_c5616693_7b02_4e9e_bde9_49d225021cd9_1503939453849_3"},{"key":"?originLatitude","val":"32.74051839275188058309140615165233612060546875"},{"key":"?originLongitude","val":"-117.2130215001728856805129908025264739990234375"}]}]},{"query":"?- ?t:AE#Travelling, ?t[AE#hasPath->?p], ?p[AE#hasEndRegion->?e], ?e[AE#hasLatitude->?destinationLatitude], ?e[AE#hasLongitude->?destinationLongitude].","resultList":[{"result":[{"key":"?t","val":"VO_9e609af9_3b7c_44af_9670_ee67ef2e99dd_1503939422785_6"},{"key":"?p","val":"ES_c5616693_7b02_4e9e_bde9_49d225021cd9_1503939453849_4"},{"key":"?e","val":"ES_c5616693_7b02_4e9e_bde9_49d225021cd9_1503939453849_1"},{"key":"?destinationLatitude","val":"32.758559999999988576746545732021331787109375"},{"key":"?destinationLongitude","val":"-117.08818999999999732608557678759098052978515625"}]}]}]}
