{"dataList":[{"query":"?- ?v:AE#VATravelVoucher, ?v[AE#hasVoucherClaimant->?c], ?c[AE#hasName->?cn], ?cn[label->?claimantFullName].","resultList":[{"result":[{"key":"?v","val":"VO_9b1c3de7_4125_4251_adf3_0777200f1ba2_1503941859146_0"},{"key":"?c","val":"VO_9b1c3de7_4125_4251_adf3_0777200f1ba2_1503941859146_2"},{"key":"?cn","val":"VO_9b1c3de7_4125_4251_adf3_0777200f1ba2_1503941859146_1"},{"key":"?claimantFullName","val":"Philippa Johnna Gallagher"}]},{"result":[{"key":"?v","val":"VO_9b1c3de7_4125_4251_adf3_0777200f1ba2_1503941859146_0"},{"key":"?c","val":"VO_9b1c3de7_4125_4251_adf3_0777200f1ba2_1503941859146_2"},{"key":"?cn","val":"NO_6b28a8b8_ef76_40ba_9e48_acb92a36c479_1503941866777_0"},{"key":"?claimantFullName","val":"Philippa Johnna Gallagher"}]}]},{"query":"?- ?v:AE#VATravelVoucher, ?v[AE#hasVoucherClaimant->?c], ?c[AE#hasName->?cn], ?cn[AE#hasFirstName->?claimantFirstName].","resultList":[{"result":[{"key":"?v","val":"VO_9b1c3de7_4125_4251_adf3_0777200f1ba2_1503941859146_0"},{"key":"?c","val":"VO_9b1c3de7_4125_4251_adf3_0777200f1ba2_1503941859146_2"},{"key":"?cn","val":"NO_6b28a8b8_ef76_40ba_9e48_acb92a36c479_1503941866777_0"},{"key":"?claimantFirstName","val":"philippa"}]}]},{"query":"?- ?v:AE#VATravelVoucher, ?v[AE#hasVoucherClaimant->?c], ?c[AE#hasName->?cn], ?cn[AE#hasLastName->?claimantLastName].","resultList":[{"result":[{"key":"?v","val":"VO_9b1c3de7_4125_4251_adf3_0777200f1ba2_1503941859146_0"},{"key":"?c","val":"VO_9b1c3de7_4125_4251_adf3_0777200f1ba2_1503941859146_2"},{"key":"?cn","val":"NO_6b28a8b8_ef76_40ba_9e48_acb92a36c479_1503941866777_0"},{"key":"?claimantLastName","val":"gallagher"}]}]},{"query":"?- ?v:AE#VATravelVoucher, ?v[AE#hasVoucherClaimant->?c], ?c[AE#hasSocialSecurityNumber->?s], ?s[label->?claimantSsn].","resultList":[{"result":[{"key":"?v","val":"VO_9b1c3de7_4125_4251_adf3_0777200f1ba2_1503941859146_0"},{"key":"?c","val":"VO_9b1c3de7_4125_4251_adf3_0777200f1ba2_1503941859146_2"},{"key":"?s","val":"VO_9b1c3de7_4125_4251_adf3_0777200f1ba2_1503941859146_12"},{"key":"?claimantSsn","val":"976-68-6808"}]}]},{"query":"?- ?v:AE#VATravelVoucher, ?v[AE#hasVoucherClaimant->?c], ?c[AE#hasLiens->?claimantHasLiens].","resultList":[{"result":[{"key":"?v","val":"VO_9b1c3de7_4125_4251_adf3_0777200f1ba2_1503941859146_0"},{"key":"?c","val":"VO_9b1c3de7_4125_4251_adf3_0777200f1ba2_1503941859146_2"},{"key":"?claimantHasLiens","val":"AE#NoLienReport"}]}]},{"query":"?- ?v:AE#VATravelVoucher, ?v[AE#hasVoucherClaimant->?c], ?c[AE#hasDeclaredBankruptcy->?claimantHasDeclaredBankruptcy].","resultList":[{"result":[{"key":"?v","val":"VO_9b1c3de7_4125_4251_adf3_0777200f1ba2_1503941859146_0"},{"key":"?c","val":"VO_9b1c3de7_4125_4251_adf3_0777200f1ba2_1503941859146_2"},{"key":"?claimantHasDeclaredBankruptcy","val":"AE#NoBankruptcyReport"}]}]},{"query":"?- ?v:AE#VATravelVoucher, ?v[AE#hasVoucherClaimant->?c], ?c[AE#hasArrestRecord->?claimantHasArrestRecord].","resultList":[{"result":[{"key":"?v","val":"VO_9b1c3de7_4125_4251_adf3_0777200f1ba2_1503941859146_0"},{"key":"?c","val":"VO_9b1c3de7_4125_4251_adf3_0777200f1ba2_1503941859146_2"},{"key":"?claimantHasArrestRecord","val":"AE#NoArrestRecord"}]}]},{"query":"?- ?v:AE#VATravelVoucher, ?v[AE#hasVoucherClaimant->?c], ?c[AE#hasCriminalRecord->?claimantHasCriminalRecord].","resultList":[{"result":[{"key":"?v","val":"VO_9b1c3de7_4125_4251_adf3_0777200f1ba2_1503941859146_0"},{"key":"?c","val":"VO_9b1c3de7_4125_4251_adf3_0777200f1ba2_1503941859146_2"},{"key":"?claimantHasCriminalRecord","val":"AE#NoCriminalRecord"}]}]},{"query":"?- ?v:AE#VATravelVoucher, ?v[AE#hasVoucherBeneficiary->?b], ?b[AE#hasName->?cn], ?cn[label->?beneficiaryFullName].","resultList":[{"result":[{"key":"?v","val":"VO_9b1c3de7_4125_4251_adf3_0777200f1ba2_1503941859146_0"},{"key":"?b","val":"VO_9b1c3de7_4125_4251_adf3_0777200f1ba2_1503941859146_11"},{"key":"?cn","val":"NO_10d7760e_ff1d_4d22_b21a_235d4cf6223f_1503941864895_0"},{"key":"?beneficiaryFullName","val":"Greg M. Kovacs"}]},{"result":[{"key":"?v","val":"VO_9b1c3de7_4125_4251_adf3_0777200f1ba2_1503941859146_0"},{"key":"?b","val":"VO_9b1c3de7_4125_4251_adf3_0777200f1ba2_1503941859146_11"},{"key":"?cn","val":"VO_9b1c3de7_4125_4251_adf3_0777200f1ba2_1503941859146_10"},{"key":"?beneficiaryFullName","val":"Greg M. Kovacs"}]}]},{"query":"?- ?v:AE#VATravelVoucher, ?v[AE#hasVoucherBeneficiary->?b], ?b[AE#hasName->?cn], ?cn[AE#hasFirstName->?beneficiaryFirstName].","resultList":[{"result":[{"key":"?v","val":"VO_9b1c3de7_4125_4251_adf3_0777200f1ba2_1503941859146_0"},{"key":"?b","val":"VO_9b1c3de7_4125_4251_adf3_0777200f1ba2_1503941859146_11"},{"key":"?cn","val":"NO_10d7760e_ff1d_4d22_b21a_235d4cf6223f_1503941864895_0"},{"key":"?beneficiaryFirstName","val":"greg"}]}]},{"query":"?- ?v:AE#VATravelVoucher, ?v[AE#hasVoucherBeneficiary->?b], ?b[AE#hasName->?cn], ?cn[AE#hasLastName->?beneficiaryLastName].","resultList":[{"result":[{"key":"?v","val":"VO_9b1c3de7_4125_4251_adf3_0777200f1ba2_1503941859146_0"},{"key":"?b","val":"VO_9b1c3de7_4125_4251_adf3_0777200f1ba2_1503941859146_11"},{"key":"?cn","val":"NO_10d7760e_ff1d_4d22_b21a_235d4cf6223f_1503941864895_0"},{"key":"?beneficiaryLastName","val":"kovacs"}]}]},{"query":"?- ?v:AE#VATravelVoucher, ?v[AE#hasVoucherBeneficiary->?b], ?b[AE#hasSocialSecurityNumber->?s], ?s[label->?beneficiarySsn].","resultList":[{"result":[{"key":"?v","val":"VO_9b1c3de7_4125_4251_adf3_0777200f1ba2_1503941859146_0"},{"key":"?b","val":"VO_9b1c3de7_4125_4251_adf3_0777200f1ba2_1503941859146_11"},{"key":"?s","val":"VO_9b1c3de7_4125_4251_adf3_0777200f1ba2_1503941859146_9"},{"key":"?beneficiarySsn","val":"042-61-3478"}]}]},{"query":"?- ?v:AE#VATravelVoucher, ?v[AE#hasVoucherBeneficiary->?b], ?b[AE#hasLiens->?beneficiaryHasLiens].","resultList":[{"result":[{"key":"?v","val":"VO_9b1c3de7_4125_4251_adf3_0777200f1ba2_1503941859146_0"},{"key":"?b","val":"VO_9b1c3de7_4125_4251_adf3_0777200f1ba2_1503941859146_11"},{"key":"?beneficiaryHasLiens","val":"AE#NoLienReport"}]}]},{"query":"?- ?v:AE#VATravelVoucher, ?v[AE#hasVoucherBeneficiary->?b], ?b[AE#hasDeclaredBankruptcy->?beneficiaryHasDeclaredBankruptcy].","resultList":[{"result":[{"key":"?v","val":"VO_9b1c3de7_4125_4251_adf3_0777200f1ba2_1503941859146_0"},{"key":"?b","val":"VO_9b1c3de7_4125_4251_adf3_0777200f1ba2_1503941859146_11"},{"key":"?beneficiaryHasDeclaredBankruptcy","val":"AE#NoBankruptcyReport"}]}]},{"query":"?- ?v:AE#VATravelVoucher, ?v[AE#hasVoucherBeneficiary->?b], ?b[AE#hasArrestRecord->?beneficiaryHasArrestRecord].","resultList":[{"result":[{"key":"?v","val":"VO_9b1c3de7_4125_4251_adf3_0777200f1ba2_1503941859146_0"},{"key":"?b","val":"VO_9b1c3de7_4125_4251_adf3_0777200f1ba2_1503941859146_11"},{"key":"?beneficiaryHasArrestRecord","val":"AE#NoArrestRecord"}]}]},{"query":"?- ?v:AE#VATravelVoucher, ?v[AE#hasVoucherBeneficiary->?b], ?b[AE#hasCriminalRecord->?beneficiaryHasCriminalRecord].","resultList":[{"result":[{"key":"?v","val":"VO_9b1c3de7_4125_4251_adf3_0777200f1ba2_1503941859146_0"},{"key":"?b","val":"VO_9b1c3de7_4125_4251_adf3_0777200f1ba2_1503941859146_11"},{"key":"?beneficiaryHasCriminalRecord","val":"AE#NoCriminalRecord"}]}]},{"query":"?- ?t:AE#Travelling, ?t[AE#hasPath->?p], ?p[AE#hasDistance->?d], ?d[AE#numericValue->?expectedDistanceValue], ?d[AE#hasUnitOfMeasure->?unitOfDistanceMeasure].","resultList":[{"result":[{"key":"?t","val":"VO_9b1c3de7_4125_4251_adf3_0777200f1ba2_1503941859146_6"},{"key":"?p","val":"ES_5e20361b_350b_4253_be78_e8201301068d_1503941884995_4"},{"key":"?d","val":"ES_5e20361b_350b_4253_be78_e8201301068d_1503941884995_0"},{"key":"?expectedDistanceValue","val":"30295.76219530972230131737887859344482421875"},{"key":"?unitOfDistanceMeasure","val":"meters"}]}]},{"query":"?- ?t:AE#Travelling, ?t[AE#hasPath->?p], ?p[AE#hasExpectedTravelTime->?d], ?d[AE#numericValue->?expectedTimeValue], ?d[AE#hasUnitOfMeasure->?unitOfTimeMeasure].","resultList":[{"result":[{"key":"?t","val":"VO_9b1c3de7_4125_4251_adf3_0777200f1ba2_1503941859146_6"},{"key":"?p","val":"ES_5e20361b_350b_4253_be78_e8201301068d_1503941884995_4"},{"key":"?d","val":"ES_5e20361b_350b_4253_be78_e8201301068d_1503941884995_2"},{"key":"?expectedTimeValue","val":"22.686466840677894651889801025390625"},{"key":"?unitOfTimeMeasure","val":"minutes"}]}]},{"query":"?- ?t:AE#Travelling, ?t[AE#hasDestination->?d], ?d[label->?destinationFullAddress].","resultList":[{"result":[{"key":"?t","val":"VO_9b1c3de7_4125_4251_adf3_0777200f1ba2_1503941859146_7"},{"key":"?d","val":"VO_9b1c3de7_4125_4251_adf3_0777200f1ba2_1503941859146_8"},{"key":"?destinationFullAddress","val":"2790 Truxton Road, Suite 130, San Diego, CA 92106"}]},{"result":[{"key":"?t","val":"VO_9b1c3de7_4125_4251_adf3_0777200f1ba2_1503941859146_6"},{"key":"?d","val":"VO_9b1c3de7_4125_4251_adf3_0777200f1ba2_1503941859146_5"},{"key":"?destinationFullAddress","val":"631 Port Dunbar Chula Vista, CA 91913"}]}]},{"query":"?- ?t:AE#Travelling, ?t[AE#hasDestination->?d], ?d[AE#hasStreet->?s], ?s[label->?destinationStreetName], ?d[AE#hasCity->?c], ?c[label->?destinationCity], ?d[AE#hasState->?st], ?st[label->?destinationState], ?d[AE#hasZipcode->?destinationZipCode].","resultList":[{"result":[{"key":"?t","val":"VO_9b1c3de7_4125_4251_adf3_0777200f1ba2_1503941859146_7"},{"key":"?d","val":"VO_9b1c3de7_4125_4251_adf3_0777200f1ba2_1503941859146_8"},{"key":"?s","val":"NO_4b8caa58_d75f_4c5a_9cfe_abf1c8ce90e5_1503941868595_id5"},{"key":"?destinationStreetName","val":"2790 Truxton Road"},{"key":"?c","val":"NO_4b8caa58_d75f_4c5a_9cfe_abf1c8ce90e5_1503941868595_id11"},{"key":"?destinationCity","val":"San Diego"},{"key":"?st","val":"NO_4b8caa58_d75f_4c5a_9cfe_abf1c8ce90e5_1503941868595_id13"},{"key":"?destinationState","val":"CA"},{"key":"?destinationZipCode","val":"92106"}]}]},{"query":"?- ?t:AE#Travelling, ?t[AE#hasOrigin->?d], ?d[label->?originFullAddress].","resultList":[{"result":[{"key":"?t","val":"VO_9b1c3de7_4125_4251_adf3_0777200f1ba2_1503941859146_7"},{"key":"?d","val":"VO_9b1c3de7_4125_4251_adf3_0777200f1ba2_1503941859146_3"},{"key":"?originFullAddress","val":"1142 Manchester St, National City, CA 91950"}]},{"result":[{"key":"?t","val":"VO_9b1c3de7_4125_4251_adf3_0777200f1ba2_1503941859146_6"},{"key":"?d","val":"VO_9b1c3de7_4125_4251_adf3_0777200f1ba2_1503941859146_8"},{"key":"?originFullAddress","val":"2790 Truxton Road, Suite 130, San Diego, CA 92106"}]}]},{"query":"?- ?t:AE#Travelling, ?t[AE#hasOrigin->?d], ?d[AE#hasStreet->?s], ?s[label->?originStreetName], ?d[AE#hasCity->?c], ?c[label->?originCity], ?d[AE#hasState->?st], ?st[label->?originState], ?d[AE#hasZipcode->?originZipCode].","resultList":[{"result":[{"key":"?t","val":"VO_9b1c3de7_4125_4251_adf3_0777200f1ba2_1503941859146_7"},{"key":"?d","val":"VO_9b1c3de7_4125_4251_adf3_0777200f1ba2_1503941859146_3"},{"key":"?s","val":"NO_4262167a_a822_4ddb_92c8_6ffc97db3823_1503941872477_id3"},{"key":"?originStreetName","val":"1142 Manchester St"},{"key":"?c","val":"NO_4262167a_a822_4ddb_92c8_6ffc97db3823_1503941872477_id9"},{"key":"?originCity","val":"National City"},{"key":"?st","val":"NO_4262167a_a822_4ddb_92c8_6ffc97db3823_1503941872477_id11"},{"key":"?originState","val":"CA"},{"key":"?originZipCode","val":"91950"}]},{"result":[{"key":"?t","val":"VO_9b1c3de7_4125_4251_adf3_0777200f1ba2_1503941859146_6"},{"key":"?d","val":"VO_9b1c3de7_4125_4251_adf3_0777200f1ba2_1503941859146_8"},{"key":"?s","val":"NO_4b8caa58_d75f_4c5a_9cfe_abf1c8ce90e5_1503941868595_id5"},{"key":"?originStreetName","val":"2790 Truxton Road"},{"key":"?c","val":"NO_4b8caa58_d75f_4c5a_9cfe_abf1c8ce90e5_1503941868595_id11"},{"key":"?originCity","val":"San Diego"},{"key":"?st","val":"NO_4b8caa58_d75f_4c5a_9cfe_abf1c8ce90e5_1503941868595_id13"},{"key":"?originState","val":"CA"},{"key":"?originZipCode","val":"92106"}]}]},{"query":"?- ?t:AE#Travelling, ?t[AE#hasPath->?p], ?p[AE#hasStartRegion->?s], ?s[AE#hasLatitude->?originLatitude], ?s[AE#hasLongitude->?originLongitude].","resultList":[{"result":[{"key":"?t","val":"VO_9b1c3de7_4125_4251_adf3_0777200f1ba2_1503941859146_6"},{"key":"?p","val":"ES_5e20361b_350b_4253_be78_e8201301068d_1503941884995_4"},{"key":"?s","val":"ES_5e20361b_350b_4253_be78_e8201301068d_1503941884995_3"},{"key":"?originLatitude","val":"32.74051839275188058309140615165233612060546875"},{"key":"?originLongitude","val":"-117.2130215001728856805129908025264739990234375"}]}]},{"query":"?- ?t:AE#Travelling, ?t[AE#hasPath->?p], ?p[AE#hasEndRegion->?e], ?e[AE#hasLatitude->?destinationLatitude], ?e[AE#hasLongitude->?destinationLongitude].","resultList":[{"result":[{"key":"?t","val":"VO_9b1c3de7_4125_4251_adf3_0777200f1ba2_1503941859146_6"},{"key":"?p","val":"ES_5e20361b_350b_4253_be78_e8201301068d_1503941884995_4"},{"key":"?e","val":"ES_5e20361b_350b_4253_be78_e8201301068d_1503941884995_1"},{"key":"?destinationLatitude","val":"32.6549618900974820689953048713505268096923828125"},{"key":"?destinationLongitude","val":"-116.9897512493509594833085429854691028594970703125"}]}]}]}
