{"dataList":[{"query":"?- ?v:AE#VATravelVoucher, ?v[AE#hasVoucherClaimant->?c], ?c[AE#hasName->?cn], ?cn[label->?claimantFullName].","resultList":[{"result":[{"key":"?v","val":"VO_94215756_5713_43e9_ab94_f0a968d88d1d_1503941620082_0"},{"key":"?c","val":"VO_94215756_5713_43e9_ab94_f0a968d88d1d_1503941620082_2"},{"key":"?cn","val":"NO_a87ef037_82ec_41ac_9e4d_d7a8c2586a08_1503941627541_0"},{"key":"?claimantFullName","val":"Warren R. Shaw"}]},{"result":[{"key":"?v","val":"VO_94215756_5713_43e9_ab94_f0a968d88d1d_1503941620082_0"},{"key":"?c","val":"VO_94215756_5713_43e9_ab94_f0a968d88d1d_1503941620082_2"},{"key":"?cn","val":"VO_94215756_5713_43e9_ab94_f0a968d88d1d_1503941620082_1"},{"key":"?claimantFullName","val":"Warren R. Shaw"}]}]},{"query":"?- ?v:AE#VATravelVoucher, ?v[AE#hasVoucherClaimant->?c], ?c[AE#hasName->?cn], ?cn[AE#hasFirstName->?claimantFirstName].","resultList":[{"result":[{"key":"?v","val":"VO_94215756_5713_43e9_ab94_f0a968d88d1d_1503941620082_0"},{"key":"?c","val":"VO_94215756_5713_43e9_ab94_f0a968d88d1d_1503941620082_2"},{"key":"?cn","val":"NO_a87ef037_82ec_41ac_9e4d_d7a8c2586a08_1503941627541_0"},{"key":"?claimantFirstName","val":"warren"}]}]},{"query":"?- ?v:AE#VATravelVoucher, ?v[AE#hasVoucherClaimant->?c], ?c[AE#hasName->?cn], ?cn[AE#hasLastName->?claimantLastName].","resultList":[{"result":[{"key":"?v","val":"VO_94215756_5713_43e9_ab94_f0a968d88d1d_1503941620082_0"},{"key":"?c","val":"VO_94215756_5713_43e9_ab94_f0a968d88d1d_1503941620082_2"},{"key":"?cn","val":"NO_a87ef037_82ec_41ac_9e4d_d7a8c2586a08_1503941627541_0"},{"key":"?claimantLastName","val":"shaw"}]}]},{"query":"?- ?v:AE#VATravelVoucher, ?v[AE#hasVoucherClaimant->?c], ?c[AE#hasSocialSecurityNumber->?s], ?s[label->?claimantSsn].","resultList":[{"result":[{"key":"?v","val":"VO_94215756_5713_43e9_ab94_f0a968d88d1d_1503941620082_0"},{"key":"?c","val":"VO_94215756_5713_43e9_ab94_f0a968d88d1d_1503941620082_2"},{"key":"?s","val":"VO_94215756_5713_43e9_ab94_f0a968d88d1d_1503941620082_12"},{"key":"?claimantSsn","val":"253-91-0295"}]}]},{"query":"?- ?v:AE#VATravelVoucher, ?v[AE#hasVoucherClaimant->?c], ?c[AE#hasLiens->?claimantHasLiens].","resultList":[{"result":[{"key":"?v","val":"VO_94215756_5713_43e9_ab94_f0a968d88d1d_1503941620082_0"},{"key":"?c","val":"VO_94215756_5713_43e9_ab94_f0a968d88d1d_1503941620082_2"},{"key":"?claimantHasLiens","val":"AE#NoLienReport"}]}]},{"query":"?- ?v:AE#VATravelVoucher, ?v[AE#hasVoucherClaimant->?c], ?c[AE#hasDeclaredBankruptcy->?claimantHasDeclaredBankruptcy].","resultList":[{"result":[{"key":"?v","val":"VO_94215756_5713_43e9_ab94_f0a968d88d1d_1503941620082_0"},{"key":"?c","val":"VO_94215756_5713_43e9_ab94_f0a968d88d1d_1503941620082_2"},{"key":"?claimantHasDeclaredBankruptcy","val":"AE#NoBankruptcyReport"}]}]},{"query":"?- ?v:AE#VATravelVoucher, ?v[AE#hasVoucherClaimant->?c], ?c[AE#hasArrestRecord->?claimantHasArrestRecord].","resultList":[{"result":[{"key":"?v","val":"VO_94215756_5713_43e9_ab94_f0a968d88d1d_1503941620082_0"},{"key":"?c","val":"VO_94215756_5713_43e9_ab94_f0a968d88d1d_1503941620082_2"},{"key":"?claimantHasArrestRecord","val":"AE#NoArrestRecord"}]}]},{"query":"?- ?v:AE#VATravelVoucher, ?v[AE#hasVoucherClaimant->?c], ?c[AE#hasCriminalRecord->?claimantHasCriminalRecord].","resultList":[{"result":[{"key":"?v","val":"VO_94215756_5713_43e9_ab94_f0a968d88d1d_1503941620082_0"},{"key":"?c","val":"VO_94215756_5713_43e9_ab94_f0a968d88d1d_1503941620082_2"},{"key":"?claimantHasCriminalRecord","val":"AE#NoCriminalRecord"}]}]},{"query":"?- ?v:AE#VATravelVoucher, ?v[AE#hasVoucherBeneficiary->?b], ?b[AE#hasName->?cn], ?cn[label->?beneficiaryFullName].","resultList":[{"result":[{"key":"?v","val":"VO_94215756_5713_43e9_ab94_f0a968d88d1d_1503941620082_0"},{"key":"?b","val":"VO_94215756_5713_43e9_ab94_f0a968d88d1d_1503941620082_11"},{"key":"?cn","val":"VO_94215756_5713_43e9_ab94_f0a968d88d1d_1503941620082_10"},{"key":"?beneficiaryFullName","val":"Jesse J. Hopkins"}]},{"result":[{"key":"?v","val":"VO_94215756_5713_43e9_ab94_f0a968d88d1d_1503941620082_0"},{"key":"?b","val":"VO_94215756_5713_43e9_ab94_f0a968d88d1d_1503941620082_11"},{"key":"?cn","val":"NO_f7adcdc6_6b5c_4a5b_ad44_b400bce45a5b_1503941625722_0"},{"key":"?beneficiaryFullName","val":"Jesse J. Hopkins"}]}]},{"query":"?- ?v:AE#VATravelVoucher, ?v[AE#hasVoucherBeneficiary->?b], ?b[AE#hasName->?cn], ?cn[AE#hasFirstName->?beneficiaryFirstName].","resultList":[{"result":[{"key":"?v","val":"VO_94215756_5713_43e9_ab94_f0a968d88d1d_1503941620082_0"},{"key":"?b","val":"VO_94215756_5713_43e9_ab94_f0a968d88d1d_1503941620082_11"},{"key":"?cn","val":"NO_f7adcdc6_6b5c_4a5b_ad44_b400bce45a5b_1503941625722_0"},{"key":"?beneficiaryFirstName","val":"jesse"}]}]},{"query":"?- ?v:AE#VATravelVoucher, ?v[AE#hasVoucherBeneficiary->?b], ?b[AE#hasName->?cn], ?cn[AE#hasLastName->?beneficiaryLastName].","resultList":[{"result":[{"key":"?v","val":"VO_94215756_5713_43e9_ab94_f0a968d88d1d_1503941620082_0"},{"key":"?b","val":"VO_94215756_5713_43e9_ab94_f0a968d88d1d_1503941620082_11"},{"key":"?cn","val":"NO_f7adcdc6_6b5c_4a5b_ad44_b400bce45a5b_1503941625722_0"},{"key":"?beneficiaryLastName","val":"hopkins"}]}]},{"query":"?- ?v:AE#VATravelVoucher, ?v[AE#hasVoucherBeneficiary->?b], ?b[AE#hasSocialSecurityNumber->?s], ?s[label->?beneficiarySsn].","resultList":[{"result":[{"key":"?v","val":"VO_94215756_5713_43e9_ab94_f0a968d88d1d_1503941620082_0"},{"key":"?b","val":"VO_94215756_5713_43e9_ab94_f0a968d88d1d_1503941620082_11"},{"key":"?s","val":"VO_94215756_5713_43e9_ab94_f0a968d88d1d_1503941620082_9"},{"key":"?beneficiarySsn","val":"635-48-5526"}]}]},{"query":"?- ?v:AE#VATravelVoucher, ?v[AE#hasVoucherBeneficiary->?b], ?b[AE#hasLiens->?beneficiaryHasLiens].","resultList":[{"result":[{"key":"?v","val":"VO_94215756_5713_43e9_ab94_f0a968d88d1d_1503941620082_0"},{"key":"?b","val":"VO_94215756_5713_43e9_ab94_f0a968d88d1d_1503941620082_11"},{"key":"?beneficiaryHasLiens","val":"AE#NoLienReport"}]}]},{"query":"?- ?v:AE#VATravelVoucher, ?v[AE#hasVoucherBeneficiary->?b], ?b[AE#hasDeclaredBankruptcy->?beneficiaryHasDeclaredBankruptcy].","resultList":[{"result":[{"key":"?v","val":"VO_94215756_5713_43e9_ab94_f0a968d88d1d_1503941620082_0"},{"key":"?b","val":"VO_94215756_5713_43e9_ab94_f0a968d88d1d_1503941620082_11"},{"key":"?beneficiaryHasDeclaredBankruptcy","val":"AE#NoBankruptcyReport"}]}]},{"query":"?- ?v:AE#VATravelVoucher, ?v[AE#hasVoucherBeneficiary->?b], ?b[AE#hasArrestRecord->?beneficiaryHasArrestRecord].","resultList":[{"result":[{"key":"?v","val":"VO_94215756_5713_43e9_ab94_f0a968d88d1d_1503941620082_0"},{"key":"?b","val":"VO_94215756_5713_43e9_ab94_f0a968d88d1d_1503941620082_11"},{"key":"?beneficiaryHasArrestRecord","val":"AE#NoArrestRecord"}]}]},{"query":"?- ?v:AE#VATravelVoucher, ?v[AE#hasVoucherBeneficiary->?b], ?b[AE#hasCriminalRecord->?beneficiaryHasCriminalRecord].","resultList":[{"result":[{"key":"?v","val":"VO_94215756_5713_43e9_ab94_f0a968d88d1d_1503941620082_0"},{"key":"?b","val":"VO_94215756_5713_43e9_ab94_f0a968d88d1d_1503941620082_11"},{"key":"?beneficiaryHasCriminalRecord","val":"AE#NoCriminalRecord"}]}]},{"query":"?- ?t:AE#Travelling, ?t[AE#hasPath->?p], ?p[AE#hasDistance->?d], ?d[AE#numericValue->?expectedDistanceValue], ?d[AE#hasUnitOfMeasure->?unitOfDistanceMeasure].","resultList":[{"result":[{"key":"?t","val":"VO_94215756_5713_43e9_ab94_f0a968d88d1d_1503941620082_6"},{"key":"?p","val":"ES_7b94bf29_c9dc_4cab_a24e_99b3d9d5ebda_1503941645711_4"},{"key":"?d","val":"ES_7b94bf29_c9dc_4cab_a24e_99b3d9d5ebda_1503941645711_0"},{"key":"?expectedDistanceValue","val":"19023.90363190905554802156984806060791015625"},{"key":"?unitOfDistanceMeasure","val":"meters"}]}]},{"query":"?- ?t:AE#Travelling, ?t[AE#hasPath->?p], ?p[AE#hasExpectedTravelTime->?d], ?d[AE#numericValue->?expectedTimeValue], ?d[AE#hasUnitOfMeasure->?unitOfTimeMeasure].","resultList":[{"result":[{"key":"?t","val":"VO_94215756_5713_43e9_ab94_f0a968d88d1d_1503941620082_6"},{"key":"?p","val":"ES_7b94bf29_c9dc_4cab_a24e_99b3d9d5ebda_1503941645711_4"},{"key":"?d","val":"ES_7b94bf29_c9dc_4cab_a24e_99b3d9d5ebda_1503941645711_2"},{"key":"?expectedTimeValue","val":"15.832762680365703999996185302734375"},{"key":"?unitOfTimeMeasure","val":"minutes"}]}]},{"query":"?- ?t:AE#Travelling, ?t[AE#hasDestination->?d], ?d[label->?destinationFullAddress].","resultList":[{"result":[{"key":"?t","val":"VO_94215756_5713_43e9_ab94_f0a968d88d1d_1503941620082_7"},{"key":"?d","val":"VO_94215756_5713_43e9_ab94_f0a968d88d1d_1503941620082_8"},{"key":"?destinationFullAddress","val":"2790 Truxton Road, Suite 130, San Diego, CA 92106"}]},{"result":[{"key":"?t","val":"VO_94215756_5713_43e9_ab94_f0a968d88d1d_1503941620082_6"},{"key":"?d","val":"VO_94215756_5713_43e9_ab94_f0a968d88d1d_1503941620082_5"},{"key":"?destinationFullAddress","val":"7019 Jamacha Rd, San Diego, CA 92114"}]}]},{"query":"?- ?t:AE#Travelling, ?t[AE#hasDestination->?d], ?d[AE#hasStreet->?s], ?s[label->?destinationStreetName], ?d[AE#hasCity->?c], ?c[label->?destinationCity], ?d[AE#hasState->?st], ?st[label->?destinationState], ?d[AE#hasZipcode->?destinationZipCode].","resultList":[{"result":[{"key":"?t","val":"VO_94215756_5713_43e9_ab94_f0a968d88d1d_1503941620082_7"},{"key":"?d","val":"VO_94215756_5713_43e9_ab94_f0a968d88d1d_1503941620082_8"},{"key":"?s","val":"NO_6d132da5_5316_499e_bf80_ad4ce365bc39_1503941629660_id5"},{"key":"?destinationStreetName","val":"2790 Truxton Road"},{"key":"?c","val":"NO_6d132da5_5316_499e_bf80_ad4ce365bc39_1503941629660_id11"},{"key":"?destinationCity","val":"San Diego"},{"key":"?st","val":"NO_6d132da5_5316_499e_bf80_ad4ce365bc39_1503941629660_id13"},{"key":"?destinationState","val":"CA"},{"key":"?destinationZipCode","val":"92106"}]},{"result":[{"key":"?t","val":"VO_94215756_5713_43e9_ab94_f0a968d88d1d_1503941620082_6"},{"key":"?d","val":"VO_94215756_5713_43e9_ab94_f0a968d88d1d_1503941620082_5"},{"key":"?s","val":"NO_cb3e1b0e_28a4_4d83_901a_f0322d03bfb0_1503941631669_id3"},{"key":"?destinationStreetName","val":"7019 Jamacha Rd"},{"key":"?c","val":"NO_cb3e1b0e_28a4_4d83_901a_f0322d03bfb0_1503941631669_id9"},{"key":"?destinationCity","val":"San Diego"},{"key":"?st","val":"NO_cb3e1b0e_28a4_4d83_901a_f0322d03bfb0_1503941631669_id11"},{"key":"?destinationState","val":"CA"},{"key":"?destinationZipCode","val":"92114"}]}]},{"query":"?- ?t:AE#Travelling, ?t[AE#hasOrigin->?d], ?d[label->?originFullAddress].","resultList":[{"result":[{"key":"?t","val":"VO_94215756_5713_43e9_ab94_f0a968d88d1d_1503941620082_7"},{"key":"?d","val":"VO_94215756_5713_43e9_ab94_f0a968d88d1d_1503941620082_3"},{"key":"?originFullAddress","val":"6758 Rosefield Dr, San Diego, CA 92115"}]},{"result":[{"key":"?t","val":"VO_94215756_5713_43e9_ab94_f0a968d88d1d_1503941620082_6"},{"key":"?d","val":"VO_94215756_5713_43e9_ab94_f0a968d88d1d_1503941620082_8"},{"key":"?originFullAddress","val":"2790 Truxton Road, Suite 130, San Diego, CA 92106"}]}]},{"query":"?- ?t:AE#Travelling, ?t[AE#hasOrigin->?d], ?d[AE#hasStreet->?s], ?s[label->?originStreetName], ?d[AE#hasCity->?c], ?c[label->?originCity], ?d[AE#hasState->?st], ?st[label->?originState], ?d[AE#hasZipcode->?originZipCode].","resultList":[{"result":[{"key":"?t","val":"VO_94215756_5713_43e9_ab94_f0a968d88d1d_1503941620082_7"},{"key":"?d","val":"VO_94215756_5713_43e9_ab94_f0a968d88d1d_1503941620082_3"},{"key":"?s","val":"NO_d37c1421_712f_4ec0_ba0e_d26ce5b5af84_1503941633702_id3"},{"key":"?originStreetName","val":"6758 Rosefield Dr"},{"key":"?c","val":"NO_d37c1421_712f_4ec0_ba0e_d26ce5b5af84_1503941633702_id9"},{"key":"?originCity","val":"San Diego"},{"key":"?st","val":"NO_d37c1421_712f_4ec0_ba0e_d26ce5b5af84_1503941633702_id11"},{"key":"?originState","val":"CA"},{"key":"?originZipCode","val":"92115"}]},{"result":[{"key":"?t","val":"VO_94215756_5713_43e9_ab94_f0a968d88d1d_1503941620082_6"},{"key":"?d","val":"VO_94215756_5713_43e9_ab94_f0a968d88d1d_1503941620082_8"},{"key":"?s","val":"NO_6d132da5_5316_499e_bf80_ad4ce365bc39_1503941629660_id5"},{"key":"?originStreetName","val":"2790 Truxton Road"},{"key":"?c","val":"NO_6d132da5_5316_499e_bf80_ad4ce365bc39_1503941629660_id11"},{"key":"?originCity","val":"San Diego"},{"key":"?st","val":"NO_6d132da5_5316_499e_bf80_ad4ce365bc39_1503941629660_id13"},{"key":"?originState","val":"CA"},{"key":"?originZipCode","val":"92106"}]}]},{"query":"?- ?t:AE#Travelling, ?t[AE#hasPath->?p], ?p[AE#hasStartRegion->?s], ?s[AE#hasLatitude->?originLatitude], ?s[AE#hasLongitude->?originLongitude].","resultList":[{"result":[{"key":"?t","val":"VO_94215756_5713_43e9_ab94_f0a968d88d1d_1503941620082_6"},{"key":"?p","val":"ES_7b94bf29_c9dc_4cab_a24e_99b3d9d5ebda_1503941645711_4"},{"key":"?s","val":"ES_7b94bf29_c9dc_4cab_a24e_99b3d9d5ebda_1503941645711_3"},{"key":"?originLatitude","val":"32.74051839275188058309140615165233612060546875"},{"key":"?originLongitude","val":"-117.2130215001728856805129908025264739990234375"}]}]},{"query":"?- ?t:AE#Travelling, ?t[AE#hasPath->?p], ?p[AE#hasEndRegion->?e], ?e[AE#hasLatitude->?destinationLatitude], ?e[AE#hasLongitude->?destinationLongitude].","resultList":[{"result":[{"key":"?t","val":"VO_94215756_5713_43e9_ab94_f0a968d88d1d_1503941620082_6"},{"key":"?p","val":"ES_7b94bf29_c9dc_4cab_a24e_99b3d9d5ebda_1503941645711_4"},{"key":"?e","val":"ES_7b94bf29_c9dc_4cab_a24e_99b3d9d5ebda_1503941645711_1"},{"key":"?destinationLatitude","val":"32.71063148124544994743700954131782054901123046875"},{"key":"?destinationLongitude","val":"-117.046372080904831136649590916931629180908203125"}]}]}]}
