{"dataList":[{"query":"?- ?v:AE#VATravelVoucher, ?v[AE#hasVoucherClaimant->?c], ?c[AE#hasName->?cn], ?cn[label->?claimantFullName].","resultList":[{"result":[{"key":"?v","val":"VO_9ceaef26_38cf_4d43_9a70_42b7a055ae29_1503940007616_0"},{"key":"?c","val":"VO_9ceaef26_38cf_4d43_9a70_42b7a055ae29_1503940007616_2"},{"key":"?cn","val":"NO_51e5e3fc_adb7_46ab_ab13_2938e28ba446_1503940020563_0"},{"key":"?claimantFullName","val":"Muhammad Aaron Leone"}]},{"result":[{"key":"?v","val":"VO_9ceaef26_38cf_4d43_9a70_42b7a055ae29_1503940007616_0"},{"key":"?c","val":"VO_9ceaef26_38cf_4d43_9a70_42b7a055ae29_1503940007616_2"},{"key":"?cn","val":"VO_9ceaef26_38cf_4d43_9a70_42b7a055ae29_1503940007616_1"},{"key":"?claimantFullName","val":"Muhammad Aaron Leone"}]}]},{"query":"?- ?v:AE#VATravelVoucher, ?v[AE#hasVoucherClaimant->?c], ?c[AE#hasName->?cn], ?cn[AE#hasFirstName->?claimantFirstName].","resultList":[{"result":[{"key":"?v","val":"VO_9ceaef26_38cf_4d43_9a70_42b7a055ae29_1503940007616_0"},{"key":"?c","val":"VO_9ceaef26_38cf_4d43_9a70_42b7a055ae29_1503940007616_2"},{"key":"?cn","val":"NO_51e5e3fc_adb7_46ab_ab13_2938e28ba446_1503940020563_0"},{"key":"?claimantFirstName","val":"muhammad_aaron"}]}]},{"query":"?- ?v:AE#VATravelVoucher, ?v[AE#hasVoucherClaimant->?c], ?c[AE#hasName->?cn], ?cn[AE#hasLastName->?claimantLastName].","resultList":[{"result":[{"key":"?v","val":"VO_9ceaef26_38cf_4d43_9a70_42b7a055ae29_1503940007616_0"},{"key":"?c","val":"VO_9ceaef26_38cf_4d43_9a70_42b7a055ae29_1503940007616_2"},{"key":"?cn","val":"NO_51e5e3fc_adb7_46ab_ab13_2938e28ba446_1503940020563_0"},{"key":"?claimantLastName","val":"leone"}]}]},{"query":"?- ?v:AE#VATravelVoucher, ?v[AE#hasVoucherClaimant->?c], ?c[AE#hasSocialSecurityNumber->?s], ?s[label->?claimantSsn].","resultList":[{"result":[{"key":"?v","val":"VO_9ceaef26_38cf_4d43_9a70_42b7a055ae29_1503940007616_0"},{"key":"?c","val":"VO_9ceaef26_38cf_4d43_9a70_42b7a055ae29_1503940007616_2"},{"key":"?s","val":"VO_9ceaef26_38cf_4d43_9a70_42b7a055ae29_1503940007616_12"},{"key":"?claimantSsn","val":"522-88-8231"}]}]},{"query":"?- ?v:AE#VATravelVoucher, ?v[AE#hasVoucherClaimant->?c], ?c[AE#hasLiens->?claimantHasLiens].","resultList":[{"result":[{"key":"?v","val":"VO_9ceaef26_38cf_4d43_9a70_42b7a055ae29_1503940007616_0"},{"key":"?c","val":"VO_9ceaef26_38cf_4d43_9a70_42b7a055ae29_1503940007616_2"},{"key":"?claimantHasLiens","val":"AE#UnknownLienReport"}]}]},{"query":"?- ?v:AE#VATravelVoucher, ?v[AE#hasVoucherClaimant->?c], ?c[AE#hasDeclaredBankruptcy->?claimantHasDeclaredBankruptcy].","resultList":[{"result":[{"key":"?v","val":"VO_9ceaef26_38cf_4d43_9a70_42b7a055ae29_1503940007616_0"},{"key":"?c","val":"VO_9ceaef26_38cf_4d43_9a70_42b7a055ae29_1503940007616_2"},{"key":"?claimantHasDeclaredBankruptcy","val":"AE#UnknownBankruptcyReport"}]}]},{"query":"?- ?v:AE#VATravelVoucher, ?v[AE#hasVoucherClaimant->?c], ?c[AE#hasArrestRecord->?claimantHasArrestRecord].","resultList":[{"result":[{"key":"?v","val":"VO_9ceaef26_38cf_4d43_9a70_42b7a055ae29_1503940007616_0"},{"key":"?c","val":"VO_9ceaef26_38cf_4d43_9a70_42b7a055ae29_1503940007616_2"},{"key":"?claimantHasArrestRecord","val":"AE#NoArrestRecord"}]}]},{"query":"?- ?v:AE#VATravelVoucher, ?v[AE#hasVoucherClaimant->?c], ?c[AE#hasCriminalRecord->?claimantHasCriminalRecord].","resultList":[{"result":[{"key":"?v","val":"VO_9ceaef26_38cf_4d43_9a70_42b7a055ae29_1503940007616_0"},{"key":"?c","val":"VO_9ceaef26_38cf_4d43_9a70_42b7a055ae29_1503940007616_2"},{"key":"?claimantHasCriminalRecord","val":"AE#NoCriminalRecord"}]}]},{"query":"?- ?v:AE#VATravelVoucher, ?v[AE#hasVoucherBeneficiary->?b], ?b[AE#hasName->?cn], ?cn[label->?beneficiaryFullName].","resultList":[{"result":[{"key":"?v","val":"VO_9ceaef26_38cf_4d43_9a70_42b7a055ae29_1503940007616_0"},{"key":"?b","val":"VO_9ceaef26_38cf_4d43_9a70_42b7a055ae29_1503940007616_11"},{"key":"?cn","val":"VO_9ceaef26_38cf_4d43_9a70_42b7a055ae29_1503940007616_10"},{"key":"?beneficiaryFullName","val":"Muhammad Aaron Leone"}]},{"result":[{"key":"?v","val":"VO_9ceaef26_38cf_4d43_9a70_42b7a055ae29_1503940007616_0"},{"key":"?b","val":"VO_9ceaef26_38cf_4d43_9a70_42b7a055ae29_1503940007616_11"},{"key":"?cn","val":"NO_26ca9d71_4c35_4e8e_86d3_d27fc16f966e_1503940017407_0"},{"key":"?beneficiaryFullName","val":"Muhammad Aaron Leone"}]}]},{"query":"?- ?v:AE#VATravelVoucher, ?v[AE#hasVoucherBeneficiary->?b], ?b[AE#hasName->?cn], ?cn[AE#hasFirstName->?beneficiaryFirstName].","resultList":[{"result":[{"key":"?v","val":"VO_9ceaef26_38cf_4d43_9a70_42b7a055ae29_1503940007616_0"},{"key":"?b","val":"VO_9ceaef26_38cf_4d43_9a70_42b7a055ae29_1503940007616_11"},{"key":"?cn","val":"NO_26ca9d71_4c35_4e8e_86d3_d27fc16f966e_1503940017407_0"},{"key":"?beneficiaryFirstName","val":"muhammad_aaron"}]}]},{"query":"?- ?v:AE#VATravelVoucher, ?v[AE#hasVoucherBeneficiary->?b], ?b[AE#hasName->?cn], ?cn[AE#hasLastName->?beneficiaryLastName].","resultList":[{"result":[{"key":"?v","val":"VO_9ceaef26_38cf_4d43_9a70_42b7a055ae29_1503940007616_0"},{"key":"?b","val":"VO_9ceaef26_38cf_4d43_9a70_42b7a055ae29_1503940007616_11"},{"key":"?cn","val":"NO_26ca9d71_4c35_4e8e_86d3_d27fc16f966e_1503940017407_0"},{"key":"?beneficiaryLastName","val":"leone"}]}]},{"query":"?- ?v:AE#VATravelVoucher, ?v[AE#hasVoucherBeneficiary->?b], ?b[AE#hasSocialSecurityNumber->?s], ?s[label->?beneficiarySsn].","resultList":[{"result":[{"key":"?v","val":"VO_9ceaef26_38cf_4d43_9a70_42b7a055ae29_1503940007616_0"},{"key":"?b","val":"VO_9ceaef26_38cf_4d43_9a70_42b7a055ae29_1503940007616_11"},{"key":"?s","val":"VO_9ceaef26_38cf_4d43_9a70_42b7a055ae29_1503940007616_9"},{"key":"?beneficiarySsn","val":"522-88-8231"}]}]},{"query":"?- ?v:AE#VATravelVoucher, ?v[AE#hasVoucherBeneficiary->?b], ?b[AE#hasLiens->?beneficiaryHasLiens].","resultList":[{"result":[{"key":"?v","val":"VO_9ceaef26_38cf_4d43_9a70_42b7a055ae29_1503940007616_0"},{"key":"?b","val":"VO_9ceaef26_38cf_4d43_9a70_42b7a055ae29_1503940007616_11"},{"key":"?beneficiaryHasLiens","val":"AE#UnknownLienReport"}]}]},{"query":"?- ?v:AE#VATravelVoucher, ?v[AE#hasVoucherBeneficiary->?b], ?b[AE#hasDeclaredBankruptcy->?beneficiaryHasDeclaredBankruptcy].","resultList":[{"result":[{"key":"?v","val":"VO_9ceaef26_38cf_4d43_9a70_42b7a055ae29_1503940007616_0"},{"key":"?b","val":"VO_9ceaef26_38cf_4d43_9a70_42b7a055ae29_1503940007616_11"},{"key":"?beneficiaryHasDeclaredBankruptcy","val":"AE#UnknownBankruptcyReport"}]}]},{"query":"?- ?v:AE#VATravelVoucher, ?v[AE#hasVoucherBeneficiary->?b], ?b[AE#hasArrestRecord->?beneficiaryHasArrestRecord].","resultList":[{"result":[{"key":"?v","val":"VO_9ceaef26_38cf_4d43_9a70_42b7a055ae29_1503940007616_0"},{"key":"?b","val":"VO_9ceaef26_38cf_4d43_9a70_42b7a055ae29_1503940007616_11"},{"key":"?beneficiaryHasArrestRecord","val":"AE#NoArrestRecord"}]}]},{"query":"?- ?v:AE#VATravelVoucher, ?v[AE#hasVoucherBeneficiary->?b], ?b[AE#hasCriminalRecord->?beneficiaryHasCriminalRecord].","resultList":[{"result":[{"key":"?v","val":"VO_9ceaef26_38cf_4d43_9a70_42b7a055ae29_1503940007616_0"},{"key":"?b","val":"VO_9ceaef26_38cf_4d43_9a70_42b7a055ae29_1503940007616_11"},{"key":"?beneficiaryHasCriminalRecord","val":"AE#NoCriminalRecord"}]}]},{"query":"?- ?t:AE#Travelling, ?t[AE#hasPath->?p], ?p[AE#hasDistance->?d], ?d[AE#numericValue->?expectedDistanceValue], ?d[AE#hasUnitOfMeasure->?unitOfDistanceMeasure].","resultList":[{"result":[{"key":"?t","val":"VO_9ceaef26_38cf_4d43_9a70_42b7a055ae29_1503940007616_6"},{"key":"?p","val":"ES_ecd6701a_f6dd_481d_80d6_74b735f5ca52_1503940045590_4"},{"key":"?d","val":"ES_ecd6701a_f6dd_481d_80d6_74b735f5ca52_1503940045590_0"},{"key":"?expectedDistanceValue","val":"16061.59962072709095082245767116546630859375"},{"key":"?unitOfDistanceMeasure","val":"meters"}]}]},{"query":"?- ?t:AE#Travelling, ?t[AE#hasPath->?p], ?p[AE#hasExpectedTravelTime->?d], ?d[AE#numericValue->?expectedTimeValue], ?d[AE#hasUnitOfMeasure->?unitOfTimeMeasure].","resultList":[{"result":[{"key":"?t","val":"VO_9ceaef26_38cf_4d43_9a70_42b7a055ae29_1503940007616_6"},{"key":"?p","val":"ES_ecd6701a_f6dd_481d_80d6_74b735f5ca52_1503940045590_4"},{"key":"?d","val":"ES_ecd6701a_f6dd_481d_80d6_74b735f5ca52_1503940045590_2"},{"key":"?expectedTimeValue","val":"13.1920040468685328960418701171875"},{"key":"?unitOfTimeMeasure","val":"minutes"}]}]},{"query":"?- ?t:AE#Travelling, ?t[AE#hasDestination->?d], ?d[label->?destinationFullAddress].","resultList":[{"result":[{"key":"?t","val":"VO_9ceaef26_38cf_4d43_9a70_42b7a055ae29_1503940007616_7"},{"key":"?d","val":"VO_9ceaef26_38cf_4d43_9a70_42b7a055ae29_1503940007616_8"},{"key":"?destinationFullAddress","val":"2790 Truxton Road, Suite 130, San Diego, CA 92106"}]},{"result":[{"key":"?t","val":"VO_9ceaef26_38cf_4d43_9a70_42b7a055ae29_1503940007616_6"},{"key":"?d","val":"VO_9ceaef26_38cf_4d43_9a70_42b7a055ae29_1503940007616_5"},{"key":"?destinationFullAddress","val":"8514 Thorne St. San Diego, CA 92105"}]}]},{"query":"?- ?t:AE#Travelling, ?t[AE#hasDestination->?d], ?d[AE#hasStreet->?s], ?s[label->?destinationStreetName], ?d[AE#hasCity->?c], ?c[label->?destinationCity], ?d[AE#hasState->?st], ?st[label->?destinationState], ?d[AE#hasZipcode->?destinationZipCode].","resultList":[{"result":[{"key":"?t","val":"VO_9ceaef26_38cf_4d43_9a70_42b7a055ae29_1503940007616_7"},{"key":"?d","val":"VO_9ceaef26_38cf_4d43_9a70_42b7a055ae29_1503940007616_8"},{"key":"?s","val":"NO_6f83e61a_3f43_4a9c_8afd_27636394df9c_1503940024014_id5"},{"key":"?destinationStreetName","val":"2790 Truxton Road"},{"key":"?c","val":"NO_6f83e61a_3f43_4a9c_8afd_27636394df9c_1503940024014_id11"},{"key":"?destinationCity","val":"San Diego"},{"key":"?st","val":"NO_6f83e61a_3f43_4a9c_8afd_27636394df9c_1503940024014_id13"},{"key":"?destinationState","val":"CA"},{"key":"?destinationZipCode","val":"92106"}]},{"result":[{"key":"?t","val":"VO_9ceaef26_38cf_4d43_9a70_42b7a055ae29_1503940007616_6"},{"key":"?d","val":"VO_9ceaef26_38cf_4d43_9a70_42b7a055ae29_1503940007616_5"},{"key":"?s","val":"NO_e394a55c_137b_4bef_94d6_17460e9929c4_1503940027608_id3"},{"key":"?destinationStreetName","val":"8514 Thorne St."},{"key":"?c","val":"NO_e394a55c_137b_4bef_94d6_17460e9929c4_1503940027608_id9"},{"key":"?destinationCity","val":"San Diego"},{"key":"?st","val":"NO_e394a55c_137b_4bef_94d6_17460e9929c4_1503940027608_id11"},{"key":"?destinationState","val":"CA"},{"key":"?destinationZipCode","val":"92105"}]}]},{"query":"?- ?t:AE#Travelling, ?t[AE#hasOrigin->?d], ?d[label->?originFullAddress].","resultList":[{"result":[{"key":"?t","val":"VO_9ceaef26_38cf_4d43_9a70_42b7a055ae29_1503940007616_7"},{"key":"?d","val":"VO_9ceaef26_38cf_4d43_9a70_42b7a055ae29_1503940007616_3"},{"key":"?originFullAddress","val":"8514 Thorne St. San Diego, CA 92105"}]},{"result":[{"key":"?t","val":"VO_9ceaef26_38cf_4d43_9a70_42b7a055ae29_1503940007616_6"},{"key":"?d","val":"VO_9ceaef26_38cf_4d43_9a70_42b7a055ae29_1503940007616_8"},{"key":"?originFullAddress","val":"2790 Truxton Road, Suite 130, San Diego, CA 92106"}]}]},{"query":"?- ?t:AE#Travelling, ?t[AE#hasOrigin->?d], ?d[AE#hasStreet->?s], ?s[label->?originStreetName], ?d[AE#hasCity->?c], ?c[label->?originCity], ?d[AE#hasState->?st], ?st[label->?originState], ?d[AE#hasZipcode->?originZipCode].","resultList":[{"result":[{"key":"?t","val":"VO_9ceaef26_38cf_4d43_9a70_42b7a055ae29_1503940007616_7"},{"key":"?d","val":"VO_9ceaef26_38cf_4d43_9a70_42b7a055ae29_1503940007616_3"},{"key":"?s","val":"NO_29474b98_6b69_4dde_92ad_0185567c1235_1503940030940_id3"},{"key":"?originStreetName","val":"8514 Thorne St."},{"key":"?c","val":"NO_29474b98_6b69_4dde_92ad_0185567c1235_1503940030940_id9"},{"key":"?originCity","val":"San Diego"},{"key":"?st","val":"NO_29474b98_6b69_4dde_92ad_0185567c1235_1503940030940_id11"},{"key":"?originState","val":"CA"},{"key":"?originZipCode","val":"92105"}]},{"result":[{"key":"?t","val":"VO_9ceaef26_38cf_4d43_9a70_42b7a055ae29_1503940007616_6"},{"key":"?d","val":"VO_9ceaef26_38cf_4d43_9a70_42b7a055ae29_1503940007616_8"},{"key":"?s","val":"NO_6f83e61a_3f43_4a9c_8afd_27636394df9c_1503940024014_id5"},{"key":"?originStreetName","val":"2790 Truxton Road"},{"key":"?c","val":"NO_6f83e61a_3f43_4a9c_8afd_27636394df9c_1503940024014_id11"},{"key":"?originCity","val":"San Diego"},{"key":"?st","val":"NO_6f83e61a_3f43_4a9c_8afd_27636394df9c_1503940024014_id13"},{"key":"?originState","val":"CA"},{"key":"?originZipCode","val":"92106"}]}]},{"query":"?- ?t:AE#Travelling, ?t[AE#hasPath->?p], ?p[AE#hasStartRegion->?s], ?s[AE#hasLatitude->?originLatitude], ?s[AE#hasLongitude->?originLongitude].","resultList":[{"result":[{"key":"?t","val":"VO_9ceaef26_38cf_4d43_9a70_42b7a055ae29_1503940007616_6"},{"key":"?p","val":"ES_ecd6701a_f6dd_481d_80d6_74b735f5ca52_1503940045590_4"},{"key":"?s","val":"ES_ecd6701a_f6dd_481d_80d6_74b735f5ca52_1503940045590_3"},{"key":"?originLatitude","val":"32.74051839275188058309140615165233612060546875"},{"key":"?originLongitude","val":"-117.2130215001728856805129908025264739990234375"}]}]},{"query":"?- ?t:AE#Travelling, ?t[AE#hasPath->?p], ?p[AE#hasEndRegion->?e], ?e[AE#hasLatitude->?destinationLatitude], ?e[AE#hasLongitude->?destinationLongitude].","resultList":[{"result":[{"key":"?t","val":"VO_9ceaef26_38cf_4d43_9a70_42b7a055ae29_1503940007616_6"},{"key":"?p","val":"ES_ecd6701a_f6dd_481d_80d6_74b735f5ca52_1503940045590_4"},{"key":"?e","val":"ES_ecd6701a_f6dd_481d_80d6_74b735f5ca52_1503940045590_1"},{"key":"?destinationLatitude","val":"32.740317000000004554749466478824615478515625"},{"key":"?destinationLongitude","val":"-117.1077615793125232812599278986454010009765625"}]}]}]}
