{"dataList":[{"query":"?- ?v:AE#VATravelVoucher, ?v[AE#hasVoucherClaimant->?c], ?c[AE#hasName->?cn], ?cn[label->?claimantFullName].","resultList":[{"result":[{"key":"?v","val":"VO_9a632235_c789_4c7e_a33e_e6780d3e74a8_1503940463037_0"},{"key":"?c","val":"VO_9a632235_c789_4c7e_a33e_e6780d3e74a8_1503940463037_2"},{"key":"?cn","val":"NO_86b4b9d6_d561_49c9_bed6_a56323cc87d6_1503940470976_0"},{"key":"?claimantFullName","val":"Joseph C. Robb"}]},{"result":[{"key":"?v","val":"VO_9a632235_c789_4c7e_a33e_e6780d3e74a8_1503940463037_0"},{"key":"?c","val":"VO_9a632235_c789_4c7e_a33e_e6780d3e74a8_1503940463037_2"},{"key":"?cn","val":"VO_9a632235_c789_4c7e_a33e_e6780d3e74a8_1503940463037_1"},{"key":"?claimantFullName","val":"Joseph C. Robb"}]}]},{"query":"?- ?v:AE#VATravelVoucher, ?v[AE#hasVoucherClaimant->?c], ?c[AE#hasName->?cn], ?cn[AE#hasFirstName->?claimantFirstName].","resultList":[{"result":[{"key":"?v","val":"VO_9a632235_c789_4c7e_a33e_e6780d3e74a8_1503940463037_0"},{"key":"?c","val":"VO_9a632235_c789_4c7e_a33e_e6780d3e74a8_1503940463037_2"},{"key":"?cn","val":"NO_86b4b9d6_d561_49c9_bed6_a56323cc87d6_1503940470976_0"},{"key":"?claimantFirstName","val":"joseph"}]}]},{"query":"?- ?v:AE#VATravelVoucher, ?v[AE#hasVoucherClaimant->?c], ?c[AE#hasName->?cn], ?cn[AE#hasLastName->?claimantLastName].","resultList":[{"result":[{"key":"?v","val":"VO_9a632235_c789_4c7e_a33e_e6780d3e74a8_1503940463037_0"},{"key":"?c","val":"VO_9a632235_c789_4c7e_a33e_e6780d3e74a8_1503940463037_2"},{"key":"?cn","val":"NO_86b4b9d6_d561_49c9_bed6_a56323cc87d6_1503940470976_0"},{"key":"?claimantLastName","val":"robb"}]}]},{"query":"?- ?v:AE#VATravelVoucher, ?v[AE#hasVoucherClaimant->?c], ?c[AE#hasSocialSecurityNumber->?s], ?s[label->?claimantSsn].","resultList":[{"result":[{"key":"?v","val":"VO_9a632235_c789_4c7e_a33e_e6780d3e74a8_1503940463037_0"},{"key":"?c","val":"VO_9a632235_c789_4c7e_a33e_e6780d3e74a8_1503940463037_2"},{"key":"?s","val":"VO_9a632235_c789_4c7e_a33e_e6780d3e74a8_1503940463037_12"},{"key":"?claimantSsn","val":"720-14-7694"}]}]},{"query":"?- ?v:AE#VATravelVoucher, ?v[AE#hasVoucherClaimant->?c], ?c[AE#hasLiens->?claimantHasLiens].","resultList":[{"result":[{"key":"?v","val":"VO_9a632235_c789_4c7e_a33e_e6780d3e74a8_1503940463037_0"},{"key":"?c","val":"VO_9a632235_c789_4c7e_a33e_e6780d3e74a8_1503940463037_2"},{"key":"?claimantHasLiens","val":"AE#NoLienReport"}]}]},{"query":"?- ?v:AE#VATravelVoucher, ?v[AE#hasVoucherClaimant->?c], ?c[AE#hasDeclaredBankruptcy->?claimantHasDeclaredBankruptcy].","resultList":[{"result":[{"key":"?v","val":"VO_9a632235_c789_4c7e_a33e_e6780d3e74a8_1503940463037_0"},{"key":"?c","val":"VO_9a632235_c789_4c7e_a33e_e6780d3e74a8_1503940463037_2"},{"key":"?claimantHasDeclaredBankruptcy","val":"AE#NoBankruptcyReport"}]}]},{"query":"?- ?v:AE#VATravelVoucher, ?v[AE#hasVoucherClaimant->?c], ?c[AE#hasArrestRecord->?claimantHasArrestRecord].","resultList":[{"result":[{"key":"?v","val":"VO_9a632235_c789_4c7e_a33e_e6780d3e74a8_1503940463037_0"},{"key":"?c","val":"VO_9a632235_c789_4c7e_a33e_e6780d3e74a8_1503940463037_2"},{"key":"?claimantHasArrestRecord","val":"AE#NoArrestRecord"}]}]},{"query":"?- ?v:AE#VATravelVoucher, ?v[AE#hasVoucherClaimant->?c], ?c[AE#hasCriminalRecord->?claimantHasCriminalRecord].","resultList":[{"result":[{"key":"?v","val":"VO_9a632235_c789_4c7e_a33e_e6780d3e74a8_1503940463037_0"},{"key":"?c","val":"VO_9a632235_c789_4c7e_a33e_e6780d3e74a8_1503940463037_2"},{"key":"?claimantHasCriminalRecord","val":"AE#NoCriminalRecord"}]}]},{"query":"?- ?v:AE#VATravelVoucher, ?v[AE#hasVoucherBeneficiary->?b], ?b[AE#hasName->?cn], ?cn[label->?beneficiaryFullName].","resultList":[{"result":[{"key":"?v","val":"VO_9a632235_c789_4c7e_a33e_e6780d3e74a8_1503940463037_0"},{"key":"?b","val":"VO_9a632235_c789_4c7e_a33e_e6780d3e74a8_1503940463037_11"},{"key":"?cn","val":"VO_9a632235_c789_4c7e_a33e_e6780d3e74a8_1503940463037_10"},{"key":"?beneficiaryFullName","val":"Joseph C. Robb"}]},{"result":[{"key":"?v","val":"VO_9a632235_c789_4c7e_a33e_e6780d3e74a8_1503940463037_0"},{"key":"?b","val":"VO_9a632235_c789_4c7e_a33e_e6780d3e74a8_1503940463037_11"},{"key":"?cn","val":"NO_818f2e3f_20ff_43cc_98a1_462d95845222_1503940468955_0"},{"key":"?beneficiaryFullName","val":"Joseph C. Robb"}]}]},{"query":"?- ?v:AE#VATravelVoucher, ?v[AE#hasVoucherBeneficiary->?b], ?b[AE#hasName->?cn], ?cn[AE#hasFirstName->?beneficiaryFirstName].","resultList":[{"result":[{"key":"?v","val":"VO_9a632235_c789_4c7e_a33e_e6780d3e74a8_1503940463037_0"},{"key":"?b","val":"VO_9a632235_c789_4c7e_a33e_e6780d3e74a8_1503940463037_11"},{"key":"?cn","val":"NO_818f2e3f_20ff_43cc_98a1_462d95845222_1503940468955_0"},{"key":"?beneficiaryFirstName","val":"joseph"}]}]},{"query":"?- ?v:AE#VATravelVoucher, ?v[AE#hasVoucherBeneficiary->?b], ?b[AE#hasName->?cn], ?cn[AE#hasLastName->?beneficiaryLastName].","resultList":[{"result":[{"key":"?v","val":"VO_9a632235_c789_4c7e_a33e_e6780d3e74a8_1503940463037_0"},{"key":"?b","val":"VO_9a632235_c789_4c7e_a33e_e6780d3e74a8_1503940463037_11"},{"key":"?cn","val":"NO_818f2e3f_20ff_43cc_98a1_462d95845222_1503940468955_0"},{"key":"?beneficiaryLastName","val":"robb"}]}]},{"query":"?- ?v:AE#VATravelVoucher, ?v[AE#hasVoucherBeneficiary->?b], ?b[AE#hasSocialSecurityNumber->?s], ?s[label->?beneficiarySsn].","resultList":[{"result":[{"key":"?v","val":"VO_9a632235_c789_4c7e_a33e_e6780d3e74a8_1503940463037_0"},{"key":"?b","val":"VO_9a632235_c789_4c7e_a33e_e6780d3e74a8_1503940463037_11"},{"key":"?s","val":"VO_9a632235_c789_4c7e_a33e_e6780d3e74a8_1503940463037_9"},{"key":"?beneficiarySsn","val":"720-14-7694"}]}]},{"query":"?- ?v:AE#VATravelVoucher, ?v[AE#hasVoucherBeneficiary->?b], ?b[AE#hasLiens->?beneficiaryHasLiens].","resultList":[{"result":[{"key":"?v","val":"VO_9a632235_c789_4c7e_a33e_e6780d3e74a8_1503940463037_0"},{"key":"?b","val":"VO_9a632235_c789_4c7e_a33e_e6780d3e74a8_1503940463037_11"},{"key":"?beneficiaryHasLiens","val":"AE#NoLienReport"}]}]},{"query":"?- ?v:AE#VATravelVoucher, ?v[AE#hasVoucherBeneficiary->?b], ?b[AE#hasDeclaredBankruptcy->?beneficiaryHasDeclaredBankruptcy].","resultList":[{"result":[{"key":"?v","val":"VO_9a632235_c789_4c7e_a33e_e6780d3e74a8_1503940463037_0"},{"key":"?b","val":"VO_9a632235_c789_4c7e_a33e_e6780d3e74a8_1503940463037_11"},{"key":"?beneficiaryHasDeclaredBankruptcy","val":"AE#NoBankruptcyReport"}]}]},{"query":"?- ?v:AE#VATravelVoucher, ?v[AE#hasVoucherBeneficiary->?b], ?b[AE#hasArrestRecord->?beneficiaryHasArrestRecord].","resultList":[{"result":[{"key":"?v","val":"VO_9a632235_c789_4c7e_a33e_e6780d3e74a8_1503940463037_0"},{"key":"?b","val":"VO_9a632235_c789_4c7e_a33e_e6780d3e74a8_1503940463037_11"},{"key":"?beneficiaryHasArrestRecord","val":"AE#NoArrestRecord"}]}]},{"query":"?- ?v:AE#VATravelVoucher, ?v[AE#hasVoucherBeneficiary->?b], ?b[AE#hasCriminalRecord->?beneficiaryHasCriminalRecord].","resultList":[{"result":[{"key":"?v","val":"VO_9a632235_c789_4c7e_a33e_e6780d3e74a8_1503940463037_0"},{"key":"?b","val":"VO_9a632235_c789_4c7e_a33e_e6780d3e74a8_1503940463037_11"},{"key":"?beneficiaryHasCriminalRecord","val":"AE#NoCriminalRecord"}]}]},{"query":"?- ?t:AE#Travelling, ?t[AE#hasPath->?p], ?p[AE#hasDistance->?d], ?d[AE#numericValue->?expectedDistanceValue], ?d[AE#hasUnitOfMeasure->?unitOfDistanceMeasure].","resultList":[{"result":[{"key":"?t","val":"VO_9a632235_c789_4c7e_a33e_e6780d3e74a8_1503940463037_6"},{"key":"?p","val":"ES_865e7588_77aa_43b4_a789_5ce100e589ed_1503940490272_4"},{"key":"?d","val":"ES_865e7588_77aa_43b4_a789_5ce100e589ed_1503940490272_0"},{"key":"?expectedDistanceValue","val":"16150.848137405961097101680934429168701171875"},{"key":"?unitOfDistanceMeasure","val":"meters"}]}]},{"query":"?- ?t:AE#Travelling, ?t[AE#hasPath->?p], ?p[AE#hasExpectedTravelTime->?d], ?d[AE#numericValue->?expectedTimeValue], ?d[AE#hasUnitOfMeasure->?unitOfTimeMeasure].","resultList":[{"result":[{"key":"?t","val":"VO_9a632235_c789_4c7e_a33e_e6780d3e74a8_1503940463037_6"},{"key":"?p","val":"ES_865e7588_77aa_43b4_a789_5ce100e589ed_1503940490272_4"},{"key":"?d","val":"ES_865e7588_77aa_43b4_a789_5ce100e589ed_1503940490272_2"},{"key":"?expectedTimeValue","val":"11.29778241156600415706634521484375"},{"key":"?unitOfTimeMeasure","val":"minutes"}]}]},{"query":"?- ?t:AE#Travelling, ?t[AE#hasDestination->?d], ?d[label->?destinationFullAddress].","resultList":[{"result":[{"key":"?t","val":"VO_9a632235_c789_4c7e_a33e_e6780d3e74a8_1503940463037_7"},{"key":"?d","val":"VO_9a632235_c789_4c7e_a33e_e6780d3e74a8_1503940463037_8"},{"key":"?destinationFullAddress","val":"2790 Truxton Road, Suite 130, San Diego, CA 92106"}]},{"result":[{"key":"?t","val":"VO_9a632235_c789_4c7e_a33e_e6780d3e74a8_1503940463037_6"},{"key":"?d","val":"VO_9a632235_c789_4c7e_a33e_e6780d3e74a8_1503940463037_5"},{"key":"?destinationFullAddress","val":"150 Fifth Street San Diego, CA 92114"}]}]},{"query":"?- ?t:AE#Travelling, ?t[AE#hasDestination->?d], ?d[AE#hasStreet->?s], ?s[label->?destinationStreetName], ?d[AE#hasCity->?c], ?c[label->?destinationCity], ?d[AE#hasState->?st], ?st[label->?destinationState], ?d[AE#hasZipcode->?destinationZipCode].","resultList":[{"result":[{"key":"?t","val":"VO_9a632235_c789_4c7e_a33e_e6780d3e74a8_1503940463037_7"},{"key":"?d","val":"VO_9a632235_c789_4c7e_a33e_e6780d3e74a8_1503940463037_8"},{"key":"?s","val":"NO_c69ec5c0_d4d6_401c_b4a1_e979c8f6218c_1503940473040_id5"},{"key":"?destinationStreetName","val":"2790 Truxton Road"},{"key":"?c","val":"NO_c69ec5c0_d4d6_401c_b4a1_e979c8f6218c_1503940473040_id11"},{"key":"?destinationCity","val":"San Diego"},{"key":"?st","val":"NO_c69ec5c0_d4d6_401c_b4a1_e979c8f6218c_1503940473040_id13"},{"key":"?destinationState","val":"CA"},{"key":"?destinationZipCode","val":"92106"}]},{"result":[{"key":"?t","val":"VO_9a632235_c789_4c7e_a33e_e6780d3e74a8_1503940463037_6"},{"key":"?d","val":"VO_9a632235_c789_4c7e_a33e_e6780d3e74a8_1503940463037_5"},{"key":"?s","val":"NO_2af561a4_8c93_4c9d_9c91_a10d3037ab2c_1503940475011_id3"},{"key":"?destinationStreetName","val":"150 Fifth Street"},{"key":"?c","val":"NO_2af561a4_8c93_4c9d_9c91_a10d3037ab2c_1503940475011_id9"},{"key":"?destinationCity","val":"San Diego"},{"key":"?st","val":"NO_2af561a4_8c93_4c9d_9c91_a10d3037ab2c_1503940475011_id11"},{"key":"?destinationState","val":"CA"},{"key":"?destinationZipCode","val":"92114"}]}]},{"query":"?- ?t:AE#Travelling, ?t[AE#hasOrigin->?d], ?d[label->?originFullAddress].","resultList":[{"result":[{"key":"?t","val":"VO_9a632235_c789_4c7e_a33e_e6780d3e74a8_1503940463037_7"},{"key":"?d","val":"VO_9a632235_c789_4c7e_a33e_e6780d3e74a8_1503940463037_3"},{"key":"?originFullAddress","val":"150 Fifth Street San Diego, CA 92114"}]},{"result":[{"key":"?t","val":"VO_9a632235_c789_4c7e_a33e_e6780d3e74a8_1503940463037_6"},{"key":"?d","val":"VO_9a632235_c789_4c7e_a33e_e6780d3e74a8_1503940463037_8"},{"key":"?originFullAddress","val":"2790 Truxton Road, Suite 130, San Diego, CA 92106"}]}]},{"query":"?- ?t:AE#Travelling, ?t[AE#hasOrigin->?d], ?d[AE#hasStreet->?s], ?s[label->?originStreetName], ?d[AE#hasCity->?c], ?c[label->?originCity], ?d[AE#hasState->?st], ?st[label->?originState], ?d[AE#hasZipcode->?originZipCode].","resultList":[{"result":[{"key":"?t","val":"VO_9a632235_c789_4c7e_a33e_e6780d3e74a8_1503940463037_7"},{"key":"?d","val":"VO_9a632235_c789_4c7e_a33e_e6780d3e74a8_1503940463037_3"},{"key":"?s","val":"NO_e319fd5d_2907_4b7f_877e_17cfdc0f6c40_1503940477041_id3"},{"key":"?originStreetName","val":"150 Fifth Street"},{"key":"?c","val":"NO_e319fd5d_2907_4b7f_877e_17cfdc0f6c40_1503940477041_id9"},{"key":"?originCity","val":"San Diego"},{"key":"?st","val":"NO_e319fd5d_2907_4b7f_877e_17cfdc0f6c40_1503940477041_id11"},{"key":"?originState","val":"CA"},{"key":"?originZipCode","val":"92114"}]},{"result":[{"key":"?t","val":"VO_9a632235_c789_4c7e_a33e_e6780d3e74a8_1503940463037_6"},{"key":"?d","val":"VO_9a632235_c789_4c7e_a33e_e6780d3e74a8_1503940463037_8"},{"key":"?s","val":"NO_c69ec5c0_d4d6_401c_b4a1_e979c8f6218c_1503940473040_id5"},{"key":"?originStreetName","val":"2790 Truxton Road"},{"key":"?c","val":"NO_c69ec5c0_d4d6_401c_b4a1_e979c8f6218c_1503940473040_id11"},{"key":"?originCity","val":"San Diego"},{"key":"?st","val":"NO_c69ec5c0_d4d6_401c_b4a1_e979c8f6218c_1503940473040_id13"},{"key":"?originState","val":"CA"},{"key":"?originZipCode","val":"92106"}]}]},{"query":"?- ?t:AE#Travelling, ?t[AE#hasPath->?p], ?p[AE#hasStartRegion->?s], ?s[AE#hasLatitude->?originLatitude], ?s[AE#hasLongitude->?originLongitude].","resultList":[{"result":[{"key":"?t","val":"VO_9a632235_c789_4c7e_a33e_e6780d3e74a8_1503940463037_6"},{"key":"?p","val":"ES_865e7588_77aa_43b4_a789_5ce100e589ed_1503940490272_4"},{"key":"?s","val":"ES_865e7588_77aa_43b4_a789_5ce100e589ed_1503940490272_3"},{"key":"?originLatitude","val":"32.74051839275188058309140615165233612060546875"},{"key":"?originLongitude","val":"-117.2130215001728856805129908025264739990234375"}]}]},{"query":"?- ?t:AE#Travelling, ?t[AE#hasPath->?p], ?p[AE#hasEndRegion->?e], ?e[AE#hasLatitude->?destinationLatitude], ?e[AE#hasLongitude->?destinationLongitude].","resultList":[{"result":[{"key":"?t","val":"VO_9a632235_c789_4c7e_a33e_e6780d3e74a8_1503940463037_6"},{"key":"?p","val":"ES_865e7588_77aa_43b4_a789_5ce100e589ed_1503940490272_4"},{"key":"?e","val":"ES_865e7588_77aa_43b4_a789_5ce100e589ed_1503940490272_1"},{"key":"?destinationLatitude","val":"32.72617345619732276418289984576404094696044921875"},{"key":"?destinationLongitude","val":"-117.0724592852043457469335407949984073638916015625"}]}]}]}
