{"dataList":[{"query":"?- ?v:AE#VATravelVoucher, ?v[AE#hasVoucherClaimant->?c], ?c[AE#hasName->?cn], ?cn[label->?claimantFullName].","resultList":[{"result":[{"key":"?v","val":"VO_9ba274cc_41eb_4fd6_9dab_f4d5386ddb6e_1503941708797_0"},{"key":"?c","val":"VO_9ba274cc_41eb_4fd6_9dab_f4d5386ddb6e_1503941708797_2"},{"key":"?cn","val":"NO_604a03d8_5798_4341_84a0_7eeee2edcae3_1503941716350_0"},{"key":"?claimantFullName","val":"Warren R. Shaw"}]},{"result":[{"key":"?v","val":"VO_9ba274cc_41eb_4fd6_9dab_f4d5386ddb6e_1503941708797_0"},{"key":"?c","val":"VO_9ba274cc_41eb_4fd6_9dab_f4d5386ddb6e_1503941708797_2"},{"key":"?cn","val":"VO_9ba274cc_41eb_4fd6_9dab_f4d5386ddb6e_1503941708797_1"},{"key":"?claimantFullName","val":"Warren R. Shaw"}]}]},{"query":"?- ?v:AE#VATravelVoucher, ?v[AE#hasVoucherClaimant->?c], ?c[AE#hasName->?cn], ?cn[AE#hasFirstName->?claimantFirstName].","resultList":[{"result":[{"key":"?v","val":"VO_9ba274cc_41eb_4fd6_9dab_f4d5386ddb6e_1503941708797_0"},{"key":"?c","val":"VO_9ba274cc_41eb_4fd6_9dab_f4d5386ddb6e_1503941708797_2"},{"key":"?cn","val":"NO_604a03d8_5798_4341_84a0_7eeee2edcae3_1503941716350_0"},{"key":"?claimantFirstName","val":"warren"}]}]},{"query":"?- ?v:AE#VATravelVoucher, ?v[AE#hasVoucherClaimant->?c], ?c[AE#hasName->?cn], ?cn[AE#hasLastName->?claimantLastName].","resultList":[{"result":[{"key":"?v","val":"VO_9ba274cc_41eb_4fd6_9dab_f4d5386ddb6e_1503941708797_0"},{"key":"?c","val":"VO_9ba274cc_41eb_4fd6_9dab_f4d5386ddb6e_1503941708797_2"},{"key":"?cn","val":"NO_604a03d8_5798_4341_84a0_7eeee2edcae3_1503941716350_0"},{"key":"?claimantLastName","val":"shaw"}]}]},{"query":"?- ?v:AE#VATravelVoucher, ?v[AE#hasVoucherClaimant->?c], ?c[AE#hasSocialSecurityNumber->?s], ?s[label->?claimantSsn].","resultList":[{"result":[{"key":"?v","val":"VO_9ba274cc_41eb_4fd6_9dab_f4d5386ddb6e_1503941708797_0"},{"key":"?c","val":"VO_9ba274cc_41eb_4fd6_9dab_f4d5386ddb6e_1503941708797_2"},{"key":"?s","val":"VO_9ba274cc_41eb_4fd6_9dab_f4d5386ddb6e_1503941708797_12"},{"key":"?claimantSsn","val":"253-91-0295"}]}]},{"query":"?- ?v:AE#VATravelVoucher, ?v[AE#hasVoucherClaimant->?c], ?c[AE#hasLiens->?claimantHasLiens].","resultList":[{"result":[{"key":"?v","val":"VO_9ba274cc_41eb_4fd6_9dab_f4d5386ddb6e_1503941708797_0"},{"key":"?c","val":"VO_9ba274cc_41eb_4fd6_9dab_f4d5386ddb6e_1503941708797_2"},{"key":"?claimantHasLiens","val":"AE#NoLienReport"}]}]},{"query":"?- ?v:AE#VATravelVoucher, ?v[AE#hasVoucherClaimant->?c], ?c[AE#hasDeclaredBankruptcy->?claimantHasDeclaredBankruptcy].","resultList":[{"result":[{"key":"?v","val":"VO_9ba274cc_41eb_4fd6_9dab_f4d5386ddb6e_1503941708797_0"},{"key":"?c","val":"VO_9ba274cc_41eb_4fd6_9dab_f4d5386ddb6e_1503941708797_2"},{"key":"?claimantHasDeclaredBankruptcy","val":"AE#NoBankruptcyReport"}]}]},{"query":"?- ?v:AE#VATravelVoucher, ?v[AE#hasVoucherClaimant->?c], ?c[AE#hasArrestRecord->?claimantHasArrestRecord].","resultList":[{"result":[{"key":"?v","val":"VO_9ba274cc_41eb_4fd6_9dab_f4d5386ddb6e_1503941708797_0"},{"key":"?c","val":"VO_9ba274cc_41eb_4fd6_9dab_f4d5386ddb6e_1503941708797_2"},{"key":"?claimantHasArrestRecord","val":"AE#NoArrestRecord"}]}]},{"query":"?- ?v:AE#VATravelVoucher, ?v[AE#hasVoucherClaimant->?c], ?c[AE#hasCriminalRecord->?claimantHasCriminalRecord].","resultList":[{"result":[{"key":"?v","val":"VO_9ba274cc_41eb_4fd6_9dab_f4d5386ddb6e_1503941708797_0"},{"key":"?c","val":"VO_9ba274cc_41eb_4fd6_9dab_f4d5386ddb6e_1503941708797_2"},{"key":"?claimantHasCriminalRecord","val":"AE#NoCriminalRecord"}]}]},{"query":"?- ?v:AE#VATravelVoucher, ?v[AE#hasVoucherBeneficiary->?b], ?b[AE#hasName->?cn], ?cn[label->?beneficiaryFullName].","resultList":[{"result":[{"key":"?v","val":"VO_9ba274cc_41eb_4fd6_9dab_f4d5386ddb6e_1503941708797_0"},{"key":"?b","val":"VO_9ba274cc_41eb_4fd6_9dab_f4d5386ddb6e_1503941708797_11"},{"key":"?cn","val":"VO_9ba274cc_41eb_4fd6_9dab_f4d5386ddb6e_1503941708797_10"},{"key":"?beneficiaryFullName","val":"Jesse J. Hopkins"}]},{"result":[{"key":"?v","val":"VO_9ba274cc_41eb_4fd6_9dab_f4d5386ddb6e_1503941708797_0"},{"key":"?b","val":"VO_9ba274cc_41eb_4fd6_9dab_f4d5386ddb6e_1503941708797_11"},{"key":"?cn","val":"NO_ad1ad460_086c_4c81_af9c_6e8aa54ddfae_1503941714566_0"},{"key":"?beneficiaryFullName","val":"Jesse J. Hopkins"}]}]},{"query":"?- ?v:AE#VATravelVoucher, ?v[AE#hasVoucherBeneficiary->?b], ?b[AE#hasName->?cn], ?cn[AE#hasFirstName->?beneficiaryFirstName].","resultList":[{"result":[{"key":"?v","val":"VO_9ba274cc_41eb_4fd6_9dab_f4d5386ddb6e_1503941708797_0"},{"key":"?b","val":"VO_9ba274cc_41eb_4fd6_9dab_f4d5386ddb6e_1503941708797_11"},{"key":"?cn","val":"NO_ad1ad460_086c_4c81_af9c_6e8aa54ddfae_1503941714566_0"},{"key":"?beneficiaryFirstName","val":"jesse"}]}]},{"query":"?- ?v:AE#VATravelVoucher, ?v[AE#hasVoucherBeneficiary->?b], ?b[AE#hasName->?cn], ?cn[AE#hasLastName->?beneficiaryLastName].","resultList":[{"result":[{"key":"?v","val":"VO_9ba274cc_41eb_4fd6_9dab_f4d5386ddb6e_1503941708797_0"},{"key":"?b","val":"VO_9ba274cc_41eb_4fd6_9dab_f4d5386ddb6e_1503941708797_11"},{"key":"?cn","val":"NO_ad1ad460_086c_4c81_af9c_6e8aa54ddfae_1503941714566_0"},{"key":"?beneficiaryLastName","val":"hopkins"}]}]},{"query":"?- ?v:AE#VATravelVoucher, ?v[AE#hasVoucherBeneficiary->?b], ?b[AE#hasSocialSecurityNumber->?s], ?s[label->?beneficiarySsn].","resultList":[{"result":[{"key":"?v","val":"VO_9ba274cc_41eb_4fd6_9dab_f4d5386ddb6e_1503941708797_0"},{"key":"?b","val":"VO_9ba274cc_41eb_4fd6_9dab_f4d5386ddb6e_1503941708797_11"},{"key":"?s","val":"VO_9ba274cc_41eb_4fd6_9dab_f4d5386ddb6e_1503941708797_9"},{"key":"?beneficiarySsn","val":"635-48-5526"}]}]},{"query":"?- ?v:AE#VATravelVoucher, ?v[AE#hasVoucherBeneficiary->?b], ?b[AE#hasLiens->?beneficiaryHasLiens].","resultList":[{"result":[{"key":"?v","val":"VO_9ba274cc_41eb_4fd6_9dab_f4d5386ddb6e_1503941708797_0"},{"key":"?b","val":"VO_9ba274cc_41eb_4fd6_9dab_f4d5386ddb6e_1503941708797_11"},{"key":"?beneficiaryHasLiens","val":"AE#NoLienReport"}]}]},{"query":"?- ?v:AE#VATravelVoucher, ?v[AE#hasVoucherBeneficiary->?b], ?b[AE#hasDeclaredBankruptcy->?beneficiaryHasDeclaredBankruptcy].","resultList":[{"result":[{"key":"?v","val":"VO_9ba274cc_41eb_4fd6_9dab_f4d5386ddb6e_1503941708797_0"},{"key":"?b","val":"VO_9ba274cc_41eb_4fd6_9dab_f4d5386ddb6e_1503941708797_11"},{"key":"?beneficiaryHasDeclaredBankruptcy","val":"AE#NoBankruptcyReport"}]}]},{"query":"?- ?v:AE#VATravelVoucher, ?v[AE#hasVoucherBeneficiary->?b], ?b[AE#hasArrestRecord->?beneficiaryHasArrestRecord].","resultList":[{"result":[{"key":"?v","val":"VO_9ba274cc_41eb_4fd6_9dab_f4d5386ddb6e_1503941708797_0"},{"key":"?b","val":"VO_9ba274cc_41eb_4fd6_9dab_f4d5386ddb6e_1503941708797_11"},{"key":"?beneficiaryHasArrestRecord","val":"AE#NoArrestRecord"}]}]},{"query":"?- ?v:AE#VATravelVoucher, ?v[AE#hasVoucherBeneficiary->?b], ?b[AE#hasCriminalRecord->?beneficiaryHasCriminalRecord].","resultList":[{"result":[{"key":"?v","val":"VO_9ba274cc_41eb_4fd6_9dab_f4d5386ddb6e_1503941708797_0"},{"key":"?b","val":"VO_9ba274cc_41eb_4fd6_9dab_f4d5386ddb6e_1503941708797_11"},{"key":"?beneficiaryHasCriminalRecord","val":"AE#NoCriminalRecord"}]}]},{"query":"?- ?t:AE#Travelling, ?t[AE#hasPath->?p], ?p[AE#hasDistance->?d], ?d[AE#numericValue->?expectedDistanceValue], ?d[AE#hasUnitOfMeasure->?unitOfDistanceMeasure].","resultList":[{"result":[{"key":"?t","val":"VO_9ba274cc_41eb_4fd6_9dab_f4d5386ddb6e_1503941708797_6"},{"key":"?p","val":"ES_5a0ff639_0350_4b41_bf9f_6f829eaf1dd4_1503941734734_4"},{"key":"?d","val":"ES_5a0ff639_0350_4b41_bf9f_6f829eaf1dd4_1503941734734_0"},{"key":"?expectedDistanceValue","val":"6961.9201414064955315552651882171630859375"},{"key":"?unitOfDistanceMeasure","val":"meters"}]}]},{"query":"?- ?t:AE#Travelling, ?t[AE#hasPath->?p], ?p[AE#hasExpectedTravelTime->?d], ?d[AE#numericValue->?expectedTimeValue], ?d[AE#hasUnitOfMeasure->?unitOfTimeMeasure].","resultList":[{"result":[{"key":"?t","val":"VO_9ba274cc_41eb_4fd6_9dab_f4d5386ddb6e_1503941708797_6"},{"key":"?p","val":"ES_5a0ff639_0350_4b41_bf9f_6f829eaf1dd4_1503941734734_4"},{"key":"?d","val":"ES_5a0ff639_0350_4b41_bf9f_6f829eaf1dd4_1503941734734_2"},{"key":"?expectedTimeValue","val":"8.3535168296657502651214599609375"},{"key":"?unitOfTimeMeasure","val":"minutes"}]}]},{"query":"?- ?t:AE#Travelling, ?t[AE#hasDestination->?d], ?d[label->?destinationFullAddress].","resultList":[{"result":[{"key":"?t","val":"VO_9ba274cc_41eb_4fd6_9dab_f4d5386ddb6e_1503941708797_7"},{"key":"?d","val":"VO_9ba274cc_41eb_4fd6_9dab_f4d5386ddb6e_1503941708797_8"},{"key":"?destinationFullAddress","val":"2790 Truxton Road, Suite 130, San Diego, CA 92106"}]},{"result":[{"key":"?t","val":"VO_9ba274cc_41eb_4fd6_9dab_f4d5386ddb6e_1503941708797_6"},{"key":"?d","val":"VO_9ba274cc_41eb_4fd6_9dab_f4d5386ddb6e_1503941708797_5"},{"key":"?destinationFullAddress","val":"3534 Yosemite St, San Diego, CA 92109"}]}]},{"query":"?- ?t:AE#Travelling, ?t[AE#hasDestination->?d], ?d[AE#hasStreet->?s], ?s[label->?destinationStreetName], ?d[AE#hasCity->?c], ?c[label->?destinationCity], ?d[AE#hasState->?st], ?st[label->?destinationState], ?d[AE#hasZipcode->?destinationZipCode].","resultList":[{"result":[{"key":"?t","val":"VO_9ba274cc_41eb_4fd6_9dab_f4d5386ddb6e_1503941708797_7"},{"key":"?d","val":"VO_9ba274cc_41eb_4fd6_9dab_f4d5386ddb6e_1503941708797_8"},{"key":"?s","val":"NO_d8283585_8dee_48f7_89df_36ab89f30483_1503941718246_id5"},{"key":"?destinationStreetName","val":"2790 Truxton Road"},{"key":"?c","val":"NO_d8283585_8dee_48f7_89df_36ab89f30483_1503941718246_id11"},{"key":"?destinationCity","val":"San Diego"},{"key":"?st","val":"NO_d8283585_8dee_48f7_89df_36ab89f30483_1503941718246_id13"},{"key":"?destinationState","val":"CA"},{"key":"?destinationZipCode","val":"92106"}]},{"result":[{"key":"?t","val":"VO_9ba274cc_41eb_4fd6_9dab_f4d5386ddb6e_1503941708797_6"},{"key":"?d","val":"VO_9ba274cc_41eb_4fd6_9dab_f4d5386ddb6e_1503941708797_5"},{"key":"?s","val":"NO_3d3ea161_b8a9_447d_8a57_97931704582f_1503941720026_id3"},{"key":"?destinationStreetName","val":"3534 Yosemite St"},{"key":"?c","val":"NO_3d3ea161_b8a9_447d_8a57_97931704582f_1503941720026_id9"},{"key":"?destinationCity","val":"San Diego"},{"key":"?st","val":"NO_3d3ea161_b8a9_447d_8a57_97931704582f_1503941720026_id11"},{"key":"?destinationState","val":"CA"},{"key":"?destinationZipCode","val":"92109"}]}]},{"query":"?- ?t:AE#Travelling, ?t[AE#hasOrigin->?d], ?d[label->?originFullAddress].","resultList":[{"result":[{"key":"?t","val":"VO_9ba274cc_41eb_4fd6_9dab_f4d5386ddb6e_1503941708797_7"},{"key":"?d","val":"VO_9ba274cc_41eb_4fd6_9dab_f4d5386ddb6e_1503941708797_3"},{"key":"?originFullAddress","val":"278 Mountainview Drive San Diego, CA 92126"}]},{"result":[{"key":"?t","val":"VO_9ba274cc_41eb_4fd6_9dab_f4d5386ddb6e_1503941708797_6"},{"key":"?d","val":"VO_9ba274cc_41eb_4fd6_9dab_f4d5386ddb6e_1503941708797_8"},{"key":"?originFullAddress","val":"2790 Truxton Road, Suite 130, San Diego, CA 92106"}]}]},{"query":"?- ?t:AE#Travelling, ?t[AE#hasOrigin->?d], ?d[AE#hasStreet->?s], ?s[label->?originStreetName], ?d[AE#hasCity->?c], ?c[label->?originCity], ?d[AE#hasState->?st], ?st[label->?originState], ?d[AE#hasZipcode->?originZipCode].","resultList":[{"result":[{"key":"?t","val":"VO_9ba274cc_41eb_4fd6_9dab_f4d5386ddb6e_1503941708797_7"},{"key":"?d","val":"VO_9ba274cc_41eb_4fd6_9dab_f4d5386ddb6e_1503941708797_3"},{"key":"?s","val":"NO_7fe51da5_d71d_4f1e_8477_074d5c87a9bf_1503941721858_id3"},{"key":"?originStreetName","val":"278 Mountainview Drive"},{"key":"?c","val":"NO_7fe51da5_d71d_4f1e_8477_074d5c87a9bf_1503941721858_id9"},{"key":"?originCity","val":"San Diego"},{"key":"?st","val":"NO_7fe51da5_d71d_4f1e_8477_074d5c87a9bf_1503941721858_id11"},{"key":"?originState","val":"CA"},{"key":"?originZipCode","val":"92126"}]},{"result":[{"key":"?t","val":"VO_9ba274cc_41eb_4fd6_9dab_f4d5386ddb6e_1503941708797_6"},{"key":"?d","val":"VO_9ba274cc_41eb_4fd6_9dab_f4d5386ddb6e_1503941708797_8"},{"key":"?s","val":"NO_d8283585_8dee_48f7_89df_36ab89f30483_1503941718246_id5"},{"key":"?originStreetName","val":"2790 Truxton Road"},{"key":"?c","val":"NO_d8283585_8dee_48f7_89df_36ab89f30483_1503941718246_id11"},{"key":"?originCity","val":"San Diego"},{"key":"?st","val":"NO_d8283585_8dee_48f7_89df_36ab89f30483_1503941718246_id13"},{"key":"?originState","val":"CA"},{"key":"?originZipCode","val":"92106"}]}]},{"query":"?- ?t:AE#Travelling, ?t[AE#hasPath->?p], ?p[AE#hasStartRegion->?s], ?s[AE#hasLatitude->?originLatitude], ?s[AE#hasLongitude->?originLongitude].","resultList":[{"result":[{"key":"?t","val":"VO_9ba274cc_41eb_4fd6_9dab_f4d5386ddb6e_1503941708797_6"},{"key":"?p","val":"ES_5a0ff639_0350_4b41_bf9f_6f829eaf1dd4_1503941734734_4"},{"key":"?s","val":"ES_5a0ff639_0350_4b41_bf9f_6f829eaf1dd4_1503941734734_3"},{"key":"?originLatitude","val":"32.74051839275188058309140615165233612060546875"},{"key":"?originLongitude","val":"-117.2130215001728856805129908025264739990234375"}]}]},{"query":"?- ?t:AE#Travelling, ?t[AE#hasPath->?p], ?p[AE#hasEndRegion->?e], ?e[AE#hasLatitude->?destinationLatitude], ?e[AE#hasLongitude->?destinationLongitude].","resultList":[{"result":[{"key":"?t","val":"VO_9ba274cc_41eb_4fd6_9dab_f4d5386ddb6e_1503941708797_6"},{"key":"?p","val":"ES_5a0ff639_0350_4b41_bf9f_6f829eaf1dd4_1503941734734_4"},{"key":"?e","val":"ES_5a0ff639_0350_4b41_bf9f_6f829eaf1dd4_1503941734734_1"},{"key":"?destinationLatitude","val":"32.78365480766343154073183541186153888702392578125"},{"key":"?destinationLongitude","val":"-117.235724158635690628216252662241458892822265625"}]}]}]}
