{"dataList":[{"query":"?- ?v:AE#VATravelVoucher, ?v[AE#hasVoucherClaimant->?c], ?c[AE#hasName->?cn], ?cn[label->?claimantFullName].","resultList":[{"result":[{"key":"?v","val":"VO_9746a9ee_5a17_4f23_967e_319c283fa72a_1503940748413_0"},{"key":"?c","val":"VO_9746a9ee_5a17_4f23_967e_319c283fa72a_1503940748413_2"},{"key":"?cn","val":"NO_3f32b4e0_b745_4876_88ce_22f064f9802b_1503940756000_0"},{"key":"?claimantFullName","val":"Barbara M. Roe"}]},{"result":[{"key":"?v","val":"VO_9746a9ee_5a17_4f23_967e_319c283fa72a_1503940748413_0"},{"key":"?c","val":"VO_9746a9ee_5a17_4f23_967e_319c283fa72a_1503940748413_2"},{"key":"?cn","val":"VO_9746a9ee_5a17_4f23_967e_319c283fa72a_1503940748413_1"},{"key":"?claimantFullName","val":"Barbara M. Roe"}]}]},{"query":"?- ?v:AE#VATravelVoucher, ?v[AE#hasVoucherClaimant->?c], ?c[AE#hasName->?cn], ?cn[AE#hasFirstName->?claimantFirstName].","resultList":[{"result":[{"key":"?v","val":"VO_9746a9ee_5a17_4f23_967e_319c283fa72a_1503940748413_0"},{"key":"?c","val":"VO_9746a9ee_5a17_4f23_967e_319c283fa72a_1503940748413_2"},{"key":"?cn","val":"NO_3f32b4e0_b745_4876_88ce_22f064f9802b_1503940756000_0"},{"key":"?claimantFirstName","val":"barbara"}]}]},{"query":"?- ?v:AE#VATravelVoucher, ?v[AE#hasVoucherClaimant->?c], ?c[AE#hasName->?cn], ?cn[AE#hasLastName->?claimantLastName].","resultList":[{"result":[{"key":"?v","val":"VO_9746a9ee_5a17_4f23_967e_319c283fa72a_1503940748413_0"},{"key":"?c","val":"VO_9746a9ee_5a17_4f23_967e_319c283fa72a_1503940748413_2"},{"key":"?cn","val":"NO_3f32b4e0_b745_4876_88ce_22f064f9802b_1503940756000_0"},{"key":"?claimantLastName","val":"roe"}]}]},{"query":"?- ?v:AE#VATravelVoucher, ?v[AE#hasVoucherClaimant->?c], ?c[AE#hasSocialSecurityNumber->?s], ?s[label->?claimantSsn].","resultList":[{"result":[{"key":"?v","val":"VO_9746a9ee_5a17_4f23_967e_319c283fa72a_1503940748413_0"},{"key":"?c","val":"VO_9746a9ee_5a17_4f23_967e_319c283fa72a_1503940748413_2"},{"key":"?s","val":"VO_9746a9ee_5a17_4f23_967e_319c283fa72a_1503940748413_12"},{"key":"?claimantSsn","val":"772-39-4630"}]}]},{"query":"?- ?v:AE#VATravelVoucher, ?v[AE#hasVoucherClaimant->?c], ?c[AE#hasLiens->?claimantHasLiens].","resultList":[{"result":[{"key":"?v","val":"VO_9746a9ee_5a17_4f23_967e_319c283fa72a_1503940748413_0"},{"key":"?c","val":"VO_9746a9ee_5a17_4f23_967e_319c283fa72a_1503940748413_2"},{"key":"?claimantHasLiens","val":"AE#NoLienReport"}]}]},{"query":"?- ?v:AE#VATravelVoucher, ?v[AE#hasVoucherClaimant->?c], ?c[AE#hasDeclaredBankruptcy->?claimantHasDeclaredBankruptcy].","resultList":[{"result":[{"key":"?v","val":"VO_9746a9ee_5a17_4f23_967e_319c283fa72a_1503940748413_0"},{"key":"?c","val":"VO_9746a9ee_5a17_4f23_967e_319c283fa72a_1503940748413_2"},{"key":"?claimantHasDeclaredBankruptcy","val":"AE#NoBankruptcyReport"}]}]},{"query":"?- ?v:AE#VATravelVoucher, ?v[AE#hasVoucherClaimant->?c], ?c[AE#hasArrestRecord->?claimantHasArrestRecord].","resultList":[{"result":[{"key":"?v","val":"VO_9746a9ee_5a17_4f23_967e_319c283fa72a_1503940748413_0"},{"key":"?c","val":"VO_9746a9ee_5a17_4f23_967e_319c283fa72a_1503940748413_2"},{"key":"?claimantHasArrestRecord","val":"AE#NoArrestRecord"}]}]},{"query":"?- ?v:AE#VATravelVoucher, ?v[AE#hasVoucherClaimant->?c], ?c[AE#hasCriminalRecord->?claimantHasCriminalRecord].","resultList":[{"result":[{"key":"?v","val":"VO_9746a9ee_5a17_4f23_967e_319c283fa72a_1503940748413_0"},{"key":"?c","val":"VO_9746a9ee_5a17_4f23_967e_319c283fa72a_1503940748413_2"},{"key":"?claimantHasCriminalRecord","val":"AE#NoCriminalRecord"}]}]},{"query":"?- ?v:AE#VATravelVoucher, ?v[AE#hasVoucherBeneficiary->?b], ?b[AE#hasName->?cn], ?cn[label->?beneficiaryFullName].","resultList":[{"result":[{"key":"?v","val":"VO_9746a9ee_5a17_4f23_967e_319c283fa72a_1503940748413_0"},{"key":"?b","val":"VO_9746a9ee_5a17_4f23_967e_319c283fa72a_1503940748413_11"},{"key":"?cn","val":"VO_9746a9ee_5a17_4f23_967e_319c283fa72a_1503940748413_10"},{"key":"?beneficiaryFullName","val":"Franklin M. McKenzie"}]},{"result":[{"key":"?v","val":"VO_9746a9ee_5a17_4f23_967e_319c283fa72a_1503940748413_0"},{"key":"?b","val":"VO_9746a9ee_5a17_4f23_967e_319c283fa72a_1503940748413_11"},{"key":"?cn","val":"NO_df572d5f_7421_4d5e_b9ba_2de104907b6e_1503940754105_0"},{"key":"?beneficiaryFullName","val":"Franklin M. McKenzie"}]}]},{"query":"?- ?v:AE#VATravelVoucher, ?v[AE#hasVoucherBeneficiary->?b], ?b[AE#hasName->?cn], ?cn[AE#hasFirstName->?beneficiaryFirstName].","resultList":[{"result":[{"key":"?v","val":"VO_9746a9ee_5a17_4f23_967e_319c283fa72a_1503940748413_0"},{"key":"?b","val":"VO_9746a9ee_5a17_4f23_967e_319c283fa72a_1503940748413_11"},{"key":"?cn","val":"NO_df572d5f_7421_4d5e_b9ba_2de104907b6e_1503940754105_0"},{"key":"?beneficiaryFirstName","val":"franklin"}]}]},{"query":"?- ?v:AE#VATravelVoucher, ?v[AE#hasVoucherBeneficiary->?b], ?b[AE#hasName->?cn], ?cn[AE#hasLastName->?beneficiaryLastName].","resultList":[{"result":[{"key":"?v","val":"VO_9746a9ee_5a17_4f23_967e_319c283fa72a_1503940748413_0"},{"key":"?b","val":"VO_9746a9ee_5a17_4f23_967e_319c283fa72a_1503940748413_11"},{"key":"?cn","val":"NO_df572d5f_7421_4d5e_b9ba_2de104907b6e_1503940754105_0"},{"key":"?beneficiaryLastName","val":"mckenzie"}]}]},{"query":"?- ?v:AE#VATravelVoucher, ?v[AE#hasVoucherBeneficiary->?b], ?b[AE#hasSocialSecurityNumber->?s], ?s[label->?beneficiarySsn].","resultList":[{"result":[{"key":"?v","val":"VO_9746a9ee_5a17_4f23_967e_319c283fa72a_1503940748413_0"},{"key":"?b","val":"VO_9746a9ee_5a17_4f23_967e_319c283fa72a_1503940748413_11"},{"key":"?s","val":"VO_9746a9ee_5a17_4f23_967e_319c283fa72a_1503940748413_9"},{"key":"?beneficiarySsn","val":"597-22-3373"}]}]},{"query":"?- ?v:AE#VATravelVoucher, ?v[AE#hasVoucherBeneficiary->?b], ?b[AE#hasLiens->?beneficiaryHasLiens].","resultList":[{"result":[{"key":"?v","val":"VO_9746a9ee_5a17_4f23_967e_319c283fa72a_1503940748413_0"},{"key":"?b","val":"VO_9746a9ee_5a17_4f23_967e_319c283fa72a_1503940748413_11"},{"key":"?beneficiaryHasLiens","val":"AE#UnknownLienReport"}]}]},{"query":"?- ?v:AE#VATravelVoucher, ?v[AE#hasVoucherBeneficiary->?b], ?b[AE#hasDeclaredBankruptcy->?beneficiaryHasDeclaredBankruptcy].","resultList":[{"result":[{"key":"?v","val":"VO_9746a9ee_5a17_4f23_967e_319c283fa72a_1503940748413_0"},{"key":"?b","val":"VO_9746a9ee_5a17_4f23_967e_319c283fa72a_1503940748413_11"},{"key":"?beneficiaryHasDeclaredBankruptcy","val":"AE#NoBankruptcyReport"}]}]},{"query":"?- ?v:AE#VATravelVoucher, ?v[AE#hasVoucherBeneficiary->?b], ?b[AE#hasArrestRecord->?beneficiaryHasArrestRecord].","resultList":[{"result":[{"key":"?v","val":"VO_9746a9ee_5a17_4f23_967e_319c283fa72a_1503940748413_0"},{"key":"?b","val":"VO_9746a9ee_5a17_4f23_967e_319c283fa72a_1503940748413_11"},{"key":"?beneficiaryHasArrestRecord","val":"AE#NoArrestRecord"}]}]},{"query":"?- ?v:AE#VATravelVoucher, ?v[AE#hasVoucherBeneficiary->?b], ?b[AE#hasCriminalRecord->?beneficiaryHasCriminalRecord].","resultList":[{"result":[{"key":"?v","val":"VO_9746a9ee_5a17_4f23_967e_319c283fa72a_1503940748413_0"},{"key":"?b","val":"VO_9746a9ee_5a17_4f23_967e_319c283fa72a_1503940748413_11"},{"key":"?beneficiaryHasCriminalRecord","val":"AE#NoCriminalRecord"}]}]},{"query":"?- ?t:AE#Travelling, ?t[AE#hasPath->?p], ?p[AE#hasDistance->?d], ?d[AE#numericValue->?expectedDistanceValue], ?d[AE#hasUnitOfMeasure->?unitOfDistanceMeasure].","resultList":[{"result":[{"key":"?t","val":"VO_9746a9ee_5a17_4f23_967e_319c283fa72a_1503940748413_6"},{"key":"?p","val":"ES_e9648c32_0463_493a_8228_6473dadfd7c1_1503940775747_4"},{"key":"?d","val":"ES_e9648c32_0463_493a_8228_6473dadfd7c1_1503940775747_0"},{"key":"?expectedDistanceValue","val":"12928.096814542523134150542318820953369140625"},{"key":"?unitOfDistanceMeasure","val":"meters"}]}]},{"query":"?- ?t:AE#Travelling, ?t[AE#hasPath->?p], ?p[AE#hasExpectedTravelTime->?d], ?d[AE#numericValue->?expectedTimeValue], ?d[AE#hasUnitOfMeasure->?unitOfTimeMeasure].","resultList":[{"result":[{"key":"?t","val":"VO_9746a9ee_5a17_4f23_967e_319c283fa72a_1503940748413_6"},{"key":"?p","val":"ES_e9648c32_0463_493a_8228_6473dadfd7c1_1503940775747_4"},{"key":"?d","val":"ES_e9648c32_0463_493a_8228_6473dadfd7c1_1503940775747_2"},{"key":"?expectedTimeValue","val":"10.820249289390631020069122314453125"},{"key":"?unitOfTimeMeasure","val":"minutes"}]}]},{"query":"?- ?t:AE#Travelling, ?t[AE#hasDestination->?d], ?d[label->?destinationFullAddress].","resultList":[{"result":[{"key":"?t","val":"VO_9746a9ee_5a17_4f23_967e_319c283fa72a_1503940748413_7"},{"key":"?d","val":"VO_9746a9ee_5a17_4f23_967e_319c283fa72a_1503940748413_8"},{"key":"?destinationFullAddress","val":"2790 Truxton Road, Suite 130, San Diego, CA 92106"}]},{"result":[{"key":"?t","val":"VO_9746a9ee_5a17_4f23_967e_319c283fa72a_1503940748413_6"},{"key":"?d","val":"VO_9746a9ee_5a17_4f23_967e_319c283fa72a_1503940748413_5"},{"key":"?destinationFullAddress","val":"1903 39th St San Diego, CA 92105"}]}]},{"query":"?- ?t:AE#Travelling, ?t[AE#hasDestination->?d], ?d[AE#hasStreet->?s], ?s[label->?destinationStreetName], ?d[AE#hasCity->?c], ?c[label->?destinationCity], ?d[AE#hasState->?st], ?st[label->?destinationState], ?d[AE#hasZipcode->?destinationZipCode].","resultList":[{"result":[{"key":"?t","val":"VO_9746a9ee_5a17_4f23_967e_319c283fa72a_1503940748413_7"},{"key":"?d","val":"VO_9746a9ee_5a17_4f23_967e_319c283fa72a_1503940748413_8"},{"key":"?s","val":"NO_bf7ac13a_86ca_4a04_b16d_ff40a91e8889_1503940758346_id5"},{"key":"?destinationStreetName","val":"2790 Truxton Road"},{"key":"?c","val":"NO_bf7ac13a_86ca_4a04_b16d_ff40a91e8889_1503940758346_id11"},{"key":"?destinationCity","val":"San Diego"},{"key":"?st","val":"NO_bf7ac13a_86ca_4a04_b16d_ff40a91e8889_1503940758346_id13"},{"key":"?destinationState","val":"CA"},{"key":"?destinationZipCode","val":"92106"}]},{"result":[{"key":"?t","val":"VO_9746a9ee_5a17_4f23_967e_319c283fa72a_1503940748413_6"},{"key":"?d","val":"VO_9746a9ee_5a17_4f23_967e_319c283fa72a_1503940748413_5"},{"key":"?s","val":"NO_7bec6688_7358_460e_8753_bc06c0695835_1503940760317_id3"},{"key":"?destinationStreetName","val":"1903 39th St"},{"key":"?c","val":"NO_7bec6688_7358_460e_8753_bc06c0695835_1503940760317_id9"},{"key":"?destinationCity","val":"San Diego"},{"key":"?st","val":"NO_7bec6688_7358_460e_8753_bc06c0695835_1503940760317_id11"},{"key":"?destinationState","val":"CA"},{"key":"?destinationZipCode","val":"92105"}]}]},{"query":"?- ?t:AE#Travelling, ?t[AE#hasOrigin->?d], ?d[label->?originFullAddress].","resultList":[{"result":[{"key":"?t","val":"VO_9746a9ee_5a17_4f23_967e_319c283fa72a_1503940748413_7"},{"key":"?d","val":"VO_9746a9ee_5a17_4f23_967e_319c283fa72a_1503940748413_3"},{"key":"?originFullAddress","val":"668 Orange Ave. San Diego, CA 92126"}]},{"result":[{"key":"?t","val":"VO_9746a9ee_5a17_4f23_967e_319c283fa72a_1503940748413_6"},{"key":"?d","val":"VO_9746a9ee_5a17_4f23_967e_319c283fa72a_1503940748413_8"},{"key":"?originFullAddress","val":"2790 Truxton Road, Suite 130, San Diego, CA 92106"}]}]},{"query":"?- ?t:AE#Travelling, ?t[AE#hasOrigin->?d], ?d[AE#hasStreet->?s], ?s[label->?originStreetName], ?d[AE#hasCity->?c], ?c[label->?originCity], ?d[AE#hasState->?st], ?st[label->?originState], ?d[AE#hasZipcode->?originZipCode].","resultList":[{"result":[{"key":"?t","val":"VO_9746a9ee_5a17_4f23_967e_319c283fa72a_1503940748413_7"},{"key":"?d","val":"VO_9746a9ee_5a17_4f23_967e_319c283fa72a_1503940748413_3"},{"key":"?s","val":"NO_824d8ec4_c867_43ec_9263_bdbc14f392de_1503940762457_id3"},{"key":"?originStreetName","val":"668 Orange Ave."},{"key":"?c","val":"NO_824d8ec4_c867_43ec_9263_bdbc14f392de_1503940762457_id9"},{"key":"?originCity","val":"San Diego"},{"key":"?st","val":"NO_824d8ec4_c867_43ec_9263_bdbc14f392de_1503940762457_id11"},{"key":"?originState","val":"CA"},{"key":"?originZipCode","val":"92126"}]},{"result":[{"key":"?t","val":"VO_9746a9ee_5a17_4f23_967e_319c283fa72a_1503940748413_6"},{"key":"?d","val":"VO_9746a9ee_5a17_4f23_967e_319c283fa72a_1503940748413_8"},{"key":"?s","val":"NO_bf7ac13a_86ca_4a04_b16d_ff40a91e8889_1503940758346_id5"},{"key":"?originStreetName","val":"2790 Truxton Road"},{"key":"?c","val":"NO_bf7ac13a_86ca_4a04_b16d_ff40a91e8889_1503940758346_id11"},{"key":"?originCity","val":"San Diego"},{"key":"?st","val":"NO_bf7ac13a_86ca_4a04_b16d_ff40a91e8889_1503940758346_id13"},{"key":"?originState","val":"CA"},{"key":"?originZipCode","val":"92106"}]}]},{"query":"?- ?t:AE#Travelling, ?t[AE#hasPath->?p], ?p[AE#hasStartRegion->?s], ?s[AE#hasLatitude->?originLatitude], ?s[AE#hasLongitude->?originLongitude].","resultList":[{"result":[{"key":"?t","val":"VO_9746a9ee_5a17_4f23_967e_319c283fa72a_1503940748413_6"},{"key":"?p","val":"ES_e9648c32_0463_493a_8228_6473dadfd7c1_1503940775747_4"},{"key":"?s","val":"ES_e9648c32_0463_493a_8228_6473dadfd7c1_1503940775747_3"},{"key":"?originLatitude","val":"32.74051839275188058309140615165233612060546875"},{"key":"?originLongitude","val":"-117.2130215001728856805129908025264739990234375"}]}]},{"query":"?- ?t:AE#Travelling, ?t[AE#hasPath->?p], ?p[AE#hasEndRegion->?e], ?e[AE#hasLatitude->?destinationLatitude], ?e[AE#hasLongitude->?destinationLongitude].","resultList":[{"result":[{"key":"?t","val":"VO_9746a9ee_5a17_4f23_967e_319c283fa72a_1503940748413_6"},{"key":"?p","val":"ES_e9648c32_0463_493a_8228_6473dadfd7c1_1503940775747_4"},{"key":"?e","val":"ES_e9648c32_0463_493a_8228_6473dadfd7c1_1503940775747_1"},{"key":"?destinationLatitude","val":"32.72518967583238236329634673893451690673828125"},{"key":"?destinationLongitude","val":"-117.1105403799412698617743444629013538360595703125"}]}]}]}
