{"dataList":[{"query":"?- ?v:AE#VATravelVoucher, ?v[AE#hasVoucherClaimant->?c], ?c[AE#hasName->?cn], ?cn[label->?claimantFullName].","resultList":[{"result":[{"key":"?v","val":"VO_ab7981b3_cc23_46a0_a861_3266a6ce7c86_1503944163563_0"},{"key":"?c","val":"VO_ab7981b3_cc23_46a0_a861_3266a6ce7c86_1503944163563_2"},{"key":"?cn","val":"NO_025aebc5_68fd_46e6_852f_878212c16e29_1503944171927_0"},{"key":"?claimantFullName","val":"James J. Hanson"}]},{"result":[{"key":"?v","val":"VO_ab7981b3_cc23_46a0_a861_3266a6ce7c86_1503944163563_0"},{"key":"?c","val":"VO_ab7981b3_cc23_46a0_a861_3266a6ce7c86_1503944163563_2"},{"key":"?cn","val":"VO_ab7981b3_cc23_46a0_a861_3266a6ce7c86_1503944163563_1"},{"key":"?claimantFullName","val":"James J. Hanson"}]}]},{"query":"?- ?v:AE#VATravelVoucher, ?v[AE#hasVoucherClaimant->?c], ?c[AE#hasName->?cn], ?cn[AE#hasFirstName->?claimantFirstName].","resultList":[{"result":[{"key":"?v","val":"VO_ab7981b3_cc23_46a0_a861_3266a6ce7c86_1503944163563_0"},{"key":"?c","val":"VO_ab7981b3_cc23_46a0_a861_3266a6ce7c86_1503944163563_2"},{"key":"?cn","val":"NO_025aebc5_68fd_46e6_852f_878212c16e29_1503944171927_0"},{"key":"?claimantFirstName","val":"james"}]}]},{"query":"?- ?v:AE#VATravelVoucher, ?v[AE#hasVoucherClaimant->?c], ?c[AE#hasName->?cn], ?cn[AE#hasLastName->?claimantLastName].","resultList":[{"result":[{"key":"?v","val":"VO_ab7981b3_cc23_46a0_a861_3266a6ce7c86_1503944163563_0"},{"key":"?c","val":"VO_ab7981b3_cc23_46a0_a861_3266a6ce7c86_1503944163563_2"},{"key":"?cn","val":"NO_025aebc5_68fd_46e6_852f_878212c16e29_1503944171927_0"},{"key":"?claimantLastName","val":"hanson"}]}]},{"query":"?- ?v:AE#VATravelVoucher, ?v[AE#hasVoucherClaimant->?c], ?c[AE#hasSocialSecurityNumber->?s], ?s[label->?claimantSsn].","resultList":[{"result":[{"key":"?v","val":"VO_ab7981b3_cc23_46a0_a861_3266a6ce7c86_1503944163563_0"},{"key":"?c","val":"VO_ab7981b3_cc23_46a0_a861_3266a6ce7c86_1503944163563_2"},{"key":"?s","val":"VO_ab7981b3_cc23_46a0_a861_3266a6ce7c86_1503944163563_12"},{"key":"?claimantSsn","val":"543-02-7166"}]}]},{"query":"?- ?v:AE#VATravelVoucher, ?v[AE#hasVoucherClaimant->?c], ?c[AE#hasLiens->?claimantHasLiens].","resultList":[{"result":[{"key":"?v","val":"VO_ab7981b3_cc23_46a0_a861_3266a6ce7c86_1503944163563_0"},{"key":"?c","val":"VO_ab7981b3_cc23_46a0_a861_3266a6ce7c86_1503944163563_2"},{"key":"?claimantHasLiens","val":"AE#NoLienReport"}]}]},{"query":"?- ?v:AE#VATravelVoucher, ?v[AE#hasVoucherClaimant->?c], ?c[AE#hasDeclaredBankruptcy->?claimantHasDeclaredBankruptcy].","resultList":[{"result":[{"key":"?v","val":"VO_ab7981b3_cc23_46a0_a861_3266a6ce7c86_1503944163563_0"},{"key":"?c","val":"VO_ab7981b3_cc23_46a0_a861_3266a6ce7c86_1503944163563_2"},{"key":"?claimantHasDeclaredBankruptcy","val":"AE#NoBankruptcyReport"}]}]},{"query":"?- ?v:AE#VATravelVoucher, ?v[AE#hasVoucherClaimant->?c], ?c[AE#hasArrestRecord->?claimantHasArrestRecord].","resultList":[{"result":[{"key":"?v","val":"VO_ab7981b3_cc23_46a0_a861_3266a6ce7c86_1503944163563_0"},{"key":"?c","val":"VO_ab7981b3_cc23_46a0_a861_3266a6ce7c86_1503944163563_2"},{"key":"?claimantHasArrestRecord","val":"AE#NoArrestRecord"}]}]},{"query":"?- ?v:AE#VATravelVoucher, ?v[AE#hasVoucherClaimant->?c], ?c[AE#hasCriminalRecord->?claimantHasCriminalRecord].","resultList":[{"result":[{"key":"?v","val":"VO_ab7981b3_cc23_46a0_a861_3266a6ce7c86_1503944163563_0"},{"key":"?c","val":"VO_ab7981b3_cc23_46a0_a861_3266a6ce7c86_1503944163563_2"},{"key":"?claimantHasCriminalRecord","val":"AE#NoCriminalRecord"}]}]},{"query":"?- ?v:AE#VATravelVoucher, ?v[AE#hasVoucherBeneficiary->?b], ?b[AE#hasName->?cn], ?cn[label->?beneficiaryFullName].","resultList":[{"result":[{"key":"?v","val":"VO_ab7981b3_cc23_46a0_a861_3266a6ce7c86_1503944163563_0"},{"key":"?b","val":"VO_ab7981b3_cc23_46a0_a861_3266a6ce7c86_1503944163563_11"},{"key":"?cn","val":"VO_ab7981b3_cc23_46a0_a861_3266a6ce7c86_1503944163563_10"},{"key":"?beneficiaryFullName","val":"Kenneth David O'Hara"}]},{"result":[{"key":"?v","val":"VO_ab7981b3_cc23_46a0_a861_3266a6ce7c86_1503944163563_0"},{"key":"?b","val":"VO_ab7981b3_cc23_46a0_a861_3266a6ce7c86_1503944163563_11"},{"key":"?cn","val":"NO_68aeff8b_a5bf_4afd_9d3e_dcad03c6be0b_1503944169730_0"},{"key":"?beneficiaryFullName","val":"Kenneth David O'Hara"}]}]},{"query":"?- ?v:AE#VATravelVoucher, ?v[AE#hasVoucherBeneficiary->?b], ?b[AE#hasName->?cn], ?cn[AE#hasFirstName->?beneficiaryFirstName].","resultList":[{"result":[{"key":"?v","val":"VO_ab7981b3_cc23_46a0_a861_3266a6ce7c86_1503944163563_0"},{"key":"?b","val":"VO_ab7981b3_cc23_46a0_a861_3266a6ce7c86_1503944163563_11"},{"key":"?cn","val":"NO_68aeff8b_a5bf_4afd_9d3e_dcad03c6be0b_1503944169730_0"},{"key":"?beneficiaryFirstName","val":"kenneth"}]}]},{"query":"?- ?v:AE#VATravelVoucher, ?v[AE#hasVoucherBeneficiary->?b], ?b[AE#hasName->?cn], ?cn[AE#hasLastName->?beneficiaryLastName].","resultList":[{"result":[{"key":"?v","val":"VO_ab7981b3_cc23_46a0_a861_3266a6ce7c86_1503944163563_0"},{"key":"?b","val":"VO_ab7981b3_cc23_46a0_a861_3266a6ce7c86_1503944163563_11"},{"key":"?cn","val":"NO_68aeff8b_a5bf_4afd_9d3e_dcad03c6be0b_1503944169730_0"},{"key":"?beneficiaryLastName","val":"o_'_hara"}]}]},{"query":"?- ?v:AE#VATravelVoucher, ?v[AE#hasVoucherBeneficiary->?b], ?b[AE#hasSocialSecurityNumber->?s], ?s[label->?beneficiarySsn].","resultList":[{"result":[{"key":"?v","val":"VO_ab7981b3_cc23_46a0_a861_3266a6ce7c86_1503944163563_0"},{"key":"?b","val":"VO_ab7981b3_cc23_46a0_a861_3266a6ce7c86_1503944163563_11"},{"key":"?s","val":"VO_ab7981b3_cc23_46a0_a861_3266a6ce7c86_1503944163563_9"},{"key":"?beneficiarySsn","val":"183-54-4294"}]}]},{"query":"?- ?v:AE#VATravelVoucher, ?v[AE#hasVoucherBeneficiary->?b], ?b[AE#hasLiens->?beneficiaryHasLiens].","resultList":[{"result":[{"key":"?v","val":"VO_ab7981b3_cc23_46a0_a861_3266a6ce7c86_1503944163563_0"},{"key":"?b","val":"VO_ab7981b3_cc23_46a0_a861_3266a6ce7c86_1503944163563_11"},{"key":"?beneficiaryHasLiens","val":"AE#UnknownLienReport"}]}]},{"query":"?- ?v:AE#VATravelVoucher, ?v[AE#hasVoucherBeneficiary->?b], ?b[AE#hasDeclaredBankruptcy->?beneficiaryHasDeclaredBankruptcy].","resultList":[{"result":[{"key":"?v","val":"VO_ab7981b3_cc23_46a0_a861_3266a6ce7c86_1503944163563_0"},{"key":"?b","val":"VO_ab7981b3_cc23_46a0_a861_3266a6ce7c86_1503944163563_11"},{"key":"?beneficiaryHasDeclaredBankruptcy","val":"AE#NoBankruptcyReport"}]}]},{"query":"?- ?v:AE#VATravelVoucher, ?v[AE#hasVoucherBeneficiary->?b], ?b[AE#hasArrestRecord->?beneficiaryHasArrestRecord].","resultList":[{"result":[{"key":"?v","val":"VO_ab7981b3_cc23_46a0_a861_3266a6ce7c86_1503944163563_0"},{"key":"?b","val":"VO_ab7981b3_cc23_46a0_a861_3266a6ce7c86_1503944163563_11"},{"key":"?beneficiaryHasArrestRecord","val":"AE#NoArrestRecord"}]}]},{"query":"?- ?v:AE#VATravelVoucher, ?v[AE#hasVoucherBeneficiary->?b], ?b[AE#hasCriminalRecord->?beneficiaryHasCriminalRecord].","resultList":[{"result":[{"key":"?v","val":"VO_ab7981b3_cc23_46a0_a861_3266a6ce7c86_1503944163563_0"},{"key":"?b","val":"VO_ab7981b3_cc23_46a0_a861_3266a6ce7c86_1503944163563_11"},{"key":"?beneficiaryHasCriminalRecord","val":"AE#NoCriminalRecord"}]}]},{"query":"?- ?t:AE#Travelling, ?t[AE#hasPath->?p], ?p[AE#hasDistance->?d], ?d[AE#numericValue->?expectedDistanceValue], ?d[AE#hasUnitOfMeasure->?unitOfDistanceMeasure].","resultList":[{"result":[{"key":"?t","val":"VO_ab7981b3_cc23_46a0_a861_3266a6ce7c86_1503944163563_6"},{"key":"?p","val":"ES_d4dfeb72_6c00_4ef1_8ab1_65b0ceae4f24_1503944191641_4"},{"key":"?d","val":"ES_d4dfeb72_6c00_4ef1_8ab1_65b0ceae4f24_1503944191641_0"},{"key":"?expectedDistanceValue","val":"6961.9201414064955315552651882171630859375"},{"key":"?unitOfDistanceMeasure","val":"meters"}]}]},{"query":"?- ?t:AE#Travelling, ?t[AE#hasPath->?p], ?p[AE#hasExpectedTravelTime->?d], ?d[AE#numericValue->?expectedTimeValue], ?d[AE#hasUnitOfMeasure->?unitOfTimeMeasure].","resultList":[{"result":[{"key":"?t","val":"VO_ab7981b3_cc23_46a0_a861_3266a6ce7c86_1503944163563_6"},{"key":"?p","val":"ES_d4dfeb72_6c00_4ef1_8ab1_65b0ceae4f24_1503944191641_4"},{"key":"?d","val":"ES_d4dfeb72_6c00_4ef1_8ab1_65b0ceae4f24_1503944191641_2"},{"key":"?expectedTimeValue","val":"8.3535168296657502651214599609375"},{"key":"?unitOfTimeMeasure","val":"minutes"}]}]},{"query":"?- ?t:AE#Travelling, ?t[AE#hasDestination->?d], ?d[label->?destinationFullAddress].","resultList":[{"result":[{"key":"?t","val":"VO_ab7981b3_cc23_46a0_a861_3266a6ce7c86_1503944163563_7"},{"key":"?d","val":"VO_ab7981b3_cc23_46a0_a861_3266a6ce7c86_1503944163563_8"},{"key":"?destinationFullAddress","val":"2790 Truxton Road, Suite 130, San Diego, CA 92106"}]},{"result":[{"key":"?t","val":"VO_ab7981b3_cc23_46a0_a861_3266a6ce7c86_1503944163563_6"},{"key":"?d","val":"VO_ab7981b3_cc23_46a0_a861_3266a6ce7c86_1503944163563_5"},{"key":"?destinationFullAddress","val":"3534 Yosemite St, San Diego, CA 92109"}]}]},{"query":"?- ?t:AE#Travelling, ?t[AE#hasDestination->?d], ?d[AE#hasStreet->?s], ?s[label->?destinationStreetName], ?d[AE#hasCity->?c], ?c[label->?destinationCity], ?d[AE#hasState->?st], ?st[label->?destinationState], ?d[AE#hasZipcode->?destinationZipCode].","resultList":[{"result":[{"key":"?t","val":"VO_ab7981b3_cc23_46a0_a861_3266a6ce7c86_1503944163563_7"},{"key":"?d","val":"VO_ab7981b3_cc23_46a0_a861_3266a6ce7c86_1503944163563_8"},{"key":"?s","val":"NO_55b25de4_4872_48f3_b573_b81b5919b2a7_1503944173866_id5"},{"key":"?destinationStreetName","val":"2790 Truxton Road"},{"key":"?c","val":"NO_55b25de4_4872_48f3_b573_b81b5919b2a7_1503944173866_id11"},{"key":"?destinationCity","val":"San Diego"},{"key":"?st","val":"NO_55b25de4_4872_48f3_b573_b81b5919b2a7_1503944173866_id13"},{"key":"?destinationState","val":"CA"},{"key":"?destinationZipCode","val":"92106"}]},{"result":[{"key":"?t","val":"VO_ab7981b3_cc23_46a0_a861_3266a6ce7c86_1503944163563_6"},{"key":"?d","val":"VO_ab7981b3_cc23_46a0_a861_3266a6ce7c86_1503944163563_5"},{"key":"?s","val":"NO_16adde31_1b7e_4452_bccd_9d7265d39aeb_1503944175841_id3"},{"key":"?destinationStreetName","val":"3534 Yosemite St"},{"key":"?c","val":"NO_16adde31_1b7e_4452_bccd_9d7265d39aeb_1503944175841_id9"},{"key":"?destinationCity","val":"San Diego"},{"key":"?st","val":"NO_16adde31_1b7e_4452_bccd_9d7265d39aeb_1503944175841_id11"},{"key":"?destinationState","val":"CA"},{"key":"?destinationZipCode","val":"92109"}]}]},{"query":"?- ?t:AE#Travelling, ?t[AE#hasOrigin->?d], ?d[label->?originFullAddress].","resultList":[{"result":[{"key":"?t","val":"VO_ab7981b3_cc23_46a0_a861_3266a6ce7c86_1503944163563_7"},{"key":"?d","val":"VO_ab7981b3_cc23_46a0_a861_3266a6ce7c86_1503944163563_3"},{"key":"?originFullAddress","val":"7844 Homewood Pl. San Diego, CA 91942"}]},{"result":[{"key":"?t","val":"VO_ab7981b3_cc23_46a0_a861_3266a6ce7c86_1503944163563_6"},{"key":"?d","val":"VO_ab7981b3_cc23_46a0_a861_3266a6ce7c86_1503944163563_8"},{"key":"?originFullAddress","val":"2790 Truxton Road, Suite 130, San Diego, CA 92106"}]}]},{"query":"?- ?t:AE#Travelling, ?t[AE#hasOrigin->?d], ?d[AE#hasStreet->?s], ?s[label->?originStreetName], ?d[AE#hasCity->?c], ?c[label->?originCity], ?d[AE#hasState->?st], ?st[label->?originState], ?d[AE#hasZipcode->?originZipCode].","resultList":[{"result":[{"key":"?t","val":"VO_ab7981b3_cc23_46a0_a861_3266a6ce7c86_1503944163563_7"},{"key":"?d","val":"VO_ab7981b3_cc23_46a0_a861_3266a6ce7c86_1503944163563_3"},{"key":"?s","val":"NO_5c753d4c_f683_4255_9921_bb1d19a2d02b_1503944177926_id3"},{"key":"?originStreetName","val":"7844 Homewood Pl."},{"key":"?c","val":"NO_5c753d4c_f683_4255_9921_bb1d19a2d02b_1503944177926_id9"},{"key":"?originCity","val":"San Diego"},{"key":"?st","val":"NO_5c753d4c_f683_4255_9921_bb1d19a2d02b_1503944177926_id11"},{"key":"?originState","val":"CA"},{"key":"?originZipCode","val":"91942"}]},{"result":[{"key":"?t","val":"VO_ab7981b3_cc23_46a0_a861_3266a6ce7c86_1503944163563_6"},{"key":"?d","val":"VO_ab7981b3_cc23_46a0_a861_3266a6ce7c86_1503944163563_8"},{"key":"?s","val":"NO_55b25de4_4872_48f3_b573_b81b5919b2a7_1503944173866_id5"},{"key":"?originStreetName","val":"2790 Truxton Road"},{"key":"?c","val":"NO_55b25de4_4872_48f3_b573_b81b5919b2a7_1503944173866_id11"},{"key":"?originCity","val":"San Diego"},{"key":"?st","val":"NO_55b25de4_4872_48f3_b573_b81b5919b2a7_1503944173866_id13"},{"key":"?originState","val":"CA"},{"key":"?originZipCode","val":"92106"}]}]},{"query":"?- ?t:AE#Travelling, ?t[AE#hasPath->?p], ?p[AE#hasStartRegion->?s], ?s[AE#hasLatitude->?originLatitude], ?s[AE#hasLongitude->?originLongitude].","resultList":[{"result":[{"key":"?t","val":"VO_ab7981b3_cc23_46a0_a861_3266a6ce7c86_1503944163563_6"},{"key":"?p","val":"ES_d4dfeb72_6c00_4ef1_8ab1_65b0ceae4f24_1503944191641_4"},{"key":"?s","val":"ES_d4dfeb72_6c00_4ef1_8ab1_65b0ceae4f24_1503944191641_3"},{"key":"?originLatitude","val":"32.74051839275188058309140615165233612060546875"},{"key":"?originLongitude","val":"-117.2130215001728856805129908025264739990234375"}]}]},{"query":"?- ?t:AE#Travelling, ?t[AE#hasPath->?p], ?p[AE#hasEndRegion->?e], ?e[AE#hasLatitude->?destinationLatitude], ?e[AE#hasLongitude->?destinationLongitude].","resultList":[{"result":[{"key":"?t","val":"VO_ab7981b3_cc23_46a0_a861_3266a6ce7c86_1503944163563_6"},{"key":"?p","val":"ES_d4dfeb72_6c00_4ef1_8ab1_65b0ceae4f24_1503944191641_4"},{"key":"?e","val":"ES_d4dfeb72_6c00_4ef1_8ab1_65b0ceae4f24_1503944191641_1"},{"key":"?destinationLatitude","val":"32.78365480766343154073183541186153888702392578125"},{"key":"?destinationLongitude","val":"-117.235724158635690628216252662241458892822265625"}]}]}]}
