{"dataList":[{"query":"?- ?v:AE#VATravelVoucher, ?v[AE#hasVoucherClaimant->?c], ?c[AE#hasName->?cn], ?cn[label->?claimantFullName].","resultList":[{"result":[{"key":"?v","val":"VO_a3e8f501_a09f_42f9_a5d2_f8f53cec204f_1503939526858_0"},{"key":"?c","val":"VO_a3e8f501_a09f_42f9_a5d2_f8f53cec204f_1503939526858_2"},{"key":"?cn","val":"VO_a3e8f501_a09f_42f9_a5d2_f8f53cec204f_1503939526858_1"},{"key":"?claimantFullName","val":"Richard Robert Martinez"}]},{"result":[{"key":"?v","val":"VO_a3e8f501_a09f_42f9_a5d2_f8f53cec204f_1503939526858_0"},{"key":"?c","val":"VO_a3e8f501_a09f_42f9_a5d2_f8f53cec204f_1503939526858_2"},{"key":"?cn","val":"NO_5b05b258_47f4_4fb4_b9e4_27f2cbc7e954_1503939534729_0"},{"key":"?claimantFullName","val":"Richard Robert Martinez"}]}]},{"query":"?- ?v:AE#VATravelVoucher, ?v[AE#hasVoucherClaimant->?c], ?c[AE#hasName->?cn], ?cn[AE#hasFirstName->?claimantFirstName].","resultList":[{"result":[{"key":"?v","val":"VO_a3e8f501_a09f_42f9_a5d2_f8f53cec204f_1503939526858_0"},{"key":"?c","val":"VO_a3e8f501_a09f_42f9_a5d2_f8f53cec204f_1503939526858_2"},{"key":"?cn","val":"NO_5b05b258_47f4_4fb4_b9e4_27f2cbc7e954_1503939534729_0"},{"key":"?claimantFirstName","val":"richard"}]}]},{"query":"?- ?v:AE#VATravelVoucher, ?v[AE#hasVoucherClaimant->?c], ?c[AE#hasName->?cn], ?cn[AE#hasLastName->?claimantLastName].","resultList":[{"result":[{"key":"?v","val":"VO_a3e8f501_a09f_42f9_a5d2_f8f53cec204f_1503939526858_0"},{"key":"?c","val":"VO_a3e8f501_a09f_42f9_a5d2_f8f53cec204f_1503939526858_2"},{"key":"?cn","val":"NO_5b05b258_47f4_4fb4_b9e4_27f2cbc7e954_1503939534729_0"},{"key":"?claimantLastName","val":"martinez"}]}]},{"query":"?- ?v:AE#VATravelVoucher, ?v[AE#hasVoucherClaimant->?c], ?c[AE#hasSocialSecurityNumber->?s], ?s[label->?claimantSsn].","resultList":[{"result":[{"key":"?v","val":"VO_a3e8f501_a09f_42f9_a5d2_f8f53cec204f_1503939526858_0"},{"key":"?c","val":"VO_a3e8f501_a09f_42f9_a5d2_f8f53cec204f_1503939526858_2"},{"key":"?s","val":"VO_a3e8f501_a09f_42f9_a5d2_f8f53cec204f_1503939526858_12"},{"key":"?claimantSsn","val":"177-95-9067"}]}]},{"query":"?- ?v:AE#VATravelVoucher, ?v[AE#hasVoucherClaimant->?c], ?c[AE#hasLiens->?claimantHasLiens].","resultList":[{"result":[{"key":"?v","val":"VO_a3e8f501_a09f_42f9_a5d2_f8f53cec204f_1503939526858_0"},{"key":"?c","val":"VO_a3e8f501_a09f_42f9_a5d2_f8f53cec204f_1503939526858_2"},{"key":"?claimantHasLiens","val":"AE#NoLienReport"}]}]},{"query":"?- ?v:AE#VATravelVoucher, ?v[AE#hasVoucherClaimant->?c], ?c[AE#hasDeclaredBankruptcy->?claimantHasDeclaredBankruptcy].","resultList":[{"result":[{"key":"?v","val":"VO_a3e8f501_a09f_42f9_a5d2_f8f53cec204f_1503939526858_0"},{"key":"?c","val":"VO_a3e8f501_a09f_42f9_a5d2_f8f53cec204f_1503939526858_2"},{"key":"?claimantHasDeclaredBankruptcy","val":"AE#NoBankruptcyReport"}]}]},{"query":"?- ?v:AE#VATravelVoucher, ?v[AE#hasVoucherClaimant->?c], ?c[AE#hasArrestRecord->?claimantHasArrestRecord].","resultList":[{"result":[{"key":"?v","val":"VO_a3e8f501_a09f_42f9_a5d2_f8f53cec204f_1503939526858_0"},{"key":"?c","val":"VO_a3e8f501_a09f_42f9_a5d2_f8f53cec204f_1503939526858_2"},{"key":"?claimantHasArrestRecord","val":"AE#NoArrestRecord"}]}]},{"query":"?- ?v:AE#VATravelVoucher, ?v[AE#hasVoucherClaimant->?c], ?c[AE#hasCriminalRecord->?claimantHasCriminalRecord].","resultList":[{"result":[{"key":"?v","val":"VO_a3e8f501_a09f_42f9_a5d2_f8f53cec204f_1503939526858_0"},{"key":"?c","val":"VO_a3e8f501_a09f_42f9_a5d2_f8f53cec204f_1503939526858_2"},{"key":"?claimantHasCriminalRecord","val":"AE#NoCriminalRecord"}]}]},{"query":"?- ?v:AE#VATravelVoucher, ?v[AE#hasVoucherBeneficiary->?b], ?b[AE#hasName->?cn], ?cn[label->?beneficiaryFullName].","resultList":[{"result":[{"key":"?v","val":"VO_a3e8f501_a09f_42f9_a5d2_f8f53cec204f_1503939526858_0"},{"key":"?b","val":"VO_a3e8f501_a09f_42f9_a5d2_f8f53cec204f_1503939526858_11"},{"key":"?cn","val":"VO_a3e8f501_a09f_42f9_a5d2_f8f53cec204f_1503939526858_10"},{"key":"?beneficiaryFullName","val":"Richard Robert Martinez"}]},{"result":[{"key":"?v","val":"VO_a3e8f501_a09f_42f9_a5d2_f8f53cec204f_1503939526858_0"},{"key":"?b","val":"VO_a3e8f501_a09f_42f9_a5d2_f8f53cec204f_1503939526858_11"},{"key":"?cn","val":"NO_355d01eb_96ba_43a6_aa2c_04bea7d7f4d7_1503939532721_0"},{"key":"?beneficiaryFullName","val":"Richard Robert Martinez"}]}]},{"query":"?- ?v:AE#VATravelVoucher, ?v[AE#hasVoucherBeneficiary->?b], ?b[AE#hasName->?cn], ?cn[AE#hasFirstName->?beneficiaryFirstName].","resultList":[{"result":[{"key":"?v","val":"VO_a3e8f501_a09f_42f9_a5d2_f8f53cec204f_1503939526858_0"},{"key":"?b","val":"VO_a3e8f501_a09f_42f9_a5d2_f8f53cec204f_1503939526858_11"},{"key":"?cn","val":"NO_355d01eb_96ba_43a6_aa2c_04bea7d7f4d7_1503939532721_0"},{"key":"?beneficiaryFirstName","val":"richard"}]}]},{"query":"?- ?v:AE#VATravelVoucher, ?v[AE#hasVoucherBeneficiary->?b], ?b[AE#hasName->?cn], ?cn[AE#hasLastName->?beneficiaryLastName].","resultList":[{"result":[{"key":"?v","val":"VO_a3e8f501_a09f_42f9_a5d2_f8f53cec204f_1503939526858_0"},{"key":"?b","val":"VO_a3e8f501_a09f_42f9_a5d2_f8f53cec204f_1503939526858_11"},{"key":"?cn","val":"NO_355d01eb_96ba_43a6_aa2c_04bea7d7f4d7_1503939532721_0"},{"key":"?beneficiaryLastName","val":"martinez"}]}]},{"query":"?- ?v:AE#VATravelVoucher, ?v[AE#hasVoucherBeneficiary->?b], ?b[AE#hasSocialSecurityNumber->?s], ?s[label->?beneficiarySsn].","resultList":[{"result":[{"key":"?v","val":"VO_a3e8f501_a09f_42f9_a5d2_f8f53cec204f_1503939526858_0"},{"key":"?b","val":"VO_a3e8f501_a09f_42f9_a5d2_f8f53cec204f_1503939526858_11"},{"key":"?s","val":"VO_a3e8f501_a09f_42f9_a5d2_f8f53cec204f_1503939526858_9"},{"key":"?beneficiarySsn","val":"177-95-9067"}]}]},{"query":"?- ?v:AE#VATravelVoucher, ?v[AE#hasVoucherBeneficiary->?b], ?b[AE#hasLiens->?beneficiaryHasLiens].","resultList":[{"result":[{"key":"?v","val":"VO_a3e8f501_a09f_42f9_a5d2_f8f53cec204f_1503939526858_0"},{"key":"?b","val":"VO_a3e8f501_a09f_42f9_a5d2_f8f53cec204f_1503939526858_11"},{"key":"?beneficiaryHasLiens","val":"AE#NoLienReport"}]}]},{"query":"?- ?v:AE#VATravelVoucher, ?v[AE#hasVoucherBeneficiary->?b], ?b[AE#hasDeclaredBankruptcy->?beneficiaryHasDeclaredBankruptcy].","resultList":[{"result":[{"key":"?v","val":"VO_a3e8f501_a09f_42f9_a5d2_f8f53cec204f_1503939526858_0"},{"key":"?b","val":"VO_a3e8f501_a09f_42f9_a5d2_f8f53cec204f_1503939526858_11"},{"key":"?beneficiaryHasDeclaredBankruptcy","val":"AE#NoBankruptcyReport"}]}]},{"query":"?- ?v:AE#VATravelVoucher, ?v[AE#hasVoucherBeneficiary->?b], ?b[AE#hasArrestRecord->?beneficiaryHasArrestRecord].","resultList":[{"result":[{"key":"?v","val":"VO_a3e8f501_a09f_42f9_a5d2_f8f53cec204f_1503939526858_0"},{"key":"?b","val":"VO_a3e8f501_a09f_42f9_a5d2_f8f53cec204f_1503939526858_11"},{"key":"?beneficiaryHasArrestRecord","val":"AE#NoArrestRecord"}]}]},{"query":"?- ?v:AE#VATravelVoucher, ?v[AE#hasVoucherBeneficiary->?b], ?b[AE#hasCriminalRecord->?beneficiaryHasCriminalRecord].","resultList":[{"result":[{"key":"?v","val":"VO_a3e8f501_a09f_42f9_a5d2_f8f53cec204f_1503939526858_0"},{"key":"?b","val":"VO_a3e8f501_a09f_42f9_a5d2_f8f53cec204f_1503939526858_11"},{"key":"?beneficiaryHasCriminalRecord","val":"AE#NoCriminalRecord"}]}]},{"query":"?- ?t:AE#Travelling, ?t[AE#hasPath->?p], ?p[AE#hasDistance->?d], ?d[AE#numericValue->?expectedDistanceValue], ?d[AE#hasUnitOfMeasure->?unitOfDistanceMeasure].","resultList":[{"result":[{"key":"?t","val":"VO_a3e8f501_a09f_42f9_a5d2_f8f53cec204f_1503939526858_6"},{"key":"?p","val":"ES_a15463e2_555e_45be_9a91_28ee62f06b16_1503939555351_4"},{"key":"?d","val":"ES_a15463e2_555e_45be_9a91_28ee62f06b16_1503939555351_0"},{"key":"?expectedDistanceValue","val":"15330.856803731336185592226684093475341796875"},{"key":"?unitOfDistanceMeasure","val":"meters"}]}]},{"query":"?- ?t:AE#Travelling, ?t[AE#hasPath->?p], ?p[AE#hasExpectedTravelTime->?d], ?d[AE#numericValue->?expectedTimeValue], ?d[AE#hasUnitOfMeasure->?unitOfTimeMeasure].","resultList":[{"result":[{"key":"?t","val":"VO_a3e8f501_a09f_42f9_a5d2_f8f53cec204f_1503939526858_6"},{"key":"?p","val":"ES_a15463e2_555e_45be_9a91_28ee62f06b16_1503939555351_4"},{"key":"?d","val":"ES_a15463e2_555e_45be_9a91_28ee62f06b16_1503939555351_2"},{"key":"?expectedTimeValue","val":"11.192439333535730838775634765625"},{"key":"?unitOfTimeMeasure","val":"minutes"}]}]},{"query":"?- ?t:AE#Travelling, ?t[AE#hasDestination->?d], ?d[label->?destinationFullAddress].","resultList":[{"result":[{"key":"?t","val":"VO_a3e8f501_a09f_42f9_a5d2_f8f53cec204f_1503939526858_7"},{"key":"?d","val":"VO_a3e8f501_a09f_42f9_a5d2_f8f53cec204f_1503939526858_8"},{"key":"?destinationFullAddress","val":"2790 Truxton Road, Suite 130, San Diego, CA 92106"}]},{"result":[{"key":"?t","val":"VO_a3e8f501_a09f_42f9_a5d2_f8f53cec204f_1503939526858_6"},{"key":"?d","val":"VO_a3e8f501_a09f_42f9_a5d2_f8f53cec204f_1503939526858_5"},{"key":"?destinationFullAddress","val":"7401 W. Clay Street San Diego, CA 92105"}]}]},{"query":"?- ?t:AE#Travelling, ?t[AE#hasDestination->?d], ?d[AE#hasStreet->?s], ?s[label->?destinationStreetName], ?d[AE#hasCity->?c], ?c[label->?destinationCity], ?d[AE#hasState->?st], ?st[label->?destinationState], ?d[AE#hasZipcode->?destinationZipCode].","resultList":[{"result":[{"key":"?t","val":"VO_a3e8f501_a09f_42f9_a5d2_f8f53cec204f_1503939526858_7"},{"key":"?d","val":"VO_a3e8f501_a09f_42f9_a5d2_f8f53cec204f_1503939526858_8"},{"key":"?s","val":"NO_5ae0e764_a7e9_415d_8a02_1cfba4de0689_1503939536710_id5"},{"key":"?destinationStreetName","val":"2790 Truxton Road"},{"key":"?c","val":"NO_5ae0e764_a7e9_415d_8a02_1cfba4de0689_1503939536710_id11"},{"key":"?destinationCity","val":"San Diego"},{"key":"?st","val":"NO_5ae0e764_a7e9_415d_8a02_1cfba4de0689_1503939536710_id13"},{"key":"?destinationState","val":"CA"},{"key":"?destinationZipCode","val":"92106"}]},{"result":[{"key":"?t","val":"VO_a3e8f501_a09f_42f9_a5d2_f8f53cec204f_1503939526858_6"},{"key":"?d","val":"VO_a3e8f501_a09f_42f9_a5d2_f8f53cec204f_1503939526858_5"},{"key":"?s","val":"NO_9be3d3ce_a2c8_4756_a10e_e9230de863d8_1503939539050_id3"},{"key":"?destinationStreetName","val":"7401 W. Clay Street"},{"key":"?c","val":"NO_9be3d3ce_a2c8_4756_a10e_e9230de863d8_1503939539050_id9"},{"key":"?destinationCity","val":"San Diego"},{"key":"?st","val":"NO_9be3d3ce_a2c8_4756_a10e_e9230de863d8_1503939539050_id11"},{"key":"?destinationState","val":"CA"},{"key":"?destinationZipCode","val":"92105"}]}]},{"query":"?- ?t:AE#Travelling, ?t[AE#hasOrigin->?d], ?d[label->?originFullAddress].","resultList":[{"result":[{"key":"?t","val":"VO_a3e8f501_a09f_42f9_a5d2_f8f53cec204f_1503939526858_7"},{"key":"?d","val":"VO_a3e8f501_a09f_42f9_a5d2_f8f53cec204f_1503939526858_3"},{"key":"?originFullAddress","val":"7401 W. Clay Street San Diego, CA 92105"}]},{"result":[{"key":"?t","val":"VO_a3e8f501_a09f_42f9_a5d2_f8f53cec204f_1503939526858_6"},{"key":"?d","val":"VO_a3e8f501_a09f_42f9_a5d2_f8f53cec204f_1503939526858_8"},{"key":"?originFullAddress","val":"2790 Truxton Road, Suite 130, San Diego, CA 92106"}]}]},{"query":"?- ?t:AE#Travelling, ?t[AE#hasOrigin->?d], ?d[AE#hasStreet->?s], ?s[label->?originStreetName], ?d[AE#hasCity->?c], ?c[label->?originCity], ?d[AE#hasState->?st], ?st[label->?originState], ?d[AE#hasZipcode->?originZipCode].","resultList":[{"result":[{"key":"?t","val":"VO_a3e8f501_a09f_42f9_a5d2_f8f53cec204f_1503939526858_7"},{"key":"?d","val":"VO_a3e8f501_a09f_42f9_a5d2_f8f53cec204f_1503939526858_3"},{"key":"?s","val":"NO_db7c8fcb_3a82_403d_91b7_714ec4200882_1503939541580_id3"},{"key":"?originStreetName","val":"7401 W. Clay Street"},{"key":"?c","val":"NO_db7c8fcb_3a82_403d_91b7_714ec4200882_1503939541580_id9"},{"key":"?originCity","val":"San Diego"},{"key":"?st","val":"NO_db7c8fcb_3a82_403d_91b7_714ec4200882_1503939541580_id11"},{"key":"?originState","val":"CA"},{"key":"?originZipCode","val":"92105"}]},{"result":[{"key":"?t","val":"VO_a3e8f501_a09f_42f9_a5d2_f8f53cec204f_1503939526858_6"},{"key":"?d","val":"VO_a3e8f501_a09f_42f9_a5d2_f8f53cec204f_1503939526858_8"},{"key":"?s","val":"NO_5ae0e764_a7e9_415d_8a02_1cfba4de0689_1503939536710_id5"},{"key":"?originStreetName","val":"2790 Truxton Road"},{"key":"?c","val":"NO_5ae0e764_a7e9_415d_8a02_1cfba4de0689_1503939536710_id11"},{"key":"?originCity","val":"San Diego"},{"key":"?st","val":"NO_5ae0e764_a7e9_415d_8a02_1cfba4de0689_1503939536710_id13"},{"key":"?originState","val":"CA"},{"key":"?originZipCode","val":"92106"}]}]},{"query":"?- ?t:AE#Travelling, ?t[AE#hasPath->?p], ?p[AE#hasStartRegion->?s], ?s[AE#hasLatitude->?originLatitude], ?s[AE#hasLongitude->?originLongitude].","resultList":[{"result":[{"key":"?t","val":"VO_a3e8f501_a09f_42f9_a5d2_f8f53cec204f_1503939526858_6"},{"key":"?p","val":"ES_a15463e2_555e_45be_9a91_28ee62f06b16_1503939555351_4"},{"key":"?s","val":"ES_a15463e2_555e_45be_9a91_28ee62f06b16_1503939555351_3"},{"key":"?originLatitude","val":"32.74051839275188058309140615165233612060546875"},{"key":"?originLongitude","val":"-117.2130215001728856805129908025264739990234375"}]}]},{"query":"?- ?t:AE#Travelling, ?t[AE#hasPath->?p], ?p[AE#hasEndRegion->?e], ?e[AE#hasLatitude->?destinationLatitude], ?e[AE#hasLongitude->?destinationLongitude].","resultList":[{"result":[{"key":"?t","val":"VO_a3e8f501_a09f_42f9_a5d2_f8f53cec204f_1503939526858_6"},{"key":"?p","val":"ES_a15463e2_555e_45be_9a91_28ee62f06b16_1503939555351_4"},{"key":"?e","val":"ES_a15463e2_555e_45be_9a91_28ee62f06b16_1503939555351_1"},{"key":"?destinationLatitude","val":"32.7494972000000643674866296350955963134765625"},{"key":"?destinationLongitude","val":"-117.1046149000000013984390534460544586181640625"}]}]}]}
