{"dataList":[{"query":"?- ?v:AE#VATravelVoucher, ?v[AE#hasVoucherClaimant->?c], ?c[AE#hasName->?cn], ?cn[label->?claimantFullName].","resultList":[{"result":[{"key":"?v","val":"VO_aca7a37b_e1e4_464c_ad28_ee33d94ee37d_1503942857708_0"},{"key":"?c","val":"VO_aca7a37b_e1e4_464c_ad28_ee33d94ee37d_1503942857708_2"},{"key":"?cn","val":"VO_aca7a37b_e1e4_464c_ad28_ee33d94ee37d_1503942857708_1"},{"key":"?claimantFullName","val":"Stephen L. Kuntz"}]},{"result":[{"key":"?v","val":"VO_aca7a37b_e1e4_464c_ad28_ee33d94ee37d_1503942857708_0"},{"key":"?c","val":"VO_aca7a37b_e1e4_464c_ad28_ee33d94ee37d_1503942857708_2"},{"key":"?cn","val":"NO_fdab51bd_2dd3_49a9_9c0b_f2afeae4dce6_1503942865100_0"},{"key":"?claimantFullName","val":"Stephen L. Kuntz"}]}]},{"query":"?- ?v:AE#VATravelVoucher, ?v[AE#hasVoucherClaimant->?c], ?c[AE#hasName->?cn], ?cn[AE#hasFirstName->?claimantFirstName].","resultList":[{"result":[{"key":"?v","val":"VO_aca7a37b_e1e4_464c_ad28_ee33d94ee37d_1503942857708_0"},{"key":"?c","val":"VO_aca7a37b_e1e4_464c_ad28_ee33d94ee37d_1503942857708_2"},{"key":"?cn","val":"NO_fdab51bd_2dd3_49a9_9c0b_f2afeae4dce6_1503942865100_0"},{"key":"?claimantFirstName","val":"stephen"}]}]},{"query":"?- ?v:AE#VATravelVoucher, ?v[AE#hasVoucherClaimant->?c], ?c[AE#hasName->?cn], ?cn[AE#hasLastName->?claimantLastName].","resultList":[{"result":[{"key":"?v","val":"VO_aca7a37b_e1e4_464c_ad28_ee33d94ee37d_1503942857708_0"},{"key":"?c","val":"VO_aca7a37b_e1e4_464c_ad28_ee33d94ee37d_1503942857708_2"},{"key":"?cn","val":"NO_fdab51bd_2dd3_49a9_9c0b_f2afeae4dce6_1503942865100_0"},{"key":"?claimantLastName","val":"kuntz"}]}]},{"query":"?- ?v:AE#VATravelVoucher, ?v[AE#hasVoucherClaimant->?c], ?c[AE#hasSocialSecurityNumber->?s], ?s[label->?claimantSsn].","resultList":[{"result":[{"key":"?v","val":"VO_aca7a37b_e1e4_464c_ad28_ee33d94ee37d_1503942857708_0"},{"key":"?c","val":"VO_aca7a37b_e1e4_464c_ad28_ee33d94ee37d_1503942857708_2"},{"key":"?s","val":"VO_aca7a37b_e1e4_464c_ad28_ee33d94ee37d_1503942857708_12"},{"key":"?claimantSsn","val":"720-85-3820"}]}]},{"query":"?- ?v:AE#VATravelVoucher, ?v[AE#hasVoucherClaimant->?c], ?c[AE#hasLiens->?claimantHasLiens].","resultList":[{"result":[{"key":"?v","val":"VO_aca7a37b_e1e4_464c_ad28_ee33d94ee37d_1503942857708_0"},{"key":"?c","val":"VO_aca7a37b_e1e4_464c_ad28_ee33d94ee37d_1503942857708_2"},{"key":"?claimantHasLiens","val":"AE#NoLienReport"}]}]},{"query":"?- ?v:AE#VATravelVoucher, ?v[AE#hasVoucherClaimant->?c], ?c[AE#hasDeclaredBankruptcy->?claimantHasDeclaredBankruptcy].","resultList":[{"result":[{"key":"?v","val":"VO_aca7a37b_e1e4_464c_ad28_ee33d94ee37d_1503942857708_0"},{"key":"?c","val":"VO_aca7a37b_e1e4_464c_ad28_ee33d94ee37d_1503942857708_2"},{"key":"?claimantHasDeclaredBankruptcy","val":"AE#NoBankruptcyReport"}]}]},{"query":"?- ?v:AE#VATravelVoucher, ?v[AE#hasVoucherClaimant->?c], ?c[AE#hasArrestRecord->?claimantHasArrestRecord].","resultList":[{"result":[{"key":"?v","val":"VO_aca7a37b_e1e4_464c_ad28_ee33d94ee37d_1503942857708_0"},{"key":"?c","val":"VO_aca7a37b_e1e4_464c_ad28_ee33d94ee37d_1503942857708_2"},{"key":"?claimantHasArrestRecord","val":"AE#NoArrestRecord"}]}]},{"query":"?- ?v:AE#VATravelVoucher, ?v[AE#hasVoucherClaimant->?c], ?c[AE#hasCriminalRecord->?claimantHasCriminalRecord].","resultList":[{"result":[{"key":"?v","val":"VO_aca7a37b_e1e4_464c_ad28_ee33d94ee37d_1503942857708_0"},{"key":"?c","val":"VO_aca7a37b_e1e4_464c_ad28_ee33d94ee37d_1503942857708_2"},{"key":"?claimantHasCriminalRecord","val":"AE#NoCriminalRecord"}]}]},{"query":"?- ?v:AE#VATravelVoucher, ?v[AE#hasVoucherBeneficiary->?b], ?b[AE#hasName->?cn], ?cn[label->?beneficiaryFullName].","resultList":[{"result":[{"key":"?v","val":"VO_aca7a37b_e1e4_464c_ad28_ee33d94ee37d_1503942857708_0"},{"key":"?b","val":"VO_aca7a37b_e1e4_464c_ad28_ee33d94ee37d_1503942857708_11"},{"key":"?cn","val":"VO_aca7a37b_e1e4_464c_ad28_ee33d94ee37d_1503942857708_10"},{"key":"?beneficiaryFullName","val":"Stephen L. Kuntz"}]},{"result":[{"key":"?v","val":"VO_aca7a37b_e1e4_464c_ad28_ee33d94ee37d_1503942857708_0"},{"key":"?b","val":"VO_aca7a37b_e1e4_464c_ad28_ee33d94ee37d_1503942857708_11"},{"key":"?cn","val":"NO_58f0738d_9798_48c0_b10c_def0bee34ff2_1503942863066_0"},{"key":"?beneficiaryFullName","val":"Stephen L. Kuntz"}]}]},{"query":"?- ?v:AE#VATravelVoucher, ?v[AE#hasVoucherBeneficiary->?b], ?b[AE#hasName->?cn], ?cn[AE#hasFirstName->?beneficiaryFirstName].","resultList":[{"result":[{"key":"?v","val":"VO_aca7a37b_e1e4_464c_ad28_ee33d94ee37d_1503942857708_0"},{"key":"?b","val":"VO_aca7a37b_e1e4_464c_ad28_ee33d94ee37d_1503942857708_11"},{"key":"?cn","val":"NO_58f0738d_9798_48c0_b10c_def0bee34ff2_1503942863066_0"},{"key":"?beneficiaryFirstName","val":"stephen"}]}]},{"query":"?- ?v:AE#VATravelVoucher, ?v[AE#hasVoucherBeneficiary->?b], ?b[AE#hasName->?cn], ?cn[AE#hasLastName->?beneficiaryLastName].","resultList":[{"result":[{"key":"?v","val":"VO_aca7a37b_e1e4_464c_ad28_ee33d94ee37d_1503942857708_0"},{"key":"?b","val":"VO_aca7a37b_e1e4_464c_ad28_ee33d94ee37d_1503942857708_11"},{"key":"?cn","val":"NO_58f0738d_9798_48c0_b10c_def0bee34ff2_1503942863066_0"},{"key":"?beneficiaryLastName","val":"kuntz"}]}]},{"query":"?- ?v:AE#VATravelVoucher, ?v[AE#hasVoucherBeneficiary->?b], ?b[AE#hasSocialSecurityNumber->?s], ?s[label->?beneficiarySsn].","resultList":[{"result":[{"key":"?v","val":"VO_aca7a37b_e1e4_464c_ad28_ee33d94ee37d_1503942857708_0"},{"key":"?b","val":"VO_aca7a37b_e1e4_464c_ad28_ee33d94ee37d_1503942857708_11"},{"key":"?s","val":"VO_aca7a37b_e1e4_464c_ad28_ee33d94ee37d_1503942857708_9"},{"key":"?beneficiarySsn","val":"720-85-3820"}]}]},{"query":"?- ?v:AE#VATravelVoucher, ?v[AE#hasVoucherBeneficiary->?b], ?b[AE#hasLiens->?beneficiaryHasLiens].","resultList":[{"result":[{"key":"?v","val":"VO_aca7a37b_e1e4_464c_ad28_ee33d94ee37d_1503942857708_0"},{"key":"?b","val":"VO_aca7a37b_e1e4_464c_ad28_ee33d94ee37d_1503942857708_11"},{"key":"?beneficiaryHasLiens","val":"AE#NoLienReport"}]}]},{"query":"?- ?v:AE#VATravelVoucher, ?v[AE#hasVoucherBeneficiary->?b], ?b[AE#hasDeclaredBankruptcy->?beneficiaryHasDeclaredBankruptcy].","resultList":[{"result":[{"key":"?v","val":"VO_aca7a37b_e1e4_464c_ad28_ee33d94ee37d_1503942857708_0"},{"key":"?b","val":"VO_aca7a37b_e1e4_464c_ad28_ee33d94ee37d_1503942857708_11"},{"key":"?beneficiaryHasDeclaredBankruptcy","val":"AE#NoBankruptcyReport"}]}]},{"query":"?- ?v:AE#VATravelVoucher, ?v[AE#hasVoucherBeneficiary->?b], ?b[AE#hasArrestRecord->?beneficiaryHasArrestRecord].","resultList":[{"result":[{"key":"?v","val":"VO_aca7a37b_e1e4_464c_ad28_ee33d94ee37d_1503942857708_0"},{"key":"?b","val":"VO_aca7a37b_e1e4_464c_ad28_ee33d94ee37d_1503942857708_11"},{"key":"?beneficiaryHasArrestRecord","val":"AE#NoArrestRecord"}]}]},{"query":"?- ?v:AE#VATravelVoucher, ?v[AE#hasVoucherBeneficiary->?b], ?b[AE#hasCriminalRecord->?beneficiaryHasCriminalRecord].","resultList":[{"result":[{"key":"?v","val":"VO_aca7a37b_e1e4_464c_ad28_ee33d94ee37d_1503942857708_0"},{"key":"?b","val":"VO_aca7a37b_e1e4_464c_ad28_ee33d94ee37d_1503942857708_11"},{"key":"?beneficiaryHasCriminalRecord","val":"AE#NoCriminalRecord"}]}]},{"query":"?- ?t:AE#Travelling, ?t[AE#hasPath->?p], ?p[AE#hasDistance->?d], ?d[AE#numericValue->?expectedDistanceValue], ?d[AE#hasUnitOfMeasure->?unitOfDistanceMeasure].","resultList":[{"result":[{"key":"?t","val":"VO_aca7a37b_e1e4_464c_ad28_ee33d94ee37d_1503942857708_6"},{"key":"?p","val":"ES_3eed2629_e952_4df9_96b4_30b1dceb2bfc_1503942882895_4"},{"key":"?d","val":"ES_3eed2629_e952_4df9_96b4_30b1dceb2bfc_1503942882895_0"},{"key":"?expectedDistanceValue","val":"8678.18399626895916298963129520416259765625"},{"key":"?unitOfDistanceMeasure","val":"meters"}]}]},{"query":"?- ?t:AE#Travelling, ?t[AE#hasPath->?p], ?p[AE#hasExpectedTravelTime->?d], ?d[AE#numericValue->?expectedTimeValue], ?d[AE#hasUnitOfMeasure->?unitOfTimeMeasure].","resultList":[{"result":[{"key":"?t","val":"VO_aca7a37b_e1e4_464c_ad28_ee33d94ee37d_1503942857708_6"},{"key":"?p","val":"ES_3eed2629_e952_4df9_96b4_30b1dceb2bfc_1503942882895_4"},{"key":"?d","val":"ES_3eed2629_e952_4df9_96b4_30b1dceb2bfc_1503942882895_2"},{"key":"?expectedTimeValue","val":"9.55588896875269711017608642578125"},{"key":"?unitOfTimeMeasure","val":"minutes"}]}]},{"query":"?- ?t:AE#Travelling, ?t[AE#hasDestination->?d], ?d[label->?destinationFullAddress].","resultList":[{"result":[{"key":"?t","val":"VO_aca7a37b_e1e4_464c_ad28_ee33d94ee37d_1503942857708_7"},{"key":"?d","val":"VO_aca7a37b_e1e4_464c_ad28_ee33d94ee37d_1503942857708_8"},{"key":"?destinationFullAddress","val":"2790 Truxton Road, Suite 130, San Diego, CA 92106"}]},{"result":[{"key":"?t","val":"VO_aca7a37b_e1e4_464c_ad28_ee33d94ee37d_1503942857708_6"},{"key":"?d","val":"VO_aca7a37b_e1e4_464c_ad28_ee33d94ee37d_1503942857708_5"},{"key":"?destinationFullAddress","val":"2570 Burgener Blvd, San Diego, CA 92110"}]}]},{"query":"?- ?t:AE#Travelling, ?t[AE#hasDestination->?d], ?d[AE#hasStreet->?s], ?s[label->?destinationStreetName], ?d[AE#hasCity->?c], ?c[label->?destinationCity], ?d[AE#hasState->?st], ?st[label->?destinationState], ?d[AE#hasZipcode->?destinationZipCode].","resultList":[{"result":[{"key":"?t","val":"VO_aca7a37b_e1e4_464c_ad28_ee33d94ee37d_1503942857708_7"},{"key":"?d","val":"VO_aca7a37b_e1e4_464c_ad28_ee33d94ee37d_1503942857708_8"},{"key":"?s","val":"NO_1f8d713b_ca22_4401_8dd2_72f61c871bd3_1503942866921_id5"},{"key":"?destinationStreetName","val":"2790 Truxton Road"},{"key":"?c","val":"NO_1f8d713b_ca22_4401_8dd2_72f61c871bd3_1503942866921_id11"},{"key":"?destinationCity","val":"San Diego"},{"key":"?st","val":"NO_1f8d713b_ca22_4401_8dd2_72f61c871bd3_1503942866921_id13"},{"key":"?destinationState","val":"CA"},{"key":"?destinationZipCode","val":"92106"}]},{"result":[{"key":"?t","val":"VO_aca7a37b_e1e4_464c_ad28_ee33d94ee37d_1503942857708_6"},{"key":"?d","val":"VO_aca7a37b_e1e4_464c_ad28_ee33d94ee37d_1503942857708_5"},{"key":"?s","val":"NO_9bbc2a80_bb6b_49c5_9f69_a6b96a3dbca6_1503942868773_id3"},{"key":"?destinationStreetName","val":"2570 Burgener Blvd"},{"key":"?c","val":"NO_9bbc2a80_bb6b_49c5_9f69_a6b96a3dbca6_1503942868773_id9"},{"key":"?destinationCity","val":"San Diego"},{"key":"?st","val":"NO_9bbc2a80_bb6b_49c5_9f69_a6b96a3dbca6_1503942868773_id11"},{"key":"?destinationState","val":"CA"},{"key":"?destinationZipCode","val":"92110"}]}]},{"query":"?- ?t:AE#Travelling, ?t[AE#hasOrigin->?d], ?d[label->?originFullAddress].","resultList":[{"result":[{"key":"?t","val":"VO_aca7a37b_e1e4_464c_ad28_ee33d94ee37d_1503942857708_7"},{"key":"?d","val":"VO_aca7a37b_e1e4_464c_ad28_ee33d94ee37d_1503942857708_3"},{"key":"?originFullAddress","val":"2570 Burgener Blvd, San Diego, CA 92110"}]},{"result":[{"key":"?t","val":"VO_aca7a37b_e1e4_464c_ad28_ee33d94ee37d_1503942857708_6"},{"key":"?d","val":"VO_aca7a37b_e1e4_464c_ad28_ee33d94ee37d_1503942857708_8"},{"key":"?originFullAddress","val":"2790 Truxton Road, Suite 130, San Diego, CA 92106"}]}]},{"query":"?- ?t:AE#Travelling, ?t[AE#hasOrigin->?d], ?d[AE#hasStreet->?s], ?s[label->?originStreetName], ?d[AE#hasCity->?c], ?c[label->?originCity], ?d[AE#hasState->?st], ?st[label->?originState], ?d[AE#hasZipcode->?originZipCode].","resultList":[{"result":[{"key":"?t","val":"VO_aca7a37b_e1e4_464c_ad28_ee33d94ee37d_1503942857708_7"},{"key":"?d","val":"VO_aca7a37b_e1e4_464c_ad28_ee33d94ee37d_1503942857708_3"},{"key":"?s","val":"NO_17d52dec_fdab_4adf_b4f3_559b36332aed_1503942870605_id3"},{"key":"?originStreetName","val":"2570 Burgener Blvd"},{"key":"?c","val":"NO_17d52dec_fdab_4adf_b4f3_559b36332aed_1503942870605_id9"},{"key":"?originCity","val":"San Diego"},{"key":"?st","val":"NO_17d52dec_fdab_4adf_b4f3_559b36332aed_1503942870605_id11"},{"key":"?originState","val":"CA"},{"key":"?originZipCode","val":"92110"}]},{"result":[{"key":"?t","val":"VO_aca7a37b_e1e4_464c_ad28_ee33d94ee37d_1503942857708_6"},{"key":"?d","val":"VO_aca7a37b_e1e4_464c_ad28_ee33d94ee37d_1503942857708_8"},{"key":"?s","val":"NO_1f8d713b_ca22_4401_8dd2_72f61c871bd3_1503942866921_id5"},{"key":"?originStreetName","val":"2790 Truxton Road"},{"key":"?c","val":"NO_1f8d713b_ca22_4401_8dd2_72f61c871bd3_1503942866921_id11"},{"key":"?originCity","val":"San Diego"},{"key":"?st","val":"NO_1f8d713b_ca22_4401_8dd2_72f61c871bd3_1503942866921_id13"},{"key":"?originState","val":"CA"},{"key":"?originZipCode","val":"92106"}]}]},{"query":"?- ?t:AE#Travelling, ?t[AE#hasPath->?p], ?p[AE#hasStartRegion->?s], ?s[AE#hasLatitude->?originLatitude], ?s[AE#hasLongitude->?originLongitude].","resultList":[{"result":[{"key":"?t","val":"VO_aca7a37b_e1e4_464c_ad28_ee33d94ee37d_1503942857708_6"},{"key":"?p","val":"ES_3eed2629_e952_4df9_96b4_30b1dceb2bfc_1503942882895_4"},{"key":"?s","val":"ES_3eed2629_e952_4df9_96b4_30b1dceb2bfc_1503942882895_3"},{"key":"?originLatitude","val":"32.74051839275188058309140615165233612060546875"},{"key":"?originLongitude","val":"-117.2130215001728856805129908025264739990234375"}]}]},{"query":"?- ?t:AE#Travelling, ?t[AE#hasPath->?p], ?p[AE#hasEndRegion->?e], ?e[AE#hasLatitude->?destinationLatitude], ?e[AE#hasLongitude->?destinationLongitude].","resultList":[{"result":[{"key":"?t","val":"VO_aca7a37b_e1e4_464c_ad28_ee33d94ee37d_1503942857708_6"},{"key":"?p","val":"ES_3eed2629_e952_4df9_96b4_30b1dceb2bfc_1503942882895_4"},{"key":"?e","val":"ES_3eed2629_e952_4df9_96b4_30b1dceb2bfc_1503942882895_1"},{"key":"?destinationLatitude","val":"32.7883046128167023880450869910418987274169921875"},{"key":"?destinationLongitude","val":"-117.1916134765709074372352915816009044647216796875"}]}]}]}
