{"dataList":[{"query":"?- ?v:AE#VATravelVoucher, ?v[AE#hasVoucherClaimant->?c], ?c[AE#hasName->?cn], ?cn[label->?claimantFullName].","resultList":[{"result":[{"key":"?v","val":"VO_b64af81b_f496_4b47_b2f5_2bb8ab08fd55_1503944066830_0"},{"key":"?c","val":"VO_b64af81b_f496_4b47_b2f5_2bb8ab08fd55_1503944066830_2"},{"key":"?cn","val":"VO_b64af81b_f496_4b47_b2f5_2bb8ab08fd55_1503944066830_1"},{"key":"?claimantFullName","val":"Mary M. Lee"}]},{"result":[{"key":"?v","val":"VO_b64af81b_f496_4b47_b2f5_2bb8ab08fd55_1503944066830_0"},{"key":"?c","val":"VO_b64af81b_f496_4b47_b2f5_2bb8ab08fd55_1503944066830_2"},{"key":"?cn","val":"NO_6b1b98fd_1bfa_46c7_895c_ad2ecc814bf1_1503944074640_0"},{"key":"?claimantFullName","val":"Mary M. Lee"}]}]},{"query":"?- ?v:AE#VATravelVoucher, ?v[AE#hasVoucherClaimant->?c], ?c[AE#hasName->?cn], ?cn[AE#hasFirstName->?claimantFirstName].","resultList":[{"result":[{"key":"?v","val":"VO_b64af81b_f496_4b47_b2f5_2bb8ab08fd55_1503944066830_0"},{"key":"?c","val":"VO_b64af81b_f496_4b47_b2f5_2bb8ab08fd55_1503944066830_2"},{"key":"?cn","val":"NO_6b1b98fd_1bfa_46c7_895c_ad2ecc814bf1_1503944074640_0"},{"key":"?claimantFirstName","val":"mary"}]}]},{"query":"?- ?v:AE#VATravelVoucher, ?v[AE#hasVoucherClaimant->?c], ?c[AE#hasName->?cn], ?cn[AE#hasLastName->?claimantLastName].","resultList":[{"result":[{"key":"?v","val":"VO_b64af81b_f496_4b47_b2f5_2bb8ab08fd55_1503944066830_0"},{"key":"?c","val":"VO_b64af81b_f496_4b47_b2f5_2bb8ab08fd55_1503944066830_2"},{"key":"?cn","val":"NO_6b1b98fd_1bfa_46c7_895c_ad2ecc814bf1_1503944074640_0"},{"key":"?claimantLastName","val":"lee"}]}]},{"query":"?- ?v:AE#VATravelVoucher, ?v[AE#hasVoucherClaimant->?c], ?c[AE#hasSocialSecurityNumber->?s], ?s[label->?claimantSsn].","resultList":[{"result":[{"key":"?v","val":"VO_b64af81b_f496_4b47_b2f5_2bb8ab08fd55_1503944066830_0"},{"key":"?c","val":"VO_b64af81b_f496_4b47_b2f5_2bb8ab08fd55_1503944066830_2"},{"key":"?s","val":"VO_b64af81b_f496_4b47_b2f5_2bb8ab08fd55_1503944066830_12"},{"key":"?claimantSsn","val":"324-96-7520"}]}]},{"query":"?- ?v:AE#VATravelVoucher, ?v[AE#hasVoucherClaimant->?c], ?c[AE#hasLiens->?claimantHasLiens].","resultList":[{"result":[{"key":"?v","val":"VO_b64af81b_f496_4b47_b2f5_2bb8ab08fd55_1503944066830_0"},{"key":"?c","val":"VO_b64af81b_f496_4b47_b2f5_2bb8ab08fd55_1503944066830_2"},{"key":"?claimantHasLiens","val":"AE#NoLienReport"}]}]},{"query":"?- ?v:AE#VATravelVoucher, ?v[AE#hasVoucherClaimant->?c], ?c[AE#hasDeclaredBankruptcy->?claimantHasDeclaredBankruptcy].","resultList":[{"result":[{"key":"?v","val":"VO_b64af81b_f496_4b47_b2f5_2bb8ab08fd55_1503944066830_0"},{"key":"?c","val":"VO_b64af81b_f496_4b47_b2f5_2bb8ab08fd55_1503944066830_2"},{"key":"?claimantHasDeclaredBankruptcy","val":"AE#NoBankruptcyReport"}]}]},{"query":"?- ?v:AE#VATravelVoucher, ?v[AE#hasVoucherClaimant->?c], ?c[AE#hasArrestRecord->?claimantHasArrestRecord].","resultList":[{"result":[{"key":"?v","val":"VO_b64af81b_f496_4b47_b2f5_2bb8ab08fd55_1503944066830_0"},{"key":"?c","val":"VO_b64af81b_f496_4b47_b2f5_2bb8ab08fd55_1503944066830_2"},{"key":"?claimantHasArrestRecord","val":"AE#NoArrestRecord"}]}]},{"query":"?- ?v:AE#VATravelVoucher, ?v[AE#hasVoucherClaimant->?c], ?c[AE#hasCriminalRecord->?claimantHasCriminalRecord].","resultList":[{"result":[{"key":"?v","val":"VO_b64af81b_f496_4b47_b2f5_2bb8ab08fd55_1503944066830_0"},{"key":"?c","val":"VO_b64af81b_f496_4b47_b2f5_2bb8ab08fd55_1503944066830_2"},{"key":"?claimantHasCriminalRecord","val":"AE#NoCriminalRecord"}]}]},{"query":"?- ?v:AE#VATravelVoucher, ?v[AE#hasVoucherBeneficiary->?b], ?b[AE#hasName->?cn], ?cn[label->?beneficiaryFullName].","resultList":[{"result":[{"key":"?v","val":"VO_b64af81b_f496_4b47_b2f5_2bb8ab08fd55_1503944066830_0"},{"key":"?b","val":"VO_b64af81b_f496_4b47_b2f5_2bb8ab08fd55_1503944066830_11"},{"key":"?cn","val":"VO_b64af81b_f496_4b47_b2f5_2bb8ab08fd55_1503944066830_10"},{"key":"?beneficiaryFullName","val":"Frank Dean Walding"}]},{"result":[{"key":"?v","val":"VO_b64af81b_f496_4b47_b2f5_2bb8ab08fd55_1503944066830_0"},{"key":"?b","val":"VO_b64af81b_f496_4b47_b2f5_2bb8ab08fd55_1503944066830_11"},{"key":"?cn","val":"NO_b71c0beb_44ad_49e9_a949_152cc620387b_1503944072571_0"},{"key":"?beneficiaryFullName","val":"Frank Dean Walding"}]}]},{"query":"?- ?v:AE#VATravelVoucher, ?v[AE#hasVoucherBeneficiary->?b], ?b[AE#hasName->?cn], ?cn[AE#hasFirstName->?beneficiaryFirstName].","resultList":[{"result":[{"key":"?v","val":"VO_b64af81b_f496_4b47_b2f5_2bb8ab08fd55_1503944066830_0"},{"key":"?b","val":"VO_b64af81b_f496_4b47_b2f5_2bb8ab08fd55_1503944066830_11"},{"key":"?cn","val":"NO_b71c0beb_44ad_49e9_a949_152cc620387b_1503944072571_0"},{"key":"?beneficiaryFirstName","val":"frank"}]}]},{"query":"?- ?v:AE#VATravelVoucher, ?v[AE#hasVoucherBeneficiary->?b], ?b[AE#hasName->?cn], ?cn[AE#hasLastName->?beneficiaryLastName].","resultList":[{"result":[{"key":"?v","val":"VO_b64af81b_f496_4b47_b2f5_2bb8ab08fd55_1503944066830_0"},{"key":"?b","val":"VO_b64af81b_f496_4b47_b2f5_2bb8ab08fd55_1503944066830_11"},{"key":"?cn","val":"NO_b71c0beb_44ad_49e9_a949_152cc620387b_1503944072571_0"},{"key":"?beneficiaryLastName","val":"walding"}]}]},{"query":"?- ?v:AE#VATravelVoucher, ?v[AE#hasVoucherBeneficiary->?b], ?b[AE#hasSocialSecurityNumber->?s], ?s[label->?beneficiarySsn].","resultList":[{"result":[{"key":"?v","val":"VO_b64af81b_f496_4b47_b2f5_2bb8ab08fd55_1503944066830_0"},{"key":"?b","val":"VO_b64af81b_f496_4b47_b2f5_2bb8ab08fd55_1503944066830_11"},{"key":"?s","val":"VO_b64af81b_f496_4b47_b2f5_2bb8ab08fd55_1503944066830_9"},{"key":"?beneficiarySsn","val":"314-30-7954"}]}]},{"query":"?- ?v:AE#VATravelVoucher, ?v[AE#hasVoucherBeneficiary->?b], ?b[AE#hasLiens->?beneficiaryHasLiens].","resultList":[{"result":[{"key":"?v","val":"VO_b64af81b_f496_4b47_b2f5_2bb8ab08fd55_1503944066830_0"},{"key":"?b","val":"VO_b64af81b_f496_4b47_b2f5_2bb8ab08fd55_1503944066830_11"},{"key":"?beneficiaryHasLiens","val":"AE#UnknownLienReport"}]}]},{"query":"?- ?v:AE#VATravelVoucher, ?v[AE#hasVoucherBeneficiary->?b], ?b[AE#hasDeclaredBankruptcy->?beneficiaryHasDeclaredBankruptcy].","resultList":[{"result":[{"key":"?v","val":"VO_b64af81b_f496_4b47_b2f5_2bb8ab08fd55_1503944066830_0"},{"key":"?b","val":"VO_b64af81b_f496_4b47_b2f5_2bb8ab08fd55_1503944066830_11"},{"key":"?beneficiaryHasDeclaredBankruptcy","val":"AE#NoBankruptcyReport"}]}]},{"query":"?- ?v:AE#VATravelVoucher, ?v[AE#hasVoucherBeneficiary->?b], ?b[AE#hasArrestRecord->?beneficiaryHasArrestRecord].","resultList":[{"result":[{"key":"?v","val":"VO_b64af81b_f496_4b47_b2f5_2bb8ab08fd55_1503944066830_0"},{"key":"?b","val":"VO_b64af81b_f496_4b47_b2f5_2bb8ab08fd55_1503944066830_11"},{"key":"?beneficiaryHasArrestRecord","val":"AE#NoArrestRecord"}]}]},{"query":"?- ?v:AE#VATravelVoucher, ?v[AE#hasVoucherBeneficiary->?b], ?b[AE#hasCriminalRecord->?beneficiaryHasCriminalRecord].","resultList":[{"result":[{"key":"?v","val":"VO_b64af81b_f496_4b47_b2f5_2bb8ab08fd55_1503944066830_0"},{"key":"?b","val":"VO_b64af81b_f496_4b47_b2f5_2bb8ab08fd55_1503944066830_11"},{"key":"?beneficiaryHasCriminalRecord","val":"AE#NoCriminalRecord"}]}]},{"query":"?- ?t:AE#Travelling, ?t[AE#hasPath->?p], ?p[AE#hasDistance->?d], ?d[AE#numericValue->?expectedDistanceValue], ?d[AE#hasUnitOfMeasure->?unitOfDistanceMeasure].","resultList":[{"result":[{"key":"?t","val":"VO_b64af81b_f496_4b47_b2f5_2bb8ab08fd55_1503944066830_6"},{"key":"?p","val":"ES_373b6dd9_f7d4_4cf1_a6e9_489db4163680_1503944093270_4"},{"key":"?d","val":"ES_373b6dd9_f7d4_4cf1_a6e9_489db4163680_1503944093270_0"},{"key":"?expectedDistanceValue","val":"8771.6112570495461113750934600830078125"},{"key":"?unitOfDistanceMeasure","val":"meters"}]}]},{"query":"?- ?t:AE#Travelling, ?t[AE#hasPath->?p], ?p[AE#hasExpectedTravelTime->?d], ?d[AE#numericValue->?expectedTimeValue], ?d[AE#hasUnitOfMeasure->?unitOfTimeMeasure].","resultList":[{"result":[{"key":"?t","val":"VO_b64af81b_f496_4b47_b2f5_2bb8ab08fd55_1503944066830_6"},{"key":"?p","val":"ES_373b6dd9_f7d4_4cf1_a6e9_489db4163680_1503944093270_4"},{"key":"?d","val":"ES_373b6dd9_f7d4_4cf1_a6e9_489db4163680_1503944093270_2"},{"key":"?expectedTimeValue","val":"9.606476986664347350597381591796875"},{"key":"?unitOfTimeMeasure","val":"minutes"}]}]},{"query":"?- ?t:AE#Travelling, ?t[AE#hasDestination->?d], ?d[label->?destinationFullAddress].","resultList":[{"result":[{"key":"?t","val":"VO_b64af81b_f496_4b47_b2f5_2bb8ab08fd55_1503944066830_7"},{"key":"?d","val":"VO_b64af81b_f496_4b47_b2f5_2bb8ab08fd55_1503944066830_8"},{"key":"?destinationFullAddress","val":"2790 Truxton Road, Suite 130, San Diego, CA 92106"}]},{"result":[{"key":"?t","val":"VO_b64af81b_f496_4b47_b2f5_2bb8ab08fd55_1503944066830_6"},{"key":"?d","val":"VO_b64af81b_f496_4b47_b2f5_2bb8ab08fd55_1503944066830_5"},{"key":"?destinationFullAddress","val":"59 Strawberry Street San Diego, CA 92117"}]}]},{"query":"?- ?t:AE#Travelling, ?t[AE#hasDestination->?d], ?d[AE#hasStreet->?s], ?s[label->?destinationStreetName], ?d[AE#hasCity->?c], ?c[label->?destinationCity], ?d[AE#hasState->?st], ?st[label->?destinationState], ?d[AE#hasZipcode->?destinationZipCode].","resultList":[{"result":[{"key":"?t","val":"VO_b64af81b_f496_4b47_b2f5_2bb8ab08fd55_1503944066830_7"},{"key":"?d","val":"VO_b64af81b_f496_4b47_b2f5_2bb8ab08fd55_1503944066830_8"},{"key":"?s","val":"NO_fdf732aa_4109_4cba_b7eb_6815a13d527c_1503944076575_id5"},{"key":"?destinationStreetName","val":"2790 Truxton Road"},{"key":"?c","val":"NO_fdf732aa_4109_4cba_b7eb_6815a13d527c_1503944076575_id11"},{"key":"?destinationCity","val":"San Diego"},{"key":"?st","val":"NO_fdf732aa_4109_4cba_b7eb_6815a13d527c_1503944076575_id13"},{"key":"?destinationState","val":"CA"},{"key":"?destinationZipCode","val":"92106"}]},{"result":[{"key":"?t","val":"VO_b64af81b_f496_4b47_b2f5_2bb8ab08fd55_1503944066830_6"},{"key":"?d","val":"VO_b64af81b_f496_4b47_b2f5_2bb8ab08fd55_1503944066830_5"},{"key":"?s","val":"NO_a523c446_331d_42a3_8afd_ffb5583022c0_1503944078813_id3"},{"key":"?destinationStreetName","val":"59 Strawberry Street"},{"key":"?c","val":"NO_a523c446_331d_42a3_8afd_ffb5583022c0_1503944078813_id9"},{"key":"?destinationCity","val":"San Diego"},{"key":"?st","val":"NO_a523c446_331d_42a3_8afd_ffb5583022c0_1503944078813_id11"},{"key":"?destinationState","val":"CA"},{"key":"?destinationZipCode","val":"92117"}]}]},{"query":"?- ?t:AE#Travelling, ?t[AE#hasOrigin->?d], ?d[label->?originFullAddress].","resultList":[{"result":[{"key":"?t","val":"VO_b64af81b_f496_4b47_b2f5_2bb8ab08fd55_1503944066830_7"},{"key":"?d","val":"VO_b64af81b_f496_4b47_b2f5_2bb8ab08fd55_1503944066830_3"},{"key":"?originFullAddress","val":"4818 68th St, San Diego, CA 92115"}]},{"result":[{"key":"?t","val":"VO_b64af81b_f496_4b47_b2f5_2bb8ab08fd55_1503944066830_6"},{"key":"?d","val":"VO_b64af81b_f496_4b47_b2f5_2bb8ab08fd55_1503944066830_8"},{"key":"?originFullAddress","val":"2790 Truxton Road, Suite 130, San Diego, CA 92106"}]}]},{"query":"?- ?t:AE#Travelling, ?t[AE#hasOrigin->?d], ?d[AE#hasStreet->?s], ?s[label->?originStreetName], ?d[AE#hasCity->?c], ?c[label->?originCity], ?d[AE#hasState->?st], ?st[label->?originState], ?d[AE#hasZipcode->?originZipCode].","resultList":[{"result":[{"key":"?t","val":"VO_b64af81b_f496_4b47_b2f5_2bb8ab08fd55_1503944066830_7"},{"key":"?d","val":"VO_b64af81b_f496_4b47_b2f5_2bb8ab08fd55_1503944066830_3"},{"key":"?s","val":"NO_9d9748a6_97dd_4a85_bf33_b2a4d89a72c7_1503944080765_id3"},{"key":"?originStreetName","val":"4818 68th St"},{"key":"?c","val":"NO_9d9748a6_97dd_4a85_bf33_b2a4d89a72c7_1503944080765_id9"},{"key":"?originCity","val":"San Diego"},{"key":"?st","val":"NO_9d9748a6_97dd_4a85_bf33_b2a4d89a72c7_1503944080765_id11"},{"key":"?originState","val":"CA"},{"key":"?originZipCode","val":"92115"}]},{"result":[{"key":"?t","val":"VO_b64af81b_f496_4b47_b2f5_2bb8ab08fd55_1503944066830_6"},{"key":"?d","val":"VO_b64af81b_f496_4b47_b2f5_2bb8ab08fd55_1503944066830_8"},{"key":"?s","val":"NO_fdf732aa_4109_4cba_b7eb_6815a13d527c_1503944076575_id5"},{"key":"?originStreetName","val":"2790 Truxton Road"},{"key":"?c","val":"NO_fdf732aa_4109_4cba_b7eb_6815a13d527c_1503944076575_id11"},{"key":"?originCity","val":"San Diego"},{"key":"?st","val":"NO_fdf732aa_4109_4cba_b7eb_6815a13d527c_1503944076575_id13"},{"key":"?originState","val":"CA"},{"key":"?originZipCode","val":"92106"}]}]},{"query":"?- ?t:AE#Travelling, ?t[AE#hasPath->?p], ?p[AE#hasStartRegion->?s], ?s[AE#hasLatitude->?originLatitude], ?s[AE#hasLongitude->?originLongitude].","resultList":[{"result":[{"key":"?t","val":"VO_b64af81b_f496_4b47_b2f5_2bb8ab08fd55_1503944066830_6"},{"key":"?p","val":"ES_373b6dd9_f7d4_4cf1_a6e9_489db4163680_1503944093270_4"},{"key":"?s","val":"ES_373b6dd9_f7d4_4cf1_a6e9_489db4163680_1503944093270_3"},{"key":"?originLatitude","val":"32.74051839275188058309140615165233612060546875"},{"key":"?originLongitude","val":"-117.2130215001728856805129908025264739990234375"}]}]},{"query":"?- ?t:AE#Travelling, ?t[AE#hasPath->?p], ?p[AE#hasEndRegion->?e], ?e[AE#hasLatitude->?destinationLatitude], ?e[AE#hasLongitude->?destinationLongitude].","resultList":[{"result":[{"key":"?t","val":"VO_b64af81b_f496_4b47_b2f5_2bb8ab08fd55_1503944066830_6"},{"key":"?p","val":"ES_373b6dd9_f7d4_4cf1_a6e9_489db4163680_1503944093270_4"},{"key":"?e","val":"ES_373b6dd9_f7d4_4cf1_a6e9_489db4163680_1503944093270_1"},{"key":"?destinationLatitude","val":"32.79662300000001096123014576733112335205078125"},{"key":"?destinationLongitude","val":"-117.197813600000017686397768557071685791015625"}]}]}]}
