{"dataList":[{"query":"?- ?v:AE#VATravelVoucher, ?v[AE#hasVoucherClaimant->?c], ?c[AE#hasName->?cn], ?cn[label->?claimantFullName].","resultList":[{"result":[{"key":"?v","val":"VO_bf823c56_ba48_4e60_bb04_1d0ef12f40e8_1503944341936_0"},{"key":"?c","val":"VO_bf823c56_ba48_4e60_bb04_1d0ef12f40e8_1503944341936_2"},{"key":"?cn","val":"NO_840c5ef0_62c9_4687_b7e5_f2b85fe719c0_1503944351979_0"},{"key":"?claimantFullName","val":"Charles L. Deberry"}]},{"result":[{"key":"?v","val":"VO_bf823c56_ba48_4e60_bb04_1d0ef12f40e8_1503944341936_0"},{"key":"?c","val":"VO_bf823c56_ba48_4e60_bb04_1d0ef12f40e8_1503944341936_2"},{"key":"?cn","val":"VO_bf823c56_ba48_4e60_bb04_1d0ef12f40e8_1503944341936_1"},{"key":"?claimantFullName","val":"Charles L. Deberry"}]}]},{"query":"?- ?v:AE#VATravelVoucher, ?v[AE#hasVoucherClaimant->?c], ?c[AE#hasName->?cn], ?cn[AE#hasFirstName->?claimantFirstName].","resultList":[{"result":[{"key":"?v","val":"VO_bf823c56_ba48_4e60_bb04_1d0ef12f40e8_1503944341936_0"},{"key":"?c","val":"VO_bf823c56_ba48_4e60_bb04_1d0ef12f40e8_1503944341936_2"},{"key":"?cn","val":"NO_840c5ef0_62c9_4687_b7e5_f2b85fe719c0_1503944351979_0"},{"key":"?claimantFirstName","val":"charles"}]}]},{"query":"?- ?v:AE#VATravelVoucher, ?v[AE#hasVoucherClaimant->?c], ?c[AE#hasName->?cn], ?cn[AE#hasLastName->?claimantLastName].","resultList":[{"result":[{"key":"?v","val":"VO_bf823c56_ba48_4e60_bb04_1d0ef12f40e8_1503944341936_0"},{"key":"?c","val":"VO_bf823c56_ba48_4e60_bb04_1d0ef12f40e8_1503944341936_2"},{"key":"?cn","val":"NO_840c5ef0_62c9_4687_b7e5_f2b85fe719c0_1503944351979_0"},{"key":"?claimantLastName","val":"deberry"}]}]},{"query":"?- ?v:AE#VATravelVoucher, ?v[AE#hasVoucherClaimant->?c], ?c[AE#hasSocialSecurityNumber->?s], ?s[label->?claimantSsn].","resultList":[{"result":[{"key":"?v","val":"VO_bf823c56_ba48_4e60_bb04_1d0ef12f40e8_1503944341936_0"},{"key":"?c","val":"VO_bf823c56_ba48_4e60_bb04_1d0ef12f40e8_1503944341936_2"},{"key":"?s","val":"VO_bf823c56_ba48_4e60_bb04_1d0ef12f40e8_1503944341936_12"},{"key":"?claimantSsn","val":"491-99-3853"}]}]},{"query":"?- ?v:AE#VATravelVoucher, ?v[AE#hasVoucherClaimant->?c], ?c[AE#hasLiens->?claimantHasLiens].","resultList":[{"result":[{"key":"?v","val":"VO_bf823c56_ba48_4e60_bb04_1d0ef12f40e8_1503944341936_0"},{"key":"?c","val":"VO_bf823c56_ba48_4e60_bb04_1d0ef12f40e8_1503944341936_2"},{"key":"?claimantHasLiens","val":"AE#NoLienReport"}]}]},{"query":"?- ?v:AE#VATravelVoucher, ?v[AE#hasVoucherClaimant->?c], ?c[AE#hasDeclaredBankruptcy->?claimantHasDeclaredBankruptcy].","resultList":[{"result":[{"key":"?v","val":"VO_bf823c56_ba48_4e60_bb04_1d0ef12f40e8_1503944341936_0"},{"key":"?c","val":"VO_bf823c56_ba48_4e60_bb04_1d0ef12f40e8_1503944341936_2"},{"key":"?claimantHasDeclaredBankruptcy","val":"AE#NoBankruptcyReport"}]}]},{"query":"?- ?v:AE#VATravelVoucher, ?v[AE#hasVoucherClaimant->?c], ?c[AE#hasArrestRecord->?claimantHasArrestRecord].","resultList":[{"result":[{"key":"?v","val":"VO_bf823c56_ba48_4e60_bb04_1d0ef12f40e8_1503944341936_0"},{"key":"?c","val":"VO_bf823c56_ba48_4e60_bb04_1d0ef12f40e8_1503944341936_2"},{"key":"?claimantHasArrestRecord","val":"AE#NoArrestRecord"}]}]},{"query":"?- ?v:AE#VATravelVoucher, ?v[AE#hasVoucherClaimant->?c], ?c[AE#hasCriminalRecord->?claimantHasCriminalRecord].","resultList":[{"result":[{"key":"?v","val":"VO_bf823c56_ba48_4e60_bb04_1d0ef12f40e8_1503944341936_0"},{"key":"?c","val":"VO_bf823c56_ba48_4e60_bb04_1d0ef12f40e8_1503944341936_2"},{"key":"?claimantHasCriminalRecord","val":"AE#NoCriminalRecord"}]}]},{"query":"?- ?v:AE#VATravelVoucher, ?v[AE#hasVoucherBeneficiary->?b], ?b[AE#hasName->?cn], ?cn[label->?beneficiaryFullName].","resultList":[{"result":[{"key":"?v","val":"VO_bf823c56_ba48_4e60_bb04_1d0ef12f40e8_1503944341936_0"},{"key":"?b","val":"VO_bf823c56_ba48_4e60_bb04_1d0ef12f40e8_1503944341936_11"},{"key":"?cn","val":"VO_bf823c56_ba48_4e60_bb04_1d0ef12f40e8_1503944341936_10"},{"key":"?beneficiaryFullName","val":"David W. Dillard"}]},{"result":[{"key":"?v","val":"VO_bf823c56_ba48_4e60_bb04_1d0ef12f40e8_1503944341936_0"},{"key":"?b","val":"VO_bf823c56_ba48_4e60_bb04_1d0ef12f40e8_1503944341936_11"},{"key":"?cn","val":"NO_313f2858_af3a_43cd_a45c_334968636d01_1503944349346_0"},{"key":"?beneficiaryFullName","val":"David W. Dillard"}]}]},{"query":"?- ?v:AE#VATravelVoucher, ?v[AE#hasVoucherBeneficiary->?b], ?b[AE#hasName->?cn], ?cn[AE#hasFirstName->?beneficiaryFirstName].","resultList":[{"result":[{"key":"?v","val":"VO_bf823c56_ba48_4e60_bb04_1d0ef12f40e8_1503944341936_0"},{"key":"?b","val":"VO_bf823c56_ba48_4e60_bb04_1d0ef12f40e8_1503944341936_11"},{"key":"?cn","val":"NO_313f2858_af3a_43cd_a45c_334968636d01_1503944349346_0"},{"key":"?beneficiaryFirstName","val":"david"}]}]},{"query":"?- ?v:AE#VATravelVoucher, ?v[AE#hasVoucherBeneficiary->?b], ?b[AE#hasName->?cn], ?cn[AE#hasLastName->?beneficiaryLastName].","resultList":[{"result":[{"key":"?v","val":"VO_bf823c56_ba48_4e60_bb04_1d0ef12f40e8_1503944341936_0"},{"key":"?b","val":"VO_bf823c56_ba48_4e60_bb04_1d0ef12f40e8_1503944341936_11"},{"key":"?cn","val":"NO_313f2858_af3a_43cd_a45c_334968636d01_1503944349346_0"},{"key":"?beneficiaryLastName","val":"dillard"}]}]},{"query":"?- ?v:AE#VATravelVoucher, ?v[AE#hasVoucherBeneficiary->?b], ?b[AE#hasSocialSecurityNumber->?s], ?s[label->?beneficiarySsn].","resultList":[{"result":[{"key":"?v","val":"VO_bf823c56_ba48_4e60_bb04_1d0ef12f40e8_1503944341936_0"},{"key":"?b","val":"VO_bf823c56_ba48_4e60_bb04_1d0ef12f40e8_1503944341936_11"},{"key":"?s","val":"VO_bf823c56_ba48_4e60_bb04_1d0ef12f40e8_1503944341936_9"},{"key":"?beneficiarySsn","val":"217-52-8931"}]}]},{"query":"?- ?v:AE#VATravelVoucher, ?v[AE#hasVoucherBeneficiary->?b], ?b[AE#hasLiens->?beneficiaryHasLiens].","resultList":[{"result":[{"key":"?v","val":"VO_bf823c56_ba48_4e60_bb04_1d0ef12f40e8_1503944341936_0"},{"key":"?b","val":"VO_bf823c56_ba48_4e60_bb04_1d0ef12f40e8_1503944341936_11"},{"key":"?beneficiaryHasLiens","val":"AE#UnknownLienReport"}]}]},{"query":"?- ?v:AE#VATravelVoucher, ?v[AE#hasVoucherBeneficiary->?b], ?b[AE#hasDeclaredBankruptcy->?beneficiaryHasDeclaredBankruptcy].","resultList":[{"result":[{"key":"?v","val":"VO_bf823c56_ba48_4e60_bb04_1d0ef12f40e8_1503944341936_0"},{"key":"?b","val":"VO_bf823c56_ba48_4e60_bb04_1d0ef12f40e8_1503944341936_11"},{"key":"?beneficiaryHasDeclaredBankruptcy","val":"AE#NoBankruptcyReport"}]}]},{"query":"?- ?v:AE#VATravelVoucher, ?v[AE#hasVoucherBeneficiary->?b], ?b[AE#hasArrestRecord->?beneficiaryHasArrestRecord].","resultList":[{"result":[{"key":"?v","val":"VO_bf823c56_ba48_4e60_bb04_1d0ef12f40e8_1503944341936_0"},{"key":"?b","val":"VO_bf823c56_ba48_4e60_bb04_1d0ef12f40e8_1503944341936_11"},{"key":"?beneficiaryHasArrestRecord","val":"AE#NoArrestRecord"}]}]},{"query":"?- ?v:AE#VATravelVoucher, ?v[AE#hasVoucherBeneficiary->?b], ?b[AE#hasCriminalRecord->?beneficiaryHasCriminalRecord].","resultList":[{"result":[{"key":"?v","val":"VO_bf823c56_ba48_4e60_bb04_1d0ef12f40e8_1503944341936_0"},{"key":"?b","val":"VO_bf823c56_ba48_4e60_bb04_1d0ef12f40e8_1503944341936_11"},{"key":"?beneficiaryHasCriminalRecord","val":"AE#NoCriminalRecord"}]}]},{"query":"?- ?t:AE#Travelling, ?t[AE#hasPath->?p], ?p[AE#hasDistance->?d], ?d[AE#numericValue->?expectedDistanceValue], ?d[AE#hasUnitOfMeasure->?unitOfDistanceMeasure].","resultList":[{"result":[{"key":"?t","val":"VO_bf823c56_ba48_4e60_bb04_1d0ef12f40e8_1503944341936_6"},{"key":"?p","val":"ES_f745569a_5da8_4bcd_9c4a_2bcaef77cd8b_1503944373230_4"},{"key":"?d","val":"ES_f745569a_5da8_4bcd_9c4a_2bcaef77cd8b_1503944373230_0"},{"key":"?expectedDistanceValue","val":"5856.322439687182850320823490619659423828125"},{"key":"?unitOfDistanceMeasure","val":"meters"}]}]},{"query":"?- ?t:AE#Travelling, ?t[AE#hasPath->?p], ?p[AE#hasExpectedTravelTime->?d], ?d[AE#numericValue->?expectedTimeValue], ?d[AE#hasUnitOfMeasure->?unitOfTimeMeasure].","resultList":[{"result":[{"key":"?t","val":"VO_bf823c56_ba48_4e60_bb04_1d0ef12f40e8_1503944341936_6"},{"key":"?p","val":"ES_f745569a_5da8_4bcd_9c4a_2bcaef77cd8b_1503944373230_4"},{"key":"?d","val":"ES_f745569a_5da8_4bcd_9c4a_2bcaef77cd8b_1503944373230_2"},{"key":"?expectedTimeValue","val":"6.84777962160296738147735595703125"},{"key":"?unitOfTimeMeasure","val":"minutes"}]}]},{"query":"?- ?t:AE#Travelling, ?t[AE#hasDestination->?d], ?d[label->?destinationFullAddress].","resultList":[{"result":[{"key":"?t","val":"VO_bf823c56_ba48_4e60_bb04_1d0ef12f40e8_1503944341936_7"},{"key":"?d","val":"VO_bf823c56_ba48_4e60_bb04_1d0ef12f40e8_1503944341936_8"},{"key":"?destinationFullAddress","val":"2790 Truxton Road, Suite 130, San Diego, CA 92106"}]},{"result":[{"key":"?t","val":"VO_bf823c56_ba48_4e60_bb04_1d0ef12f40e8_1503944341936_6"},{"key":"?d","val":"VO_bf823c56_ba48_4e60_bb04_1d0ef12f40e8_1503944341936_5"},{"key":"?destinationFullAddress","val":"57 Pennsylvania St. San Diego, CA 92126"}]}]},{"query":"?- ?t:AE#Travelling, ?t[AE#hasDestination->?d], ?d[AE#hasStreet->?s], ?s[label->?destinationStreetName], ?d[AE#hasCity->?c], ?c[label->?destinationCity], ?d[AE#hasState->?st], ?st[label->?destinationState], ?d[AE#hasZipcode->?destinationZipCode].","resultList":[{"result":[{"key":"?t","val":"VO_bf823c56_ba48_4e60_bb04_1d0ef12f40e8_1503944341936_7"},{"key":"?d","val":"VO_bf823c56_ba48_4e60_bb04_1d0ef12f40e8_1503944341936_8"},{"key":"?s","val":"NO_86dd3cec_42a4_43c2_a276_e750dcdc8bff_1503944354272_id5"},{"key":"?destinationStreetName","val":"2790 Truxton Road"},{"key":"?c","val":"NO_86dd3cec_42a4_43c2_a276_e750dcdc8bff_1503944354272_id11"},{"key":"?destinationCity","val":"San Diego"},{"key":"?st","val":"NO_86dd3cec_42a4_43c2_a276_e750dcdc8bff_1503944354272_id13"},{"key":"?destinationState","val":"CA"},{"key":"?destinationZipCode","val":"92106"}]},{"result":[{"key":"?t","val":"VO_bf823c56_ba48_4e60_bb04_1d0ef12f40e8_1503944341936_6"},{"key":"?d","val":"VO_bf823c56_ba48_4e60_bb04_1d0ef12f40e8_1503944341936_5"},{"key":"?s","val":"NO_48dd9858_7057_402c_afa0_caffc952815e_1503944356694_id3"},{"key":"?destinationStreetName","val":"57 Pennsylvania St."},{"key":"?c","val":"NO_48dd9858_7057_402c_afa0_caffc952815e_1503944356694_id9"},{"key":"?destinationCity","val":"San Diego"},{"key":"?st","val":"NO_48dd9858_7057_402c_afa0_caffc952815e_1503944356694_id11"},{"key":"?destinationState","val":"CA"},{"key":"?destinationZipCode","val":"92126"}]}]},{"query":"?- ?t:AE#Travelling, ?t[AE#hasOrigin->?d], ?d[label->?originFullAddress].","resultList":[{"result":[{"key":"?t","val":"VO_bf823c56_ba48_4e60_bb04_1d0ef12f40e8_1503944341936_7"},{"key":"?d","val":"VO_bf823c56_ba48_4e60_bb04_1d0ef12f40e8_1503944341936_3"},{"key":"?originFullAddress","val":"59 Strawberry Street San Diego, CA 92117"}]},{"result":[{"key":"?t","val":"VO_bf823c56_ba48_4e60_bb04_1d0ef12f40e8_1503944341936_6"},{"key":"?d","val":"VO_bf823c56_ba48_4e60_bb04_1d0ef12f40e8_1503944341936_8"},{"key":"?originFullAddress","val":"2790 Truxton Road, Suite 130, San Diego, CA 92106"}]}]},{"query":"?- ?t:AE#Travelling, ?t[AE#hasOrigin->?d], ?d[AE#hasStreet->?s], ?s[label->?originStreetName], ?d[AE#hasCity->?c], ?c[label->?originCity], ?d[AE#hasState->?st], ?st[label->?originState], ?d[AE#hasZipcode->?originZipCode].","resultList":[{"result":[{"key":"?t","val":"VO_bf823c56_ba48_4e60_bb04_1d0ef12f40e8_1503944341936_7"},{"key":"?d","val":"VO_bf823c56_ba48_4e60_bb04_1d0ef12f40e8_1503944341936_3"},{"key":"?s","val":"NO_8f5b29d1_3a76_441f_bf22_5f8fa9896f14_1503944359112_id3"},{"key":"?originStreetName","val":"59 Strawberry Street"},{"key":"?c","val":"NO_8f5b29d1_3a76_441f_bf22_5f8fa9896f14_1503944359112_id9"},{"key":"?originCity","val":"San Diego"},{"key":"?st","val":"NO_8f5b29d1_3a76_441f_bf22_5f8fa9896f14_1503944359112_id11"},{"key":"?originState","val":"CA"},{"key":"?originZipCode","val":"92117"}]},{"result":[{"key":"?t","val":"VO_bf823c56_ba48_4e60_bb04_1d0ef12f40e8_1503944341936_6"},{"key":"?d","val":"VO_bf823c56_ba48_4e60_bb04_1d0ef12f40e8_1503944341936_8"},{"key":"?s","val":"NO_86dd3cec_42a4_43c2_a276_e750dcdc8bff_1503944354272_id5"},{"key":"?originStreetName","val":"2790 Truxton Road"},{"key":"?c","val":"NO_86dd3cec_42a4_43c2_a276_e750dcdc8bff_1503944354272_id11"},{"key":"?originCity","val":"San Diego"},{"key":"?st","val":"NO_86dd3cec_42a4_43c2_a276_e750dcdc8bff_1503944354272_id13"},{"key":"?originState","val":"CA"},{"key":"?originZipCode","val":"92106"}]}]},{"query":"?- ?t:AE#Travelling, ?t[AE#hasPath->?p], ?p[AE#hasStartRegion->?s], ?s[AE#hasLatitude->?originLatitude], ?s[AE#hasLongitude->?originLongitude].","resultList":[{"result":[{"key":"?t","val":"VO_bf823c56_ba48_4e60_bb04_1d0ef12f40e8_1503944341936_6"},{"key":"?p","val":"ES_f745569a_5da8_4bcd_9c4a_2bcaef77cd8b_1503944373230_4"},{"key":"?s","val":"ES_f745569a_5da8_4bcd_9c4a_2bcaef77cd8b_1503944373230_3"},{"key":"?originLatitude","val":"32.74051839275188058309140615165233612060546875"},{"key":"?originLongitude","val":"-117.2130215001728856805129908025264739990234375"}]}]},{"query":"?- ?t:AE#Travelling, ?t[AE#hasPath->?p], ?p[AE#hasEndRegion->?e], ?e[AE#hasLatitude->?destinationLatitude], ?e[AE#hasLongitude->?destinationLongitude].","resultList":[{"result":[{"key":"?t","val":"VO_bf823c56_ba48_4e60_bb04_1d0ef12f40e8_1503944341936_6"},{"key":"?p","val":"ES_f745569a_5da8_4bcd_9c4a_2bcaef77cd8b_1503944373230_4"},{"key":"?e","val":"ES_f745569a_5da8_4bcd_9c4a_2bcaef77cd8b_1503944373230_1"},{"key":"?destinationLatitude","val":"32.74503649143310468616618891246616840362548828125"},{"key":"?destinationLongitude","val":"-117.1637910577143060208982205949723720550537109375"}]}]}]}
