{"dataList":[{"query":"?- ?v:AE#VATravelVoucher, ?v[AE#hasVoucherClaimant->?c], ?c[AE#hasName->?cn], ?cn[label->?claimantFullName].","resultList":[{"result":[{"key":"?v","val":"VO_b1ad36fb_5d95_4e39_9308_10c8b999e675_1503941889003_0"},{"key":"?c","val":"VO_b1ad36fb_5d95_4e39_9308_10c8b999e675_1503941889003_2"},{"key":"?cn","val":"VO_b1ad36fb_5d95_4e39_9308_10c8b999e675_1503941889003_1"},{"key":"?claimantFullName","val":"George R. Ghani"}]},{"result":[{"key":"?v","val":"VO_b1ad36fb_5d95_4e39_9308_10c8b999e675_1503941889003_0"},{"key":"?c","val":"VO_b1ad36fb_5d95_4e39_9308_10c8b999e675_1503941889003_2"},{"key":"?cn","val":"NO_dafa4e11_a963_448c_a4ea_e8a23df87f1a_1503941896704_0"},{"key":"?claimantFullName","val":"George R. Ghani"}]}]},{"query":"?- ?v:AE#VATravelVoucher, ?v[AE#hasVoucherClaimant->?c], ?c[AE#hasName->?cn], ?cn[AE#hasFirstName->?claimantFirstName].","resultList":[{"result":[{"key":"?v","val":"VO_b1ad36fb_5d95_4e39_9308_10c8b999e675_1503941889003_0"},{"key":"?c","val":"VO_b1ad36fb_5d95_4e39_9308_10c8b999e675_1503941889003_2"},{"key":"?cn","val":"NO_dafa4e11_a963_448c_a4ea_e8a23df87f1a_1503941896704_0"},{"key":"?claimantFirstName","val":"george"}]}]},{"query":"?- ?v:AE#VATravelVoucher, ?v[AE#hasVoucherClaimant->?c], ?c[AE#hasName->?cn], ?cn[AE#hasLastName->?claimantLastName].","resultList":[{"result":[{"key":"?v","val":"VO_b1ad36fb_5d95_4e39_9308_10c8b999e675_1503941889003_0"},{"key":"?c","val":"VO_b1ad36fb_5d95_4e39_9308_10c8b999e675_1503941889003_2"},{"key":"?cn","val":"NO_dafa4e11_a963_448c_a4ea_e8a23df87f1a_1503941896704_0"},{"key":"?claimantLastName","val":"ghani"}]}]},{"query":"?- ?v:AE#VATravelVoucher, ?v[AE#hasVoucherClaimant->?c], ?c[AE#hasSocialSecurityNumber->?s], ?s[label->?claimantSsn].","resultList":[{"result":[{"key":"?v","val":"VO_b1ad36fb_5d95_4e39_9308_10c8b999e675_1503941889003_0"},{"key":"?c","val":"VO_b1ad36fb_5d95_4e39_9308_10c8b999e675_1503941889003_2"},{"key":"?s","val":"VO_b1ad36fb_5d95_4e39_9308_10c8b999e675_1503941889003_12"},{"key":"?claimantSsn","val":"685-17-8206"}]}]},{"query":"?- ?v:AE#VATravelVoucher, ?v[AE#hasVoucherClaimant->?c], ?c[AE#hasLiens->?claimantHasLiens].","resultList":[{"result":[{"key":"?v","val":"VO_b1ad36fb_5d95_4e39_9308_10c8b999e675_1503941889003_0"},{"key":"?c","val":"VO_b1ad36fb_5d95_4e39_9308_10c8b999e675_1503941889003_2"},{"key":"?claimantHasLiens","val":"AE#NoLienReport"}]}]},{"query":"?- ?v:AE#VATravelVoucher, ?v[AE#hasVoucherClaimant->?c], ?c[AE#hasDeclaredBankruptcy->?claimantHasDeclaredBankruptcy].","resultList":[{"result":[{"key":"?v","val":"VO_b1ad36fb_5d95_4e39_9308_10c8b999e675_1503941889003_0"},{"key":"?c","val":"VO_b1ad36fb_5d95_4e39_9308_10c8b999e675_1503941889003_2"},{"key":"?claimantHasDeclaredBankruptcy","val":"AE#NoBankruptcyReport"}]}]},{"query":"?- ?v:AE#VATravelVoucher, ?v[AE#hasVoucherClaimant->?c], ?c[AE#hasArrestRecord->?claimantHasArrestRecord].","resultList":[{"result":[{"key":"?v","val":"VO_b1ad36fb_5d95_4e39_9308_10c8b999e675_1503941889003_0"},{"key":"?c","val":"VO_b1ad36fb_5d95_4e39_9308_10c8b999e675_1503941889003_2"},{"key":"?claimantHasArrestRecord","val":"AE#UnknownArrestRecord"}]}]},{"query":"?- ?v:AE#VATravelVoucher, ?v[AE#hasVoucherClaimant->?c], ?c[AE#hasCriminalRecord->?claimantHasCriminalRecord].","resultList":[{"result":[{"key":"?v","val":"VO_b1ad36fb_5d95_4e39_9308_10c8b999e675_1503941889003_0"},{"key":"?c","val":"VO_b1ad36fb_5d95_4e39_9308_10c8b999e675_1503941889003_2"},{"key":"?claimantHasCriminalRecord","val":"AE#NoCriminalRecord"}]}]},{"query":"?- ?v:AE#VATravelVoucher, ?v[AE#hasVoucherBeneficiary->?b], ?b[AE#hasName->?cn], ?cn[label->?beneficiaryFullName].","resultList":[{"result":[{"key":"?v","val":"VO_b1ad36fb_5d95_4e39_9308_10c8b999e675_1503941889003_0"},{"key":"?b","val":"VO_b1ad36fb_5d95_4e39_9308_10c8b999e675_1503941889003_11"},{"key":"?cn","val":"VO_b1ad36fb_5d95_4e39_9308_10c8b999e675_1503941889003_10"},{"key":"?beneficiaryFullName","val":"George R. Ghani"}]},{"result":[{"key":"?v","val":"VO_b1ad36fb_5d95_4e39_9308_10c8b999e675_1503941889003_0"},{"key":"?b","val":"VO_b1ad36fb_5d95_4e39_9308_10c8b999e675_1503941889003_11"},{"key":"?cn","val":"NO_e3913d75_ee2a_4b98_9725_b209067b328f_1503941894632_0"},{"key":"?beneficiaryFullName","val":"George R. Ghani"}]}]},{"query":"?- ?v:AE#VATravelVoucher, ?v[AE#hasVoucherBeneficiary->?b], ?b[AE#hasName->?cn], ?cn[AE#hasFirstName->?beneficiaryFirstName].","resultList":[{"result":[{"key":"?v","val":"VO_b1ad36fb_5d95_4e39_9308_10c8b999e675_1503941889003_0"},{"key":"?b","val":"VO_b1ad36fb_5d95_4e39_9308_10c8b999e675_1503941889003_11"},{"key":"?cn","val":"NO_e3913d75_ee2a_4b98_9725_b209067b328f_1503941894632_0"},{"key":"?beneficiaryFirstName","val":"george"}]}]},{"query":"?- ?v:AE#VATravelVoucher, ?v[AE#hasVoucherBeneficiary->?b], ?b[AE#hasName->?cn], ?cn[AE#hasLastName->?beneficiaryLastName].","resultList":[{"result":[{"key":"?v","val":"VO_b1ad36fb_5d95_4e39_9308_10c8b999e675_1503941889003_0"},{"key":"?b","val":"VO_b1ad36fb_5d95_4e39_9308_10c8b999e675_1503941889003_11"},{"key":"?cn","val":"NO_e3913d75_ee2a_4b98_9725_b209067b328f_1503941894632_0"},{"key":"?beneficiaryLastName","val":"ghani"}]}]},{"query":"?- ?v:AE#VATravelVoucher, ?v[AE#hasVoucherBeneficiary->?b], ?b[AE#hasSocialSecurityNumber->?s], ?s[label->?beneficiarySsn].","resultList":[{"result":[{"key":"?v","val":"VO_b1ad36fb_5d95_4e39_9308_10c8b999e675_1503941889003_0"},{"key":"?b","val":"VO_b1ad36fb_5d95_4e39_9308_10c8b999e675_1503941889003_11"},{"key":"?s","val":"VO_b1ad36fb_5d95_4e39_9308_10c8b999e675_1503941889003_9"},{"key":"?beneficiarySsn","val":"685-17-8206"}]}]},{"query":"?- ?v:AE#VATravelVoucher, ?v[AE#hasVoucherBeneficiary->?b], ?b[AE#hasLiens->?beneficiaryHasLiens].","resultList":[{"result":[{"key":"?v","val":"VO_b1ad36fb_5d95_4e39_9308_10c8b999e675_1503941889003_0"},{"key":"?b","val":"VO_b1ad36fb_5d95_4e39_9308_10c8b999e675_1503941889003_11"},{"key":"?beneficiaryHasLiens","val":"AE#NoLienReport"}]}]},{"query":"?- ?v:AE#VATravelVoucher, ?v[AE#hasVoucherBeneficiary->?b], ?b[AE#hasDeclaredBankruptcy->?beneficiaryHasDeclaredBankruptcy].","resultList":[{"result":[{"key":"?v","val":"VO_b1ad36fb_5d95_4e39_9308_10c8b999e675_1503941889003_0"},{"key":"?b","val":"VO_b1ad36fb_5d95_4e39_9308_10c8b999e675_1503941889003_11"},{"key":"?beneficiaryHasDeclaredBankruptcy","val":"AE#NoBankruptcyReport"}]}]},{"query":"?- ?v:AE#VATravelVoucher, ?v[AE#hasVoucherBeneficiary->?b], ?b[AE#hasArrestRecord->?beneficiaryHasArrestRecord].","resultList":[{"result":[{"key":"?v","val":"VO_b1ad36fb_5d95_4e39_9308_10c8b999e675_1503941889003_0"},{"key":"?b","val":"VO_b1ad36fb_5d95_4e39_9308_10c8b999e675_1503941889003_11"},{"key":"?beneficiaryHasArrestRecord","val":"AE#UnknownArrestRecord"}]}]},{"query":"?- ?v:AE#VATravelVoucher, ?v[AE#hasVoucherBeneficiary->?b], ?b[AE#hasCriminalRecord->?beneficiaryHasCriminalRecord].","resultList":[{"result":[{"key":"?v","val":"VO_b1ad36fb_5d95_4e39_9308_10c8b999e675_1503941889003_0"},{"key":"?b","val":"VO_b1ad36fb_5d95_4e39_9308_10c8b999e675_1503941889003_11"},{"key":"?beneficiaryHasCriminalRecord","val":"AE#NoCriminalRecord"}]}]},{"query":"?- ?t:AE#Travelling, ?t[AE#hasPath->?p], ?p[AE#hasDistance->?d], ?d[AE#numericValue->?expectedDistanceValue], ?d[AE#hasUnitOfMeasure->?unitOfDistanceMeasure].","resultList":[{"result":[{"key":"?t","val":"VO_b1ad36fb_5d95_4e39_9308_10c8b999e675_1503941889003_6"},{"key":"?p","val":"ES_5636a415_68ae_49a6_8890_c9e7cd0c4eb6_1503941915885_4"},{"key":"?d","val":"ES_5636a415_68ae_49a6_8890_c9e7cd0c4eb6_1503941915885_0"},{"key":"?expectedDistanceValue","val":"12696.758411498807618045248091220855712890625"},{"key":"?unitOfDistanceMeasure","val":"meters"}]}]},{"query":"?- ?t:AE#Travelling, ?t[AE#hasPath->?p], ?p[AE#hasExpectedTravelTime->?d], ?d[AE#numericValue->?expectedTimeValue], ?d[AE#hasUnitOfMeasure->?unitOfTimeMeasure].","resultList":[{"result":[{"key":"?t","val":"VO_b1ad36fb_5d95_4e39_9308_10c8b999e675_1503941889003_6"},{"key":"?p","val":"ES_5636a415_68ae_49a6_8890_c9e7cd0c4eb6_1503941915885_4"},{"key":"?d","val":"ES_5636a415_68ae_49a6_8890_c9e7cd0c4eb6_1503941915885_2"},{"key":"?expectedTimeValue","val":"12.119264352950267493724822998046875"},{"key":"?unitOfTimeMeasure","val":"minutes"}]}]},{"query":"?- ?t:AE#Travelling, ?t[AE#hasDestination->?d], ?d[label->?destinationFullAddress].","resultList":[{"result":[{"key":"?t","val":"VO_b1ad36fb_5d95_4e39_9308_10c8b999e675_1503941889003_7"},{"key":"?d","val":"VO_b1ad36fb_5d95_4e39_9308_10c8b999e675_1503941889003_8"},{"key":"?destinationFullAddress","val":"2790 Truxton Road, Suite 130, San Diego, CA 92106"}]},{"result":[{"key":"?t","val":"VO_b1ad36fb_5d95_4e39_9308_10c8b999e675_1503941889003_6"},{"key":"?d","val":"VO_b1ad36fb_5d95_4e39_9308_10c8b999e675_1503941889003_5"},{"key":"?destinationFullAddress","val":"4878 E Mountain View Dr San Diego, CA 92116"}]}]},{"query":"?- ?t:AE#Travelling, ?t[AE#hasDestination->?d], ?d[AE#hasStreet->?s], ?s[label->?destinationStreetName], ?d[AE#hasCity->?c], ?c[label->?destinationCity], ?d[AE#hasState->?st], ?st[label->?destinationState], ?d[AE#hasZipcode->?destinationZipCode].","resultList":[{"result":[{"key":"?t","val":"VO_b1ad36fb_5d95_4e39_9308_10c8b999e675_1503941889003_7"},{"key":"?d","val":"VO_b1ad36fb_5d95_4e39_9308_10c8b999e675_1503941889003_8"},{"key":"?s","val":"NO_e2152229_0474_4f1b_9df3_4573bede6c8f_1503941898809_id5"},{"key":"?destinationStreetName","val":"2790 Truxton Road"},{"key":"?c","val":"NO_e2152229_0474_4f1b_9df3_4573bede6c8f_1503941898809_id11"},{"key":"?destinationCity","val":"San Diego"},{"key":"?st","val":"NO_e2152229_0474_4f1b_9df3_4573bede6c8f_1503941898809_id13"},{"key":"?destinationState","val":"CA"},{"key":"?destinationZipCode","val":"92106"}]}]},{"query":"?- ?t:AE#Travelling, ?t[AE#hasOrigin->?d], ?d[label->?originFullAddress].","resultList":[{"result":[{"key":"?t","val":"VO_b1ad36fb_5d95_4e39_9308_10c8b999e675_1503941889003_7"},{"key":"?d","val":"VO_b1ad36fb_5d95_4e39_9308_10c8b999e675_1503941889003_3"},{"key":"?originFullAddress","val":"4878 E Mountain View Dr San Diego, CA 92116"}]},{"result":[{"key":"?t","val":"VO_b1ad36fb_5d95_4e39_9308_10c8b999e675_1503941889003_6"},{"key":"?d","val":"VO_b1ad36fb_5d95_4e39_9308_10c8b999e675_1503941889003_8"},{"key":"?originFullAddress","val":"2790 Truxton Road, Suite 130, San Diego, CA 92106"}]}]},{"query":"?- ?t:AE#Travelling, ?t[AE#hasOrigin->?d], ?d[AE#hasStreet->?s], ?s[label->?originStreetName], ?d[AE#hasCity->?c], ?c[label->?originCity], ?d[AE#hasState->?st], ?st[label->?originState], ?d[AE#hasZipcode->?originZipCode].","resultList":[{"result":[{"key":"?t","val":"VO_b1ad36fb_5d95_4e39_9308_10c8b999e675_1503941889003_6"},{"key":"?d","val":"VO_b1ad36fb_5d95_4e39_9308_10c8b999e675_1503941889003_8"},{"key":"?s","val":"NO_e2152229_0474_4f1b_9df3_4573bede6c8f_1503941898809_id5"},{"key":"?originStreetName","val":"2790 Truxton Road"},{"key":"?c","val":"NO_e2152229_0474_4f1b_9df3_4573bede6c8f_1503941898809_id11"},{"key":"?originCity","val":"San Diego"},{"key":"?st","val":"NO_e2152229_0474_4f1b_9df3_4573bede6c8f_1503941898809_id13"},{"key":"?originState","val":"CA"},{"key":"?originZipCode","val":"92106"}]}]},{"query":"?- ?t:AE#Travelling, ?t[AE#hasPath->?p], ?p[AE#hasStartRegion->?s], ?s[AE#hasLatitude->?originLatitude], ?s[AE#hasLongitude->?originLongitude].","resultList":[{"result":[{"key":"?t","val":"VO_b1ad36fb_5d95_4e39_9308_10c8b999e675_1503941889003_6"},{"key":"?p","val":"ES_5636a415_68ae_49a6_8890_c9e7cd0c4eb6_1503941915885_4"},{"key":"?s","val":"ES_5636a415_68ae_49a6_8890_c9e7cd0c4eb6_1503941915885_3"},{"key":"?originLatitude","val":"32.74051839275188058309140615165233612060546875"},{"key":"?originLongitude","val":"-117.2130215001728856805129908025264739990234375"}]}]},{"query":"?- ?t:AE#Travelling, ?t[AE#hasPath->?p], ?p[AE#hasEndRegion->?e], ?e[AE#hasLatitude->?destinationLatitude], ?e[AE#hasLongitude->?destinationLongitude].","resultList":[{"result":[{"key":"?t","val":"VO_b1ad36fb_5d95_4e39_9308_10c8b999e675_1503941889003_6"},{"key":"?p","val":"ES_5636a415_68ae_49a6_8890_c9e7cd0c4eb6_1503941915885_4"},{"key":"?e","val":"ES_5636a415_68ae_49a6_8890_c9e7cd0c4eb6_1503941915885_1"},{"key":"?destinationLatitude","val":"32.76660956203472352399330702610313892364501953125"},{"key":"?destinationLongitude","val":"-117.1157449260773688592962571419775485992431640625"}]}]}]}
