{"dataList":[{"query":"?- ?v:AE#VATravelVoucher, ?v[AE#hasVoucherClaimant->?c], ?c[AE#hasName->?cn], ?cn[label->?claimantFullName].","resultList":[{"result":[{"key":"?v","val":"VO_b6ec6698_fdf5_4ace_b05e_2e493c641de8_1503942187059_0"},{"key":"?c","val":"VO_b6ec6698_fdf5_4ace_b05e_2e493c641de8_1503942187059_2"},{"key":"?cn","val":"VO_b6ec6698_fdf5_4ace_b05e_2e493c641de8_1503942187059_1"},{"key":"?claimantFullName","val":"Charles Christopher Bainton"}]},{"result":[{"key":"?v","val":"VO_b6ec6698_fdf5_4ace_b05e_2e493c641de8_1503942187059_0"},{"key":"?c","val":"VO_b6ec6698_fdf5_4ace_b05e_2e493c641de8_1503942187059_2"},{"key":"?cn","val":"NO_0fc60bc4_d5f8_4657_8eb7_15dcd34f0a1b_1503942194634_0"},{"key":"?claimantFullName","val":"Charles Christopher Bainton"}]}]},{"query":"?- ?v:AE#VATravelVoucher, ?v[AE#hasVoucherClaimant->?c], ?c[AE#hasName->?cn], ?cn[AE#hasFirstName->?claimantFirstName].","resultList":[{"result":[{"key":"?v","val":"VO_b6ec6698_fdf5_4ace_b05e_2e493c641de8_1503942187059_0"},{"key":"?c","val":"VO_b6ec6698_fdf5_4ace_b05e_2e493c641de8_1503942187059_2"},{"key":"?cn","val":"NO_0fc60bc4_d5f8_4657_8eb7_15dcd34f0a1b_1503942194634_0"},{"key":"?claimantFirstName","val":"charles"}]}]},{"query":"?- ?v:AE#VATravelVoucher, ?v[AE#hasVoucherClaimant->?c], ?c[AE#hasName->?cn], ?cn[AE#hasLastName->?claimantLastName].","resultList":[{"result":[{"key":"?v","val":"VO_b6ec6698_fdf5_4ace_b05e_2e493c641de8_1503942187059_0"},{"key":"?c","val":"VO_b6ec6698_fdf5_4ace_b05e_2e493c641de8_1503942187059_2"},{"key":"?cn","val":"NO_0fc60bc4_d5f8_4657_8eb7_15dcd34f0a1b_1503942194634_0"},{"key":"?claimantLastName","val":"bainton"}]}]},{"query":"?- ?v:AE#VATravelVoucher, ?v[AE#hasVoucherClaimant->?c], ?c[AE#hasSocialSecurityNumber->?s], ?s[label->?claimantSsn].","resultList":[{"result":[{"key":"?v","val":"VO_b6ec6698_fdf5_4ace_b05e_2e493c641de8_1503942187059_0"},{"key":"?c","val":"VO_b6ec6698_fdf5_4ace_b05e_2e493c641de8_1503942187059_2"},{"key":"?s","val":"VO_b6ec6698_fdf5_4ace_b05e_2e493c641de8_1503942187059_12"},{"key":"?claimantSsn","val":"789-53-8095"}]}]},{"query":"?- ?v:AE#VATravelVoucher, ?v[AE#hasVoucherClaimant->?c], ?c[AE#hasLiens->?claimantHasLiens].","resultList":[{"result":[{"key":"?v","val":"VO_b6ec6698_fdf5_4ace_b05e_2e493c641de8_1503942187059_0"},{"key":"?c","val":"VO_b6ec6698_fdf5_4ace_b05e_2e493c641de8_1503942187059_2"},{"key":"?claimantHasLiens","val":"AE#UnknownLienReport"}]}]},{"query":"?- ?v:AE#VATravelVoucher, ?v[AE#hasVoucherClaimant->?c], ?c[AE#hasDeclaredBankruptcy->?claimantHasDeclaredBankruptcy].","resultList":[{"result":[{"key":"?v","val":"VO_b6ec6698_fdf5_4ace_b05e_2e493c641de8_1503942187059_0"},{"key":"?c","val":"VO_b6ec6698_fdf5_4ace_b05e_2e493c641de8_1503942187059_2"},{"key":"?claimantHasDeclaredBankruptcy","val":"AE#NoBankruptcyReport"}]}]},{"query":"?- ?v:AE#VATravelVoucher, ?v[AE#hasVoucherClaimant->?c], ?c[AE#hasArrestRecord->?claimantHasArrestRecord].","resultList":[{"result":[{"key":"?v","val":"VO_b6ec6698_fdf5_4ace_b05e_2e493c641de8_1503942187059_0"},{"key":"?c","val":"VO_b6ec6698_fdf5_4ace_b05e_2e493c641de8_1503942187059_2"},{"key":"?claimantHasArrestRecord","val":"AE#UnknownArrestRecord"}]}]},{"query":"?- ?v:AE#VATravelVoucher, ?v[AE#hasVoucherClaimant->?c], ?c[AE#hasCriminalRecord->?claimantHasCriminalRecord].","resultList":[{"result":[{"key":"?v","val":"VO_b6ec6698_fdf5_4ace_b05e_2e493c641de8_1503942187059_0"},{"key":"?c","val":"VO_b6ec6698_fdf5_4ace_b05e_2e493c641de8_1503942187059_2"},{"key":"?claimantHasCriminalRecord","val":"AE#UnknownCriminalRecord"}]}]},{"query":"?- ?v:AE#VATravelVoucher, ?v[AE#hasVoucherBeneficiary->?b], ?b[AE#hasName->?cn], ?cn[label->?beneficiaryFullName].","resultList":[{"result":[{"key":"?v","val":"VO_b6ec6698_fdf5_4ace_b05e_2e493c641de8_1503942187059_0"},{"key":"?b","val":"VO_b6ec6698_fdf5_4ace_b05e_2e493c641de8_1503942187059_11"},{"key":"?cn","val":"VO_b6ec6698_fdf5_4ace_b05e_2e493c641de8_1503942187059_10"},{"key":"?beneficiaryFullName","val":"Charles Christopher Bainton"}]},{"result":[{"key":"?v","val":"VO_b6ec6698_fdf5_4ace_b05e_2e493c641de8_1503942187059_0"},{"key":"?b","val":"VO_b6ec6698_fdf5_4ace_b05e_2e493c641de8_1503942187059_11"},{"key":"?cn","val":"NO_d421a13b_3ddb_4dbc_bdd4_717d7b093e61_1503942192706_0"},{"key":"?beneficiaryFullName","val":"Charles Christopher Bainton"}]}]},{"query":"?- ?v:AE#VATravelVoucher, ?v[AE#hasVoucherBeneficiary->?b], ?b[AE#hasName->?cn], ?cn[AE#hasFirstName->?beneficiaryFirstName].","resultList":[{"result":[{"key":"?v","val":"VO_b6ec6698_fdf5_4ace_b05e_2e493c641de8_1503942187059_0"},{"key":"?b","val":"VO_b6ec6698_fdf5_4ace_b05e_2e493c641de8_1503942187059_11"},{"key":"?cn","val":"NO_d421a13b_3ddb_4dbc_bdd4_717d7b093e61_1503942192706_0"},{"key":"?beneficiaryFirstName","val":"charles"}]}]},{"query":"?- ?v:AE#VATravelVoucher, ?v[AE#hasVoucherBeneficiary->?b], ?b[AE#hasName->?cn], ?cn[AE#hasLastName->?beneficiaryLastName].","resultList":[{"result":[{"key":"?v","val":"VO_b6ec6698_fdf5_4ace_b05e_2e493c641de8_1503942187059_0"},{"key":"?b","val":"VO_b6ec6698_fdf5_4ace_b05e_2e493c641de8_1503942187059_11"},{"key":"?cn","val":"NO_d421a13b_3ddb_4dbc_bdd4_717d7b093e61_1503942192706_0"},{"key":"?beneficiaryLastName","val":"bainton"}]}]},{"query":"?- ?v:AE#VATravelVoucher, ?v[AE#hasVoucherBeneficiary->?b], ?b[AE#hasSocialSecurityNumber->?s], ?s[label->?beneficiarySsn].","resultList":[{"result":[{"key":"?v","val":"VO_b6ec6698_fdf5_4ace_b05e_2e493c641de8_1503942187059_0"},{"key":"?b","val":"VO_b6ec6698_fdf5_4ace_b05e_2e493c641de8_1503942187059_11"},{"key":"?s","val":"VO_b6ec6698_fdf5_4ace_b05e_2e493c641de8_1503942187059_9"},{"key":"?beneficiarySsn","val":"789-53-8095"}]}]},{"query":"?- ?v:AE#VATravelVoucher, ?v[AE#hasVoucherBeneficiary->?b], ?b[AE#hasLiens->?beneficiaryHasLiens].","resultList":[{"result":[{"key":"?v","val":"VO_b6ec6698_fdf5_4ace_b05e_2e493c641de8_1503942187059_0"},{"key":"?b","val":"VO_b6ec6698_fdf5_4ace_b05e_2e493c641de8_1503942187059_11"},{"key":"?beneficiaryHasLiens","val":"AE#UnknownLienReport"}]}]},{"query":"?- ?v:AE#VATravelVoucher, ?v[AE#hasVoucherBeneficiary->?b], ?b[AE#hasDeclaredBankruptcy->?beneficiaryHasDeclaredBankruptcy].","resultList":[{"result":[{"key":"?v","val":"VO_b6ec6698_fdf5_4ace_b05e_2e493c641de8_1503942187059_0"},{"key":"?b","val":"VO_b6ec6698_fdf5_4ace_b05e_2e493c641de8_1503942187059_11"},{"key":"?beneficiaryHasDeclaredBankruptcy","val":"AE#NoBankruptcyReport"}]}]},{"query":"?- ?v:AE#VATravelVoucher, ?v[AE#hasVoucherBeneficiary->?b], ?b[AE#hasArrestRecord->?beneficiaryHasArrestRecord].","resultList":[{"result":[{"key":"?v","val":"VO_b6ec6698_fdf5_4ace_b05e_2e493c641de8_1503942187059_0"},{"key":"?b","val":"VO_b6ec6698_fdf5_4ace_b05e_2e493c641de8_1503942187059_11"},{"key":"?beneficiaryHasArrestRecord","val":"AE#UnknownArrestRecord"}]}]},{"query":"?- ?v:AE#VATravelVoucher, ?v[AE#hasVoucherBeneficiary->?b], ?b[AE#hasCriminalRecord->?beneficiaryHasCriminalRecord].","resultList":[{"result":[{"key":"?v","val":"VO_b6ec6698_fdf5_4ace_b05e_2e493c641de8_1503942187059_0"},{"key":"?b","val":"VO_b6ec6698_fdf5_4ace_b05e_2e493c641de8_1503942187059_11"},{"key":"?beneficiaryHasCriminalRecord","val":"AE#UnknownCriminalRecord"}]}]},{"query":"?- ?t:AE#Travelling, ?t[AE#hasPath->?p], ?p[AE#hasDistance->?d], ?d[AE#numericValue->?expectedDistanceValue], ?d[AE#hasUnitOfMeasure->?unitOfDistanceMeasure].","resultList":[{"result":[{"key":"?t","val":"VO_b6ec6698_fdf5_4ace_b05e_2e493c641de8_1503942187059_6"},{"key":"?p","val":"ES_fbd38357_abf3_4f51_a65f_96209ae6fd54_1503942212770_4"},{"key":"?d","val":"ES_fbd38357_abf3_4f51_a65f_96209ae6fd54_1503942212770_0"},{"key":"?expectedDistanceValue","val":"12690.241007646700381883420050144195556640625"},{"key":"?unitOfDistanceMeasure","val":"meters"}]}]},{"query":"?- ?t:AE#Travelling, ?t[AE#hasPath->?p], ?p[AE#hasExpectedTravelTime->?d], ?d[AE#numericValue->?expectedTimeValue], ?d[AE#hasUnitOfMeasure->?unitOfTimeMeasure].","resultList":[{"result":[{"key":"?t","val":"VO_b6ec6698_fdf5_4ace_b05e_2e493c641de8_1503942187059_6"},{"key":"?p","val":"ES_fbd38357_abf3_4f51_a65f_96209ae6fd54_1503942212770_4"},{"key":"?d","val":"ES_fbd38357_abf3_4f51_a65f_96209ae6fd54_1503942212770_2"},{"key":"?expectedTimeValue","val":"10.133116101496852934360504150390625"},{"key":"?unitOfTimeMeasure","val":"minutes"}]}]},{"query":"?- ?t:AE#Travelling, ?t[AE#hasDestination->?d], ?d[label->?destinationFullAddress].","resultList":[{"result":[{"key":"?t","val":"VO_b6ec6698_fdf5_4ace_b05e_2e493c641de8_1503942187059_7"},{"key":"?d","val":"VO_b6ec6698_fdf5_4ace_b05e_2e493c641de8_1503942187059_8"},{"key":"?destinationFullAddress","val":"2790 Truxton Road, Suite 130, San Diego, CA 92106"}]},{"result":[{"key":"?t","val":"VO_b6ec6698_fdf5_4ace_b05e_2e493c641de8_1503942187059_6"},{"key":"?d","val":"VO_b6ec6698_fdf5_4ace_b05e_2e493c641de8_1503942187059_5"},{"key":"?destinationFullAddress","val":"3566 L St San Diego, CA 92102"}]}]},{"query":"?- ?t:AE#Travelling, ?t[AE#hasDestination->?d], ?d[AE#hasStreet->?s], ?s[label->?destinationStreetName], ?d[AE#hasCity->?c], ?c[label->?destinationCity], ?d[AE#hasState->?st], ?st[label->?destinationState], ?d[AE#hasZipcode->?destinationZipCode].","resultList":[{"result":[{"key":"?t","val":"VO_b6ec6698_fdf5_4ace_b05e_2e493c641de8_1503942187059_7"},{"key":"?d","val":"VO_b6ec6698_fdf5_4ace_b05e_2e493c641de8_1503942187059_8"},{"key":"?s","val":"NO_9e4832d7_90ca_4f5e_bc4f_4bf8caba7f01_1503942196513_id5"},{"key":"?destinationStreetName","val":"2790 Truxton Road"},{"key":"?c","val":"NO_9e4832d7_90ca_4f5e_bc4f_4bf8caba7f01_1503942196513_id11"},{"key":"?destinationCity","val":"San Diego"},{"key":"?st","val":"NO_9e4832d7_90ca_4f5e_bc4f_4bf8caba7f01_1503942196513_id13"},{"key":"?destinationState","val":"CA"},{"key":"?destinationZipCode","val":"92106"}]},{"result":[{"key":"?t","val":"VO_b6ec6698_fdf5_4ace_b05e_2e493c641de8_1503942187059_6"},{"key":"?d","val":"VO_b6ec6698_fdf5_4ace_b05e_2e493c641de8_1503942187059_5"},{"key":"?s","val":"NO_a5f5db00_a4ce_433a_892e_b46c746471c2_1503942198406_id3"},{"key":"?destinationStreetName","val":"3566 L St"},{"key":"?c","val":"NO_a5f5db00_a4ce_433a_892e_b46c746471c2_1503942198406_id9"},{"key":"?destinationCity","val":"San Diego"},{"key":"?st","val":"NO_a5f5db00_a4ce_433a_892e_b46c746471c2_1503942198406_id11"},{"key":"?destinationState","val":"CA"},{"key":"?destinationZipCode","val":"92102"}]}]},{"query":"?- ?t:AE#Travelling, ?t[AE#hasOrigin->?d], ?d[label->?originFullAddress].","resultList":[{"result":[{"key":"?t","val":"VO_b6ec6698_fdf5_4ace_b05e_2e493c641de8_1503942187059_7"},{"key":"?d","val":"VO_b6ec6698_fdf5_4ace_b05e_2e493c641de8_1503942187059_3"},{"key":"?originFullAddress","val":"3566 L St San Diego, CA 92102"}]},{"result":[{"key":"?t","val":"VO_b6ec6698_fdf5_4ace_b05e_2e493c641de8_1503942187059_6"},{"key":"?d","val":"VO_b6ec6698_fdf5_4ace_b05e_2e493c641de8_1503942187059_8"},{"key":"?originFullAddress","val":"2790 Truxton Road, Suite 130, San Diego, CA 92106"}]}]},{"query":"?- ?t:AE#Travelling, ?t[AE#hasOrigin->?d], ?d[AE#hasStreet->?s], ?s[label->?originStreetName], ?d[AE#hasCity->?c], ?c[label->?originCity], ?d[AE#hasState->?st], ?st[label->?originState], ?d[AE#hasZipcode->?originZipCode].","resultList":[{"result":[{"key":"?t","val":"VO_b6ec6698_fdf5_4ace_b05e_2e493c641de8_1503942187059_7"},{"key":"?d","val":"VO_b6ec6698_fdf5_4ace_b05e_2e493c641de8_1503942187059_3"},{"key":"?s","val":"NO_5bf2e267_b66d_4cc9_ae60_cbf43b352a8e_1503942200319_id3"},{"key":"?originStreetName","val":"3566 L St"},{"key":"?c","val":"NO_5bf2e267_b66d_4cc9_ae60_cbf43b352a8e_1503942200319_id9"},{"key":"?originCity","val":"San Diego"},{"key":"?st","val":"NO_5bf2e267_b66d_4cc9_ae60_cbf43b352a8e_1503942200319_id11"},{"key":"?originState","val":"CA"},{"key":"?originZipCode","val":"92102"}]},{"result":[{"key":"?t","val":"VO_b6ec6698_fdf5_4ace_b05e_2e493c641de8_1503942187059_6"},{"key":"?d","val":"VO_b6ec6698_fdf5_4ace_b05e_2e493c641de8_1503942187059_8"},{"key":"?s","val":"NO_9e4832d7_90ca_4f5e_bc4f_4bf8caba7f01_1503942196513_id5"},{"key":"?originStreetName","val":"2790 Truxton Road"},{"key":"?c","val":"NO_9e4832d7_90ca_4f5e_bc4f_4bf8caba7f01_1503942196513_id11"},{"key":"?originCity","val":"San Diego"},{"key":"?st","val":"NO_9e4832d7_90ca_4f5e_bc4f_4bf8caba7f01_1503942196513_id13"},{"key":"?originState","val":"CA"},{"key":"?originZipCode","val":"92106"}]}]},{"query":"?- ?t:AE#Travelling, ?t[AE#hasPath->?p], ?p[AE#hasStartRegion->?s], ?s[AE#hasLatitude->?originLatitude], ?s[AE#hasLongitude->?originLongitude].","resultList":[{"result":[{"key":"?t","val":"VO_b6ec6698_fdf5_4ace_b05e_2e493c641de8_1503942187059_6"},{"key":"?p","val":"ES_fbd38357_abf3_4f51_a65f_96209ae6fd54_1503942212770_4"},{"key":"?s","val":"ES_fbd38357_abf3_4f51_a65f_96209ae6fd54_1503942212770_3"},{"key":"?originLatitude","val":"32.74051839275188058309140615165233612060546875"},{"key":"?originLongitude","val":"-117.2130215001728856805129908025264739990234375"}]}]},{"query":"?- ?t:AE#Travelling, ?t[AE#hasPath->?p], ?p[AE#hasEndRegion->?e], ?e[AE#hasLatitude->?destinationLatitude], ?e[AE#hasLongitude->?destinationLongitude].","resultList":[{"result":[{"key":"?t","val":"VO_b6ec6698_fdf5_4ace_b05e_2e493c641de8_1503942187059_6"},{"key":"?p","val":"ES_fbd38357_abf3_4f51_a65f_96209ae6fd54_1503942212770_4"},{"key":"?e","val":"ES_fbd38357_abf3_4f51_a65f_96209ae6fd54_1503942212770_1"},{"key":"?destinationLatitude","val":"32.70796350764604909500121721066534519195556640625"},{"key":"?destinationLongitude","val":"-117.117220500000001948137651197612285614013671875"}]}]}]}
