{"dataList":[{"query":"?- ?v:AE#VATravelVoucher, ?v[AE#hasVoucherClaimant->?c], ?c[AE#hasName->?cn], ?cn[label->?claimantFullName].","resultList":[{"result":[{"key":"?v","val":"VO_b2485d5c_e803_4105_ac97_3b90eb331cbe_1503940273383_0"},{"key":"?c","val":"VO_b2485d5c_e803_4105_ac97_3b90eb331cbe_1503940273383_2"},{"key":"?cn","val":"NO_b056b06c_61a6_41dd_834e_3e688f8f927e_1503940281392_0"},{"key":"?claimantFullName","val":"Marc Roosevelt Stokes"}]},{"result":[{"key":"?v","val":"VO_b2485d5c_e803_4105_ac97_3b90eb331cbe_1503940273383_0"},{"key":"?c","val":"VO_b2485d5c_e803_4105_ac97_3b90eb331cbe_1503940273383_2"},{"key":"?cn","val":"VO_b2485d5c_e803_4105_ac97_3b90eb331cbe_1503940273383_1"},{"key":"?claimantFullName","val":"Marc Roosevelt Stokes"}]}]},{"query":"?- ?v:AE#VATravelVoucher, ?v[AE#hasVoucherClaimant->?c], ?c[AE#hasName->?cn], ?cn[AE#hasFirstName->?claimantFirstName].","resultList":[{"result":[{"key":"?v","val":"VO_b2485d5c_e803_4105_ac97_3b90eb331cbe_1503940273383_0"},{"key":"?c","val":"VO_b2485d5c_e803_4105_ac97_3b90eb331cbe_1503940273383_2"},{"key":"?cn","val":"NO_b056b06c_61a6_41dd_834e_3e688f8f927e_1503940281392_0"},{"key":"?claimantFirstName","val":"marc"}]}]},{"query":"?- ?v:AE#VATravelVoucher, ?v[AE#hasVoucherClaimant->?c], ?c[AE#hasName->?cn], ?cn[AE#hasLastName->?claimantLastName].","resultList":[{"result":[{"key":"?v","val":"VO_b2485d5c_e803_4105_ac97_3b90eb331cbe_1503940273383_0"},{"key":"?c","val":"VO_b2485d5c_e803_4105_ac97_3b90eb331cbe_1503940273383_2"},{"key":"?cn","val":"NO_b056b06c_61a6_41dd_834e_3e688f8f927e_1503940281392_0"},{"key":"?claimantLastName","val":"stokes"}]}]},{"query":"?- ?v:AE#VATravelVoucher, ?v[AE#hasVoucherClaimant->?c], ?c[AE#hasSocialSecurityNumber->?s], ?s[label->?claimantSsn].","resultList":[{"result":[{"key":"?v","val":"VO_b2485d5c_e803_4105_ac97_3b90eb331cbe_1503940273383_0"},{"key":"?c","val":"VO_b2485d5c_e803_4105_ac97_3b90eb331cbe_1503940273383_2"},{"key":"?s","val":"VO_b2485d5c_e803_4105_ac97_3b90eb331cbe_1503940273383_12"},{"key":"?claimantSsn","val":"687-29-9331"}]}]},{"query":"?- ?v:AE#VATravelVoucher, ?v[AE#hasVoucherClaimant->?c], ?c[AE#hasLiens->?claimantHasLiens].","resultList":[{"result":[{"key":"?v","val":"VO_b2485d5c_e803_4105_ac97_3b90eb331cbe_1503940273383_0"},{"key":"?c","val":"VO_b2485d5c_e803_4105_ac97_3b90eb331cbe_1503940273383_2"},{"key":"?claimantHasLiens","val":"AE#NoLienReport"}]}]},{"query":"?- ?v:AE#VATravelVoucher, ?v[AE#hasVoucherClaimant->?c], ?c[AE#hasDeclaredBankruptcy->?claimantHasDeclaredBankruptcy].","resultList":[{"result":[{"key":"?v","val":"VO_b2485d5c_e803_4105_ac97_3b90eb331cbe_1503940273383_0"},{"key":"?c","val":"VO_b2485d5c_e803_4105_ac97_3b90eb331cbe_1503940273383_2"},{"key":"?claimantHasDeclaredBankruptcy","val":"AE#NoBankruptcyReport"}]}]},{"query":"?- ?v:AE#VATravelVoucher, ?v[AE#hasVoucherClaimant->?c], ?c[AE#hasArrestRecord->?claimantHasArrestRecord].","resultList":[{"result":[{"key":"?v","val":"VO_b2485d5c_e803_4105_ac97_3b90eb331cbe_1503940273383_0"},{"key":"?c","val":"VO_b2485d5c_e803_4105_ac97_3b90eb331cbe_1503940273383_2"},{"key":"?claimantHasArrestRecord","val":"AE#UnknownArrestRecord"}]}]},{"query":"?- ?v:AE#VATravelVoucher, ?v[AE#hasVoucherClaimant->?c], ?c[AE#hasCriminalRecord->?claimantHasCriminalRecord].","resultList":[{"result":[{"key":"?v","val":"VO_b2485d5c_e803_4105_ac97_3b90eb331cbe_1503940273383_0"},{"key":"?c","val":"VO_b2485d5c_e803_4105_ac97_3b90eb331cbe_1503940273383_2"},{"key":"?claimantHasCriminalRecord","val":"AE#NoCriminalRecord"}]}]},{"query":"?- ?v:AE#VATravelVoucher, ?v[AE#hasVoucherBeneficiary->?b], ?b[AE#hasName->?cn], ?cn[label->?beneficiaryFullName].","resultList":[{"result":[{"key":"?v","val":"VO_b2485d5c_e803_4105_ac97_3b90eb331cbe_1503940273383_0"},{"key":"?b","val":"VO_b2485d5c_e803_4105_ac97_3b90eb331cbe_1503940273383_11"},{"key":"?cn","val":"VO_b2485d5c_e803_4105_ac97_3b90eb331cbe_1503940273383_10"},{"key":"?beneficiaryFullName","val":"Marc Roosevelt Stokes"}]},{"result":[{"key":"?v","val":"VO_b2485d5c_e803_4105_ac97_3b90eb331cbe_1503940273383_0"},{"key":"?b","val":"VO_b2485d5c_e803_4105_ac97_3b90eb331cbe_1503940273383_11"},{"key":"?cn","val":"NO_d08e4f30_74d6_41cd_9440_a035e5c86250_1503940279497_0"},{"key":"?beneficiaryFullName","val":"Marc Roosevelt Stokes"}]}]},{"query":"?- ?v:AE#VATravelVoucher, ?v[AE#hasVoucherBeneficiary->?b], ?b[AE#hasName->?cn], ?cn[AE#hasFirstName->?beneficiaryFirstName].","resultList":[{"result":[{"key":"?v","val":"VO_b2485d5c_e803_4105_ac97_3b90eb331cbe_1503940273383_0"},{"key":"?b","val":"VO_b2485d5c_e803_4105_ac97_3b90eb331cbe_1503940273383_11"},{"key":"?cn","val":"NO_d08e4f30_74d6_41cd_9440_a035e5c86250_1503940279497_0"},{"key":"?beneficiaryFirstName","val":"marc"}]}]},{"query":"?- ?v:AE#VATravelVoucher, ?v[AE#hasVoucherBeneficiary->?b], ?b[AE#hasName->?cn], ?cn[AE#hasLastName->?beneficiaryLastName].","resultList":[{"result":[{"key":"?v","val":"VO_b2485d5c_e803_4105_ac97_3b90eb331cbe_1503940273383_0"},{"key":"?b","val":"VO_b2485d5c_e803_4105_ac97_3b90eb331cbe_1503940273383_11"},{"key":"?cn","val":"NO_d08e4f30_74d6_41cd_9440_a035e5c86250_1503940279497_0"},{"key":"?beneficiaryLastName","val":"stokes"}]}]},{"query":"?- ?v:AE#VATravelVoucher, ?v[AE#hasVoucherBeneficiary->?b], ?b[AE#hasSocialSecurityNumber->?s], ?s[label->?beneficiarySsn].","resultList":[{"result":[{"key":"?v","val":"VO_b2485d5c_e803_4105_ac97_3b90eb331cbe_1503940273383_0"},{"key":"?b","val":"VO_b2485d5c_e803_4105_ac97_3b90eb331cbe_1503940273383_11"},{"key":"?s","val":"VO_b2485d5c_e803_4105_ac97_3b90eb331cbe_1503940273383_9"},{"key":"?beneficiarySsn","val":"687-29-9331"}]}]},{"query":"?- ?v:AE#VATravelVoucher, ?v[AE#hasVoucherBeneficiary->?b], ?b[AE#hasLiens->?beneficiaryHasLiens].","resultList":[{"result":[{"key":"?v","val":"VO_b2485d5c_e803_4105_ac97_3b90eb331cbe_1503940273383_0"},{"key":"?b","val":"VO_b2485d5c_e803_4105_ac97_3b90eb331cbe_1503940273383_11"},{"key":"?beneficiaryHasLiens","val":"AE#NoLienReport"}]}]},{"query":"?- ?v:AE#VATravelVoucher, ?v[AE#hasVoucherBeneficiary->?b], ?b[AE#hasDeclaredBankruptcy->?beneficiaryHasDeclaredBankruptcy].","resultList":[{"result":[{"key":"?v","val":"VO_b2485d5c_e803_4105_ac97_3b90eb331cbe_1503940273383_0"},{"key":"?b","val":"VO_b2485d5c_e803_4105_ac97_3b90eb331cbe_1503940273383_11"},{"key":"?beneficiaryHasDeclaredBankruptcy","val":"AE#NoBankruptcyReport"}]}]},{"query":"?- ?v:AE#VATravelVoucher, ?v[AE#hasVoucherBeneficiary->?b], ?b[AE#hasArrestRecord->?beneficiaryHasArrestRecord].","resultList":[{"result":[{"key":"?v","val":"VO_b2485d5c_e803_4105_ac97_3b90eb331cbe_1503940273383_0"},{"key":"?b","val":"VO_b2485d5c_e803_4105_ac97_3b90eb331cbe_1503940273383_11"},{"key":"?beneficiaryHasArrestRecord","val":"AE#UnknownArrestRecord"}]}]},{"query":"?- ?v:AE#VATravelVoucher, ?v[AE#hasVoucherBeneficiary->?b], ?b[AE#hasCriminalRecord->?beneficiaryHasCriminalRecord].","resultList":[{"result":[{"key":"?v","val":"VO_b2485d5c_e803_4105_ac97_3b90eb331cbe_1503940273383_0"},{"key":"?b","val":"VO_b2485d5c_e803_4105_ac97_3b90eb331cbe_1503940273383_11"},{"key":"?beneficiaryHasCriminalRecord","val":"AE#NoCriminalRecord"}]}]},{"query":"?- ?t:AE#Travelling, ?t[AE#hasPath->?p], ?p[AE#hasDistance->?d], ?d[AE#numericValue->?expectedDistanceValue], ?d[AE#hasUnitOfMeasure->?unitOfDistanceMeasure].","resultList":[{"result":[{"key":"?t","val":"VO_b2485d5c_e803_4105_ac97_3b90eb331cbe_1503940273383_6"},{"key":"?p","val":"ES_d11eceeb_8d74_4d28_bd02_f2e60f0c2f8c_1503940300413_4"},{"key":"?d","val":"ES_d11eceeb_8d74_4d28_bd02_f2e60f0c2f8c_1503940300413_0"},{"key":"?expectedDistanceValue","val":"15330.856803731336185592226684093475341796875"},{"key":"?unitOfDistanceMeasure","val":"meters"}]}]},{"query":"?- ?t:AE#Travelling, ?t[AE#hasPath->?p], ?p[AE#hasExpectedTravelTime->?d], ?d[AE#numericValue->?expectedTimeValue], ?d[AE#hasUnitOfMeasure->?unitOfTimeMeasure].","resultList":[{"result":[{"key":"?t","val":"VO_b2485d5c_e803_4105_ac97_3b90eb331cbe_1503940273383_6"},{"key":"?p","val":"ES_d11eceeb_8d74_4d28_bd02_f2e60f0c2f8c_1503940300413_4"},{"key":"?d","val":"ES_d11eceeb_8d74_4d28_bd02_f2e60f0c2f8c_1503940300413_2"},{"key":"?expectedTimeValue","val":"11.192439333535730838775634765625"},{"key":"?unitOfTimeMeasure","val":"minutes"}]}]},{"query":"?- ?t:AE#Travelling, ?t[AE#hasDestination->?d], ?d[label->?destinationFullAddress].","resultList":[{"result":[{"key":"?t","val":"VO_b2485d5c_e803_4105_ac97_3b90eb331cbe_1503940273383_7"},{"key":"?d","val":"VO_b2485d5c_e803_4105_ac97_3b90eb331cbe_1503940273383_8"},{"key":"?destinationFullAddress","val":"2790 Truxton Road, Suite 130, San Diego, CA 92106"}]},{"result":[{"key":"?t","val":"VO_b2485d5c_e803_4105_ac97_3b90eb331cbe_1503940273383_6"},{"key":"?d","val":"VO_b2485d5c_e803_4105_ac97_3b90eb331cbe_1503940273383_5"},{"key":"?destinationFullAddress","val":"823 Bellevue St. San Diego, CA 92105"}]}]},{"query":"?- ?t:AE#Travelling, ?t[AE#hasDestination->?d], ?d[AE#hasStreet->?s], ?s[label->?destinationStreetName], ?d[AE#hasCity->?c], ?c[label->?destinationCity], ?d[AE#hasState->?st], ?st[label->?destinationState], ?d[AE#hasZipcode->?destinationZipCode].","resultList":[{"result":[{"key":"?t","val":"VO_b2485d5c_e803_4105_ac97_3b90eb331cbe_1503940273383_7"},{"key":"?d","val":"VO_b2485d5c_e803_4105_ac97_3b90eb331cbe_1503940273383_8"},{"key":"?s","val":"NO_807a7f4e_a83e_4205_8f4d_91fda9dd43b7_1503940283353_id5"},{"key":"?destinationStreetName","val":"2790 Truxton Road"},{"key":"?c","val":"NO_807a7f4e_a83e_4205_8f4d_91fda9dd43b7_1503940283353_id11"},{"key":"?destinationCity","val":"San Diego"},{"key":"?st","val":"NO_807a7f4e_a83e_4205_8f4d_91fda9dd43b7_1503940283353_id13"},{"key":"?destinationState","val":"CA"},{"key":"?destinationZipCode","val":"92106"}]},{"result":[{"key":"?t","val":"VO_b2485d5c_e803_4105_ac97_3b90eb331cbe_1503940273383_6"},{"key":"?d","val":"VO_b2485d5c_e803_4105_ac97_3b90eb331cbe_1503940273383_5"},{"key":"?s","val":"NO_53f131d4_9cd8_45a8_bc4d_e09aa3b98975_1503940285400_id3"},{"key":"?destinationStreetName","val":"823 Bellevue St."},{"key":"?c","val":"NO_53f131d4_9cd8_45a8_bc4d_e09aa3b98975_1503940285400_id9"},{"key":"?destinationCity","val":"San Diego"},{"key":"?st","val":"NO_53f131d4_9cd8_45a8_bc4d_e09aa3b98975_1503940285400_id11"},{"key":"?destinationState","val":"CA"},{"key":"?destinationZipCode","val":"92105"}]}]},{"query":"?- ?t:AE#Travelling, ?t[AE#hasOrigin->?d], ?d[label->?originFullAddress].","resultList":[{"result":[{"key":"?t","val":"VO_b2485d5c_e803_4105_ac97_3b90eb331cbe_1503940273383_7"},{"key":"?d","val":"VO_b2485d5c_e803_4105_ac97_3b90eb331cbe_1503940273383_3"},{"key":"?originFullAddress","val":"823 Bellevue St. San Diego, CA 92105"}]},{"result":[{"key":"?t","val":"VO_b2485d5c_e803_4105_ac97_3b90eb331cbe_1503940273383_6"},{"key":"?d","val":"VO_b2485d5c_e803_4105_ac97_3b90eb331cbe_1503940273383_8"},{"key":"?originFullAddress","val":"2790 Truxton Road, Suite 130, San Diego, CA 92106"}]}]},{"query":"?- ?t:AE#Travelling, ?t[AE#hasOrigin->?d], ?d[AE#hasStreet->?s], ?s[label->?originStreetName], ?d[AE#hasCity->?c], ?c[label->?originCity], ?d[AE#hasState->?st], ?st[label->?originState], ?d[AE#hasZipcode->?originZipCode].","resultList":[{"result":[{"key":"?t","val":"VO_b2485d5c_e803_4105_ac97_3b90eb331cbe_1503940273383_7"},{"key":"?d","val":"VO_b2485d5c_e803_4105_ac97_3b90eb331cbe_1503940273383_3"},{"key":"?s","val":"NO_9c4c3a4d_e729_4eaa_9c4a_990312980ddf_1503940287415_id3"},{"key":"?originStreetName","val":"823 Bellevue St."},{"key":"?c","val":"NO_9c4c3a4d_e729_4eaa_9c4a_990312980ddf_1503940287415_id9"},{"key":"?originCity","val":"San Diego"},{"key":"?st","val":"NO_9c4c3a4d_e729_4eaa_9c4a_990312980ddf_1503940287415_id11"},{"key":"?originState","val":"CA"},{"key":"?originZipCode","val":"92105"}]},{"result":[{"key":"?t","val":"VO_b2485d5c_e803_4105_ac97_3b90eb331cbe_1503940273383_6"},{"key":"?d","val":"VO_b2485d5c_e803_4105_ac97_3b90eb331cbe_1503940273383_8"},{"key":"?s","val":"NO_807a7f4e_a83e_4205_8f4d_91fda9dd43b7_1503940283353_id5"},{"key":"?originStreetName","val":"2790 Truxton Road"},{"key":"?c","val":"NO_807a7f4e_a83e_4205_8f4d_91fda9dd43b7_1503940283353_id11"},{"key":"?originCity","val":"San Diego"},{"key":"?st","val":"NO_807a7f4e_a83e_4205_8f4d_91fda9dd43b7_1503940283353_id13"},{"key":"?originState","val":"CA"},{"key":"?originZipCode","val":"92106"}]}]},{"query":"?- ?t:AE#Travelling, ?t[AE#hasPath->?p], ?p[AE#hasStartRegion->?s], ?s[AE#hasLatitude->?originLatitude], ?s[AE#hasLongitude->?originLongitude].","resultList":[{"result":[{"key":"?t","val":"VO_b2485d5c_e803_4105_ac97_3b90eb331cbe_1503940273383_6"},{"key":"?p","val":"ES_d11eceeb_8d74_4d28_bd02_f2e60f0c2f8c_1503940300413_4"},{"key":"?s","val":"ES_d11eceeb_8d74_4d28_bd02_f2e60f0c2f8c_1503940300413_3"},{"key":"?originLatitude","val":"32.74051839275188058309140615165233612060546875"},{"key":"?originLongitude","val":"-117.2130215001728856805129908025264739990234375"}]}]},{"query":"?- ?t:AE#Travelling, ?t[AE#hasPath->?p], ?p[AE#hasEndRegion->?e], ?e[AE#hasLatitude->?destinationLatitude], ?e[AE#hasLongitude->?destinationLongitude].","resultList":[{"result":[{"key":"?t","val":"VO_b2485d5c_e803_4105_ac97_3b90eb331cbe_1503940273383_6"},{"key":"?p","val":"ES_d11eceeb_8d74_4d28_bd02_f2e60f0c2f8c_1503940300413_4"},{"key":"?e","val":"ES_d11eceeb_8d74_4d28_bd02_f2e60f0c2f8c_1503940300413_1"},{"key":"?destinationLatitude","val":"32.7494972000000643674866296350955963134765625"},{"key":"?destinationLongitude","val":"-117.1046149000000013984390534460544586181640625"}]}]}]}
