{"dataList":[{"query":"?- ?v:AE#VATravelVoucher, ?v[AE#hasVoucherClaimant->?c], ?c[AE#hasName->?cn], ?cn[label->?claimantFullName].","resultList":[{"result":[{"key":"?v","val":"VO_befb8d95_38ec_41a5_a2e1_6494dbf94e34_1503939323660_0"},{"key":"?c","val":"VO_befb8d95_38ec_41a5_a2e1_6494dbf94e34_1503939323660_2"},{"key":"?cn","val":"VO_befb8d95_38ec_41a5_a2e1_6494dbf94e34_1503939323660_1"},{"key":"?claimantFullName","val":"Harry D. Hammond"}]},{"result":[{"key":"?v","val":"VO_befb8d95_38ec_41a5_a2e1_6494dbf94e34_1503939323660_0"},{"key":"?c","val":"VO_befb8d95_38ec_41a5_a2e1_6494dbf94e34_1503939323660_2"},{"key":"?cn","val":"NO_a04a9a8f_f990_42cb_8d12_f7f46b1dc481_1503939331650_0"},{"key":"?claimantFullName","val":"Harry D. Hammond"}]}]},{"query":"?- ?v:AE#VATravelVoucher, ?v[AE#hasVoucherClaimant->?c], ?c[AE#hasName->?cn], ?cn[AE#hasFirstName->?claimantFirstName].","resultList":[{"result":[{"key":"?v","val":"VO_befb8d95_38ec_41a5_a2e1_6494dbf94e34_1503939323660_0"},{"key":"?c","val":"VO_befb8d95_38ec_41a5_a2e1_6494dbf94e34_1503939323660_2"},{"key":"?cn","val":"NO_a04a9a8f_f990_42cb_8d12_f7f46b1dc481_1503939331650_0"},{"key":"?claimantFirstName","val":"harry"}]}]},{"query":"?- ?v:AE#VATravelVoucher, ?v[AE#hasVoucherClaimant->?c], ?c[AE#hasName->?cn], ?cn[AE#hasLastName->?claimantLastName].","resultList":[{"result":[{"key":"?v","val":"VO_befb8d95_38ec_41a5_a2e1_6494dbf94e34_1503939323660_0"},{"key":"?c","val":"VO_befb8d95_38ec_41a5_a2e1_6494dbf94e34_1503939323660_2"},{"key":"?cn","val":"NO_a04a9a8f_f990_42cb_8d12_f7f46b1dc481_1503939331650_0"},{"key":"?claimantLastName","val":"hammond"}]}]},{"query":"?- ?v:AE#VATravelVoucher, ?v[AE#hasVoucherClaimant->?c], ?c[AE#hasSocialSecurityNumber->?s], ?s[label->?claimantSsn].","resultList":[{"result":[{"key":"?v","val":"VO_befb8d95_38ec_41a5_a2e1_6494dbf94e34_1503939323660_0"},{"key":"?c","val":"VO_befb8d95_38ec_41a5_a2e1_6494dbf94e34_1503939323660_2"},{"key":"?s","val":"VO_befb8d95_38ec_41a5_a2e1_6494dbf94e34_1503939323660_12"},{"key":"?claimantSsn","val":"841-17-1820"}]}]},{"query":"?- ?v:AE#VATravelVoucher, ?v[AE#hasVoucherClaimant->?c], ?c[AE#hasLiens->?claimantHasLiens].","resultList":[{"result":[{"key":"?v","val":"VO_befb8d95_38ec_41a5_a2e1_6494dbf94e34_1503939323660_0"},{"key":"?c","val":"VO_befb8d95_38ec_41a5_a2e1_6494dbf94e34_1503939323660_2"},{"key":"?claimantHasLiens","val":"AE#UnknownLienReport"}]}]},{"query":"?- ?v:AE#VATravelVoucher, ?v[AE#hasVoucherClaimant->?c], ?c[AE#hasDeclaredBankruptcy->?claimantHasDeclaredBankruptcy].","resultList":[{"result":[{"key":"?v","val":"VO_befb8d95_38ec_41a5_a2e1_6494dbf94e34_1503939323660_0"},{"key":"?c","val":"VO_befb8d95_38ec_41a5_a2e1_6494dbf94e34_1503939323660_2"},{"key":"?claimantHasDeclaredBankruptcy","val":"AE#NoBankruptcyReport"}]}]},{"query":"?- ?v:AE#VATravelVoucher, ?v[AE#hasVoucherClaimant->?c], ?c[AE#hasArrestRecord->?claimantHasArrestRecord].","resultList":[{"result":[{"key":"?v","val":"VO_befb8d95_38ec_41a5_a2e1_6494dbf94e34_1503939323660_0"},{"key":"?c","val":"VO_befb8d95_38ec_41a5_a2e1_6494dbf94e34_1503939323660_2"},{"key":"?claimantHasArrestRecord","val":"AE#NoArrestRecord"}]}]},{"query":"?- ?v:AE#VATravelVoucher, ?v[AE#hasVoucherClaimant->?c], ?c[AE#hasCriminalRecord->?claimantHasCriminalRecord].","resultList":[{"result":[{"key":"?v","val":"VO_befb8d95_38ec_41a5_a2e1_6494dbf94e34_1503939323660_0"},{"key":"?c","val":"VO_befb8d95_38ec_41a5_a2e1_6494dbf94e34_1503939323660_2"},{"key":"?claimantHasCriminalRecord","val":"AE#NoCriminalRecord"}]}]},{"query":"?- ?v:AE#VATravelVoucher, ?v[AE#hasVoucherBeneficiary->?b], ?b[AE#hasName->?cn], ?cn[label->?beneficiaryFullName].","resultList":[{"result":[{"key":"?v","val":"VO_befb8d95_38ec_41a5_a2e1_6494dbf94e34_1503939323660_0"},{"key":"?b","val":"VO_befb8d95_38ec_41a5_a2e1_6494dbf94e34_1503939323660_11"},{"key":"?cn","val":"VO_befb8d95_38ec_41a5_a2e1_6494dbf94e34_1503939323660_10"},{"key":"?beneficiaryFullName","val":"Harry D. Hammond"}]},{"result":[{"key":"?v","val":"VO_befb8d95_38ec_41a5_a2e1_6494dbf94e34_1503939323660_0"},{"key":"?b","val":"VO_befb8d95_38ec_41a5_a2e1_6494dbf94e34_1503939323660_11"},{"key":"?cn","val":"NO_fd58cd28_9c86_443b_8e0b_d414a72f0b73_1503939329522_0"},{"key":"?beneficiaryFullName","val":"Harry D. Hammond"}]}]},{"query":"?- ?v:AE#VATravelVoucher, ?v[AE#hasVoucherBeneficiary->?b], ?b[AE#hasName->?cn], ?cn[AE#hasFirstName->?beneficiaryFirstName].","resultList":[{"result":[{"key":"?v","val":"VO_befb8d95_38ec_41a5_a2e1_6494dbf94e34_1503939323660_0"},{"key":"?b","val":"VO_befb8d95_38ec_41a5_a2e1_6494dbf94e34_1503939323660_11"},{"key":"?cn","val":"NO_fd58cd28_9c86_443b_8e0b_d414a72f0b73_1503939329522_0"},{"key":"?beneficiaryFirstName","val":"harry"}]}]},{"query":"?- ?v:AE#VATravelVoucher, ?v[AE#hasVoucherBeneficiary->?b], ?b[AE#hasName->?cn], ?cn[AE#hasLastName->?beneficiaryLastName].","resultList":[{"result":[{"key":"?v","val":"VO_befb8d95_38ec_41a5_a2e1_6494dbf94e34_1503939323660_0"},{"key":"?b","val":"VO_befb8d95_38ec_41a5_a2e1_6494dbf94e34_1503939323660_11"},{"key":"?cn","val":"NO_fd58cd28_9c86_443b_8e0b_d414a72f0b73_1503939329522_0"},{"key":"?beneficiaryLastName","val":"hammond"}]}]},{"query":"?- ?v:AE#VATravelVoucher, ?v[AE#hasVoucherBeneficiary->?b], ?b[AE#hasSocialSecurityNumber->?s], ?s[label->?beneficiarySsn].","resultList":[{"result":[{"key":"?v","val":"VO_befb8d95_38ec_41a5_a2e1_6494dbf94e34_1503939323660_0"},{"key":"?b","val":"VO_befb8d95_38ec_41a5_a2e1_6494dbf94e34_1503939323660_11"},{"key":"?s","val":"VO_befb8d95_38ec_41a5_a2e1_6494dbf94e34_1503939323660_9"},{"key":"?beneficiarySsn","val":"841-17-1820"}]}]},{"query":"?- ?v:AE#VATravelVoucher, ?v[AE#hasVoucherBeneficiary->?b], ?b[AE#hasLiens->?beneficiaryHasLiens].","resultList":[{"result":[{"key":"?v","val":"VO_befb8d95_38ec_41a5_a2e1_6494dbf94e34_1503939323660_0"},{"key":"?b","val":"VO_befb8d95_38ec_41a5_a2e1_6494dbf94e34_1503939323660_11"},{"key":"?beneficiaryHasLiens","val":"AE#UnknownLienReport"}]}]},{"query":"?- ?v:AE#VATravelVoucher, ?v[AE#hasVoucherBeneficiary->?b], ?b[AE#hasDeclaredBankruptcy->?beneficiaryHasDeclaredBankruptcy].","resultList":[{"result":[{"key":"?v","val":"VO_befb8d95_38ec_41a5_a2e1_6494dbf94e34_1503939323660_0"},{"key":"?b","val":"VO_befb8d95_38ec_41a5_a2e1_6494dbf94e34_1503939323660_11"},{"key":"?beneficiaryHasDeclaredBankruptcy","val":"AE#NoBankruptcyReport"}]}]},{"query":"?- ?v:AE#VATravelVoucher, ?v[AE#hasVoucherBeneficiary->?b], ?b[AE#hasArrestRecord->?beneficiaryHasArrestRecord].","resultList":[{"result":[{"key":"?v","val":"VO_befb8d95_38ec_41a5_a2e1_6494dbf94e34_1503939323660_0"},{"key":"?b","val":"VO_befb8d95_38ec_41a5_a2e1_6494dbf94e34_1503939323660_11"},{"key":"?beneficiaryHasArrestRecord","val":"AE#NoArrestRecord"}]}]},{"query":"?- ?v:AE#VATravelVoucher, ?v[AE#hasVoucherBeneficiary->?b], ?b[AE#hasCriminalRecord->?beneficiaryHasCriminalRecord].","resultList":[{"result":[{"key":"?v","val":"VO_befb8d95_38ec_41a5_a2e1_6494dbf94e34_1503939323660_0"},{"key":"?b","val":"VO_befb8d95_38ec_41a5_a2e1_6494dbf94e34_1503939323660_11"},{"key":"?beneficiaryHasCriminalRecord","val":"AE#NoCriminalRecord"}]}]},{"query":"?- ?t:AE#Travelling, ?t[AE#hasPath->?p], ?p[AE#hasDistance->?d], ?d[AE#numericValue->?expectedDistanceValue], ?d[AE#hasUnitOfMeasure->?unitOfDistanceMeasure].","resultList":[{"result":[{"key":"?t","val":"VO_befb8d95_38ec_41a5_a2e1_6494dbf94e34_1503939323660_6"},{"key":"?p","val":"ES_5e67ca12_dd47_487f_b5c5_391bf0ebe555_1503939351423_4"},{"key":"?d","val":"ES_5e67ca12_dd47_487f_b5c5_391bf0ebe555_1503939351423_0"},{"key":"?expectedDistanceValue","val":"8771.6112570495461113750934600830078125"},{"key":"?unitOfDistanceMeasure","val":"meters"}]}]},{"query":"?- ?t:AE#Travelling, ?t[AE#hasPath->?p], ?p[AE#hasExpectedTravelTime->?d], ?d[AE#numericValue->?expectedTimeValue], ?d[AE#hasUnitOfMeasure->?unitOfTimeMeasure].","resultList":[{"result":[{"key":"?t","val":"VO_befb8d95_38ec_41a5_a2e1_6494dbf94e34_1503939323660_6"},{"key":"?p","val":"ES_5e67ca12_dd47_487f_b5c5_391bf0ebe555_1503939351423_4"},{"key":"?d","val":"ES_5e67ca12_dd47_487f_b5c5_391bf0ebe555_1503939351423_2"},{"key":"?expectedTimeValue","val":"9.606476986664347350597381591796875"},{"key":"?unitOfTimeMeasure","val":"minutes"}]}]},{"query":"?- ?t:AE#Travelling, ?t[AE#hasDestination->?d], ?d[label->?destinationFullAddress].","resultList":[{"result":[{"key":"?t","val":"VO_befb8d95_38ec_41a5_a2e1_6494dbf94e34_1503939323660_7"},{"key":"?d","val":"VO_befb8d95_38ec_41a5_a2e1_6494dbf94e34_1503939323660_8"},{"key":"?destinationFullAddress","val":"2790 Truxton Road, Suite 130, San Diego, CA 92106"}]},{"result":[{"key":"?t","val":"VO_befb8d95_38ec_41a5_a2e1_6494dbf94e34_1503939323660_6"},{"key":"?d","val":"VO_befb8d95_38ec_41a5_a2e1_6494dbf94e34_1503939323660_5"},{"key":"?destinationFullAddress","val":"59 Strawberry Street San Diego, CA 92117"}]}]},{"query":"?- ?t:AE#Travelling, ?t[AE#hasDestination->?d], ?d[AE#hasStreet->?s], ?s[label->?destinationStreetName], ?d[AE#hasCity->?c], ?c[label->?destinationCity], ?d[AE#hasState->?st], ?st[label->?destinationState], ?d[AE#hasZipcode->?destinationZipCode].","resultList":[{"result":[{"key":"?t","val":"VO_befb8d95_38ec_41a5_a2e1_6494dbf94e34_1503939323660_7"},{"key":"?d","val":"VO_befb8d95_38ec_41a5_a2e1_6494dbf94e34_1503939323660_8"},{"key":"?s","val":"NO_cb092262_0b17_4dc7_a18d_58071b3a6764_1503939333671_id5"},{"key":"?destinationStreetName","val":"2790 Truxton Road"},{"key":"?c","val":"NO_cb092262_0b17_4dc7_a18d_58071b3a6764_1503939333671_id11"},{"key":"?destinationCity","val":"San Diego"},{"key":"?st","val":"NO_cb092262_0b17_4dc7_a18d_58071b3a6764_1503939333671_id13"},{"key":"?destinationState","val":"CA"},{"key":"?destinationZipCode","val":"92106"}]},{"result":[{"key":"?t","val":"VO_befb8d95_38ec_41a5_a2e1_6494dbf94e34_1503939323660_6"},{"key":"?d","val":"VO_befb8d95_38ec_41a5_a2e1_6494dbf94e34_1503939323660_5"},{"key":"?s","val":"NO_61008b4f_4b0d_44af_b06f_8d2582ef83e2_1503939335711_id3"},{"key":"?destinationStreetName","val":"59 Strawberry Street"},{"key":"?c","val":"NO_61008b4f_4b0d_44af_b06f_8d2582ef83e2_1503939335711_id9"},{"key":"?destinationCity","val":"San Diego"},{"key":"?st","val":"NO_61008b4f_4b0d_44af_b06f_8d2582ef83e2_1503939335711_id11"},{"key":"?destinationState","val":"CA"},{"key":"?destinationZipCode","val":"92117"}]}]},{"query":"?- ?t:AE#Travelling, ?t[AE#hasOrigin->?d], ?d[label->?originFullAddress].","resultList":[{"result":[{"key":"?t","val":"VO_befb8d95_38ec_41a5_a2e1_6494dbf94e34_1503939323660_7"},{"key":"?d","val":"VO_befb8d95_38ec_41a5_a2e1_6494dbf94e34_1503939323660_3"},{"key":"?originFullAddress","val":"59 Strawberry Street San Diego, CA 92117"}]},{"result":[{"key":"?t","val":"VO_befb8d95_38ec_41a5_a2e1_6494dbf94e34_1503939323660_6"},{"key":"?d","val":"VO_befb8d95_38ec_41a5_a2e1_6494dbf94e34_1503939323660_8"},{"key":"?originFullAddress","val":"2790 Truxton Road, Suite 130, San Diego, CA 92106"}]}]},{"query":"?- ?t:AE#Travelling, ?t[AE#hasOrigin->?d], ?d[AE#hasStreet->?s], ?s[label->?originStreetName], ?d[AE#hasCity->?c], ?c[label->?originCity], ?d[AE#hasState->?st], ?st[label->?originState], ?d[AE#hasZipcode->?originZipCode].","resultList":[{"result":[{"key":"?t","val":"VO_befb8d95_38ec_41a5_a2e1_6494dbf94e34_1503939323660_7"},{"key":"?d","val":"VO_befb8d95_38ec_41a5_a2e1_6494dbf94e34_1503939323660_3"},{"key":"?s","val":"NO_7fc6d56b_bd8f_4775_a7bc_2a41a30a6a4f_1503939337935_id3"},{"key":"?originStreetName","val":"59 Strawberry Street"},{"key":"?c","val":"NO_7fc6d56b_bd8f_4775_a7bc_2a41a30a6a4f_1503939337935_id9"},{"key":"?originCity","val":"San Diego"},{"key":"?st","val":"NO_7fc6d56b_bd8f_4775_a7bc_2a41a30a6a4f_1503939337935_id11"},{"key":"?originState","val":"CA"},{"key":"?originZipCode","val":"92117"}]},{"result":[{"key":"?t","val":"VO_befb8d95_38ec_41a5_a2e1_6494dbf94e34_1503939323660_6"},{"key":"?d","val":"VO_befb8d95_38ec_41a5_a2e1_6494dbf94e34_1503939323660_8"},{"key":"?s","val":"NO_cb092262_0b17_4dc7_a18d_58071b3a6764_1503939333671_id5"},{"key":"?originStreetName","val":"2790 Truxton Road"},{"key":"?c","val":"NO_cb092262_0b17_4dc7_a18d_58071b3a6764_1503939333671_id11"},{"key":"?originCity","val":"San Diego"},{"key":"?st","val":"NO_cb092262_0b17_4dc7_a18d_58071b3a6764_1503939333671_id13"},{"key":"?originState","val":"CA"},{"key":"?originZipCode","val":"92106"}]}]},{"query":"?- ?t:AE#Travelling, ?t[AE#hasPath->?p], ?p[AE#hasStartRegion->?s], ?s[AE#hasLatitude->?originLatitude], ?s[AE#hasLongitude->?originLongitude].","resultList":[{"result":[{"key":"?t","val":"VO_befb8d95_38ec_41a5_a2e1_6494dbf94e34_1503939323660_6"},{"key":"?p","val":"ES_5e67ca12_dd47_487f_b5c5_391bf0ebe555_1503939351423_4"},{"key":"?s","val":"ES_5e67ca12_dd47_487f_b5c5_391bf0ebe555_1503939351423_3"},{"key":"?originLatitude","val":"32.74051839275188058309140615165233612060546875"},{"key":"?originLongitude","val":"-117.2130215001728856805129908025264739990234375"}]}]},{"query":"?- ?t:AE#Travelling, ?t[AE#hasPath->?p], ?p[AE#hasEndRegion->?e], ?e[AE#hasLatitude->?destinationLatitude], ?e[AE#hasLongitude->?destinationLongitude].","resultList":[{"result":[{"key":"?t","val":"VO_befb8d95_38ec_41a5_a2e1_6494dbf94e34_1503939323660_6"},{"key":"?p","val":"ES_5e67ca12_dd47_487f_b5c5_391bf0ebe555_1503939351423_4"},{"key":"?e","val":"ES_5e67ca12_dd47_487f_b5c5_391bf0ebe555_1503939351423_1"},{"key":"?destinationLatitude","val":"32.79662300000001096123014576733112335205078125"},{"key":"?destinationLongitude","val":"-117.197813600000017686397768557071685791015625"}]}]}]}
