{"dataList":[{"query":"?- ?v:AE#VATravelVoucher, ?v[AE#hasVoucherClaimant->?c], ?c[AE#hasName->?cn], ?cn[label->?claimantFullName].","resultList":[{"result":[{"key":"?v","val":"VO_b3d98eb7_de58_43f8_892e_fb4d423b7398_1503944791565_0"},{"key":"?c","val":"VO_b3d98eb7_de58_43f8_892e_fb4d423b7398_1503944791565_2"},{"key":"?cn","val":"NO_3e3cda2f_c05e_4931_b523_c905b9999a82_1503944800160_0"},{"key":"?claimantFullName","val":"Paul Reginald Welch"}]},{"result":[{"key":"?v","val":"VO_b3d98eb7_de58_43f8_892e_fb4d423b7398_1503944791565_0"},{"key":"?c","val":"VO_b3d98eb7_de58_43f8_892e_fb4d423b7398_1503944791565_2"},{"key":"?cn","val":"VO_b3d98eb7_de58_43f8_892e_fb4d423b7398_1503944791565_1"},{"key":"?claimantFullName","val":"Paul Reginald Welch"}]}]},{"query":"?- ?v:AE#VATravelVoucher, ?v[AE#hasVoucherClaimant->?c], ?c[AE#hasName->?cn], ?cn[AE#hasFirstName->?claimantFirstName].","resultList":[{"result":[{"key":"?v","val":"VO_b3d98eb7_de58_43f8_892e_fb4d423b7398_1503944791565_0"},{"key":"?c","val":"VO_b3d98eb7_de58_43f8_892e_fb4d423b7398_1503944791565_2"},{"key":"?cn","val":"NO_3e3cda2f_c05e_4931_b523_c905b9999a82_1503944800160_0"},{"key":"?claimantFirstName","val":"paul"}]}]},{"query":"?- ?v:AE#VATravelVoucher, ?v[AE#hasVoucherClaimant->?c], ?c[AE#hasName->?cn], ?cn[AE#hasLastName->?claimantLastName].","resultList":[{"result":[{"key":"?v","val":"VO_b3d98eb7_de58_43f8_892e_fb4d423b7398_1503944791565_0"},{"key":"?c","val":"VO_b3d98eb7_de58_43f8_892e_fb4d423b7398_1503944791565_2"},{"key":"?cn","val":"NO_3e3cda2f_c05e_4931_b523_c905b9999a82_1503944800160_0"},{"key":"?claimantLastName","val":"welch"}]}]},{"query":"?- ?v:AE#VATravelVoucher, ?v[AE#hasVoucherClaimant->?c], ?c[AE#hasSocialSecurityNumber->?s], ?s[label->?claimantSsn].","resultList":[{"result":[{"key":"?v","val":"VO_b3d98eb7_de58_43f8_892e_fb4d423b7398_1503944791565_0"},{"key":"?c","val":"VO_b3d98eb7_de58_43f8_892e_fb4d423b7398_1503944791565_2"},{"key":"?s","val":"VO_b3d98eb7_de58_43f8_892e_fb4d423b7398_1503944791565_12"},{"key":"?claimantSsn","val":"071-58-3234"}]}]},{"query":"?- ?v:AE#VATravelVoucher, ?v[AE#hasVoucherClaimant->?c], ?c[AE#hasLiens->?claimantHasLiens].","resultList":[{"result":[{"key":"?v","val":"VO_b3d98eb7_de58_43f8_892e_fb4d423b7398_1503944791565_0"},{"key":"?c","val":"VO_b3d98eb7_de58_43f8_892e_fb4d423b7398_1503944791565_2"},{"key":"?claimantHasLiens","val":"AE#NoLienReport"}]}]},{"query":"?- ?v:AE#VATravelVoucher, ?v[AE#hasVoucherClaimant->?c], ?c[AE#hasDeclaredBankruptcy->?claimantHasDeclaredBankruptcy].","resultList":[{"result":[{"key":"?v","val":"VO_b3d98eb7_de58_43f8_892e_fb4d423b7398_1503944791565_0"},{"key":"?c","val":"VO_b3d98eb7_de58_43f8_892e_fb4d423b7398_1503944791565_2"},{"key":"?claimantHasDeclaredBankruptcy","val":"AE#NoBankruptcyReport"}]}]},{"query":"?- ?v:AE#VATravelVoucher, ?v[AE#hasVoucherClaimant->?c], ?c[AE#hasArrestRecord->?claimantHasArrestRecord].","resultList":[{"result":[{"key":"?v","val":"VO_b3d98eb7_de58_43f8_892e_fb4d423b7398_1503944791565_0"},{"key":"?c","val":"VO_b3d98eb7_de58_43f8_892e_fb4d423b7398_1503944791565_2"},{"key":"?claimantHasArrestRecord","val":"AE#NoArrestRecord"}]}]},{"query":"?- ?v:AE#VATravelVoucher, ?v[AE#hasVoucherClaimant->?c], ?c[AE#hasCriminalRecord->?claimantHasCriminalRecord].","resultList":[{"result":[{"key":"?v","val":"VO_b3d98eb7_de58_43f8_892e_fb4d423b7398_1503944791565_0"},{"key":"?c","val":"VO_b3d98eb7_de58_43f8_892e_fb4d423b7398_1503944791565_2"},{"key":"?claimantHasCriminalRecord","val":"AE#NoCriminalRecord"}]}]},{"query":"?- ?v:AE#VATravelVoucher, ?v[AE#hasVoucherBeneficiary->?b], ?b[AE#hasName->?cn], ?cn[label->?beneficiaryFullName].","resultList":[{"result":[{"key":"?v","val":"VO_b3d98eb7_de58_43f8_892e_fb4d423b7398_1503944791565_0"},{"key":"?b","val":"VO_b3d98eb7_de58_43f8_892e_fb4d423b7398_1503944791565_11"},{"key":"?cn","val":"VO_b3d98eb7_de58_43f8_892e_fb4d423b7398_1503944791565_10"},{"key":"?beneficiaryFullName","val":"Paul Reginald Welch"}]},{"result":[{"key":"?v","val":"VO_b3d98eb7_de58_43f8_892e_fb4d423b7398_1503944791565_0"},{"key":"?b","val":"VO_b3d98eb7_de58_43f8_892e_fb4d423b7398_1503944791565_11"},{"key":"?cn","val":"NO_bc6255be_b62a_4d9d_a924_e1720ae0f780_1503944797790_0"},{"key":"?beneficiaryFullName","val":"Paul Reginald Welch"}]}]},{"query":"?- ?v:AE#VATravelVoucher, ?v[AE#hasVoucherBeneficiary->?b], ?b[AE#hasName->?cn], ?cn[AE#hasFirstName->?beneficiaryFirstName].","resultList":[{"result":[{"key":"?v","val":"VO_b3d98eb7_de58_43f8_892e_fb4d423b7398_1503944791565_0"},{"key":"?b","val":"VO_b3d98eb7_de58_43f8_892e_fb4d423b7398_1503944791565_11"},{"key":"?cn","val":"NO_bc6255be_b62a_4d9d_a924_e1720ae0f780_1503944797790_0"},{"key":"?beneficiaryFirstName","val":"paul"}]}]},{"query":"?- ?v:AE#VATravelVoucher, ?v[AE#hasVoucherBeneficiary->?b], ?b[AE#hasName->?cn], ?cn[AE#hasLastName->?beneficiaryLastName].","resultList":[{"result":[{"key":"?v","val":"VO_b3d98eb7_de58_43f8_892e_fb4d423b7398_1503944791565_0"},{"key":"?b","val":"VO_b3d98eb7_de58_43f8_892e_fb4d423b7398_1503944791565_11"},{"key":"?cn","val":"NO_bc6255be_b62a_4d9d_a924_e1720ae0f780_1503944797790_0"},{"key":"?beneficiaryLastName","val":"welch"}]}]},{"query":"?- ?v:AE#VATravelVoucher, ?v[AE#hasVoucherBeneficiary->?b], ?b[AE#hasSocialSecurityNumber->?s], ?s[label->?beneficiarySsn].","resultList":[{"result":[{"key":"?v","val":"VO_b3d98eb7_de58_43f8_892e_fb4d423b7398_1503944791565_0"},{"key":"?b","val":"VO_b3d98eb7_de58_43f8_892e_fb4d423b7398_1503944791565_11"},{"key":"?s","val":"VO_b3d98eb7_de58_43f8_892e_fb4d423b7398_1503944791565_9"},{"key":"?beneficiarySsn","val":"071-58-3234"}]}]},{"query":"?- ?v:AE#VATravelVoucher, ?v[AE#hasVoucherBeneficiary->?b], ?b[AE#hasLiens->?beneficiaryHasLiens].","resultList":[{"result":[{"key":"?v","val":"VO_b3d98eb7_de58_43f8_892e_fb4d423b7398_1503944791565_0"},{"key":"?b","val":"VO_b3d98eb7_de58_43f8_892e_fb4d423b7398_1503944791565_11"},{"key":"?beneficiaryHasLiens","val":"AE#NoLienReport"}]}]},{"query":"?- ?v:AE#VATravelVoucher, ?v[AE#hasVoucherBeneficiary->?b], ?b[AE#hasDeclaredBankruptcy->?beneficiaryHasDeclaredBankruptcy].","resultList":[{"result":[{"key":"?v","val":"VO_b3d98eb7_de58_43f8_892e_fb4d423b7398_1503944791565_0"},{"key":"?b","val":"VO_b3d98eb7_de58_43f8_892e_fb4d423b7398_1503944791565_11"},{"key":"?beneficiaryHasDeclaredBankruptcy","val":"AE#NoBankruptcyReport"}]}]},{"query":"?- ?v:AE#VATravelVoucher, ?v[AE#hasVoucherBeneficiary->?b], ?b[AE#hasArrestRecord->?beneficiaryHasArrestRecord].","resultList":[{"result":[{"key":"?v","val":"VO_b3d98eb7_de58_43f8_892e_fb4d423b7398_1503944791565_0"},{"key":"?b","val":"VO_b3d98eb7_de58_43f8_892e_fb4d423b7398_1503944791565_11"},{"key":"?beneficiaryHasArrestRecord","val":"AE#NoArrestRecord"}]}]},{"query":"?- ?v:AE#VATravelVoucher, ?v[AE#hasVoucherBeneficiary->?b], ?b[AE#hasCriminalRecord->?beneficiaryHasCriminalRecord].","resultList":[{"result":[{"key":"?v","val":"VO_b3d98eb7_de58_43f8_892e_fb4d423b7398_1503944791565_0"},{"key":"?b","val":"VO_b3d98eb7_de58_43f8_892e_fb4d423b7398_1503944791565_11"},{"key":"?beneficiaryHasCriminalRecord","val":"AE#NoCriminalRecord"}]}]},{"query":"?- ?t:AE#Travelling, ?t[AE#hasPath->?p], ?p[AE#hasDistance->?d], ?d[AE#numericValue->?expectedDistanceValue], ?d[AE#hasUnitOfMeasure->?unitOfDistanceMeasure].","resultList":[{"result":[{"key":"?t","val":"VO_b3d98eb7_de58_43f8_892e_fb4d423b7398_1503944791565_6"},{"key":"?p","val":"ES_6c3a8dcc_1225_43d8_bdec_4f406002798f_1503944820017_4"},{"key":"?d","val":"ES_6c3a8dcc_1225_43d8_bdec_4f406002798f_1503944820017_0"},{"key":"?expectedDistanceValue","val":"19489.52005112473852932453155517578125"},{"key":"?unitOfDistanceMeasure","val":"meters"}]}]},{"query":"?- ?t:AE#Travelling, ?t[AE#hasPath->?p], ?p[AE#hasExpectedTravelTime->?d], ?d[AE#numericValue->?expectedTimeValue], ?d[AE#hasUnitOfMeasure->?unitOfTimeMeasure].","resultList":[{"result":[{"key":"?t","val":"VO_b3d98eb7_de58_43f8_892e_fb4d423b7398_1503944791565_6"},{"key":"?p","val":"ES_6c3a8dcc_1225_43d8_bdec_4f406002798f_1503944820017_4"},{"key":"?d","val":"ES_6c3a8dcc_1225_43d8_bdec_4f406002798f_1503944820017_2"},{"key":"?expectedTimeValue","val":"14.74722583196125924587249755859375"},{"key":"?unitOfTimeMeasure","val":"minutes"}]}]},{"query":"?- ?t:AE#Travelling, ?t[AE#hasDestination->?d], ?d[label->?destinationFullAddress].","resultList":[{"result":[{"key":"?t","val":"VO_b3d98eb7_de58_43f8_892e_fb4d423b7398_1503944791565_7"},{"key":"?d","val":"VO_b3d98eb7_de58_43f8_892e_fb4d423b7398_1503944791565_8"},{"key":"?destinationFullAddress","val":"2790 Truxton Road, Suite 130, San Diego, CA 92106"}]},{"result":[{"key":"?t","val":"VO_b3d98eb7_de58_43f8_892e_fb4d423b7398_1503944791565_6"},{"key":"?d","val":"VO_b3d98eb7_de58_43f8_892e_fb4d423b7398_1503944791565_5"},{"key":"?destinationFullAddress","val":"1142 Manchester St, National City, CA 91950"}]}]},{"query":"?- ?t:AE#Travelling, ?t[AE#hasDestination->?d], ?d[AE#hasStreet->?s], ?s[label->?destinationStreetName], ?d[AE#hasCity->?c], ?c[label->?destinationCity], ?d[AE#hasState->?st], ?st[label->?destinationState], ?d[AE#hasZipcode->?destinationZipCode].","resultList":[{"result":[{"key":"?t","val":"VO_b3d98eb7_de58_43f8_892e_fb4d423b7398_1503944791565_7"},{"key":"?d","val":"VO_b3d98eb7_de58_43f8_892e_fb4d423b7398_1503944791565_8"},{"key":"?s","val":"NO_4f824a91_67bd_40a2_849c_f1f7b1d69716_1503944802517_id5"},{"key":"?destinationStreetName","val":"2790 Truxton Road"},{"key":"?c","val":"NO_4f824a91_67bd_40a2_849c_f1f7b1d69716_1503944802517_id11"},{"key":"?destinationCity","val":"San Diego"},{"key":"?st","val":"NO_4f824a91_67bd_40a2_849c_f1f7b1d69716_1503944802517_id13"},{"key":"?destinationState","val":"CA"},{"key":"?destinationZipCode","val":"92106"}]},{"result":[{"key":"?t","val":"VO_b3d98eb7_de58_43f8_892e_fb4d423b7398_1503944791565_6"},{"key":"?d","val":"VO_b3d98eb7_de58_43f8_892e_fb4d423b7398_1503944791565_5"},{"key":"?s","val":"NO_40d9c848_c428_46ad_99b2_dfd7eac8171a_1503944804622_id3"},{"key":"?destinationStreetName","val":"1142 Manchester St"},{"key":"?c","val":"NO_40d9c848_c428_46ad_99b2_dfd7eac8171a_1503944804622_id9"},{"key":"?destinationCity","val":"National City"},{"key":"?st","val":"NO_40d9c848_c428_46ad_99b2_dfd7eac8171a_1503944804622_id11"},{"key":"?destinationState","val":"CA"},{"key":"?destinationZipCode","val":"91950"}]}]},{"query":"?- ?t:AE#Travelling, ?t[AE#hasOrigin->?d], ?d[label->?originFullAddress].","resultList":[{"result":[{"key":"?t","val":"VO_b3d98eb7_de58_43f8_892e_fb4d423b7398_1503944791565_7"},{"key":"?d","val":"VO_b3d98eb7_de58_43f8_892e_fb4d423b7398_1503944791565_3"},{"key":"?originFullAddress","val":"1142 Manchester St, National City, CA 91950"}]},{"result":[{"key":"?t","val":"VO_b3d98eb7_de58_43f8_892e_fb4d423b7398_1503944791565_6"},{"key":"?d","val":"VO_b3d98eb7_de58_43f8_892e_fb4d423b7398_1503944791565_8"},{"key":"?originFullAddress","val":"2790 Truxton Road, Suite 130, San Diego, CA 92106"}]}]},{"query":"?- ?t:AE#Travelling, ?t[AE#hasOrigin->?d], ?d[AE#hasStreet->?s], ?s[label->?originStreetName], ?d[AE#hasCity->?c], ?c[label->?originCity], ?d[AE#hasState->?st], ?st[label->?originState], ?d[AE#hasZipcode->?originZipCode].","resultList":[{"result":[{"key":"?t","val":"VO_b3d98eb7_de58_43f8_892e_fb4d423b7398_1503944791565_7"},{"key":"?d","val":"VO_b3d98eb7_de58_43f8_892e_fb4d423b7398_1503944791565_3"},{"key":"?s","val":"NO_b9858346_d96f_417c_880b_36276edb1d2a_1503944807032_id3"},{"key":"?originStreetName","val":"1142 Manchester St"},{"key":"?c","val":"NO_b9858346_d96f_417c_880b_36276edb1d2a_1503944807032_id9"},{"key":"?originCity","val":"National City"},{"key":"?st","val":"NO_b9858346_d96f_417c_880b_36276edb1d2a_1503944807032_id11"},{"key":"?originState","val":"CA"},{"key":"?originZipCode","val":"91950"}]},{"result":[{"key":"?t","val":"VO_b3d98eb7_de58_43f8_892e_fb4d423b7398_1503944791565_6"},{"key":"?d","val":"VO_b3d98eb7_de58_43f8_892e_fb4d423b7398_1503944791565_8"},{"key":"?s","val":"NO_4f824a91_67bd_40a2_849c_f1f7b1d69716_1503944802517_id5"},{"key":"?originStreetName","val":"2790 Truxton Road"},{"key":"?c","val":"NO_4f824a91_67bd_40a2_849c_f1f7b1d69716_1503944802517_id11"},{"key":"?originCity","val":"San Diego"},{"key":"?st","val":"NO_4f824a91_67bd_40a2_849c_f1f7b1d69716_1503944802517_id13"},{"key":"?originState","val":"CA"},{"key":"?originZipCode","val":"92106"}]}]},{"query":"?- ?t:AE#Travelling, ?t[AE#hasPath->?p], ?p[AE#hasStartRegion->?s], ?s[AE#hasLatitude->?originLatitude], ?s[AE#hasLongitude->?originLongitude].","resultList":[{"result":[{"key":"?t","val":"VO_b3d98eb7_de58_43f8_892e_fb4d423b7398_1503944791565_6"},{"key":"?p","val":"ES_6c3a8dcc_1225_43d8_bdec_4f406002798f_1503944820017_4"},{"key":"?s","val":"ES_6c3a8dcc_1225_43d8_bdec_4f406002798f_1503944820017_3"},{"key":"?originLatitude","val":"32.74051839275188058309140615165233612060546875"},{"key":"?originLongitude","val":"-117.2130215001728856805129908025264739990234375"}]}]},{"query":"?- ?t:AE#Travelling, ?t[AE#hasPath->?p], ?p[AE#hasEndRegion->?e], ?e[AE#hasLatitude->?destinationLatitude], ?e[AE#hasLongitude->?destinationLongitude].","resultList":[{"result":[{"key":"?t","val":"VO_b3d98eb7_de58_43f8_892e_fb4d423b7398_1503944791565_6"},{"key":"?p","val":"ES_6c3a8dcc_1225_43d8_bdec_4f406002798f_1503944820017_4"},{"key":"?e","val":"ES_6c3a8dcc_1225_43d8_bdec_4f406002798f_1503944820017_1"},{"key":"?destinationLatitude","val":"32.684415896445472071718540973961353302001953125"},{"key":"?destinationLongitude","val":"-117.0680370406544312800178886391222476959228515625"}]}]}]}
