{"dataList":[{"query":"?- ?v:AE#VATravelVoucher, ?v[AE#hasVoucherClaimant->?c], ?c[AE#hasName->?cn], ?cn[label->?claimantFullName].","resultList":[{"result":[{"key":"?v","val":"VO_b4b4aedb_4b58_4f40_8c83_d4fb61d56700_1503941920364_0"},{"key":"?c","val":"VO_b4b4aedb_4b58_4f40_8c83_d4fb61d56700_1503941920364_2"},{"key":"?cn","val":"VO_b4b4aedb_4b58_4f40_8c83_d4fb61d56700_1503941920364_1"},{"key":"?claimantFullName","val":"Olen G. Drew"}]},{"result":[{"key":"?v","val":"VO_b4b4aedb_4b58_4f40_8c83_d4fb61d56700_1503941920364_0"},{"key":"?c","val":"VO_b4b4aedb_4b58_4f40_8c83_d4fb61d56700_1503941920364_2"},{"key":"?cn","val":"NO_7f61364f_e258_4ea8_9856_91d48a334304_1503941928625_0"},{"key":"?claimantFullName","val":"Olen G. Drew"}]}]},{"query":"?- ?v:AE#VATravelVoucher, ?v[AE#hasVoucherClaimant->?c], ?c[AE#hasName->?cn], ?cn[AE#hasFirstName->?claimantFirstName].","resultList":[{"result":[{"key":"?v","val":"VO_b4b4aedb_4b58_4f40_8c83_d4fb61d56700_1503941920364_0"},{"key":"?c","val":"VO_b4b4aedb_4b58_4f40_8c83_d4fb61d56700_1503941920364_2"},{"key":"?cn","val":"NO_7f61364f_e258_4ea8_9856_91d48a334304_1503941928625_0"},{"key":"?claimantFirstName","val":"olen"}]}]},{"query":"?- ?v:AE#VATravelVoucher, ?v[AE#hasVoucherClaimant->?c], ?c[AE#hasName->?cn], ?cn[AE#hasLastName->?claimantLastName].","resultList":[{"result":[{"key":"?v","val":"VO_b4b4aedb_4b58_4f40_8c83_d4fb61d56700_1503941920364_0"},{"key":"?c","val":"VO_b4b4aedb_4b58_4f40_8c83_d4fb61d56700_1503941920364_2"},{"key":"?cn","val":"NO_7f61364f_e258_4ea8_9856_91d48a334304_1503941928625_0"},{"key":"?claimantLastName","val":"drew"}]}]},{"query":"?- ?v:AE#VATravelVoucher, ?v[AE#hasVoucherClaimant->?c], ?c[AE#hasSocialSecurityNumber->?s], ?s[label->?claimantSsn].","resultList":[{"result":[{"key":"?v","val":"VO_b4b4aedb_4b58_4f40_8c83_d4fb61d56700_1503941920364_0"},{"key":"?c","val":"VO_b4b4aedb_4b58_4f40_8c83_d4fb61d56700_1503941920364_2"},{"key":"?s","val":"VO_b4b4aedb_4b58_4f40_8c83_d4fb61d56700_1503941920364_12"},{"key":"?claimantSsn","val":"706-51-4043"}]}]},{"query":"?- ?v:AE#VATravelVoucher, ?v[AE#hasVoucherClaimant->?c], ?c[AE#hasLiens->?claimantHasLiens].","resultList":[{"result":[{"key":"?v","val":"VO_b4b4aedb_4b58_4f40_8c83_d4fb61d56700_1503941920364_0"},{"key":"?c","val":"VO_b4b4aedb_4b58_4f40_8c83_d4fb61d56700_1503941920364_2"},{"key":"?claimantHasLiens","val":"AE#NoLienReport"}]}]},{"query":"?- ?v:AE#VATravelVoucher, ?v[AE#hasVoucherClaimant->?c], ?c[AE#hasDeclaredBankruptcy->?claimantHasDeclaredBankruptcy].","resultList":[{"result":[{"key":"?v","val":"VO_b4b4aedb_4b58_4f40_8c83_d4fb61d56700_1503941920364_0"},{"key":"?c","val":"VO_b4b4aedb_4b58_4f40_8c83_d4fb61d56700_1503941920364_2"},{"key":"?claimantHasDeclaredBankruptcy","val":"AE#NoBankruptcyReport"}]}]},{"query":"?- ?v:AE#VATravelVoucher, ?v[AE#hasVoucherClaimant->?c], ?c[AE#hasArrestRecord->?claimantHasArrestRecord].","resultList":[{"result":[{"key":"?v","val":"VO_b4b4aedb_4b58_4f40_8c83_d4fb61d56700_1503941920364_0"},{"key":"?c","val":"VO_b4b4aedb_4b58_4f40_8c83_d4fb61d56700_1503941920364_2"},{"key":"?claimantHasArrestRecord","val":"AE#NoArrestRecord"}]}]},{"query":"?- ?v:AE#VATravelVoucher, ?v[AE#hasVoucherClaimant->?c], ?c[AE#hasCriminalRecord->?claimantHasCriminalRecord].","resultList":[{"result":[{"key":"?v","val":"VO_b4b4aedb_4b58_4f40_8c83_d4fb61d56700_1503941920364_0"},{"key":"?c","val":"VO_b4b4aedb_4b58_4f40_8c83_d4fb61d56700_1503941920364_2"},{"key":"?claimantHasCriminalRecord","val":"AE#NoCriminalRecord"}]}]},{"query":"?- ?v:AE#VATravelVoucher, ?v[AE#hasVoucherBeneficiary->?b], ?b[AE#hasName->?cn], ?cn[label->?beneficiaryFullName].","resultList":[{"result":[{"key":"?v","val":"VO_b4b4aedb_4b58_4f40_8c83_d4fb61d56700_1503941920364_0"},{"key":"?b","val":"VO_b4b4aedb_4b58_4f40_8c83_d4fb61d56700_1503941920364_11"},{"key":"?cn","val":"VO_b4b4aedb_4b58_4f40_8c83_d4fb61d56700_1503941920364_10"},{"key":"?beneficiaryFullName","val":"Alberto Julio Chaffer"}]},{"result":[{"key":"?v","val":"VO_b4b4aedb_4b58_4f40_8c83_d4fb61d56700_1503941920364_0"},{"key":"?b","val":"VO_b4b4aedb_4b58_4f40_8c83_d4fb61d56700_1503941920364_11"},{"key":"?cn","val":"NO_283dd481_4929_4bb0_b199_b9abce35e95e_1503941926589_0"},{"key":"?beneficiaryFullName","val":"Alberto Julio Chaffer"}]}]},{"query":"?- ?v:AE#VATravelVoucher, ?v[AE#hasVoucherBeneficiary->?b], ?b[AE#hasName->?cn], ?cn[AE#hasFirstName->?beneficiaryFirstName].","resultList":[{"result":[{"key":"?v","val":"VO_b4b4aedb_4b58_4f40_8c83_d4fb61d56700_1503941920364_0"},{"key":"?b","val":"VO_b4b4aedb_4b58_4f40_8c83_d4fb61d56700_1503941920364_11"},{"key":"?cn","val":"NO_283dd481_4929_4bb0_b199_b9abce35e95e_1503941926589_0"},{"key":"?beneficiaryFirstName","val":"alberto"}]}]},{"query":"?- ?v:AE#VATravelVoucher, ?v[AE#hasVoucherBeneficiary->?b], ?b[AE#hasName->?cn], ?cn[AE#hasLastName->?beneficiaryLastName].","resultList":[{"result":[{"key":"?v","val":"VO_b4b4aedb_4b58_4f40_8c83_d4fb61d56700_1503941920364_0"},{"key":"?b","val":"VO_b4b4aedb_4b58_4f40_8c83_d4fb61d56700_1503941920364_11"},{"key":"?cn","val":"NO_283dd481_4929_4bb0_b199_b9abce35e95e_1503941926589_0"},{"key":"?beneficiaryLastName","val":"chaffer"}]}]},{"query":"?- ?v:AE#VATravelVoucher, ?v[AE#hasVoucherBeneficiary->?b], ?b[AE#hasSocialSecurityNumber->?s], ?s[label->?beneficiarySsn].","resultList":[{"result":[{"key":"?v","val":"VO_b4b4aedb_4b58_4f40_8c83_d4fb61d56700_1503941920364_0"},{"key":"?b","val":"VO_b4b4aedb_4b58_4f40_8c83_d4fb61d56700_1503941920364_11"},{"key":"?s","val":"VO_b4b4aedb_4b58_4f40_8c83_d4fb61d56700_1503941920364_9"},{"key":"?beneficiarySsn","val":"615-32-5677"}]}]},{"query":"?- ?v:AE#VATravelVoucher, ?v[AE#hasVoucherBeneficiary->?b], ?b[AE#hasLiens->?beneficiaryHasLiens].","resultList":[{"result":[{"key":"?v","val":"VO_b4b4aedb_4b58_4f40_8c83_d4fb61d56700_1503941920364_0"},{"key":"?b","val":"VO_b4b4aedb_4b58_4f40_8c83_d4fb61d56700_1503941920364_11"},{"key":"?beneficiaryHasLiens","val":"AE#NoLienReport"}]}]},{"query":"?- ?v:AE#VATravelVoucher, ?v[AE#hasVoucherBeneficiary->?b], ?b[AE#hasDeclaredBankruptcy->?beneficiaryHasDeclaredBankruptcy].","resultList":[{"result":[{"key":"?v","val":"VO_b4b4aedb_4b58_4f40_8c83_d4fb61d56700_1503941920364_0"},{"key":"?b","val":"VO_b4b4aedb_4b58_4f40_8c83_d4fb61d56700_1503941920364_11"},{"key":"?beneficiaryHasDeclaredBankruptcy","val":"AE#NoBankruptcyReport"}]}]},{"query":"?- ?v:AE#VATravelVoucher, ?v[AE#hasVoucherBeneficiary->?b], ?b[AE#hasArrestRecord->?beneficiaryHasArrestRecord].","resultList":[{"result":[{"key":"?v","val":"VO_b4b4aedb_4b58_4f40_8c83_d4fb61d56700_1503941920364_0"},{"key":"?b","val":"VO_b4b4aedb_4b58_4f40_8c83_d4fb61d56700_1503941920364_11"},{"key":"?beneficiaryHasArrestRecord","val":"AE#NoArrestRecord"}]}]},{"query":"?- ?v:AE#VATravelVoucher, ?v[AE#hasVoucherBeneficiary->?b], ?b[AE#hasCriminalRecord->?beneficiaryHasCriminalRecord].","resultList":[{"result":[{"key":"?v","val":"VO_b4b4aedb_4b58_4f40_8c83_d4fb61d56700_1503941920364_0"},{"key":"?b","val":"VO_b4b4aedb_4b58_4f40_8c83_d4fb61d56700_1503941920364_11"},{"key":"?beneficiaryHasCriminalRecord","val":"AE#NoCriminalRecord"}]}]},{"query":"?- ?t:AE#Travelling, ?t[AE#hasPath->?p], ?p[AE#hasDistance->?d], ?d[AE#numericValue->?expectedDistanceValue], ?d[AE#hasUnitOfMeasure->?unitOfDistanceMeasure].","resultList":[{"result":[{"key":"?t","val":"VO_b4b4aedb_4b58_4f40_8c83_d4fb61d56700_1503941920364_6"},{"key":"?p","val":"ES_be0745e9_e3c4_421c_a53e_73c5cb9fe89f_1503941946797_4"},{"key":"?d","val":"ES_be0745e9_e3c4_421c_a53e_73c5cb9fe89f_1503941946797_0"},{"key":"?expectedDistanceValue","val":"16150.848137405961097101680934429168701171875"},{"key":"?unitOfDistanceMeasure","val":"meters"}]}]},{"query":"?- ?t:AE#Travelling, ?t[AE#hasPath->?p], ?p[AE#hasExpectedTravelTime->?d], ?d[AE#numericValue->?expectedTimeValue], ?d[AE#hasUnitOfMeasure->?unitOfTimeMeasure].","resultList":[{"result":[{"key":"?t","val":"VO_b4b4aedb_4b58_4f40_8c83_d4fb61d56700_1503941920364_6"},{"key":"?p","val":"ES_be0745e9_e3c4_421c_a53e_73c5cb9fe89f_1503941946797_4"},{"key":"?d","val":"ES_be0745e9_e3c4_421c_a53e_73c5cb9fe89f_1503941946797_2"},{"key":"?expectedTimeValue","val":"11.29778241156600415706634521484375"},{"key":"?unitOfTimeMeasure","val":"minutes"}]}]},{"query":"?- ?t:AE#Travelling, ?t[AE#hasDestination->?d], ?d[label->?destinationFullAddress].","resultList":[{"result":[{"key":"?t","val":"VO_b4b4aedb_4b58_4f40_8c83_d4fb61d56700_1503941920364_7"},{"key":"?d","val":"VO_b4b4aedb_4b58_4f40_8c83_d4fb61d56700_1503941920364_8"},{"key":"?destinationFullAddress","val":"2790 Truxton Road, Suite 130, San Diego, CA 92106"}]},{"result":[{"key":"?t","val":"VO_b4b4aedb_4b58_4f40_8c83_d4fb61d56700_1503941920364_6"},{"key":"?d","val":"VO_b4b4aedb_4b58_4f40_8c83_d4fb61d56700_1503941920364_5"},{"key":"?destinationFullAddress","val":"150 Fifth Street San Diego, CA 92114"}]}]},{"query":"?- ?t:AE#Travelling, ?t[AE#hasDestination->?d], ?d[AE#hasStreet->?s], ?s[label->?destinationStreetName], ?d[AE#hasCity->?c], ?c[label->?destinationCity], ?d[AE#hasState->?st], ?st[label->?destinationState], ?d[AE#hasZipcode->?destinationZipCode].","resultList":[{"result":[{"key":"?t","val":"VO_b4b4aedb_4b58_4f40_8c83_d4fb61d56700_1503941920364_7"},{"key":"?d","val":"VO_b4b4aedb_4b58_4f40_8c83_d4fb61d56700_1503941920364_8"},{"key":"?s","val":"NO_7d2398c4_81f7_4921_8f5f_6cd3f0469a89_1503941930793_id5"},{"key":"?destinationStreetName","val":"2790 Truxton Road"},{"key":"?c","val":"NO_7d2398c4_81f7_4921_8f5f_6cd3f0469a89_1503941930793_id11"},{"key":"?destinationCity","val":"San Diego"},{"key":"?st","val":"NO_7d2398c4_81f7_4921_8f5f_6cd3f0469a89_1503941930793_id13"},{"key":"?destinationState","val":"CA"},{"key":"?destinationZipCode","val":"92106"}]},{"result":[{"key":"?t","val":"VO_b4b4aedb_4b58_4f40_8c83_d4fb61d56700_1503941920364_6"},{"key":"?d","val":"VO_b4b4aedb_4b58_4f40_8c83_d4fb61d56700_1503941920364_5"},{"key":"?s","val":"NO_27c15153_d296_4e90_bc8c_5b2105c55127_1503941932721_id3"},{"key":"?destinationStreetName","val":"150 Fifth Street"},{"key":"?c","val":"NO_27c15153_d296_4e90_bc8c_5b2105c55127_1503941932721_id9"},{"key":"?destinationCity","val":"San Diego"},{"key":"?st","val":"NO_27c15153_d296_4e90_bc8c_5b2105c55127_1503941932721_id11"},{"key":"?destinationState","val":"CA"},{"key":"?destinationZipCode","val":"92114"}]}]},{"query":"?- ?t:AE#Travelling, ?t[AE#hasOrigin->?d], ?d[label->?originFullAddress].","resultList":[{"result":[{"key":"?t","val":"VO_b4b4aedb_4b58_4f40_8c83_d4fb61d56700_1503941920364_7"},{"key":"?d","val":"VO_b4b4aedb_4b58_4f40_8c83_d4fb61d56700_1503941920364_3"},{"key":"?originFullAddress","val":"2570 Burgener Blvd, San Diego, CA 92110"}]},{"result":[{"key":"?t","val":"VO_b4b4aedb_4b58_4f40_8c83_d4fb61d56700_1503941920364_6"},{"key":"?d","val":"VO_b4b4aedb_4b58_4f40_8c83_d4fb61d56700_1503941920364_8"},{"key":"?originFullAddress","val":"2790 Truxton Road, Suite 130, San Diego, CA 92106"}]}]},{"query":"?- ?t:AE#Travelling, ?t[AE#hasOrigin->?d], ?d[AE#hasStreet->?s], ?s[label->?originStreetName], ?d[AE#hasCity->?c], ?c[label->?originCity], ?d[AE#hasState->?st], ?st[label->?originState], ?d[AE#hasZipcode->?originZipCode].","resultList":[{"result":[{"key":"?t","val":"VO_b4b4aedb_4b58_4f40_8c83_d4fb61d56700_1503941920364_7"},{"key":"?d","val":"VO_b4b4aedb_4b58_4f40_8c83_d4fb61d56700_1503941920364_3"},{"key":"?s","val":"NO_36b7aee3_d5bb_42e3_aaa4_36e541cacf65_1503941934550_id3"},{"key":"?originStreetName","val":"2570 Burgener Blvd"},{"key":"?c","val":"NO_36b7aee3_d5bb_42e3_aaa4_36e541cacf65_1503941934550_id9"},{"key":"?originCity","val":"San Diego"},{"key":"?st","val":"NO_36b7aee3_d5bb_42e3_aaa4_36e541cacf65_1503941934550_id11"},{"key":"?originState","val":"CA"},{"key":"?originZipCode","val":"92110"}]},{"result":[{"key":"?t","val":"VO_b4b4aedb_4b58_4f40_8c83_d4fb61d56700_1503941920364_6"},{"key":"?d","val":"VO_b4b4aedb_4b58_4f40_8c83_d4fb61d56700_1503941920364_8"},{"key":"?s","val":"NO_7d2398c4_81f7_4921_8f5f_6cd3f0469a89_1503941930793_id5"},{"key":"?originStreetName","val":"2790 Truxton Road"},{"key":"?c","val":"NO_7d2398c4_81f7_4921_8f5f_6cd3f0469a89_1503941930793_id11"},{"key":"?originCity","val":"San Diego"},{"key":"?st","val":"NO_7d2398c4_81f7_4921_8f5f_6cd3f0469a89_1503941930793_id13"},{"key":"?originState","val":"CA"},{"key":"?originZipCode","val":"92106"}]}]},{"query":"?- ?t:AE#Travelling, ?t[AE#hasPath->?p], ?p[AE#hasStartRegion->?s], ?s[AE#hasLatitude->?originLatitude], ?s[AE#hasLongitude->?originLongitude].","resultList":[{"result":[{"key":"?t","val":"VO_b4b4aedb_4b58_4f40_8c83_d4fb61d56700_1503941920364_6"},{"key":"?p","val":"ES_be0745e9_e3c4_421c_a53e_73c5cb9fe89f_1503941946797_4"},{"key":"?s","val":"ES_be0745e9_e3c4_421c_a53e_73c5cb9fe89f_1503941946797_3"},{"key":"?originLatitude","val":"32.74051839275188058309140615165233612060546875"},{"key":"?originLongitude","val":"-117.2130215001728856805129908025264739990234375"}]}]},{"query":"?- ?t:AE#Travelling, ?t[AE#hasPath->?p], ?p[AE#hasEndRegion->?e], ?e[AE#hasLatitude->?destinationLatitude], ?e[AE#hasLongitude->?destinationLongitude].","resultList":[{"result":[{"key":"?t","val":"VO_b4b4aedb_4b58_4f40_8c83_d4fb61d56700_1503941920364_6"},{"key":"?p","val":"ES_be0745e9_e3c4_421c_a53e_73c5cb9fe89f_1503941946797_4"},{"key":"?e","val":"ES_be0745e9_e3c4_421c_a53e_73c5cb9fe89f_1503941946797_1"},{"key":"?destinationLatitude","val":"32.72617345619732276418289984576404094696044921875"},{"key":"?destinationLongitude","val":"-117.0724592852043457469335407949984073638916015625"}]}]}]}
