{"dataList":[{"query":"?- ?v:AE#VATravelVoucher, ?v[AE#hasVoucherClaimant->?c], ?c[AE#hasName->?cn], ?cn[label->?claimantFullName].","resultList":[{"result":[{"key":"?v","val":"VO_b2c7c9dc_1da4_4234_8cfd_6fa7a27c0cbe_1503940525859_0"},{"key":"?c","val":"VO_b2c7c9dc_1da4_4234_8cfd_6fa7a27c0cbe_1503940525859_2"},{"key":"?cn","val":"NO_c6abb7c2_afdc_4747_8052_d2a7296359a5_1503940533816_0"},{"key":"?claimantFullName","val":"James Jason Bear"}]},{"result":[{"key":"?v","val":"VO_b2c7c9dc_1da4_4234_8cfd_6fa7a27c0cbe_1503940525859_0"},{"key":"?c","val":"VO_b2c7c9dc_1da4_4234_8cfd_6fa7a27c0cbe_1503940525859_2"},{"key":"?cn","val":"VO_b2c7c9dc_1da4_4234_8cfd_6fa7a27c0cbe_1503940525859_1"},{"key":"?claimantFullName","val":"James Jason Bear"}]}]},{"query":"?- ?v:AE#VATravelVoucher, ?v[AE#hasVoucherClaimant->?c], ?c[AE#hasName->?cn], ?cn[AE#hasFirstName->?claimantFirstName].","resultList":[{"result":[{"key":"?v","val":"VO_b2c7c9dc_1da4_4234_8cfd_6fa7a27c0cbe_1503940525859_0"},{"key":"?c","val":"VO_b2c7c9dc_1da4_4234_8cfd_6fa7a27c0cbe_1503940525859_2"},{"key":"?cn","val":"NO_c6abb7c2_afdc_4747_8052_d2a7296359a5_1503940533816_0"},{"key":"?claimantFirstName","val":"james"}]}]},{"query":"?- ?v:AE#VATravelVoucher, ?v[AE#hasVoucherClaimant->?c], ?c[AE#hasName->?cn], ?cn[AE#hasLastName->?claimantLastName].","resultList":[{"result":[{"key":"?v","val":"VO_b2c7c9dc_1da4_4234_8cfd_6fa7a27c0cbe_1503940525859_0"},{"key":"?c","val":"VO_b2c7c9dc_1da4_4234_8cfd_6fa7a27c0cbe_1503940525859_2"},{"key":"?cn","val":"NO_c6abb7c2_afdc_4747_8052_d2a7296359a5_1503940533816_0"},{"key":"?claimantLastName","val":"bear"}]}]},{"query":"?- ?v:AE#VATravelVoucher, ?v[AE#hasVoucherClaimant->?c], ?c[AE#hasSocialSecurityNumber->?s], ?s[label->?claimantSsn].","resultList":[{"result":[{"key":"?v","val":"VO_b2c7c9dc_1da4_4234_8cfd_6fa7a27c0cbe_1503940525859_0"},{"key":"?c","val":"VO_b2c7c9dc_1da4_4234_8cfd_6fa7a27c0cbe_1503940525859_2"},{"key":"?s","val":"VO_b2c7c9dc_1da4_4234_8cfd_6fa7a27c0cbe_1503940525859_12"},{"key":"?claimantSsn","val":"200-38-9496"}]}]},{"query":"?- ?v:AE#VATravelVoucher, ?v[AE#hasVoucherClaimant->?c], ?c[AE#hasLiens->?claimantHasLiens].","resultList":[{"result":[{"key":"?v","val":"VO_b2c7c9dc_1da4_4234_8cfd_6fa7a27c0cbe_1503940525859_0"},{"key":"?c","val":"VO_b2c7c9dc_1da4_4234_8cfd_6fa7a27c0cbe_1503940525859_2"},{"key":"?claimantHasLiens","val":"AE#NoLienReport"}]}]},{"query":"?- ?v:AE#VATravelVoucher, ?v[AE#hasVoucherClaimant->?c], ?c[AE#hasDeclaredBankruptcy->?claimantHasDeclaredBankruptcy].","resultList":[{"result":[{"key":"?v","val":"VO_b2c7c9dc_1da4_4234_8cfd_6fa7a27c0cbe_1503940525859_0"},{"key":"?c","val":"VO_b2c7c9dc_1da4_4234_8cfd_6fa7a27c0cbe_1503940525859_2"},{"key":"?claimantHasDeclaredBankruptcy","val":"AE#NoBankruptcyReport"}]}]},{"query":"?- ?v:AE#VATravelVoucher, ?v[AE#hasVoucherClaimant->?c], ?c[AE#hasArrestRecord->?claimantHasArrestRecord].","resultList":[{"result":[{"key":"?v","val":"VO_b2c7c9dc_1da4_4234_8cfd_6fa7a27c0cbe_1503940525859_0"},{"key":"?c","val":"VO_b2c7c9dc_1da4_4234_8cfd_6fa7a27c0cbe_1503940525859_2"},{"key":"?claimantHasArrestRecord","val":"AE#NoArrestRecord"}]}]},{"query":"?- ?v:AE#VATravelVoucher, ?v[AE#hasVoucherClaimant->?c], ?c[AE#hasCriminalRecord->?claimantHasCriminalRecord].","resultList":[{"result":[{"key":"?v","val":"VO_b2c7c9dc_1da4_4234_8cfd_6fa7a27c0cbe_1503940525859_0"},{"key":"?c","val":"VO_b2c7c9dc_1da4_4234_8cfd_6fa7a27c0cbe_1503940525859_2"},{"key":"?claimantHasCriminalRecord","val":"AE#NoCriminalRecord"}]}]},{"query":"?- ?v:AE#VATravelVoucher, ?v[AE#hasVoucherBeneficiary->?b], ?b[AE#hasName->?cn], ?cn[label->?beneficiaryFullName].","resultList":[{"result":[{"key":"?v","val":"VO_b2c7c9dc_1da4_4234_8cfd_6fa7a27c0cbe_1503940525859_0"},{"key":"?b","val":"VO_b2c7c9dc_1da4_4234_8cfd_6fa7a27c0cbe_1503940525859_11"},{"key":"?cn","val":"VO_b2c7c9dc_1da4_4234_8cfd_6fa7a27c0cbe_1503940525859_10"},{"key":"?beneficiaryFullName","val":"James Jason Bear"}]},{"result":[{"key":"?v","val":"VO_b2c7c9dc_1da4_4234_8cfd_6fa7a27c0cbe_1503940525859_0"},{"key":"?b","val":"VO_b2c7c9dc_1da4_4234_8cfd_6fa7a27c0cbe_1503940525859_11"},{"key":"?cn","val":"NO_c4a5fffc_cb15_4926_b332_ee098f98b18e_1503940531809_0"},{"key":"?beneficiaryFullName","val":"James Jason Bear"}]}]},{"query":"?- ?v:AE#VATravelVoucher, ?v[AE#hasVoucherBeneficiary->?b], ?b[AE#hasName->?cn], ?cn[AE#hasFirstName->?beneficiaryFirstName].","resultList":[{"result":[{"key":"?v","val":"VO_b2c7c9dc_1da4_4234_8cfd_6fa7a27c0cbe_1503940525859_0"},{"key":"?b","val":"VO_b2c7c9dc_1da4_4234_8cfd_6fa7a27c0cbe_1503940525859_11"},{"key":"?cn","val":"NO_c4a5fffc_cb15_4926_b332_ee098f98b18e_1503940531809_0"},{"key":"?beneficiaryFirstName","val":"james"}]}]},{"query":"?- ?v:AE#VATravelVoucher, ?v[AE#hasVoucherBeneficiary->?b], ?b[AE#hasName->?cn], ?cn[AE#hasLastName->?beneficiaryLastName].","resultList":[{"result":[{"key":"?v","val":"VO_b2c7c9dc_1da4_4234_8cfd_6fa7a27c0cbe_1503940525859_0"},{"key":"?b","val":"VO_b2c7c9dc_1da4_4234_8cfd_6fa7a27c0cbe_1503940525859_11"},{"key":"?cn","val":"NO_c4a5fffc_cb15_4926_b332_ee098f98b18e_1503940531809_0"},{"key":"?beneficiaryLastName","val":"bear"}]}]},{"query":"?- ?v:AE#VATravelVoucher, ?v[AE#hasVoucherBeneficiary->?b], ?b[AE#hasSocialSecurityNumber->?s], ?s[label->?beneficiarySsn].","resultList":[{"result":[{"key":"?v","val":"VO_b2c7c9dc_1da4_4234_8cfd_6fa7a27c0cbe_1503940525859_0"},{"key":"?b","val":"VO_b2c7c9dc_1da4_4234_8cfd_6fa7a27c0cbe_1503940525859_11"},{"key":"?s","val":"VO_b2c7c9dc_1da4_4234_8cfd_6fa7a27c0cbe_1503940525859_9"},{"key":"?beneficiarySsn","val":"200-38-9496"}]}]},{"query":"?- ?v:AE#VATravelVoucher, ?v[AE#hasVoucherBeneficiary->?b], ?b[AE#hasLiens->?beneficiaryHasLiens].","resultList":[{"result":[{"key":"?v","val":"VO_b2c7c9dc_1da4_4234_8cfd_6fa7a27c0cbe_1503940525859_0"},{"key":"?b","val":"VO_b2c7c9dc_1da4_4234_8cfd_6fa7a27c0cbe_1503940525859_11"},{"key":"?beneficiaryHasLiens","val":"AE#NoLienReport"}]}]},{"query":"?- ?v:AE#VATravelVoucher, ?v[AE#hasVoucherBeneficiary->?b], ?b[AE#hasDeclaredBankruptcy->?beneficiaryHasDeclaredBankruptcy].","resultList":[{"result":[{"key":"?v","val":"VO_b2c7c9dc_1da4_4234_8cfd_6fa7a27c0cbe_1503940525859_0"},{"key":"?b","val":"VO_b2c7c9dc_1da4_4234_8cfd_6fa7a27c0cbe_1503940525859_11"},{"key":"?beneficiaryHasDeclaredBankruptcy","val":"AE#NoBankruptcyReport"}]}]},{"query":"?- ?v:AE#VATravelVoucher, ?v[AE#hasVoucherBeneficiary->?b], ?b[AE#hasArrestRecord->?beneficiaryHasArrestRecord].","resultList":[{"result":[{"key":"?v","val":"VO_b2c7c9dc_1da4_4234_8cfd_6fa7a27c0cbe_1503940525859_0"},{"key":"?b","val":"VO_b2c7c9dc_1da4_4234_8cfd_6fa7a27c0cbe_1503940525859_11"},{"key":"?beneficiaryHasArrestRecord","val":"AE#NoArrestRecord"}]}]},{"query":"?- ?v:AE#VATravelVoucher, ?v[AE#hasVoucherBeneficiary->?b], ?b[AE#hasCriminalRecord->?beneficiaryHasCriminalRecord].","resultList":[{"result":[{"key":"?v","val":"VO_b2c7c9dc_1da4_4234_8cfd_6fa7a27c0cbe_1503940525859_0"},{"key":"?b","val":"VO_b2c7c9dc_1da4_4234_8cfd_6fa7a27c0cbe_1503940525859_11"},{"key":"?beneficiaryHasCriminalRecord","val":"AE#NoCriminalRecord"}]}]},{"query":"?- ?t:AE#Travelling, ?t[AE#hasPath->?p], ?p[AE#hasDistance->?d], ?d[AE#numericValue->?expectedDistanceValue], ?d[AE#hasUnitOfMeasure->?unitOfDistanceMeasure].","resultList":[{"result":[{"key":"?t","val":"VO_b2c7c9dc_1da4_4234_8cfd_6fa7a27c0cbe_1503940525859_6"},{"key":"?p","val":"ES_25bcac20_5bda_4c3e_8692_6d5ceb76b84c_1503940553582_4"},{"key":"?d","val":"ES_25bcac20_5bda_4c3e_8692_6d5ceb76b84c_1503940553582_0"},{"key":"?expectedDistanceValue","val":"19023.90363190905554802156984806060791015625"},{"key":"?unitOfDistanceMeasure","val":"meters"}]}]},{"query":"?- ?t:AE#Travelling, ?t[AE#hasPath->?p], ?p[AE#hasExpectedTravelTime->?d], ?d[AE#numericValue->?expectedTimeValue], ?d[AE#hasUnitOfMeasure->?unitOfTimeMeasure].","resultList":[{"result":[{"key":"?t","val":"VO_b2c7c9dc_1da4_4234_8cfd_6fa7a27c0cbe_1503940525859_6"},{"key":"?p","val":"ES_25bcac20_5bda_4c3e_8692_6d5ceb76b84c_1503940553582_4"},{"key":"?d","val":"ES_25bcac20_5bda_4c3e_8692_6d5ceb76b84c_1503940553582_2"},{"key":"?expectedTimeValue","val":"15.832762680365703999996185302734375"},{"key":"?unitOfTimeMeasure","val":"minutes"}]}]},{"query":"?- ?t:AE#Travelling, ?t[AE#hasDestination->?d], ?d[label->?destinationFullAddress].","resultList":[{"result":[{"key":"?t","val":"VO_b2c7c9dc_1da4_4234_8cfd_6fa7a27c0cbe_1503940525859_7"},{"key":"?d","val":"VO_b2c7c9dc_1da4_4234_8cfd_6fa7a27c0cbe_1503940525859_8"},{"key":"?destinationFullAddress","val":"2790 Truxton Road, Suite 130, San Diego, CA 92106"}]},{"result":[{"key":"?t","val":"VO_b2c7c9dc_1da4_4234_8cfd_6fa7a27c0cbe_1503940525859_6"},{"key":"?d","val":"VO_b2c7c9dc_1da4_4234_8cfd_6fa7a27c0cbe_1503940525859_5"},{"key":"?destinationFullAddress","val":"7019 Jamacha Rd, San Diego, CA 92114"}]}]},{"query":"?- ?t:AE#Travelling, ?t[AE#hasDestination->?d], ?d[AE#hasStreet->?s], ?s[label->?destinationStreetName], ?d[AE#hasCity->?c], ?c[label->?destinationCity], ?d[AE#hasState->?st], ?st[label->?destinationState], ?d[AE#hasZipcode->?destinationZipCode].","resultList":[{"result":[{"key":"?t","val":"VO_b2c7c9dc_1da4_4234_8cfd_6fa7a27c0cbe_1503940525859_7"},{"key":"?d","val":"VO_b2c7c9dc_1da4_4234_8cfd_6fa7a27c0cbe_1503940525859_8"},{"key":"?s","val":"NO_106fee19_117d_493e_a4ab_e6243524e0f0_1503940535725_id5"},{"key":"?destinationStreetName","val":"2790 Truxton Road"},{"key":"?c","val":"NO_106fee19_117d_493e_a4ab_e6243524e0f0_1503940535725_id11"},{"key":"?destinationCity","val":"San Diego"},{"key":"?st","val":"NO_106fee19_117d_493e_a4ab_e6243524e0f0_1503940535725_id13"},{"key":"?destinationState","val":"CA"},{"key":"?destinationZipCode","val":"92106"}]},{"result":[{"key":"?t","val":"VO_b2c7c9dc_1da4_4234_8cfd_6fa7a27c0cbe_1503940525859_6"},{"key":"?d","val":"VO_b2c7c9dc_1da4_4234_8cfd_6fa7a27c0cbe_1503940525859_5"},{"key":"?s","val":"NO_d643bbd0_d55c_45ae_8fc9_853835b08f9c_1503940537601_id3"},{"key":"?destinationStreetName","val":"7019 Jamacha Rd"},{"key":"?c","val":"NO_d643bbd0_d55c_45ae_8fc9_853835b08f9c_1503940537601_id9"},{"key":"?destinationCity","val":"San Diego"},{"key":"?st","val":"NO_d643bbd0_d55c_45ae_8fc9_853835b08f9c_1503940537601_id11"},{"key":"?destinationState","val":"CA"},{"key":"?destinationZipCode","val":"92114"}]}]},{"query":"?- ?t:AE#Travelling, ?t[AE#hasOrigin->?d], ?d[label->?originFullAddress].","resultList":[{"result":[{"key":"?t","val":"VO_b2c7c9dc_1da4_4234_8cfd_6fa7a27c0cbe_1503940525859_7"},{"key":"?d","val":"VO_b2c7c9dc_1da4_4234_8cfd_6fa7a27c0cbe_1503940525859_3"},{"key":"?originFullAddress","val":"7019 Jamacha Rd, San Diego, CA 92114"}]},{"result":[{"key":"?t","val":"VO_b2c7c9dc_1da4_4234_8cfd_6fa7a27c0cbe_1503940525859_6"},{"key":"?d","val":"VO_b2c7c9dc_1da4_4234_8cfd_6fa7a27c0cbe_1503940525859_8"},{"key":"?originFullAddress","val":"2790 Truxton Road, Suite 130, San Diego, CA 92106"}]}]},{"query":"?- ?t:AE#Travelling, ?t[AE#hasOrigin->?d], ?d[AE#hasStreet->?s], ?s[label->?originStreetName], ?d[AE#hasCity->?c], ?c[label->?originCity], ?d[AE#hasState->?st], ?st[label->?originState], ?d[AE#hasZipcode->?originZipCode].","resultList":[{"result":[{"key":"?t","val":"VO_b2c7c9dc_1da4_4234_8cfd_6fa7a27c0cbe_1503940525859_7"},{"key":"?d","val":"VO_b2c7c9dc_1da4_4234_8cfd_6fa7a27c0cbe_1503940525859_3"},{"key":"?s","val":"NO_12a5ef28_6cee_4513_a5a6_dac6f077ac81_1503940539504_id3"},{"key":"?originStreetName","val":"7019 Jamacha Rd"},{"key":"?c","val":"NO_12a5ef28_6cee_4513_a5a6_dac6f077ac81_1503940539504_id9"},{"key":"?originCity","val":"San Diego"},{"key":"?st","val":"NO_12a5ef28_6cee_4513_a5a6_dac6f077ac81_1503940539504_id11"},{"key":"?originState","val":"CA"},{"key":"?originZipCode","val":"92114"}]},{"result":[{"key":"?t","val":"VO_b2c7c9dc_1da4_4234_8cfd_6fa7a27c0cbe_1503940525859_6"},{"key":"?d","val":"VO_b2c7c9dc_1da4_4234_8cfd_6fa7a27c0cbe_1503940525859_8"},{"key":"?s","val":"NO_106fee19_117d_493e_a4ab_e6243524e0f0_1503940535725_id5"},{"key":"?originStreetName","val":"2790 Truxton Road"},{"key":"?c","val":"NO_106fee19_117d_493e_a4ab_e6243524e0f0_1503940535725_id11"},{"key":"?originCity","val":"San Diego"},{"key":"?st","val":"NO_106fee19_117d_493e_a4ab_e6243524e0f0_1503940535725_id13"},{"key":"?originState","val":"CA"},{"key":"?originZipCode","val":"92106"}]}]},{"query":"?- ?t:AE#Travelling, ?t[AE#hasPath->?p], ?p[AE#hasStartRegion->?s], ?s[AE#hasLatitude->?originLatitude], ?s[AE#hasLongitude->?originLongitude].","resultList":[{"result":[{"key":"?t","val":"VO_b2c7c9dc_1da4_4234_8cfd_6fa7a27c0cbe_1503940525859_6"},{"key":"?p","val":"ES_25bcac20_5bda_4c3e_8692_6d5ceb76b84c_1503940553582_4"},{"key":"?s","val":"ES_25bcac20_5bda_4c3e_8692_6d5ceb76b84c_1503940553582_3"},{"key":"?originLatitude","val":"32.74051839275188058309140615165233612060546875"},{"key":"?originLongitude","val":"-117.2130215001728856805129908025264739990234375"}]}]},{"query":"?- ?t:AE#Travelling, ?t[AE#hasPath->?p], ?p[AE#hasEndRegion->?e], ?e[AE#hasLatitude->?destinationLatitude], ?e[AE#hasLongitude->?destinationLongitude].","resultList":[{"result":[{"key":"?t","val":"VO_b2c7c9dc_1da4_4234_8cfd_6fa7a27c0cbe_1503940525859_6"},{"key":"?p","val":"ES_25bcac20_5bda_4c3e_8692_6d5ceb76b84c_1503940553582_4"},{"key":"?e","val":"ES_25bcac20_5bda_4c3e_8692_6d5ceb76b84c_1503940553582_1"},{"key":"?destinationLatitude","val":"32.71063148124544994743700954131782054901123046875"},{"key":"?destinationLongitude","val":"-117.046372080904831136649590916931629180908203125"}]}]}]}
