{"dataList":[{"query":"?- ?v:AE#VATravelVoucher, ?v[AE#hasVoucherClaimant->?c], ?c[AE#hasName->?cn], ?cn[label->?claimantFullName].","resultList":[{"result":[{"key":"?v","val":"VO_b301acce_7722_48e0_80f5_abd641678ac4_1503943162565_0"},{"key":"?c","val":"VO_b301acce_7722_48e0_80f5_abd641678ac4_1503943162565_2"},{"key":"?cn","val":"NO_a04fe6cb_eba2_488a_845c_b47fa8c45b29_1503943169802_0"},{"key":"?claimantFullName","val":"David F. Meister"}]},{"result":[{"key":"?v","val":"VO_b301acce_7722_48e0_80f5_abd641678ac4_1503943162565_0"},{"key":"?c","val":"VO_b301acce_7722_48e0_80f5_abd641678ac4_1503943162565_2"},{"key":"?cn","val":"VO_b301acce_7722_48e0_80f5_abd641678ac4_1503943162565_1"},{"key":"?claimantFullName","val":"David F. Meister"}]}]},{"query":"?- ?v:AE#VATravelVoucher, ?v[AE#hasVoucherClaimant->?c], ?c[AE#hasName->?cn], ?cn[AE#hasFirstName->?claimantFirstName].","resultList":[{"result":[{"key":"?v","val":"VO_b301acce_7722_48e0_80f5_abd641678ac4_1503943162565_0"},{"key":"?c","val":"VO_b301acce_7722_48e0_80f5_abd641678ac4_1503943162565_2"},{"key":"?cn","val":"NO_a04fe6cb_eba2_488a_845c_b47fa8c45b29_1503943169802_0"},{"key":"?claimantFirstName","val":"david"}]}]},{"query":"?- ?v:AE#VATravelVoucher, ?v[AE#hasVoucherClaimant->?c], ?c[AE#hasName->?cn], ?cn[AE#hasLastName->?claimantLastName].","resultList":[{"result":[{"key":"?v","val":"VO_b301acce_7722_48e0_80f5_abd641678ac4_1503943162565_0"},{"key":"?c","val":"VO_b301acce_7722_48e0_80f5_abd641678ac4_1503943162565_2"},{"key":"?cn","val":"NO_a04fe6cb_eba2_488a_845c_b47fa8c45b29_1503943169802_0"},{"key":"?claimantLastName","val":"meister"}]}]},{"query":"?- ?v:AE#VATravelVoucher, ?v[AE#hasVoucherClaimant->?c], ?c[AE#hasSocialSecurityNumber->?s], ?s[label->?claimantSsn].","resultList":[{"result":[{"key":"?v","val":"VO_b301acce_7722_48e0_80f5_abd641678ac4_1503943162565_0"},{"key":"?c","val":"VO_b301acce_7722_48e0_80f5_abd641678ac4_1503943162565_2"},{"key":"?s","val":"VO_b301acce_7722_48e0_80f5_abd641678ac4_1503943162565_12"},{"key":"?claimantSsn","val":"470-51-5576"}]}]},{"query":"?- ?v:AE#VATravelVoucher, ?v[AE#hasVoucherClaimant->?c], ?c[AE#hasLiens->?claimantHasLiens].","resultList":[{"result":[{"key":"?v","val":"VO_b301acce_7722_48e0_80f5_abd641678ac4_1503943162565_0"},{"key":"?c","val":"VO_b301acce_7722_48e0_80f5_abd641678ac4_1503943162565_2"},{"key":"?claimantHasLiens","val":"AE#UnknownLienReport"}]}]},{"query":"?- ?v:AE#VATravelVoucher, ?v[AE#hasVoucherClaimant->?c], ?c[AE#hasDeclaredBankruptcy->?claimantHasDeclaredBankruptcy].","resultList":[{"result":[{"key":"?v","val":"VO_b301acce_7722_48e0_80f5_abd641678ac4_1503943162565_0"},{"key":"?c","val":"VO_b301acce_7722_48e0_80f5_abd641678ac4_1503943162565_2"},{"key":"?claimantHasDeclaredBankruptcy","val":"AE#NoBankruptcyReport"}]}]},{"query":"?- ?v:AE#VATravelVoucher, ?v[AE#hasVoucherClaimant->?c], ?c[AE#hasArrestRecord->?claimantHasArrestRecord].","resultList":[{"result":[{"key":"?v","val":"VO_b301acce_7722_48e0_80f5_abd641678ac4_1503943162565_0"},{"key":"?c","val":"VO_b301acce_7722_48e0_80f5_abd641678ac4_1503943162565_2"},{"key":"?claimantHasArrestRecord","val":"AE#NoArrestRecord"}]}]},{"query":"?- ?v:AE#VATravelVoucher, ?v[AE#hasVoucherClaimant->?c], ?c[AE#hasCriminalRecord->?claimantHasCriminalRecord].","resultList":[{"result":[{"key":"?v","val":"VO_b301acce_7722_48e0_80f5_abd641678ac4_1503943162565_0"},{"key":"?c","val":"VO_b301acce_7722_48e0_80f5_abd641678ac4_1503943162565_2"},{"key":"?claimantHasCriminalRecord","val":"AE#NoCriminalRecord"}]}]},{"query":"?- ?v:AE#VATravelVoucher, ?v[AE#hasVoucherBeneficiary->?b], ?b[AE#hasName->?cn], ?cn[label->?beneficiaryFullName].","resultList":[{"result":[{"key":"?v","val":"VO_b301acce_7722_48e0_80f5_abd641678ac4_1503943162565_0"},{"key":"?b","val":"VO_b301acce_7722_48e0_80f5_abd641678ac4_1503943162565_11"},{"key":"?cn","val":"VO_b301acce_7722_48e0_80f5_abd641678ac4_1503943162565_10"},{"key":"?beneficiaryFullName","val":"David F. Meister"}]},{"result":[{"key":"?v","val":"VO_b301acce_7722_48e0_80f5_abd641678ac4_1503943162565_0"},{"key":"?b","val":"VO_b301acce_7722_48e0_80f5_abd641678ac4_1503943162565_11"},{"key":"?cn","val":"NO_8c8b1e38_0831_4f50_a4a6_675dd9c7d2ba_1503943167975_0"},{"key":"?beneficiaryFullName","val":"David F. Meister"}]}]},{"query":"?- ?v:AE#VATravelVoucher, ?v[AE#hasVoucherBeneficiary->?b], ?b[AE#hasName->?cn], ?cn[AE#hasFirstName->?beneficiaryFirstName].","resultList":[{"result":[{"key":"?v","val":"VO_b301acce_7722_48e0_80f5_abd641678ac4_1503943162565_0"},{"key":"?b","val":"VO_b301acce_7722_48e0_80f5_abd641678ac4_1503943162565_11"},{"key":"?cn","val":"NO_8c8b1e38_0831_4f50_a4a6_675dd9c7d2ba_1503943167975_0"},{"key":"?beneficiaryFirstName","val":"david"}]}]},{"query":"?- ?v:AE#VATravelVoucher, ?v[AE#hasVoucherBeneficiary->?b], ?b[AE#hasName->?cn], ?cn[AE#hasLastName->?beneficiaryLastName].","resultList":[{"result":[{"key":"?v","val":"VO_b301acce_7722_48e0_80f5_abd641678ac4_1503943162565_0"},{"key":"?b","val":"VO_b301acce_7722_48e0_80f5_abd641678ac4_1503943162565_11"},{"key":"?cn","val":"NO_8c8b1e38_0831_4f50_a4a6_675dd9c7d2ba_1503943167975_0"},{"key":"?beneficiaryLastName","val":"meister"}]}]},{"query":"?- ?v:AE#VATravelVoucher, ?v[AE#hasVoucherBeneficiary->?b], ?b[AE#hasSocialSecurityNumber->?s], ?s[label->?beneficiarySsn].","resultList":[{"result":[{"key":"?v","val":"VO_b301acce_7722_48e0_80f5_abd641678ac4_1503943162565_0"},{"key":"?b","val":"VO_b301acce_7722_48e0_80f5_abd641678ac4_1503943162565_11"},{"key":"?s","val":"VO_b301acce_7722_48e0_80f5_abd641678ac4_1503943162565_9"},{"key":"?beneficiarySsn","val":"470-51-5576"}]}]},{"query":"?- ?v:AE#VATravelVoucher, ?v[AE#hasVoucherBeneficiary->?b], ?b[AE#hasLiens->?beneficiaryHasLiens].","resultList":[{"result":[{"key":"?v","val":"VO_b301acce_7722_48e0_80f5_abd641678ac4_1503943162565_0"},{"key":"?b","val":"VO_b301acce_7722_48e0_80f5_abd641678ac4_1503943162565_11"},{"key":"?beneficiaryHasLiens","val":"AE#UnknownLienReport"}]}]},{"query":"?- ?v:AE#VATravelVoucher, ?v[AE#hasVoucherBeneficiary->?b], ?b[AE#hasDeclaredBankruptcy->?beneficiaryHasDeclaredBankruptcy].","resultList":[{"result":[{"key":"?v","val":"VO_b301acce_7722_48e0_80f5_abd641678ac4_1503943162565_0"},{"key":"?b","val":"VO_b301acce_7722_48e0_80f5_abd641678ac4_1503943162565_11"},{"key":"?beneficiaryHasDeclaredBankruptcy","val":"AE#NoBankruptcyReport"}]}]},{"query":"?- ?v:AE#VATravelVoucher, ?v[AE#hasVoucherBeneficiary->?b], ?b[AE#hasArrestRecord->?beneficiaryHasArrestRecord].","resultList":[{"result":[{"key":"?v","val":"VO_b301acce_7722_48e0_80f5_abd641678ac4_1503943162565_0"},{"key":"?b","val":"VO_b301acce_7722_48e0_80f5_abd641678ac4_1503943162565_11"},{"key":"?beneficiaryHasArrestRecord","val":"AE#NoArrestRecord"}]}]},{"query":"?- ?v:AE#VATravelVoucher, ?v[AE#hasVoucherBeneficiary->?b], ?b[AE#hasCriminalRecord->?beneficiaryHasCriminalRecord].","resultList":[{"result":[{"key":"?v","val":"VO_b301acce_7722_48e0_80f5_abd641678ac4_1503943162565_0"},{"key":"?b","val":"VO_b301acce_7722_48e0_80f5_abd641678ac4_1503943162565_11"},{"key":"?beneficiaryHasCriminalRecord","val":"AE#NoCriminalRecord"}]}]},{"query":"?- ?t:AE#Travelling, ?t[AE#hasPath->?p], ?p[AE#hasDistance->?d], ?d[AE#numericValue->?expectedDistanceValue], ?d[AE#hasUnitOfMeasure->?unitOfDistanceMeasure].","resultList":[{"result":[{"key":"?t","val":"VO_b301acce_7722_48e0_80f5_abd641678ac4_1503943162565_6"},{"key":"?p","val":"ES_ab6d6c71_860e_4d4e_ac5b_8d32145a61e8_1503943189467_4"},{"key":"?d","val":"ES_ab6d6c71_860e_4d4e_ac5b_8d32145a61e8_1503943189467_0"},{"key":"?expectedDistanceValue","val":"8771.6112570495461113750934600830078125"},{"key":"?unitOfDistanceMeasure","val":"meters"}]}]},{"query":"?- ?t:AE#Travelling, ?t[AE#hasPath->?p], ?p[AE#hasExpectedTravelTime->?d], ?d[AE#numericValue->?expectedTimeValue], ?d[AE#hasUnitOfMeasure->?unitOfTimeMeasure].","resultList":[{"result":[{"key":"?t","val":"VO_b301acce_7722_48e0_80f5_abd641678ac4_1503943162565_6"},{"key":"?p","val":"ES_ab6d6c71_860e_4d4e_ac5b_8d32145a61e8_1503943189467_4"},{"key":"?d","val":"ES_ab6d6c71_860e_4d4e_ac5b_8d32145a61e8_1503943189467_2"},{"key":"?expectedTimeValue","val":"9.606476986664347350597381591796875"},{"key":"?unitOfTimeMeasure","val":"minutes"}]}]},{"query":"?- ?t:AE#Travelling, ?t[AE#hasDestination->?d], ?d[label->?destinationFullAddress].","resultList":[{"result":[{"key":"?t","val":"VO_b301acce_7722_48e0_80f5_abd641678ac4_1503943162565_7"},{"key":"?d","val":"VO_b301acce_7722_48e0_80f5_abd641678ac4_1503943162565_8"},{"key":"?destinationFullAddress","val":"2790 Truxton Road, Suite 130, San Diego, CA 92106"}]},{"result":[{"key":"?t","val":"VO_b301acce_7722_48e0_80f5_abd641678ac4_1503943162565_6"},{"key":"?d","val":"VO_b301acce_7722_48e0_80f5_abd641678ac4_1503943162565_5"},{"key":"?destinationFullAddress","val":"59 Strawberry Street San Diego, CA 92117"}]}]},{"query":"?- ?t:AE#Travelling, ?t[AE#hasDestination->?d], ?d[AE#hasStreet->?s], ?s[label->?destinationStreetName], ?d[AE#hasCity->?c], ?c[label->?destinationCity], ?d[AE#hasState->?st], ?st[label->?destinationState], ?d[AE#hasZipcode->?destinationZipCode].","resultList":[{"result":[{"key":"?t","val":"VO_b301acce_7722_48e0_80f5_abd641678ac4_1503943162565_7"},{"key":"?d","val":"VO_b301acce_7722_48e0_80f5_abd641678ac4_1503943162565_8"},{"key":"?s","val":"NO_58235b59_7f4e_4eb1_bda9_d8ce82ae5531_1503943171765_id5"},{"key":"?destinationStreetName","val":"2790 Truxton Road"},{"key":"?c","val":"NO_58235b59_7f4e_4eb1_bda9_d8ce82ae5531_1503943171765_id11"},{"key":"?destinationCity","val":"San Diego"},{"key":"?st","val":"NO_58235b59_7f4e_4eb1_bda9_d8ce82ae5531_1503943171765_id13"},{"key":"?destinationState","val":"CA"},{"key":"?destinationZipCode","val":"92106"}]},{"result":[{"key":"?t","val":"VO_b301acce_7722_48e0_80f5_abd641678ac4_1503943162565_6"},{"key":"?d","val":"VO_b301acce_7722_48e0_80f5_abd641678ac4_1503943162565_5"},{"key":"?s","val":"NO_88c2147f_b2d9_4604_a131_fc9ce10d6cb4_1503943173771_id3"},{"key":"?destinationStreetName","val":"59 Strawberry Street"},{"key":"?c","val":"NO_88c2147f_b2d9_4604_a131_fc9ce10d6cb4_1503943173771_id9"},{"key":"?destinationCity","val":"San Diego"},{"key":"?st","val":"NO_88c2147f_b2d9_4604_a131_fc9ce10d6cb4_1503943173771_id11"},{"key":"?destinationState","val":"CA"},{"key":"?destinationZipCode","val":"92117"}]}]},{"query":"?- ?t:AE#Travelling, ?t[AE#hasOrigin->?d], ?d[label->?originFullAddress].","resultList":[{"result":[{"key":"?t","val":"VO_b301acce_7722_48e0_80f5_abd641678ac4_1503943162565_7"},{"key":"?d","val":"VO_b301acce_7722_48e0_80f5_abd641678ac4_1503943162565_3"},{"key":"?originFullAddress","val":"59 Strawberry Street San Diego, CA 92117"}]},{"result":[{"key":"?t","val":"VO_b301acce_7722_48e0_80f5_abd641678ac4_1503943162565_6"},{"key":"?d","val":"VO_b301acce_7722_48e0_80f5_abd641678ac4_1503943162565_8"},{"key":"?originFullAddress","val":"2790 Truxton Road, Suite 130, San Diego, CA 92106"}]}]},{"query":"?- ?t:AE#Travelling, ?t[AE#hasOrigin->?d], ?d[AE#hasStreet->?s], ?s[label->?originStreetName], ?d[AE#hasCity->?c], ?c[label->?originCity], ?d[AE#hasState->?st], ?st[label->?originState], ?d[AE#hasZipcode->?originZipCode].","resultList":[{"result":[{"key":"?t","val":"VO_b301acce_7722_48e0_80f5_abd641678ac4_1503943162565_7"},{"key":"?d","val":"VO_b301acce_7722_48e0_80f5_abd641678ac4_1503943162565_3"},{"key":"?s","val":"NO_bfc0b939_efa1_4685_aa92_b420baccd1b6_1503943175870_id3"},{"key":"?originStreetName","val":"59 Strawberry Street"},{"key":"?c","val":"NO_bfc0b939_efa1_4685_aa92_b420baccd1b6_1503943175870_id9"},{"key":"?originCity","val":"San Diego"},{"key":"?st","val":"NO_bfc0b939_efa1_4685_aa92_b420baccd1b6_1503943175870_id11"},{"key":"?originState","val":"CA"},{"key":"?originZipCode","val":"92117"}]},{"result":[{"key":"?t","val":"VO_b301acce_7722_48e0_80f5_abd641678ac4_1503943162565_6"},{"key":"?d","val":"VO_b301acce_7722_48e0_80f5_abd641678ac4_1503943162565_8"},{"key":"?s","val":"NO_58235b59_7f4e_4eb1_bda9_d8ce82ae5531_1503943171765_id5"},{"key":"?originStreetName","val":"2790 Truxton Road"},{"key":"?c","val":"NO_58235b59_7f4e_4eb1_bda9_d8ce82ae5531_1503943171765_id11"},{"key":"?originCity","val":"San Diego"},{"key":"?st","val":"NO_58235b59_7f4e_4eb1_bda9_d8ce82ae5531_1503943171765_id13"},{"key":"?originState","val":"CA"},{"key":"?originZipCode","val":"92106"}]}]},{"query":"?- ?t:AE#Travelling, ?t[AE#hasPath->?p], ?p[AE#hasStartRegion->?s], ?s[AE#hasLatitude->?originLatitude], ?s[AE#hasLongitude->?originLongitude].","resultList":[{"result":[{"key":"?t","val":"VO_b301acce_7722_48e0_80f5_abd641678ac4_1503943162565_6"},{"key":"?p","val":"ES_ab6d6c71_860e_4d4e_ac5b_8d32145a61e8_1503943189467_4"},{"key":"?s","val":"ES_ab6d6c71_860e_4d4e_ac5b_8d32145a61e8_1503943189467_3"},{"key":"?originLatitude","val":"32.74051839275188058309140615165233612060546875"},{"key":"?originLongitude","val":"-117.2130215001728856805129908025264739990234375"}]}]},{"query":"?- ?t:AE#Travelling, ?t[AE#hasPath->?p], ?p[AE#hasEndRegion->?e], ?e[AE#hasLatitude->?destinationLatitude], ?e[AE#hasLongitude->?destinationLongitude].","resultList":[{"result":[{"key":"?t","val":"VO_b301acce_7722_48e0_80f5_abd641678ac4_1503943162565_6"},{"key":"?p","val":"ES_ab6d6c71_860e_4d4e_ac5b_8d32145a61e8_1503943189467_4"},{"key":"?e","val":"ES_ab6d6c71_860e_4d4e_ac5b_8d32145a61e8_1503943189467_1"},{"key":"?destinationLatitude","val":"32.79662300000001096123014576733112335205078125"},{"key":"?destinationLongitude","val":"-117.197813600000017686397768557071685791015625"}]}]}]}
