{"dataList":[{"query":"?- ?v:AE#VATravelVoucher, ?v[AE#hasVoucherClaimant->?c], ?c[AE#hasName->?cn], ?cn[label->?claimantFullName].","resultList":[{"result":[{"key":"?v","val":"VO_b46ef554_c88e_4768_8f44_b5f52ae6c8d6_1503941373871_0"},{"key":"?c","val":"VO_b46ef554_c88e_4768_8f44_b5f52ae6c8d6_1503941373871_2"},{"key":"?cn","val":"NO_4a2629e3_521c_4d7d_9a6d_4df6354b5fde_1503941382057_0"},{"key":"?claimantFullName","val":"Charles Donald Dowell"}]},{"result":[{"key":"?v","val":"VO_b46ef554_c88e_4768_8f44_b5f52ae6c8d6_1503941373871_0"},{"key":"?c","val":"VO_b46ef554_c88e_4768_8f44_b5f52ae6c8d6_1503941373871_2"},{"key":"?cn","val":"VO_b46ef554_c88e_4768_8f44_b5f52ae6c8d6_1503941373871_1"},{"key":"?claimantFullName","val":"Charles Donald Dowell"}]}]},{"query":"?- ?v:AE#VATravelVoucher, ?v[AE#hasVoucherClaimant->?c], ?c[AE#hasName->?cn], ?cn[AE#hasFirstName->?claimantFirstName].","resultList":[{"result":[{"key":"?v","val":"VO_b46ef554_c88e_4768_8f44_b5f52ae6c8d6_1503941373871_0"},{"key":"?c","val":"VO_b46ef554_c88e_4768_8f44_b5f52ae6c8d6_1503941373871_2"},{"key":"?cn","val":"NO_4a2629e3_521c_4d7d_9a6d_4df6354b5fde_1503941382057_0"},{"key":"?claimantFirstName","val":"charles"}]}]},{"query":"?- ?v:AE#VATravelVoucher, ?v[AE#hasVoucherClaimant->?c], ?c[AE#hasName->?cn], ?cn[AE#hasLastName->?claimantLastName].","resultList":[{"result":[{"key":"?v","val":"VO_b46ef554_c88e_4768_8f44_b5f52ae6c8d6_1503941373871_0"},{"key":"?c","val":"VO_b46ef554_c88e_4768_8f44_b5f52ae6c8d6_1503941373871_2"},{"key":"?cn","val":"NO_4a2629e3_521c_4d7d_9a6d_4df6354b5fde_1503941382057_0"},{"key":"?claimantLastName","val":"dowell"}]}]},{"query":"?- ?v:AE#VATravelVoucher, ?v[AE#hasVoucherClaimant->?c], ?c[AE#hasSocialSecurityNumber->?s], ?s[label->?claimantSsn].","resultList":[{"result":[{"key":"?v","val":"VO_b46ef554_c88e_4768_8f44_b5f52ae6c8d6_1503941373871_0"},{"key":"?c","val":"VO_b46ef554_c88e_4768_8f44_b5f52ae6c8d6_1503941373871_2"},{"key":"?s","val":"VO_b46ef554_c88e_4768_8f44_b5f52ae6c8d6_1503941373871_12"},{"key":"?claimantSsn","val":"267-53-3574"}]}]},{"query":"?- ?v:AE#VATravelVoucher, ?v[AE#hasVoucherClaimant->?c], ?c[AE#hasLiens->?claimantHasLiens].","resultList":[{"result":[{"key":"?v","val":"VO_b46ef554_c88e_4768_8f44_b5f52ae6c8d6_1503941373871_0"},{"key":"?c","val":"VO_b46ef554_c88e_4768_8f44_b5f52ae6c8d6_1503941373871_2"},{"key":"?claimantHasLiens","val":"AE#NoLienReport"}]}]},{"query":"?- ?v:AE#VATravelVoucher, ?v[AE#hasVoucherClaimant->?c], ?c[AE#hasDeclaredBankruptcy->?claimantHasDeclaredBankruptcy].","resultList":[{"result":[{"key":"?v","val":"VO_b46ef554_c88e_4768_8f44_b5f52ae6c8d6_1503941373871_0"},{"key":"?c","val":"VO_b46ef554_c88e_4768_8f44_b5f52ae6c8d6_1503941373871_2"},{"key":"?claimantHasDeclaredBankruptcy","val":"AE#NoBankruptcyReport"}]}]},{"query":"?- ?v:AE#VATravelVoucher, ?v[AE#hasVoucherClaimant->?c], ?c[AE#hasArrestRecord->?claimantHasArrestRecord].","resultList":[{"result":[{"key":"?v","val":"VO_b46ef554_c88e_4768_8f44_b5f52ae6c8d6_1503941373871_0"},{"key":"?c","val":"VO_b46ef554_c88e_4768_8f44_b5f52ae6c8d6_1503941373871_2"},{"key":"?claimantHasArrestRecord","val":"AE#NoArrestRecord"}]}]},{"query":"?- ?v:AE#VATravelVoucher, ?v[AE#hasVoucherClaimant->?c], ?c[AE#hasCriminalRecord->?claimantHasCriminalRecord].","resultList":[{"result":[{"key":"?v","val":"VO_b46ef554_c88e_4768_8f44_b5f52ae6c8d6_1503941373871_0"},{"key":"?c","val":"VO_b46ef554_c88e_4768_8f44_b5f52ae6c8d6_1503941373871_2"},{"key":"?claimantHasCriminalRecord","val":"AE#NoCriminalRecord"}]}]},{"query":"?- ?v:AE#VATravelVoucher, ?v[AE#hasVoucherBeneficiary->?b], ?b[AE#hasName->?cn], ?cn[label->?beneficiaryFullName].","resultList":[{"result":[{"key":"?v","val":"VO_b46ef554_c88e_4768_8f44_b5f52ae6c8d6_1503941373871_0"},{"key":"?b","val":"VO_b46ef554_c88e_4768_8f44_b5f52ae6c8d6_1503941373871_11"},{"key":"?cn","val":"VO_b46ef554_c88e_4768_8f44_b5f52ae6c8d6_1503941373871_10"},{"key":"?beneficiaryFullName","val":"Charles Donald Dowell"}]},{"result":[{"key":"?v","val":"VO_b46ef554_c88e_4768_8f44_b5f52ae6c8d6_1503941373871_0"},{"key":"?b","val":"VO_b46ef554_c88e_4768_8f44_b5f52ae6c8d6_1503941373871_11"},{"key":"?cn","val":"NO_ade6b0be_bb3d_4f9e_93df_bc8882275662_1503941379755_0"},{"key":"?beneficiaryFullName","val":"Charles Donald Dowell"}]}]},{"query":"?- ?v:AE#VATravelVoucher, ?v[AE#hasVoucherBeneficiary->?b], ?b[AE#hasName->?cn], ?cn[AE#hasFirstName->?beneficiaryFirstName].","resultList":[{"result":[{"key":"?v","val":"VO_b46ef554_c88e_4768_8f44_b5f52ae6c8d6_1503941373871_0"},{"key":"?b","val":"VO_b46ef554_c88e_4768_8f44_b5f52ae6c8d6_1503941373871_11"},{"key":"?cn","val":"NO_ade6b0be_bb3d_4f9e_93df_bc8882275662_1503941379755_0"},{"key":"?beneficiaryFirstName","val":"charles"}]}]},{"query":"?- ?v:AE#VATravelVoucher, ?v[AE#hasVoucherBeneficiary->?b], ?b[AE#hasName->?cn], ?cn[AE#hasLastName->?beneficiaryLastName].","resultList":[{"result":[{"key":"?v","val":"VO_b46ef554_c88e_4768_8f44_b5f52ae6c8d6_1503941373871_0"},{"key":"?b","val":"VO_b46ef554_c88e_4768_8f44_b5f52ae6c8d6_1503941373871_11"},{"key":"?cn","val":"NO_ade6b0be_bb3d_4f9e_93df_bc8882275662_1503941379755_0"},{"key":"?beneficiaryLastName","val":"dowell"}]}]},{"query":"?- ?v:AE#VATravelVoucher, ?v[AE#hasVoucherBeneficiary->?b], ?b[AE#hasSocialSecurityNumber->?s], ?s[label->?beneficiarySsn].","resultList":[{"result":[{"key":"?v","val":"VO_b46ef554_c88e_4768_8f44_b5f52ae6c8d6_1503941373871_0"},{"key":"?b","val":"VO_b46ef554_c88e_4768_8f44_b5f52ae6c8d6_1503941373871_11"},{"key":"?s","val":"VO_b46ef554_c88e_4768_8f44_b5f52ae6c8d6_1503941373871_9"},{"key":"?beneficiarySsn","val":"267-53-3574"}]}]},{"query":"?- ?v:AE#VATravelVoucher, ?v[AE#hasVoucherBeneficiary->?b], ?b[AE#hasLiens->?beneficiaryHasLiens].","resultList":[{"result":[{"key":"?v","val":"VO_b46ef554_c88e_4768_8f44_b5f52ae6c8d6_1503941373871_0"},{"key":"?b","val":"VO_b46ef554_c88e_4768_8f44_b5f52ae6c8d6_1503941373871_11"},{"key":"?beneficiaryHasLiens","val":"AE#NoLienReport"}]}]},{"query":"?- ?v:AE#VATravelVoucher, ?v[AE#hasVoucherBeneficiary->?b], ?b[AE#hasDeclaredBankruptcy->?beneficiaryHasDeclaredBankruptcy].","resultList":[{"result":[{"key":"?v","val":"VO_b46ef554_c88e_4768_8f44_b5f52ae6c8d6_1503941373871_0"},{"key":"?b","val":"VO_b46ef554_c88e_4768_8f44_b5f52ae6c8d6_1503941373871_11"},{"key":"?beneficiaryHasDeclaredBankruptcy","val":"AE#NoBankruptcyReport"}]}]},{"query":"?- ?v:AE#VATravelVoucher, ?v[AE#hasVoucherBeneficiary->?b], ?b[AE#hasArrestRecord->?beneficiaryHasArrestRecord].","resultList":[{"result":[{"key":"?v","val":"VO_b46ef554_c88e_4768_8f44_b5f52ae6c8d6_1503941373871_0"},{"key":"?b","val":"VO_b46ef554_c88e_4768_8f44_b5f52ae6c8d6_1503941373871_11"},{"key":"?beneficiaryHasArrestRecord","val":"AE#NoArrestRecord"}]}]},{"query":"?- ?v:AE#VATravelVoucher, ?v[AE#hasVoucherBeneficiary->?b], ?b[AE#hasCriminalRecord->?beneficiaryHasCriminalRecord].","resultList":[{"result":[{"key":"?v","val":"VO_b46ef554_c88e_4768_8f44_b5f52ae6c8d6_1503941373871_0"},{"key":"?b","val":"VO_b46ef554_c88e_4768_8f44_b5f52ae6c8d6_1503941373871_11"},{"key":"?beneficiaryHasCriminalRecord","val":"AE#NoCriminalRecord"}]}]},{"query":"?- ?t:AE#Travelling, ?t[AE#hasPath->?p], ?p[AE#hasDistance->?d], ?d[AE#numericValue->?expectedDistanceValue], ?d[AE#hasUnitOfMeasure->?unitOfDistanceMeasure].","resultList":[{"result":[{"key":"?t","val":"VO_b46ef554_c88e_4768_8f44_b5f52ae6c8d6_1503941373871_6"},{"key":"?p","val":"ES_558a39b8_cea2_4efe_b97d_f9b3bdb1c446_1503941402853_4"},{"key":"?d","val":"ES_558a39b8_cea2_4efe_b97d_f9b3bdb1c446_1503941402853_0"},{"key":"?expectedDistanceValue","val":"21027.64183354800115921534597873687744140625"},{"key":"?unitOfDistanceMeasure","val":"meters"}]}]},{"query":"?- ?t:AE#Travelling, ?t[AE#hasPath->?p], ?p[AE#hasExpectedTravelTime->?d], ?d[AE#numericValue->?expectedTimeValue], ?d[AE#hasUnitOfMeasure->?unitOfTimeMeasure].","resultList":[{"result":[{"key":"?t","val":"VO_b46ef554_c88e_4768_8f44_b5f52ae6c8d6_1503941373871_6"},{"key":"?p","val":"ES_558a39b8_cea2_4efe_b97d_f9b3bdb1c446_1503941402853_4"},{"key":"?d","val":"ES_558a39b8_cea2_4efe_b97d_f9b3bdb1c446_1503941402853_2"},{"key":"?expectedTimeValue","val":"17.59419730980880558490753173828125"},{"key":"?unitOfTimeMeasure","val":"minutes"}]}]},{"query":"?- ?t:AE#Travelling, ?t[AE#hasDestination->?d], ?d[label->?destinationFullAddress].","resultList":[{"result":[{"key":"?t","val":"VO_b46ef554_c88e_4768_8f44_b5f52ae6c8d6_1503941373871_7"},{"key":"?d","val":"VO_b46ef554_c88e_4768_8f44_b5f52ae6c8d6_1503941373871_8"},{"key":"?destinationFullAddress","val":"2790 Truxton Road, Suite 130, San Diego, CA 92106"}]},{"result":[{"key":"?t","val":"VO_b46ef554_c88e_4768_8f44_b5f52ae6c8d6_1503941373871_6"},{"key":"?d","val":"VO_b46ef554_c88e_4768_8f44_b5f52ae6c8d6_1503941373871_5"},{"key":"?destinationFullAddress","val":"6267 Calle Pavana San Diego, CA 92139"}]}]},{"query":"?- ?t:AE#Travelling, ?t[AE#hasDestination->?d], ?d[AE#hasStreet->?s], ?s[label->?destinationStreetName], ?d[AE#hasCity->?c], ?c[label->?destinationCity], ?d[AE#hasState->?st], ?st[label->?destinationState], ?d[AE#hasZipcode->?destinationZipCode].","resultList":[{"result":[{"key":"?t","val":"VO_b46ef554_c88e_4768_8f44_b5f52ae6c8d6_1503941373871_7"},{"key":"?d","val":"VO_b46ef554_c88e_4768_8f44_b5f52ae6c8d6_1503941373871_8"},{"key":"?s","val":"NO_8ce43a67_88c0_4c95_926c_0be652226955_1503941384220_id5"},{"key":"?destinationStreetName","val":"2790 Truxton Road"},{"key":"?c","val":"NO_8ce43a67_88c0_4c95_926c_0be652226955_1503941384220_id11"},{"key":"?destinationCity","val":"San Diego"},{"key":"?st","val":"NO_8ce43a67_88c0_4c95_926c_0be652226955_1503941384220_id13"},{"key":"?destinationState","val":"CA"},{"key":"?destinationZipCode","val":"92106"}]}]},{"query":"?- ?t:AE#Travelling, ?t[AE#hasOrigin->?d], ?d[label->?originFullAddress].","resultList":[{"result":[{"key":"?t","val":"VO_b46ef554_c88e_4768_8f44_b5f52ae6c8d6_1503941373871_7"},{"key":"?d","val":"VO_b46ef554_c88e_4768_8f44_b5f52ae6c8d6_1503941373871_3"},{"key":"?originFullAddress","val":"6267 Calle Pavana San Diego, CA 92139"}]},{"result":[{"key":"?t","val":"VO_b46ef554_c88e_4768_8f44_b5f52ae6c8d6_1503941373871_6"},{"key":"?d","val":"VO_b46ef554_c88e_4768_8f44_b5f52ae6c8d6_1503941373871_8"},{"key":"?originFullAddress","val":"2790 Truxton Road, Suite 130, San Diego, CA 92106"}]}]},{"query":"?- ?t:AE#Travelling, ?t[AE#hasOrigin->?d], ?d[AE#hasStreet->?s], ?s[label->?originStreetName], ?d[AE#hasCity->?c], ?c[label->?originCity], ?d[AE#hasState->?st], ?st[label->?originState], ?d[AE#hasZipcode->?originZipCode].","resultList":[{"result":[{"key":"?t","val":"VO_b46ef554_c88e_4768_8f44_b5f52ae6c8d6_1503941373871_6"},{"key":"?d","val":"VO_b46ef554_c88e_4768_8f44_b5f52ae6c8d6_1503941373871_8"},{"key":"?s","val":"NO_8ce43a67_88c0_4c95_926c_0be652226955_1503941384220_id5"},{"key":"?originStreetName","val":"2790 Truxton Road"},{"key":"?c","val":"NO_8ce43a67_88c0_4c95_926c_0be652226955_1503941384220_id11"},{"key":"?originCity","val":"San Diego"},{"key":"?st","val":"NO_8ce43a67_88c0_4c95_926c_0be652226955_1503941384220_id13"},{"key":"?originState","val":"CA"},{"key":"?originZipCode","val":"92106"}]}]},{"query":"?- ?t:AE#Travelling, ?t[AE#hasPath->?p], ?p[AE#hasStartRegion->?s], ?s[AE#hasLatitude->?originLatitude], ?s[AE#hasLongitude->?originLongitude].","resultList":[{"result":[{"key":"?t","val":"VO_b46ef554_c88e_4768_8f44_b5f52ae6c8d6_1503941373871_6"},{"key":"?p","val":"ES_558a39b8_cea2_4efe_b97d_f9b3bdb1c446_1503941402853_4"},{"key":"?s","val":"ES_558a39b8_cea2_4efe_b97d_f9b3bdb1c446_1503941402853_3"},{"key":"?originLatitude","val":"32.74051839275188058309140615165233612060546875"},{"key":"?originLongitude","val":"-117.2130215001728856805129908025264739990234375"}]}]},{"query":"?- ?t:AE#Travelling, ?t[AE#hasPath->?p], ?p[AE#hasEndRegion->?e], ?e[AE#hasLatitude->?destinationLatitude], ?e[AE#hasLongitude->?destinationLongitude].","resultList":[{"result":[{"key":"?t","val":"VO_b46ef554_c88e_4768_8f44_b5f52ae6c8d6_1503941373871_6"},{"key":"?p","val":"ES_558a39b8_cea2_4efe_b97d_f9b3bdb1c446_1503941402853_4"},{"key":"?e","val":"ES_558a39b8_cea2_4efe_b97d_f9b3bdb1c446_1503941402853_1"},{"key":"?destinationLatitude","val":"32.67924776796129293643389246426522731781005859375"},{"key":"?destinationLongitude","val":"-117.0553561147499550543216173537075519561767578125"}]}]}]}
