{"dataList":[{"query":"?- ?v:AE#VATravelVoucher, ?v[AE#hasVoucherClaimant->?c], ?c[AE#hasName->?cn], ?cn[label->?claimantFullName].","resultList":[{"result":[{"key":"?v","val":"VO_c4ef8767_a44a_44f9_9490_fd333624b462_1503941279292_0"},{"key":"?c","val":"VO_c4ef8767_a44a_44f9_9490_fd333624b462_1503941279292_2"},{"key":"?cn","val":"NO_be254bae_b889_4cf8_ae1d_8be7abf7f7bf_1503941287210_0"},{"key":"?claimantFullName","val":"Gillian Cortney Marno"}]},{"result":[{"key":"?v","val":"VO_c4ef8767_a44a_44f9_9490_fd333624b462_1503941279292_0"},{"key":"?c","val":"VO_c4ef8767_a44a_44f9_9490_fd333624b462_1503941279292_2"},{"key":"?cn","val":"VO_c4ef8767_a44a_44f9_9490_fd333624b462_1503941279292_1"},{"key":"?claimantFullName","val":"Gillian Cortney Marno"}]}]},{"query":"?- ?v:AE#VATravelVoucher, ?v[AE#hasVoucherClaimant->?c], ?c[AE#hasName->?cn], ?cn[AE#hasFirstName->?claimantFirstName].","resultList":[{"result":[{"key":"?v","val":"VO_c4ef8767_a44a_44f9_9490_fd333624b462_1503941279292_0"},{"key":"?c","val":"VO_c4ef8767_a44a_44f9_9490_fd333624b462_1503941279292_2"},{"key":"?cn","val":"NO_be254bae_b889_4cf8_ae1d_8be7abf7f7bf_1503941287210_0"},{"key":"?claimantFirstName","val":"gillian"}]}]},{"query":"?- ?v:AE#VATravelVoucher, ?v[AE#hasVoucherClaimant->?c], ?c[AE#hasName->?cn], ?cn[AE#hasLastName->?claimantLastName].","resultList":[{"result":[{"key":"?v","val":"VO_c4ef8767_a44a_44f9_9490_fd333624b462_1503941279292_0"},{"key":"?c","val":"VO_c4ef8767_a44a_44f9_9490_fd333624b462_1503941279292_2"},{"key":"?cn","val":"NO_be254bae_b889_4cf8_ae1d_8be7abf7f7bf_1503941287210_0"},{"key":"?claimantLastName","val":"marno"}]}]},{"query":"?- ?v:AE#VATravelVoucher, ?v[AE#hasVoucherClaimant->?c], ?c[AE#hasSocialSecurityNumber->?s], ?s[label->?claimantSsn].","resultList":[{"result":[{"key":"?v","val":"VO_c4ef8767_a44a_44f9_9490_fd333624b462_1503941279292_0"},{"key":"?c","val":"VO_c4ef8767_a44a_44f9_9490_fd333624b462_1503941279292_2"},{"key":"?s","val":"VO_c4ef8767_a44a_44f9_9490_fd333624b462_1503941279292_12"},{"key":"?claimantSsn","val":"366-94-1330"}]}]},{"query":"?- ?v:AE#VATravelVoucher, ?v[AE#hasVoucherClaimant->?c], ?c[AE#hasLiens->?claimantHasLiens].","resultList":[{"result":[{"key":"?v","val":"VO_c4ef8767_a44a_44f9_9490_fd333624b462_1503941279292_0"},{"key":"?c","val":"VO_c4ef8767_a44a_44f9_9490_fd333624b462_1503941279292_2"},{"key":"?claimantHasLiens","val":"AE#NoLienReport"}]}]},{"query":"?- ?v:AE#VATravelVoucher, ?v[AE#hasVoucherClaimant->?c], ?c[AE#hasDeclaredBankruptcy->?claimantHasDeclaredBankruptcy].","resultList":[{"result":[{"key":"?v","val":"VO_c4ef8767_a44a_44f9_9490_fd333624b462_1503941279292_0"},{"key":"?c","val":"VO_c4ef8767_a44a_44f9_9490_fd333624b462_1503941279292_2"},{"key":"?claimantHasDeclaredBankruptcy","val":"AE#NoBankruptcyReport"}]}]},{"query":"?- ?v:AE#VATravelVoucher, ?v[AE#hasVoucherClaimant->?c], ?c[AE#hasArrestRecord->?claimantHasArrestRecord].","resultList":[{"result":[{"key":"?v","val":"VO_c4ef8767_a44a_44f9_9490_fd333624b462_1503941279292_0"},{"key":"?c","val":"VO_c4ef8767_a44a_44f9_9490_fd333624b462_1503941279292_2"},{"key":"?claimantHasArrestRecord","val":"AE#NoArrestRecord"}]}]},{"query":"?- ?v:AE#VATravelVoucher, ?v[AE#hasVoucherClaimant->?c], ?c[AE#hasCriminalRecord->?claimantHasCriminalRecord].","resultList":[{"result":[{"key":"?v","val":"VO_c4ef8767_a44a_44f9_9490_fd333624b462_1503941279292_0"},{"key":"?c","val":"VO_c4ef8767_a44a_44f9_9490_fd333624b462_1503941279292_2"},{"key":"?claimantHasCriminalRecord","val":"AE#NoCriminalRecord"}]}]},{"query":"?- ?v:AE#VATravelVoucher, ?v[AE#hasVoucherBeneficiary->?b], ?b[AE#hasName->?cn], ?cn[label->?beneficiaryFullName].","resultList":[{"result":[{"key":"?v","val":"VO_c4ef8767_a44a_44f9_9490_fd333624b462_1503941279292_0"},{"key":"?b","val":"VO_c4ef8767_a44a_44f9_9490_fd333624b462_1503941279292_11"},{"key":"?cn","val":"VO_c4ef8767_a44a_44f9_9490_fd333624b462_1503941279292_10"},{"key":"?beneficiaryFullName","val":"Phillip D. Walton"}]},{"result":[{"key":"?v","val":"VO_c4ef8767_a44a_44f9_9490_fd333624b462_1503941279292_0"},{"key":"?b","val":"VO_c4ef8767_a44a_44f9_9490_fd333624b462_1503941279292_11"},{"key":"?cn","val":"NO_a04e78a8_2482_48bd_9f2d_51ec981da9e5_1503941285227_0"},{"key":"?beneficiaryFullName","val":"Phillip D. Walton"}]}]},{"query":"?- ?v:AE#VATravelVoucher, ?v[AE#hasVoucherBeneficiary->?b], ?b[AE#hasName->?cn], ?cn[AE#hasFirstName->?beneficiaryFirstName].","resultList":[{"result":[{"key":"?v","val":"VO_c4ef8767_a44a_44f9_9490_fd333624b462_1503941279292_0"},{"key":"?b","val":"VO_c4ef8767_a44a_44f9_9490_fd333624b462_1503941279292_11"},{"key":"?cn","val":"NO_a04e78a8_2482_48bd_9f2d_51ec981da9e5_1503941285227_0"},{"key":"?beneficiaryFirstName","val":"phillip"}]}]},{"query":"?- ?v:AE#VATravelVoucher, ?v[AE#hasVoucherBeneficiary->?b], ?b[AE#hasName->?cn], ?cn[AE#hasLastName->?beneficiaryLastName].","resultList":[{"result":[{"key":"?v","val":"VO_c4ef8767_a44a_44f9_9490_fd333624b462_1503941279292_0"},{"key":"?b","val":"VO_c4ef8767_a44a_44f9_9490_fd333624b462_1503941279292_11"},{"key":"?cn","val":"NO_a04e78a8_2482_48bd_9f2d_51ec981da9e5_1503941285227_0"},{"key":"?beneficiaryLastName","val":"walton"}]}]},{"query":"?- ?v:AE#VATravelVoucher, ?v[AE#hasVoucherBeneficiary->?b], ?b[AE#hasSocialSecurityNumber->?s], ?s[label->?beneficiarySsn].","resultList":[{"result":[{"key":"?v","val":"VO_c4ef8767_a44a_44f9_9490_fd333624b462_1503941279292_0"},{"key":"?b","val":"VO_c4ef8767_a44a_44f9_9490_fd333624b462_1503941279292_11"},{"key":"?s","val":"VO_c4ef8767_a44a_44f9_9490_fd333624b462_1503941279292_9"},{"key":"?beneficiarySsn","val":"477-71-5418"}]}]},{"query":"?- ?v:AE#VATravelVoucher, ?v[AE#hasVoucherBeneficiary->?b], ?b[AE#hasLiens->?beneficiaryHasLiens].","resultList":[{"result":[{"key":"?v","val":"VO_c4ef8767_a44a_44f9_9490_fd333624b462_1503941279292_0"},{"key":"?b","val":"VO_c4ef8767_a44a_44f9_9490_fd333624b462_1503941279292_11"},{"key":"?beneficiaryHasLiens","val":"AE#NoLienReport"}]}]},{"query":"?- ?v:AE#VATravelVoucher, ?v[AE#hasVoucherBeneficiary->?b], ?b[AE#hasDeclaredBankruptcy->?beneficiaryHasDeclaredBankruptcy].","resultList":[{"result":[{"key":"?v","val":"VO_c4ef8767_a44a_44f9_9490_fd333624b462_1503941279292_0"},{"key":"?b","val":"VO_c4ef8767_a44a_44f9_9490_fd333624b462_1503941279292_11"},{"key":"?beneficiaryHasDeclaredBankruptcy","val":"AE#NoBankruptcyReport"}]}]},{"query":"?- ?v:AE#VATravelVoucher, ?v[AE#hasVoucherBeneficiary->?b], ?b[AE#hasArrestRecord->?beneficiaryHasArrestRecord].","resultList":[{"result":[{"key":"?v","val":"VO_c4ef8767_a44a_44f9_9490_fd333624b462_1503941279292_0"},{"key":"?b","val":"VO_c4ef8767_a44a_44f9_9490_fd333624b462_1503941279292_11"},{"key":"?beneficiaryHasArrestRecord","val":"AE#NoArrestRecord"}]}]},{"query":"?- ?v:AE#VATravelVoucher, ?v[AE#hasVoucherBeneficiary->?b], ?b[AE#hasCriminalRecord->?beneficiaryHasCriminalRecord].","resultList":[{"result":[{"key":"?v","val":"VO_c4ef8767_a44a_44f9_9490_fd333624b462_1503941279292_0"},{"key":"?b","val":"VO_c4ef8767_a44a_44f9_9490_fd333624b462_1503941279292_11"},{"key":"?beneficiaryHasCriminalRecord","val":"AE#NoCriminalRecord"}]}]},{"query":"?- ?t:AE#Travelling, ?t[AE#hasPath->?p], ?p[AE#hasDistance->?d], ?d[AE#numericValue->?expectedDistanceValue], ?d[AE#hasUnitOfMeasure->?unitOfDistanceMeasure].","resultList":[{"result":[{"key":"?t","val":"VO_c4ef8767_a44a_44f9_9490_fd333624b462_1503941279292_6"},{"key":"?p","val":"ES_e096cbe8_6aeb_49fe_8ab1_705ca382be5d_1503941308294_4"},{"key":"?d","val":"ES_e096cbe8_6aeb_49fe_8ab1_705ca382be5d_1503941308294_0"},{"key":"?expectedDistanceValue","val":"30811.1748737015805090777575969696044921875"},{"key":"?unitOfDistanceMeasure","val":"meters"}]}]},{"query":"?- ?t:AE#Travelling, ?t[AE#hasPath->?p], ?p[AE#hasExpectedTravelTime->?d], ?d[AE#numericValue->?expectedTimeValue], ?d[AE#hasUnitOfMeasure->?unitOfTimeMeasure].","resultList":[{"result":[{"key":"?t","val":"VO_c4ef8767_a44a_44f9_9490_fd333624b462_1503941279292_6"},{"key":"?p","val":"ES_e096cbe8_6aeb_49fe_8ab1_705ca382be5d_1503941308294_4"},{"key":"?d","val":"ES_e096cbe8_6aeb_49fe_8ab1_705ca382be5d_1503941308294_2"},{"key":"?expectedTimeValue","val":"19.214301830506883561611175537109375"},{"key":"?unitOfTimeMeasure","val":"minutes"}]}]},{"query":"?- ?t:AE#Travelling, ?t[AE#hasDestination->?d], ?d[label->?destinationFullAddress].","resultList":[{"result":[{"key":"?t","val":"VO_c4ef8767_a44a_44f9_9490_fd333624b462_1503941279292_7"},{"key":"?d","val":"VO_c4ef8767_a44a_44f9_9490_fd333624b462_1503941279292_8"},{"key":"?destinationFullAddress","val":"2790 Truxton Road, Suite 130, San Diego, CA 92106"}]},{"result":[{"key":"?t","val":"VO_c4ef8767_a44a_44f9_9490_fd333624b462_1503941279292_6"},{"key":"?d","val":"VO_c4ef8767_a44a_44f9_9490_fd333624b462_1503941279292_5"},{"key":"?destinationFullAddress","val":"89 Olive Drive San Diego, CA 92173"}]}]},{"query":"?- ?t:AE#Travelling, ?t[AE#hasDestination->?d], ?d[AE#hasStreet->?s], ?s[label->?destinationStreetName], ?d[AE#hasCity->?c], ?c[label->?destinationCity], ?d[AE#hasState->?st], ?st[label->?destinationState], ?d[AE#hasZipcode->?destinationZipCode].","resultList":[{"result":[{"key":"?t","val":"VO_c4ef8767_a44a_44f9_9490_fd333624b462_1503941279292_7"},{"key":"?d","val":"VO_c4ef8767_a44a_44f9_9490_fd333624b462_1503941279292_8"},{"key":"?s","val":"NO_b262ced1_a662_47c5_8f57_0649de7bbd7e_1503941289334_id5"},{"key":"?destinationStreetName","val":"2790 Truxton Road"},{"key":"?c","val":"NO_b262ced1_a662_47c5_8f57_0649de7bbd7e_1503941289334_id11"},{"key":"?destinationCity","val":"San Diego"},{"key":"?st","val":"NO_b262ced1_a662_47c5_8f57_0649de7bbd7e_1503941289334_id13"},{"key":"?destinationState","val":"CA"},{"key":"?destinationZipCode","val":"92106"}]},{"result":[{"key":"?t","val":"VO_c4ef8767_a44a_44f9_9490_fd333624b462_1503941279292_6"},{"key":"?d","val":"VO_c4ef8767_a44a_44f9_9490_fd333624b462_1503941279292_5"},{"key":"?s","val":"NO_9b05c4c8_e42a_4c9b_a18f_e8eb55270974_1503941291412_id3"},{"key":"?destinationStreetName","val":"89 Olive Drive"},{"key":"?c","val":"NO_9b05c4c8_e42a_4c9b_a18f_e8eb55270974_1503941291412_id9"},{"key":"?destinationCity","val":"San Diego"},{"key":"?st","val":"NO_9b05c4c8_e42a_4c9b_a18f_e8eb55270974_1503941291412_id11"},{"key":"?destinationState","val":"CA"},{"key":"?destinationZipCode","val":"92173"}]}]},{"query":"?- ?t:AE#Travelling, ?t[AE#hasOrigin->?d], ?d[label->?originFullAddress].","resultList":[{"result":[{"key":"?t","val":"VO_c4ef8767_a44a_44f9_9490_fd333624b462_1503941279292_7"},{"key":"?d","val":"VO_c4ef8767_a44a_44f9_9490_fd333624b462_1503941279292_3"},{"key":"?originFullAddress","val":"278 Mountainview Drive San Diego, CA 92126"}]},{"result":[{"key":"?t","val":"VO_c4ef8767_a44a_44f9_9490_fd333624b462_1503941279292_6"},{"key":"?d","val":"VO_c4ef8767_a44a_44f9_9490_fd333624b462_1503941279292_8"},{"key":"?originFullAddress","val":"2790 Truxton Road, Suite 130, San Diego, CA 92106"}]}]},{"query":"?- ?t:AE#Travelling, ?t[AE#hasOrigin->?d], ?d[AE#hasStreet->?s], ?s[label->?originStreetName], ?d[AE#hasCity->?c], ?c[label->?originCity], ?d[AE#hasState->?st], ?st[label->?originState], ?d[AE#hasZipcode->?originZipCode].","resultList":[{"result":[{"key":"?t","val":"VO_c4ef8767_a44a_44f9_9490_fd333624b462_1503941279292_7"},{"key":"?d","val":"VO_c4ef8767_a44a_44f9_9490_fd333624b462_1503941279292_3"},{"key":"?s","val":"NO_8b645b21_0b3d_43fd_8a3a_41c020462a38_1503941293698_id3"},{"key":"?originStreetName","val":"278 Mountainview Drive"},{"key":"?c","val":"NO_8b645b21_0b3d_43fd_8a3a_41c020462a38_1503941293698_id9"},{"key":"?originCity","val":"San Diego"},{"key":"?st","val":"NO_8b645b21_0b3d_43fd_8a3a_41c020462a38_1503941293698_id11"},{"key":"?originState","val":"CA"},{"key":"?originZipCode","val":"92126"}]},{"result":[{"key":"?t","val":"VO_c4ef8767_a44a_44f9_9490_fd333624b462_1503941279292_6"},{"key":"?d","val":"VO_c4ef8767_a44a_44f9_9490_fd333624b462_1503941279292_8"},{"key":"?s","val":"NO_b262ced1_a662_47c5_8f57_0649de7bbd7e_1503941289334_id5"},{"key":"?originStreetName","val":"2790 Truxton Road"},{"key":"?c","val":"NO_b262ced1_a662_47c5_8f57_0649de7bbd7e_1503941289334_id11"},{"key":"?originCity","val":"San Diego"},{"key":"?st","val":"NO_b262ced1_a662_47c5_8f57_0649de7bbd7e_1503941289334_id13"},{"key":"?originState","val":"CA"},{"key":"?originZipCode","val":"92106"}]}]},{"query":"?- ?t:AE#Travelling, ?t[AE#hasPath->?p], ?p[AE#hasStartRegion->?s], ?s[AE#hasLatitude->?originLatitude], ?s[AE#hasLongitude->?originLongitude].","resultList":[{"result":[{"key":"?t","val":"VO_c4ef8767_a44a_44f9_9490_fd333624b462_1503941279292_6"},{"key":"?p","val":"ES_e096cbe8_6aeb_49fe_8ab1_705ca382be5d_1503941308294_4"},{"key":"?s","val":"ES_e096cbe8_6aeb_49fe_8ab1_705ca382be5d_1503941308294_3"},{"key":"?originLatitude","val":"32.74051839275188058309140615165233612060546875"},{"key":"?originLongitude","val":"-117.2130215001728856805129908025264739990234375"}]}]},{"query":"?- ?t:AE#Travelling, ?t[AE#hasPath->?p], ?p[AE#hasEndRegion->?e], ?e[AE#hasLatitude->?destinationLatitude], ?e[AE#hasLongitude->?destinationLongitude].","resultList":[{"result":[{"key":"?t","val":"VO_c4ef8767_a44a_44f9_9490_fd333624b462_1503941279292_6"},{"key":"?p","val":"ES_e096cbe8_6aeb_49fe_8ab1_705ca382be5d_1503941308294_4"},{"key":"?e","val":"ES_e096cbe8_6aeb_49fe_8ab1_705ca382be5d_1503941308294_1"},{"key":"?destinationLatitude","val":"32.552667481003709326614625751972198486328125"},{"key":"?destinationLongitude","val":"-117.0429418860222341436383430846035480499267578125"}]}]}]}
