{"dataList":[{"query":"?- ?v:AE#VATravelVoucher, ?v[AE#hasVoucherClaimant->?c], ?c[AE#hasName->?cn], ?cn[label->?claimantFullName].","resultList":[{"result":[{"key":"?v","val":"VO_cb1d68fd_a51b_456a_aeed_9db1995f1a72_1503944473397_0"},{"key":"?c","val":"VO_cb1d68fd_a51b_456a_aeed_9db1995f1a72_1503944473397_2"},{"key":"?cn","val":"NO_c37a4a10_5441_40c5_8369_97c2ff4c9a0e_1503944481480_0"},{"key":"?claimantFullName","val":"Louis J. Overend"}]},{"result":[{"key":"?v","val":"VO_cb1d68fd_a51b_456a_aeed_9db1995f1a72_1503944473397_0"},{"key":"?c","val":"VO_cb1d68fd_a51b_456a_aeed_9db1995f1a72_1503944473397_2"},{"key":"?cn","val":"VO_cb1d68fd_a51b_456a_aeed_9db1995f1a72_1503944473397_1"},{"key":"?claimantFullName","val":"Louis J. Overend"}]}]},{"query":"?- ?v:AE#VATravelVoucher, ?v[AE#hasVoucherClaimant->?c], ?c[AE#hasName->?cn], ?cn[AE#hasFirstName->?claimantFirstName].","resultList":[{"result":[{"key":"?v","val":"VO_cb1d68fd_a51b_456a_aeed_9db1995f1a72_1503944473397_0"},{"key":"?c","val":"VO_cb1d68fd_a51b_456a_aeed_9db1995f1a72_1503944473397_2"},{"key":"?cn","val":"NO_c37a4a10_5441_40c5_8369_97c2ff4c9a0e_1503944481480_0"},{"key":"?claimantFirstName","val":"louis"}]}]},{"query":"?- ?v:AE#VATravelVoucher, ?v[AE#hasVoucherClaimant->?c], ?c[AE#hasName->?cn], ?cn[AE#hasLastName->?claimantLastName].","resultList":[{"result":[{"key":"?v","val":"VO_cb1d68fd_a51b_456a_aeed_9db1995f1a72_1503944473397_0"},{"key":"?c","val":"VO_cb1d68fd_a51b_456a_aeed_9db1995f1a72_1503944473397_2"},{"key":"?cn","val":"NO_c37a4a10_5441_40c5_8369_97c2ff4c9a0e_1503944481480_0"},{"key":"?claimantLastName","val":"overend"}]}]},{"query":"?- ?v:AE#VATravelVoucher, ?v[AE#hasVoucherClaimant->?c], ?c[AE#hasSocialSecurityNumber->?s], ?s[label->?claimantSsn].","resultList":[{"result":[{"key":"?v","val":"VO_cb1d68fd_a51b_456a_aeed_9db1995f1a72_1503944473397_0"},{"key":"?c","val":"VO_cb1d68fd_a51b_456a_aeed_9db1995f1a72_1503944473397_2"},{"key":"?s","val":"VO_cb1d68fd_a51b_456a_aeed_9db1995f1a72_1503944473397_12"},{"key":"?claimantSsn","val":"543-78-0139"}]}]},{"query":"?- ?v:AE#VATravelVoucher, ?v[AE#hasVoucherClaimant->?c], ?c[AE#hasLiens->?claimantHasLiens].","resultList":[{"result":[{"key":"?v","val":"VO_cb1d68fd_a51b_456a_aeed_9db1995f1a72_1503944473397_0"},{"key":"?c","val":"VO_cb1d68fd_a51b_456a_aeed_9db1995f1a72_1503944473397_2"},{"key":"?claimantHasLiens","val":"AE#NoLienReport"}]}]},{"query":"?- ?v:AE#VATravelVoucher, ?v[AE#hasVoucherClaimant->?c], ?c[AE#hasDeclaredBankruptcy->?claimantHasDeclaredBankruptcy].","resultList":[{"result":[{"key":"?v","val":"VO_cb1d68fd_a51b_456a_aeed_9db1995f1a72_1503944473397_0"},{"key":"?c","val":"VO_cb1d68fd_a51b_456a_aeed_9db1995f1a72_1503944473397_2"},{"key":"?claimantHasDeclaredBankruptcy","val":"AE#NoBankruptcyReport"}]}]},{"query":"?- ?v:AE#VATravelVoucher, ?v[AE#hasVoucherClaimant->?c], ?c[AE#hasArrestRecord->?claimantHasArrestRecord].","resultList":[{"result":[{"key":"?v","val":"VO_cb1d68fd_a51b_456a_aeed_9db1995f1a72_1503944473397_0"},{"key":"?c","val":"VO_cb1d68fd_a51b_456a_aeed_9db1995f1a72_1503944473397_2"},{"key":"?claimantHasArrestRecord","val":"AE#NoArrestRecord"}]}]},{"query":"?- ?v:AE#VATravelVoucher, ?v[AE#hasVoucherClaimant->?c], ?c[AE#hasCriminalRecord->?claimantHasCriminalRecord].","resultList":[{"result":[{"key":"?v","val":"VO_cb1d68fd_a51b_456a_aeed_9db1995f1a72_1503944473397_0"},{"key":"?c","val":"VO_cb1d68fd_a51b_456a_aeed_9db1995f1a72_1503944473397_2"},{"key":"?claimantHasCriminalRecord","val":"AE#NoCriminalRecord"}]}]},{"query":"?- ?v:AE#VATravelVoucher, ?v[AE#hasVoucherBeneficiary->?b], ?b[AE#hasName->?cn], ?cn[label->?beneficiaryFullName].","resultList":[{"result":[{"key":"?v","val":"VO_cb1d68fd_a51b_456a_aeed_9db1995f1a72_1503944473397_0"},{"key":"?b","val":"VO_cb1d68fd_a51b_456a_aeed_9db1995f1a72_1503944473397_11"},{"key":"?cn","val":"VO_cb1d68fd_a51b_456a_aeed_9db1995f1a72_1503944473397_10"},{"key":"?beneficiaryFullName","val":"Hector Kevin Lawless"}]},{"result":[{"key":"?v","val":"VO_cb1d68fd_a51b_456a_aeed_9db1995f1a72_1503944473397_0"},{"key":"?b","val":"VO_cb1d68fd_a51b_456a_aeed_9db1995f1a72_1503944473397_11"},{"key":"?cn","val":"NO_a6d593c8_f8c6_4f62_af70_55334af0abe6_1503944479416_0"},{"key":"?beneficiaryFullName","val":"Hector Kevin Lawless"}]}]},{"query":"?- ?v:AE#VATravelVoucher, ?v[AE#hasVoucherBeneficiary->?b], ?b[AE#hasName->?cn], ?cn[AE#hasFirstName->?beneficiaryFirstName].","resultList":[{"result":[{"key":"?v","val":"VO_cb1d68fd_a51b_456a_aeed_9db1995f1a72_1503944473397_0"},{"key":"?b","val":"VO_cb1d68fd_a51b_456a_aeed_9db1995f1a72_1503944473397_11"},{"key":"?cn","val":"NO_a6d593c8_f8c6_4f62_af70_55334af0abe6_1503944479416_0"},{"key":"?beneficiaryFirstName","val":"hector"}]}]},{"query":"?- ?v:AE#VATravelVoucher, ?v[AE#hasVoucherBeneficiary->?b], ?b[AE#hasName->?cn], ?cn[AE#hasLastName->?beneficiaryLastName].","resultList":[{"result":[{"key":"?v","val":"VO_cb1d68fd_a51b_456a_aeed_9db1995f1a72_1503944473397_0"},{"key":"?b","val":"VO_cb1d68fd_a51b_456a_aeed_9db1995f1a72_1503944473397_11"},{"key":"?cn","val":"NO_a6d593c8_f8c6_4f62_af70_55334af0abe6_1503944479416_0"},{"key":"?beneficiaryLastName","val":"lawless"}]}]},{"query":"?- ?v:AE#VATravelVoucher, ?v[AE#hasVoucherBeneficiary->?b], ?b[AE#hasSocialSecurityNumber->?s], ?s[label->?beneficiarySsn].","resultList":[{"result":[{"key":"?v","val":"VO_cb1d68fd_a51b_456a_aeed_9db1995f1a72_1503944473397_0"},{"key":"?b","val":"VO_cb1d68fd_a51b_456a_aeed_9db1995f1a72_1503944473397_11"},{"key":"?s","val":"VO_cb1d68fd_a51b_456a_aeed_9db1995f1a72_1503944473397_9"},{"key":"?beneficiarySsn","val":"490-96-0357"}]}]},{"query":"?- ?v:AE#VATravelVoucher, ?v[AE#hasVoucherBeneficiary->?b], ?b[AE#hasLiens->?beneficiaryHasLiens].","resultList":[{"result":[{"key":"?v","val":"VO_cb1d68fd_a51b_456a_aeed_9db1995f1a72_1503944473397_0"},{"key":"?b","val":"VO_cb1d68fd_a51b_456a_aeed_9db1995f1a72_1503944473397_11"},{"key":"?beneficiaryHasLiens","val":"AE#NoLienReport"}]}]},{"query":"?- ?v:AE#VATravelVoucher, ?v[AE#hasVoucherBeneficiary->?b], ?b[AE#hasDeclaredBankruptcy->?beneficiaryHasDeclaredBankruptcy].","resultList":[{"result":[{"key":"?v","val":"VO_cb1d68fd_a51b_456a_aeed_9db1995f1a72_1503944473397_0"},{"key":"?b","val":"VO_cb1d68fd_a51b_456a_aeed_9db1995f1a72_1503944473397_11"},{"key":"?beneficiaryHasDeclaredBankruptcy","val":"AE#NoBankruptcyReport"}]}]},{"query":"?- ?v:AE#VATravelVoucher, ?v[AE#hasVoucherBeneficiary->?b], ?b[AE#hasArrestRecord->?beneficiaryHasArrestRecord].","resultList":[{"result":[{"key":"?v","val":"VO_cb1d68fd_a51b_456a_aeed_9db1995f1a72_1503944473397_0"},{"key":"?b","val":"VO_cb1d68fd_a51b_456a_aeed_9db1995f1a72_1503944473397_11"},{"key":"?beneficiaryHasArrestRecord","val":"AE#NoArrestRecord"}]}]},{"query":"?- ?v:AE#VATravelVoucher, ?v[AE#hasVoucherBeneficiary->?b], ?b[AE#hasCriminalRecord->?beneficiaryHasCriminalRecord].","resultList":[{"result":[{"key":"?v","val":"VO_cb1d68fd_a51b_456a_aeed_9db1995f1a72_1503944473397_0"},{"key":"?b","val":"VO_cb1d68fd_a51b_456a_aeed_9db1995f1a72_1503944473397_11"},{"key":"?beneficiaryHasCriminalRecord","val":"AE#NoCriminalRecord"}]}]},{"query":"?- ?t:AE#Travelling, ?t[AE#hasPath->?p], ?p[AE#hasDistance->?d], ?d[AE#numericValue->?expectedDistanceValue], ?d[AE#hasUnitOfMeasure->?unitOfDistanceMeasure].","resultList":[{"result":[{"key":"?t","val":"VO_cb1d68fd_a51b_456a_aeed_9db1995f1a72_1503944473397_6"},{"key":"?p","val":"ES_fe68483d_4275_401f_a831_fc7ba1fdc775_1503944501489_4"},{"key":"?d","val":"ES_fe68483d_4275_401f_a831_fc7ba1fdc775_1503944501489_0"},{"key":"?expectedDistanceValue","val":"14705.263033579010880202986299991607666015625"},{"key":"?unitOfDistanceMeasure","val":"meters"}]}]},{"query":"?- ?t:AE#Travelling, ?t[AE#hasPath->?p], ?p[AE#hasExpectedTravelTime->?d], ?d[AE#numericValue->?expectedTimeValue], ?d[AE#hasUnitOfMeasure->?unitOfTimeMeasure].","resultList":[{"result":[{"key":"?t","val":"VO_cb1d68fd_a51b_456a_aeed_9db1995f1a72_1503944473397_6"},{"key":"?p","val":"ES_fe68483d_4275_401f_a831_fc7ba1fdc775_1503944501489_4"},{"key":"?d","val":"ES_fe68483d_4275_401f_a831_fc7ba1fdc775_1503944501489_2"},{"key":"?expectedTimeValue","val":"12.16110569774173200130462646484375"},{"key":"?unitOfTimeMeasure","val":"minutes"}]}]},{"query":"?- ?t:AE#Travelling, ?t[AE#hasDestination->?d], ?d[label->?destinationFullAddress].","resultList":[{"result":[{"key":"?t","val":"VO_cb1d68fd_a51b_456a_aeed_9db1995f1a72_1503944473397_7"},{"key":"?d","val":"VO_cb1d68fd_a51b_456a_aeed_9db1995f1a72_1503944473397_8"},{"key":"?destinationFullAddress","val":"2790 Truxton Road, Suite 130, San Diego, CA 92106"}]},{"result":[{"key":"?t","val":"VO_cb1d68fd_a51b_456a_aeed_9db1995f1a72_1503944473397_6"},{"key":"?d","val":"VO_cb1d68fd_a51b_456a_aeed_9db1995f1a72_1503944473397_5"},{"key":"?destinationFullAddress","val":"3343 43rd St, San Diego, CA 92105"}]}]},{"query":"?- ?t:AE#Travelling, ?t[AE#hasDestination->?d], ?d[AE#hasStreet->?s], ?s[label->?destinationStreetName], ?d[AE#hasCity->?c], ?c[label->?destinationCity], ?d[AE#hasState->?st], ?st[label->?destinationState], ?d[AE#hasZipcode->?destinationZipCode].","resultList":[{"result":[{"key":"?t","val":"VO_cb1d68fd_a51b_456a_aeed_9db1995f1a72_1503944473397_7"},{"key":"?d","val":"VO_cb1d68fd_a51b_456a_aeed_9db1995f1a72_1503944473397_8"},{"key":"?s","val":"NO_8b00d7d0_1a77_4248_9012_d6aca0a03238_1503944483711_id5"},{"key":"?destinationStreetName","val":"2790 Truxton Road"},{"key":"?c","val":"NO_8b00d7d0_1a77_4248_9012_d6aca0a03238_1503944483711_id11"},{"key":"?destinationCity","val":"San Diego"},{"key":"?st","val":"NO_8b00d7d0_1a77_4248_9012_d6aca0a03238_1503944483711_id13"},{"key":"?destinationState","val":"CA"},{"key":"?destinationZipCode","val":"92106"}]},{"result":[{"key":"?t","val":"VO_cb1d68fd_a51b_456a_aeed_9db1995f1a72_1503944473397_6"},{"key":"?d","val":"VO_cb1d68fd_a51b_456a_aeed_9db1995f1a72_1503944473397_5"},{"key":"?s","val":"NO_89915815_f43b_4228_9f7c_86892cf6f313_1503944485908_id3"},{"key":"?destinationStreetName","val":"3343 43rd St"},{"key":"?c","val":"NO_89915815_f43b_4228_9f7c_86892cf6f313_1503944485908_id9"},{"key":"?destinationCity","val":"San Diego"},{"key":"?st","val":"NO_89915815_f43b_4228_9f7c_86892cf6f313_1503944485908_id11"},{"key":"?destinationState","val":"CA"},{"key":"?destinationZipCode","val":"92105"}]}]},{"query":"?- ?t:AE#Travelling, ?t[AE#hasOrigin->?d], ?d[label->?originFullAddress].","resultList":[{"result":[{"key":"?t","val":"VO_cb1d68fd_a51b_456a_aeed_9db1995f1a72_1503944473397_7"},{"key":"?d","val":"VO_cb1d68fd_a51b_456a_aeed_9db1995f1a72_1503944473397_3"},{"key":"?originFullAddress","val":"278 Mountainview Drive San Diego, CA 92126"}]},{"result":[{"key":"?t","val":"VO_cb1d68fd_a51b_456a_aeed_9db1995f1a72_1503944473397_6"},{"key":"?d","val":"VO_cb1d68fd_a51b_456a_aeed_9db1995f1a72_1503944473397_8"},{"key":"?originFullAddress","val":"2790 Truxton Road, Suite 130, San Diego, CA 92106"}]}]},{"query":"?- ?t:AE#Travelling, ?t[AE#hasOrigin->?d], ?d[AE#hasStreet->?s], ?s[label->?originStreetName], ?d[AE#hasCity->?c], ?c[label->?originCity], ?d[AE#hasState->?st], ?st[label->?originState], ?d[AE#hasZipcode->?originZipCode].","resultList":[{"result":[{"key":"?t","val":"VO_cb1d68fd_a51b_456a_aeed_9db1995f1a72_1503944473397_7"},{"key":"?d","val":"VO_cb1d68fd_a51b_456a_aeed_9db1995f1a72_1503944473397_3"},{"key":"?s","val":"NO_e2abc20e_26e7_4c85_bc2a_6bfe1a41f7fe_1503944488093_id3"},{"key":"?originStreetName","val":"278 Mountainview Drive"},{"key":"?c","val":"NO_e2abc20e_26e7_4c85_bc2a_6bfe1a41f7fe_1503944488093_id9"},{"key":"?originCity","val":"San Diego"},{"key":"?st","val":"NO_e2abc20e_26e7_4c85_bc2a_6bfe1a41f7fe_1503944488093_id11"},{"key":"?originState","val":"CA"},{"key":"?originZipCode","val":"92126"}]},{"result":[{"key":"?t","val":"VO_cb1d68fd_a51b_456a_aeed_9db1995f1a72_1503944473397_6"},{"key":"?d","val":"VO_cb1d68fd_a51b_456a_aeed_9db1995f1a72_1503944473397_8"},{"key":"?s","val":"NO_8b00d7d0_1a77_4248_9012_d6aca0a03238_1503944483711_id5"},{"key":"?originStreetName","val":"2790 Truxton Road"},{"key":"?c","val":"NO_8b00d7d0_1a77_4248_9012_d6aca0a03238_1503944483711_id11"},{"key":"?originCity","val":"San Diego"},{"key":"?st","val":"NO_8b00d7d0_1a77_4248_9012_d6aca0a03238_1503944483711_id13"},{"key":"?originState","val":"CA"},{"key":"?originZipCode","val":"92106"}]}]},{"query":"?- ?t:AE#Travelling, ?t[AE#hasPath->?p], ?p[AE#hasStartRegion->?s], ?s[AE#hasLatitude->?originLatitude], ?s[AE#hasLongitude->?originLongitude].","resultList":[{"result":[{"key":"?t","val":"VO_cb1d68fd_a51b_456a_aeed_9db1995f1a72_1503944473397_6"},{"key":"?p","val":"ES_fe68483d_4275_401f_a831_fc7ba1fdc775_1503944501489_4"},{"key":"?s","val":"ES_fe68483d_4275_401f_a831_fc7ba1fdc775_1503944501489_3"},{"key":"?originLatitude","val":"32.74051839275188058309140615165233612060546875"},{"key":"?originLongitude","val":"-117.2130215001728856805129908025264739990234375"}]}]},{"query":"?- ?t:AE#Travelling, ?t[AE#hasPath->?p], ?p[AE#hasEndRegion->?e], ?e[AE#hasLatitude->?destinationLatitude], ?e[AE#hasLongitude->?destinationLongitude].","resultList":[{"result":[{"key":"?t","val":"VO_cb1d68fd_a51b_456a_aeed_9db1995f1a72_1503944473397_6"},{"key":"?p","val":"ES_fe68483d_4275_401f_a831_fc7ba1fdc775_1503944501489_4"},{"key":"?e","val":"ES_fe68483d_4275_401f_a831_fc7ba1fdc775_1503944501489_1"},{"key":"?destinationLatitude","val":"32.74111840827512054374892613850533962249755859375"},{"key":"?destinationLongitude","val":"-117.10203096944445633198483847081661224365234375"}]}]}]}
