{"dataList":[{"query":"?- ?v:AE#VATravelVoucher, ?v[AE#hasVoucherClaimant->?c], ?c[AE#hasName->?cn], ?cn[label->?claimantFullName].","resultList":[{"result":[{"key":"?v","val":"VO_c99e72d4_9eec_4955_9130_1681d5ba6b7f_1503944725922_0"},{"key":"?c","val":"VO_c99e72d4_9eec_4955_9130_1681d5ba6b7f_1503944725922_2"},{"key":"?cn","val":"NO_757bc587_f9bb_4d5a_a7f6_368464176347_1503944733839_0"},{"key":"?claimantFullName","val":"Ivor E. Mealor"}]},{"result":[{"key":"?v","val":"VO_c99e72d4_9eec_4955_9130_1681d5ba6b7f_1503944725922_0"},{"key":"?c","val":"VO_c99e72d4_9eec_4955_9130_1681d5ba6b7f_1503944725922_2"},{"key":"?cn","val":"VO_c99e72d4_9eec_4955_9130_1681d5ba6b7f_1503944725922_1"},{"key":"?claimantFullName","val":"Ivor E. Mealor"}]}]},{"query":"?- ?v:AE#VATravelVoucher, ?v[AE#hasVoucherClaimant->?c], ?c[AE#hasName->?cn], ?cn[AE#hasFirstName->?claimantFirstName].","resultList":[{"result":[{"key":"?v","val":"VO_c99e72d4_9eec_4955_9130_1681d5ba6b7f_1503944725922_0"},{"key":"?c","val":"VO_c99e72d4_9eec_4955_9130_1681d5ba6b7f_1503944725922_2"},{"key":"?cn","val":"NO_757bc587_f9bb_4d5a_a7f6_368464176347_1503944733839_0"},{"key":"?claimantFirstName","val":"ivor"}]}]},{"query":"?- ?v:AE#VATravelVoucher, ?v[AE#hasVoucherClaimant->?c], ?c[AE#hasName->?cn], ?cn[AE#hasLastName->?claimantLastName].","resultList":[{"result":[{"key":"?v","val":"VO_c99e72d4_9eec_4955_9130_1681d5ba6b7f_1503944725922_0"},{"key":"?c","val":"VO_c99e72d4_9eec_4955_9130_1681d5ba6b7f_1503944725922_2"},{"key":"?cn","val":"NO_757bc587_f9bb_4d5a_a7f6_368464176347_1503944733839_0"},{"key":"?claimantLastName","val":"mealor"}]}]},{"query":"?- ?v:AE#VATravelVoucher, ?v[AE#hasVoucherClaimant->?c], ?c[AE#hasSocialSecurityNumber->?s], ?s[label->?claimantSsn].","resultList":[{"result":[{"key":"?v","val":"VO_c99e72d4_9eec_4955_9130_1681d5ba6b7f_1503944725922_0"},{"key":"?c","val":"VO_c99e72d4_9eec_4955_9130_1681d5ba6b7f_1503944725922_2"},{"key":"?s","val":"VO_c99e72d4_9eec_4955_9130_1681d5ba6b7f_1503944725922_12"},{"key":"?claimantSsn","val":"882-98-8250"}]}]},{"query":"?- ?v:AE#VATravelVoucher, ?v[AE#hasVoucherClaimant->?c], ?c[AE#hasLiens->?claimantHasLiens].","resultList":[{"result":[{"key":"?v","val":"VO_c99e72d4_9eec_4955_9130_1681d5ba6b7f_1503944725922_0"},{"key":"?c","val":"VO_c99e72d4_9eec_4955_9130_1681d5ba6b7f_1503944725922_2"},{"key":"?claimantHasLiens","val":"AE#UnknownLienReport"}]}]},{"query":"?- ?v:AE#VATravelVoucher, ?v[AE#hasVoucherClaimant->?c], ?c[AE#hasDeclaredBankruptcy->?claimantHasDeclaredBankruptcy].","resultList":[{"result":[{"key":"?v","val":"VO_c99e72d4_9eec_4955_9130_1681d5ba6b7f_1503944725922_0"},{"key":"?c","val":"VO_c99e72d4_9eec_4955_9130_1681d5ba6b7f_1503944725922_2"},{"key":"?claimantHasDeclaredBankruptcy","val":"AE#NoBankruptcyReport"}]}]},{"query":"?- ?v:AE#VATravelVoucher, ?v[AE#hasVoucherClaimant->?c], ?c[AE#hasArrestRecord->?claimantHasArrestRecord].","resultList":[{"result":[{"key":"?v","val":"VO_c99e72d4_9eec_4955_9130_1681d5ba6b7f_1503944725922_0"},{"key":"?c","val":"VO_c99e72d4_9eec_4955_9130_1681d5ba6b7f_1503944725922_2"},{"key":"?claimantHasArrestRecord","val":"AE#UnknownArrestRecord"}]}]},{"query":"?- ?v:AE#VATravelVoucher, ?v[AE#hasVoucherClaimant->?c], ?c[AE#hasCriminalRecord->?claimantHasCriminalRecord].","resultList":[{"result":[{"key":"?v","val":"VO_c99e72d4_9eec_4955_9130_1681d5ba6b7f_1503944725922_0"},{"key":"?c","val":"VO_c99e72d4_9eec_4955_9130_1681d5ba6b7f_1503944725922_2"},{"key":"?claimantHasCriminalRecord","val":"AE#NoCriminalRecord"}]}]},{"query":"?- ?v:AE#VATravelVoucher, ?v[AE#hasVoucherBeneficiary->?b], ?b[AE#hasName->?cn], ?cn[label->?beneficiaryFullName].","resultList":[{"result":[{"key":"?v","val":"VO_c99e72d4_9eec_4955_9130_1681d5ba6b7f_1503944725922_0"},{"key":"?b","val":"VO_c99e72d4_9eec_4955_9130_1681d5ba6b7f_1503944725922_11"},{"key":"?cn","val":"VO_c99e72d4_9eec_4955_9130_1681d5ba6b7f_1503944725922_10"},{"key":"?beneficiaryFullName","val":"Samuel R. Nicklin"}]},{"result":[{"key":"?v","val":"VO_c99e72d4_9eec_4955_9130_1681d5ba6b7f_1503944725922_0"},{"key":"?b","val":"VO_c99e72d4_9eec_4955_9130_1681d5ba6b7f_1503944725922_11"},{"key":"?cn","val":"NO_77b79d91_5d90_479a_94ac_6da33d6ae1a8_1503944731721_0"},{"key":"?beneficiaryFullName","val":"Samuel R. Nicklin"}]}]},{"query":"?- ?v:AE#VATravelVoucher, ?v[AE#hasVoucherBeneficiary->?b], ?b[AE#hasName->?cn], ?cn[AE#hasFirstName->?beneficiaryFirstName].","resultList":[{"result":[{"key":"?v","val":"VO_c99e72d4_9eec_4955_9130_1681d5ba6b7f_1503944725922_0"},{"key":"?b","val":"VO_c99e72d4_9eec_4955_9130_1681d5ba6b7f_1503944725922_11"},{"key":"?cn","val":"NO_77b79d91_5d90_479a_94ac_6da33d6ae1a8_1503944731721_0"},{"key":"?beneficiaryFirstName","val":"samuel"}]}]},{"query":"?- ?v:AE#VATravelVoucher, ?v[AE#hasVoucherBeneficiary->?b], ?b[AE#hasName->?cn], ?cn[AE#hasLastName->?beneficiaryLastName].","resultList":[{"result":[{"key":"?v","val":"VO_c99e72d4_9eec_4955_9130_1681d5ba6b7f_1503944725922_0"},{"key":"?b","val":"VO_c99e72d4_9eec_4955_9130_1681d5ba6b7f_1503944725922_11"},{"key":"?cn","val":"NO_77b79d91_5d90_479a_94ac_6da33d6ae1a8_1503944731721_0"},{"key":"?beneficiaryLastName","val":"nicklin"}]}]},{"query":"?- ?v:AE#VATravelVoucher, ?v[AE#hasVoucherBeneficiary->?b], ?b[AE#hasSocialSecurityNumber->?s], ?s[label->?beneficiarySsn].","resultList":[{"result":[{"key":"?v","val":"VO_c99e72d4_9eec_4955_9130_1681d5ba6b7f_1503944725922_0"},{"key":"?b","val":"VO_c99e72d4_9eec_4955_9130_1681d5ba6b7f_1503944725922_11"},{"key":"?s","val":"VO_c99e72d4_9eec_4955_9130_1681d5ba6b7f_1503944725922_9"},{"key":"?beneficiarySsn","val":"474-70-4210"}]}]},{"query":"?- ?v:AE#VATravelVoucher, ?v[AE#hasVoucherBeneficiary->?b], ?b[AE#hasLiens->?beneficiaryHasLiens].","resultList":[{"result":[{"key":"?v","val":"VO_c99e72d4_9eec_4955_9130_1681d5ba6b7f_1503944725922_0"},{"key":"?b","val":"VO_c99e72d4_9eec_4955_9130_1681d5ba6b7f_1503944725922_11"},{"key":"?beneficiaryHasLiens","val":"AE#NoLienReport"}]}]},{"query":"?- ?v:AE#VATravelVoucher, ?v[AE#hasVoucherBeneficiary->?b], ?b[AE#hasDeclaredBankruptcy->?beneficiaryHasDeclaredBankruptcy].","resultList":[{"result":[{"key":"?v","val":"VO_c99e72d4_9eec_4955_9130_1681d5ba6b7f_1503944725922_0"},{"key":"?b","val":"VO_c99e72d4_9eec_4955_9130_1681d5ba6b7f_1503944725922_11"},{"key":"?beneficiaryHasDeclaredBankruptcy","val":"AE#NoBankruptcyReport"}]}]},{"query":"?- ?v:AE#VATravelVoucher, ?v[AE#hasVoucherBeneficiary->?b], ?b[AE#hasArrestRecord->?beneficiaryHasArrestRecord].","resultList":[{"result":[{"key":"?v","val":"VO_c99e72d4_9eec_4955_9130_1681d5ba6b7f_1503944725922_0"},{"key":"?b","val":"VO_c99e72d4_9eec_4955_9130_1681d5ba6b7f_1503944725922_11"},{"key":"?beneficiaryHasArrestRecord","val":"AE#NoArrestRecord"}]}]},{"query":"?- ?v:AE#VATravelVoucher, ?v[AE#hasVoucherBeneficiary->?b], ?b[AE#hasCriminalRecord->?beneficiaryHasCriminalRecord].","resultList":[{"result":[{"key":"?v","val":"VO_c99e72d4_9eec_4955_9130_1681d5ba6b7f_1503944725922_0"},{"key":"?b","val":"VO_c99e72d4_9eec_4955_9130_1681d5ba6b7f_1503944725922_11"},{"key":"?beneficiaryHasCriminalRecord","val":"AE#NoCriminalRecord"}]}]},{"query":"?- ?t:AE#Travelling, ?t[AE#hasPath->?p], ?p[AE#hasDistance->?d], ?d[AE#numericValue->?expectedDistanceValue], ?d[AE#hasUnitOfMeasure->?unitOfDistanceMeasure].","resultList":[{"result":[{"key":"?t","val":"VO_c99e72d4_9eec_4955_9130_1681d5ba6b7f_1503944725922_6"},{"key":"?p","val":"ES_cb34e57b_4d3c_4ea0_a9ab_05bdb027e1c6_1503944754149_4"},{"key":"?d","val":"ES_cb34e57b_4d3c_4ea0_a9ab_05bdb027e1c6_1503944754149_0"},{"key":"?expectedDistanceValue","val":"20280.4003677915898151695728302001953125"},{"key":"?unitOfDistanceMeasure","val":"meters"}]}]},{"query":"?- ?t:AE#Travelling, ?t[AE#hasPath->?p], ?p[AE#hasExpectedTravelTime->?d], ?d[AE#numericValue->?expectedTimeValue], ?d[AE#hasUnitOfMeasure->?unitOfTimeMeasure].","resultList":[{"result":[{"key":"?t","val":"VO_c99e72d4_9eec_4955_9130_1681d5ba6b7f_1503944725922_6"},{"key":"?p","val":"ES_cb34e57b_4d3c_4ea0_a9ab_05bdb027e1c6_1503944754149_4"},{"key":"?d","val":"ES_cb34e57b_4d3c_4ea0_a9ab_05bdb027e1c6_1503944754149_2"},{"key":"?expectedTimeValue","val":"15.09631057851947844028472900390625"},{"key":"?unitOfTimeMeasure","val":"minutes"}]}]},{"query":"?- ?t:AE#Travelling, ?t[AE#hasDestination->?d], ?d[label->?destinationFullAddress].","resultList":[{"result":[{"key":"?t","val":"VO_c99e72d4_9eec_4955_9130_1681d5ba6b7f_1503944725922_7"},{"key":"?d","val":"VO_c99e72d4_9eec_4955_9130_1681d5ba6b7f_1503944725922_8"},{"key":"?destinationFullAddress","val":"2790 Truxton Road, Suite 130, San Diego, CA 92106"}]},{"result":[{"key":"?t","val":"VO_c99e72d4_9eec_4955_9130_1681d5ba6b7f_1503944725922_6"},{"key":"?d","val":"VO_c99e72d4_9eec_4955_9130_1681d5ba6b7f_1503944725922_5"},{"key":"?destinationFullAddress","val":"278 Mountainview Drive San Diego, CA 92126"}]}]},{"query":"?- ?t:AE#Travelling, ?t[AE#hasDestination->?d], ?d[AE#hasStreet->?s], ?s[label->?destinationStreetName], ?d[AE#hasCity->?c], ?c[label->?destinationCity], ?d[AE#hasState->?st], ?st[label->?destinationState], ?d[AE#hasZipcode->?destinationZipCode].","resultList":[{"result":[{"key":"?t","val":"VO_c99e72d4_9eec_4955_9130_1681d5ba6b7f_1503944725922_7"},{"key":"?d","val":"VO_c99e72d4_9eec_4955_9130_1681d5ba6b7f_1503944725922_8"},{"key":"?s","val":"NO_9b280596_e49c_40de_b94a_e8582c4dba5a_1503944736077_id5"},{"key":"?destinationStreetName","val":"2790 Truxton Road"},{"key":"?c","val":"NO_9b280596_e49c_40de_b94a_e8582c4dba5a_1503944736077_id11"},{"key":"?destinationCity","val":"San Diego"},{"key":"?st","val":"NO_9b280596_e49c_40de_b94a_e8582c4dba5a_1503944736077_id13"},{"key":"?destinationState","val":"CA"},{"key":"?destinationZipCode","val":"92106"}]},{"result":[{"key":"?t","val":"VO_c99e72d4_9eec_4955_9130_1681d5ba6b7f_1503944725922_6"},{"key":"?d","val":"VO_c99e72d4_9eec_4955_9130_1681d5ba6b7f_1503944725922_5"},{"key":"?s","val":"NO_20046555_38a3_4d76_95a6_747dd977690c_1503944738226_id3"},{"key":"?destinationStreetName","val":"278 Mountainview Drive"},{"key":"?c","val":"NO_20046555_38a3_4d76_95a6_747dd977690c_1503944738226_id9"},{"key":"?destinationCity","val":"San Diego"},{"key":"?st","val":"NO_20046555_38a3_4d76_95a6_747dd977690c_1503944738226_id11"},{"key":"?destinationState","val":"CA"},{"key":"?destinationZipCode","val":"92126"}]}]},{"query":"?- ?t:AE#Travelling, ?t[AE#hasOrigin->?d], ?d[label->?originFullAddress].","resultList":[{"result":[{"key":"?t","val":"VO_c99e72d4_9eec_4955_9130_1681d5ba6b7f_1503944725922_7"},{"key":"?d","val":"VO_c99e72d4_9eec_4955_9130_1681d5ba6b7f_1503944725922_3"},{"key":"?originFullAddress","val":"278 Mountainview Drive San Diego, CA 92126"}]},{"result":[{"key":"?t","val":"VO_c99e72d4_9eec_4955_9130_1681d5ba6b7f_1503944725922_6"},{"key":"?d","val":"VO_c99e72d4_9eec_4955_9130_1681d5ba6b7f_1503944725922_8"},{"key":"?originFullAddress","val":"2790 Truxton Road, Suite 130, San Diego, CA 92106"}]}]},{"query":"?- ?t:AE#Travelling, ?t[AE#hasOrigin->?d], ?d[AE#hasStreet->?s], ?s[label->?originStreetName], ?d[AE#hasCity->?c], ?c[label->?originCity], ?d[AE#hasState->?st], ?st[label->?originState], ?d[AE#hasZipcode->?originZipCode].","resultList":[{"result":[{"key":"?t","val":"VO_c99e72d4_9eec_4955_9130_1681d5ba6b7f_1503944725922_7"},{"key":"?d","val":"VO_c99e72d4_9eec_4955_9130_1681d5ba6b7f_1503944725922_3"},{"key":"?s","val":"NO_9959d5b4_1a3c_475a_8fc6_89c10996689c_1503944740332_id3"},{"key":"?originStreetName","val":"278 Mountainview Drive"},{"key":"?c","val":"NO_9959d5b4_1a3c_475a_8fc6_89c10996689c_1503944740332_id9"},{"key":"?originCity","val":"San Diego"},{"key":"?st","val":"NO_9959d5b4_1a3c_475a_8fc6_89c10996689c_1503944740332_id11"},{"key":"?originState","val":"CA"},{"key":"?originZipCode","val":"92126"}]},{"result":[{"key":"?t","val":"VO_c99e72d4_9eec_4955_9130_1681d5ba6b7f_1503944725922_6"},{"key":"?d","val":"VO_c99e72d4_9eec_4955_9130_1681d5ba6b7f_1503944725922_8"},{"key":"?s","val":"NO_9b280596_e49c_40de_b94a_e8582c4dba5a_1503944736077_id5"},{"key":"?originStreetName","val":"2790 Truxton Road"},{"key":"?c","val":"NO_9b280596_e49c_40de_b94a_e8582c4dba5a_1503944736077_id11"},{"key":"?originCity","val":"San Diego"},{"key":"?st","val":"NO_9b280596_e49c_40de_b94a_e8582c4dba5a_1503944736077_id13"},{"key":"?originState","val":"CA"},{"key":"?originZipCode","val":"92106"}]}]},{"query":"?- ?t:AE#Travelling, ?t[AE#hasPath->?p], ?p[AE#hasStartRegion->?s], ?s[AE#hasLatitude->?originLatitude], ?s[AE#hasLongitude->?originLongitude].","resultList":[{"result":[{"key":"?t","val":"VO_c99e72d4_9eec_4955_9130_1681d5ba6b7f_1503944725922_6"},{"key":"?p","val":"ES_cb34e57b_4d3c_4ea0_a9ab_05bdb027e1c6_1503944754149_4"},{"key":"?s","val":"ES_cb34e57b_4d3c_4ea0_a9ab_05bdb027e1c6_1503944754149_3"},{"key":"?originLatitude","val":"32.74051839275188058309140615165233612060546875"},{"key":"?originLongitude","val":"-117.2130215001728856805129908025264739990234375"}]}]},{"query":"?- ?t:AE#Travelling, ?t[AE#hasPath->?p], ?p[AE#hasEndRegion->?e], ?e[AE#hasLatitude->?destinationLatitude], ?e[AE#hasLongitude->?destinationLongitude].","resultList":[{"result":[{"key":"?t","val":"VO_c99e72d4_9eec_4955_9130_1681d5ba6b7f_1503944725922_6"},{"key":"?p","val":"ES_cb34e57b_4d3c_4ea0_a9ab_05bdb027e1c6_1503944754149_4"},{"key":"?e","val":"ES_cb34e57b_4d3c_4ea0_a9ab_05bdb027e1c6_1503944754149_1"},{"key":"?destinationLatitude","val":"32.6483734927119115809546201489865779876708984375"},{"key":"?destinationLongitude","val":"-117.079831109999389582299045287072658538818359375"}]}]}]}
