{"dataList":[{"query":"?- ?v:AE#VATravelVoucher, ?v[AE#hasVoucherClaimant->?c], ?c[AE#hasName->?cn], ?cn[label->?claimantFullName].","resultList":[{"result":[{"key":"?v","val":"VO_c1f4c958_11bd_4c85_ac5e_a0dd691e1334_1503942886935_0"},{"key":"?c","val":"VO_c1f4c958_11bd_4c85_ac5e_a0dd691e1334_1503942886935_2"},{"key":"?cn","val":"NO_cda8b933_fd16_4bf0_81e0_3568f66f09d0_1503942894593_0"},{"key":"?claimantFullName","val":"Rupert A. Hudson"}]},{"result":[{"key":"?v","val":"VO_c1f4c958_11bd_4c85_ac5e_a0dd691e1334_1503942886935_0"},{"key":"?c","val":"VO_c1f4c958_11bd_4c85_ac5e_a0dd691e1334_1503942886935_2"},{"key":"?cn","val":"VO_c1f4c958_11bd_4c85_ac5e_a0dd691e1334_1503942886935_1"},{"key":"?claimantFullName","val":"Rupert A. Hudson"}]}]},{"query":"?- ?v:AE#VATravelVoucher, ?v[AE#hasVoucherClaimant->?c], ?c[AE#hasName->?cn], ?cn[AE#hasFirstName->?claimantFirstName].","resultList":[{"result":[{"key":"?v","val":"VO_c1f4c958_11bd_4c85_ac5e_a0dd691e1334_1503942886935_0"},{"key":"?c","val":"VO_c1f4c958_11bd_4c85_ac5e_a0dd691e1334_1503942886935_2"},{"key":"?cn","val":"NO_cda8b933_fd16_4bf0_81e0_3568f66f09d0_1503942894593_0"},{"key":"?claimantFirstName","val":"rupert"}]}]},{"query":"?- ?v:AE#VATravelVoucher, ?v[AE#hasVoucherClaimant->?c], ?c[AE#hasName->?cn], ?cn[AE#hasLastName->?claimantLastName].","resultList":[{"result":[{"key":"?v","val":"VO_c1f4c958_11bd_4c85_ac5e_a0dd691e1334_1503942886935_0"},{"key":"?c","val":"VO_c1f4c958_11bd_4c85_ac5e_a0dd691e1334_1503942886935_2"},{"key":"?cn","val":"NO_cda8b933_fd16_4bf0_81e0_3568f66f09d0_1503942894593_0"},{"key":"?claimantLastName","val":"hudson"}]}]},{"query":"?- ?v:AE#VATravelVoucher, ?v[AE#hasVoucherClaimant->?c], ?c[AE#hasSocialSecurityNumber->?s], ?s[label->?claimantSsn].","resultList":[{"result":[{"key":"?v","val":"VO_c1f4c958_11bd_4c85_ac5e_a0dd691e1334_1503942886935_0"},{"key":"?c","val":"VO_c1f4c958_11bd_4c85_ac5e_a0dd691e1334_1503942886935_2"},{"key":"?s","val":"VO_c1f4c958_11bd_4c85_ac5e_a0dd691e1334_1503942886935_12"},{"key":"?claimantSsn","val":"938-16-5501"}]}]},{"query":"?- ?v:AE#VATravelVoucher, ?v[AE#hasVoucherClaimant->?c], ?c[AE#hasLiens->?claimantHasLiens].","resultList":[{"result":[{"key":"?v","val":"VO_c1f4c958_11bd_4c85_ac5e_a0dd691e1334_1503942886935_0"},{"key":"?c","val":"VO_c1f4c958_11bd_4c85_ac5e_a0dd691e1334_1503942886935_2"},{"key":"?claimantHasLiens","val":"AE#NoLienReport"}]}]},{"query":"?- ?v:AE#VATravelVoucher, ?v[AE#hasVoucherClaimant->?c], ?c[AE#hasDeclaredBankruptcy->?claimantHasDeclaredBankruptcy].","resultList":[{"result":[{"key":"?v","val":"VO_c1f4c958_11bd_4c85_ac5e_a0dd691e1334_1503942886935_0"},{"key":"?c","val":"VO_c1f4c958_11bd_4c85_ac5e_a0dd691e1334_1503942886935_2"},{"key":"?claimantHasDeclaredBankruptcy","val":"AE#NoBankruptcyReport"}]}]},{"query":"?- ?v:AE#VATravelVoucher, ?v[AE#hasVoucherClaimant->?c], ?c[AE#hasArrestRecord->?claimantHasArrestRecord].","resultList":[{"result":[{"key":"?v","val":"VO_c1f4c958_11bd_4c85_ac5e_a0dd691e1334_1503942886935_0"},{"key":"?c","val":"VO_c1f4c958_11bd_4c85_ac5e_a0dd691e1334_1503942886935_2"},{"key":"?claimantHasArrestRecord","val":"AE#NoArrestRecord"}]}]},{"query":"?- ?v:AE#VATravelVoucher, ?v[AE#hasVoucherClaimant->?c], ?c[AE#hasCriminalRecord->?claimantHasCriminalRecord].","resultList":[{"result":[{"key":"?v","val":"VO_c1f4c958_11bd_4c85_ac5e_a0dd691e1334_1503942886935_0"},{"key":"?c","val":"VO_c1f4c958_11bd_4c85_ac5e_a0dd691e1334_1503942886935_2"},{"key":"?claimantHasCriminalRecord","val":"AE#NoCriminalRecord"}]}]},{"query":"?- ?v:AE#VATravelVoucher, ?v[AE#hasVoucherBeneficiary->?b], ?b[AE#hasName->?cn], ?cn[label->?beneficiaryFullName].","resultList":[{"result":[{"key":"?v","val":"VO_c1f4c958_11bd_4c85_ac5e_a0dd691e1334_1503942886935_0"},{"key":"?b","val":"VO_c1f4c958_11bd_4c85_ac5e_a0dd691e1334_1503942886935_11"},{"key":"?cn","val":"VO_c1f4c958_11bd_4c85_ac5e_a0dd691e1334_1503942886935_10"},{"key":"?beneficiaryFullName","val":"Rupert A. Hudson"}]},{"result":[{"key":"?v","val":"VO_c1f4c958_11bd_4c85_ac5e_a0dd691e1334_1503942886935_0"},{"key":"?b","val":"VO_c1f4c958_11bd_4c85_ac5e_a0dd691e1334_1503942886935_11"},{"key":"?cn","val":"NO_cdf27893_3825_4957_b092_b378e4cd9e8d_1503942892673_0"},{"key":"?beneficiaryFullName","val":"Rupert A. Hudson"}]}]},{"query":"?- ?v:AE#VATravelVoucher, ?v[AE#hasVoucherBeneficiary->?b], ?b[AE#hasName->?cn], ?cn[AE#hasFirstName->?beneficiaryFirstName].","resultList":[{"result":[{"key":"?v","val":"VO_c1f4c958_11bd_4c85_ac5e_a0dd691e1334_1503942886935_0"},{"key":"?b","val":"VO_c1f4c958_11bd_4c85_ac5e_a0dd691e1334_1503942886935_11"},{"key":"?cn","val":"NO_cdf27893_3825_4957_b092_b378e4cd9e8d_1503942892673_0"},{"key":"?beneficiaryFirstName","val":"rupert"}]}]},{"query":"?- ?v:AE#VATravelVoucher, ?v[AE#hasVoucherBeneficiary->?b], ?b[AE#hasName->?cn], ?cn[AE#hasLastName->?beneficiaryLastName].","resultList":[{"result":[{"key":"?v","val":"VO_c1f4c958_11bd_4c85_ac5e_a0dd691e1334_1503942886935_0"},{"key":"?b","val":"VO_c1f4c958_11bd_4c85_ac5e_a0dd691e1334_1503942886935_11"},{"key":"?cn","val":"NO_cdf27893_3825_4957_b092_b378e4cd9e8d_1503942892673_0"},{"key":"?beneficiaryLastName","val":"hudson"}]}]},{"query":"?- ?v:AE#VATravelVoucher, ?v[AE#hasVoucherBeneficiary->?b], ?b[AE#hasSocialSecurityNumber->?s], ?s[label->?beneficiarySsn].","resultList":[{"result":[{"key":"?v","val":"VO_c1f4c958_11bd_4c85_ac5e_a0dd691e1334_1503942886935_0"},{"key":"?b","val":"VO_c1f4c958_11bd_4c85_ac5e_a0dd691e1334_1503942886935_11"},{"key":"?s","val":"VO_c1f4c958_11bd_4c85_ac5e_a0dd691e1334_1503942886935_9"},{"key":"?beneficiarySsn","val":"938-16-5501"}]}]},{"query":"?- ?v:AE#VATravelVoucher, ?v[AE#hasVoucherBeneficiary->?b], ?b[AE#hasLiens->?beneficiaryHasLiens].","resultList":[{"result":[{"key":"?v","val":"VO_c1f4c958_11bd_4c85_ac5e_a0dd691e1334_1503942886935_0"},{"key":"?b","val":"VO_c1f4c958_11bd_4c85_ac5e_a0dd691e1334_1503942886935_11"},{"key":"?beneficiaryHasLiens","val":"AE#NoLienReport"}]}]},{"query":"?- ?v:AE#VATravelVoucher, ?v[AE#hasVoucherBeneficiary->?b], ?b[AE#hasDeclaredBankruptcy->?beneficiaryHasDeclaredBankruptcy].","resultList":[{"result":[{"key":"?v","val":"VO_c1f4c958_11bd_4c85_ac5e_a0dd691e1334_1503942886935_0"},{"key":"?b","val":"VO_c1f4c958_11bd_4c85_ac5e_a0dd691e1334_1503942886935_11"},{"key":"?beneficiaryHasDeclaredBankruptcy","val":"AE#NoBankruptcyReport"}]}]},{"query":"?- ?v:AE#VATravelVoucher, ?v[AE#hasVoucherBeneficiary->?b], ?b[AE#hasArrestRecord->?beneficiaryHasArrestRecord].","resultList":[{"result":[{"key":"?v","val":"VO_c1f4c958_11bd_4c85_ac5e_a0dd691e1334_1503942886935_0"},{"key":"?b","val":"VO_c1f4c958_11bd_4c85_ac5e_a0dd691e1334_1503942886935_11"},{"key":"?beneficiaryHasArrestRecord","val":"AE#NoArrestRecord"}]}]},{"query":"?- ?v:AE#VATravelVoucher, ?v[AE#hasVoucherBeneficiary->?b], ?b[AE#hasCriminalRecord->?beneficiaryHasCriminalRecord].","resultList":[{"result":[{"key":"?v","val":"VO_c1f4c958_11bd_4c85_ac5e_a0dd691e1334_1503942886935_0"},{"key":"?b","val":"VO_c1f4c958_11bd_4c85_ac5e_a0dd691e1334_1503942886935_11"},{"key":"?beneficiaryHasCriminalRecord","val":"AE#NoCriminalRecord"}]}]},{"query":"?- ?t:AE#Travelling, ?t[AE#hasPath->?p], ?p[AE#hasDistance->?d], ?d[AE#numericValue->?expectedDistanceValue], ?d[AE#hasUnitOfMeasure->?unitOfDistanceMeasure].","resultList":[{"result":[{"key":"?t","val":"VO_c1f4c958_11bd_4c85_ac5e_a0dd691e1334_1503942886935_6"},{"key":"?p","val":"ES_e3a4cf83_8b47_409d_b68d_8a011b5dea0b_1503942913807_4"},{"key":"?d","val":"ES_e3a4cf83_8b47_409d_b68d_8a011b5dea0b_1503942913807_0"},{"key":"?expectedDistanceValue","val":"6631.6613685407219236367382109165191650390625"},{"key":"?unitOfDistanceMeasure","val":"meters"}]}]},{"query":"?- ?t:AE#Travelling, ?t[AE#hasPath->?p], ?p[AE#hasExpectedTravelTime->?d], ?d[AE#numericValue->?expectedTimeValue], ?d[AE#hasUnitOfMeasure->?unitOfTimeMeasure].","resultList":[{"result":[{"key":"?t","val":"VO_c1f4c958_11bd_4c85_ac5e_a0dd691e1334_1503942886935_6"},{"key":"?p","val":"ES_e3a4cf83_8b47_409d_b68d_8a011b5dea0b_1503942913807_4"},{"key":"?d","val":"ES_e3a4cf83_8b47_409d_b68d_8a011b5dea0b_1503942913807_2"},{"key":"?expectedTimeValue","val":"7.703017503954470157623291015625"},{"key":"?unitOfTimeMeasure","val":"minutes"}]}]},{"query":"?- ?t:AE#Travelling, ?t[AE#hasDestination->?d], ?d[label->?destinationFullAddress].","resultList":[{"result":[{"key":"?t","val":"VO_c1f4c958_11bd_4c85_ac5e_a0dd691e1334_1503942886935_7"},{"key":"?d","val":"VO_c1f4c958_11bd_4c85_ac5e_a0dd691e1334_1503942886935_8"},{"key":"?destinationFullAddress","val":"2790 Truxton Road, Suite 130, San Diego, CA 92106"}]},{"result":[{"key":"?t","val":"VO_c1f4c958_11bd_4c85_ac5e_a0dd691e1334_1503942886935_6"},{"key":"?d","val":"VO_c1f4c958_11bd_4c85_ac5e_a0dd691e1334_1503942886935_5"},{"key":"?destinationFullAddress","val":"3341 Riviera Dr, San Diego, CA 92109"}]}]},{"query":"?- ?t:AE#Travelling, ?t[AE#hasDestination->?d], ?d[AE#hasStreet->?s], ?s[label->?destinationStreetName], ?d[AE#hasCity->?c], ?c[label->?destinationCity], ?d[AE#hasState->?st], ?st[label->?destinationState], ?d[AE#hasZipcode->?destinationZipCode].","resultList":[{"result":[{"key":"?t","val":"VO_c1f4c958_11bd_4c85_ac5e_a0dd691e1334_1503942886935_7"},{"key":"?d","val":"VO_c1f4c958_11bd_4c85_ac5e_a0dd691e1334_1503942886935_8"},{"key":"?s","val":"NO_f0ed05ef_ebc7_4a12_99d3_979fb3475e93_1503942896436_id5"},{"key":"?destinationStreetName","val":"2790 Truxton Road"},{"key":"?c","val":"NO_f0ed05ef_ebc7_4a12_99d3_979fb3475e93_1503942896436_id11"},{"key":"?destinationCity","val":"San Diego"},{"key":"?st","val":"NO_f0ed05ef_ebc7_4a12_99d3_979fb3475e93_1503942896436_id13"},{"key":"?destinationState","val":"CA"},{"key":"?destinationZipCode","val":"92106"}]},{"result":[{"key":"?t","val":"VO_c1f4c958_11bd_4c85_ac5e_a0dd691e1334_1503942886935_6"},{"key":"?d","val":"VO_c1f4c958_11bd_4c85_ac5e_a0dd691e1334_1503942886935_5"},{"key":"?s","val":"NO_129dd268_3108_4f46_9c52_6265d5b7acc0_1503942898390_id3"},{"key":"?destinationStreetName","val":"3341 Riviera Dr"},{"key":"?c","val":"NO_129dd268_3108_4f46_9c52_6265d5b7acc0_1503942898390_id9"},{"key":"?destinationCity","val":"San Diego"},{"key":"?st","val":"NO_129dd268_3108_4f46_9c52_6265d5b7acc0_1503942898390_id11"},{"key":"?destinationState","val":"CA"},{"key":"?destinationZipCode","val":"92109"}]}]},{"query":"?- ?t:AE#Travelling, ?t[AE#hasOrigin->?d], ?d[label->?originFullAddress].","resultList":[{"result":[{"key":"?t","val":"VO_c1f4c958_11bd_4c85_ac5e_a0dd691e1334_1503942886935_7"},{"key":"?d","val":"VO_c1f4c958_11bd_4c85_ac5e_a0dd691e1334_1503942886935_3"},{"key":"?originFullAddress","val":"3341 Riviera Dr, San Diego, CA 92109"}]},{"result":[{"key":"?t","val":"VO_c1f4c958_11bd_4c85_ac5e_a0dd691e1334_1503942886935_6"},{"key":"?d","val":"VO_c1f4c958_11bd_4c85_ac5e_a0dd691e1334_1503942886935_8"},{"key":"?originFullAddress","val":"2790 Truxton Road, Suite 130, San Diego, CA 92106"}]}]},{"query":"?- ?t:AE#Travelling, ?t[AE#hasOrigin->?d], ?d[AE#hasStreet->?s], ?s[label->?originStreetName], ?d[AE#hasCity->?c], ?c[label->?originCity], ?d[AE#hasState->?st], ?st[label->?originState], ?d[AE#hasZipcode->?originZipCode].","resultList":[{"result":[{"key":"?t","val":"VO_c1f4c958_11bd_4c85_ac5e_a0dd691e1334_1503942886935_7"},{"key":"?d","val":"VO_c1f4c958_11bd_4c85_ac5e_a0dd691e1334_1503942886935_3"},{"key":"?s","val":"NO_aa0379d6_ca24_4ac2_aa55_d293d4cfee6d_1503942900295_id3"},{"key":"?originStreetName","val":"3341 Riviera Dr"},{"key":"?c","val":"NO_aa0379d6_ca24_4ac2_aa55_d293d4cfee6d_1503942900295_id9"},{"key":"?originCity","val":"San Diego"},{"key":"?st","val":"NO_aa0379d6_ca24_4ac2_aa55_d293d4cfee6d_1503942900295_id11"},{"key":"?originState","val":"CA"},{"key":"?originZipCode","val":"92109"}]},{"result":[{"key":"?t","val":"VO_c1f4c958_11bd_4c85_ac5e_a0dd691e1334_1503942886935_6"},{"key":"?d","val":"VO_c1f4c958_11bd_4c85_ac5e_a0dd691e1334_1503942886935_8"},{"key":"?s","val":"NO_f0ed05ef_ebc7_4a12_99d3_979fb3475e93_1503942896436_id5"},{"key":"?originStreetName","val":"2790 Truxton Road"},{"key":"?c","val":"NO_f0ed05ef_ebc7_4a12_99d3_979fb3475e93_1503942896436_id11"},{"key":"?originCity","val":"San Diego"},{"key":"?st","val":"NO_f0ed05ef_ebc7_4a12_99d3_979fb3475e93_1503942896436_id13"},{"key":"?originState","val":"CA"},{"key":"?originZipCode","val":"92106"}]}]},{"query":"?- ?t:AE#Travelling, ?t[AE#hasPath->?p], ?p[AE#hasStartRegion->?s], ?s[AE#hasLatitude->?originLatitude], ?s[AE#hasLongitude->?originLongitude].","resultList":[{"result":[{"key":"?t","val":"VO_c1f4c958_11bd_4c85_ac5e_a0dd691e1334_1503942886935_6"},{"key":"?p","val":"ES_e3a4cf83_8b47_409d_b68d_8a011b5dea0b_1503942913807_4"},{"key":"?s","val":"ES_e3a4cf83_8b47_409d_b68d_8a011b5dea0b_1503942913807_3"},{"key":"?originLatitude","val":"32.74051839275188058309140615165233612060546875"},{"key":"?originLongitude","val":"-117.2130215001728856805129908025264739990234375"}]}]},{"query":"?- ?t:AE#Travelling, ?t[AE#hasPath->?p], ?p[AE#hasEndRegion->?e], ?e[AE#hasLatitude->?destinationLatitude], ?e[AE#hasLongitude->?destinationLongitude].","resultList":[{"result":[{"key":"?t","val":"VO_c1f4c958_11bd_4c85_ac5e_a0dd691e1334_1503942886935_6"},{"key":"?p","val":"ES_e3a4cf83_8b47_409d_b68d_8a011b5dea0b_1503942913807_4"},{"key":"?e","val":"ES_e3a4cf83_8b47_409d_b68d_8a011b5dea0b_1503942913807_1"},{"key":"?destinationLatitude","val":"32.7802570607939713909217971377074718475341796875"},{"key":"?destinationLongitude","val":"-117.2378314392060332238543196581304073333740234375"}]}]}]}
