{"dataList":[{"query":"?- ?v:AE#VATravelVoucher, ?v[AE#hasVoucherClaimant->?c], ?c[AE#hasName->?cn], ?cn[label->?claimantFullName].","resultList":[{"result":[{"key":"?v","val":"VO_c62cf06d_8e71_4540_ade4_291314790730_1503940304897_0"},{"key":"?c","val":"VO_c62cf06d_8e71_4540_ade4_291314790730_1503940304897_2"},{"key":"?cn","val":"VO_c62cf06d_8e71_4540_ade4_291314790730_1503940304897_1"},{"key":"?claimantFullName","val":"Barry P. Gowen"}]},{"result":[{"key":"?v","val":"VO_c62cf06d_8e71_4540_ade4_291314790730_1503940304897_0"},{"key":"?c","val":"VO_c62cf06d_8e71_4540_ade4_291314790730_1503940304897_2"},{"key":"?cn","val":"NO_703c8046_bb76_4525_b307_ee4b00055d87_1503940313050_0"},{"key":"?claimantFullName","val":"Barry P. Gowen"}]}]},{"query":"?- ?v:AE#VATravelVoucher, ?v[AE#hasVoucherClaimant->?c], ?c[AE#hasName->?cn], ?cn[AE#hasFirstName->?claimantFirstName].","resultList":[{"result":[{"key":"?v","val":"VO_c62cf06d_8e71_4540_ade4_291314790730_1503940304897_0"},{"key":"?c","val":"VO_c62cf06d_8e71_4540_ade4_291314790730_1503940304897_2"},{"key":"?cn","val":"NO_703c8046_bb76_4525_b307_ee4b00055d87_1503940313050_0"},{"key":"?claimantFirstName","val":"barry"}]}]},{"query":"?- ?v:AE#VATravelVoucher, ?v[AE#hasVoucherClaimant->?c], ?c[AE#hasName->?cn], ?cn[AE#hasLastName->?claimantLastName].","resultList":[{"result":[{"key":"?v","val":"VO_c62cf06d_8e71_4540_ade4_291314790730_1503940304897_0"},{"key":"?c","val":"VO_c62cf06d_8e71_4540_ade4_291314790730_1503940304897_2"},{"key":"?cn","val":"NO_703c8046_bb76_4525_b307_ee4b00055d87_1503940313050_0"},{"key":"?claimantLastName","val":"gowen"}]}]},{"query":"?- ?v:AE#VATravelVoucher, ?v[AE#hasVoucherClaimant->?c], ?c[AE#hasSocialSecurityNumber->?s], ?s[label->?claimantSsn].","resultList":[{"result":[{"key":"?v","val":"VO_c62cf06d_8e71_4540_ade4_291314790730_1503940304897_0"},{"key":"?c","val":"VO_c62cf06d_8e71_4540_ade4_291314790730_1503940304897_2"},{"key":"?s","val":"VO_c62cf06d_8e71_4540_ade4_291314790730_1503940304897_12"},{"key":"?claimantSsn","val":"105-64-1169"}]}]},{"query":"?- ?v:AE#VATravelVoucher, ?v[AE#hasVoucherClaimant->?c], ?c[AE#hasLiens->?claimantHasLiens].","resultList":[{"result":[{"key":"?v","val":"VO_c62cf06d_8e71_4540_ade4_291314790730_1503940304897_0"},{"key":"?c","val":"VO_c62cf06d_8e71_4540_ade4_291314790730_1503940304897_2"},{"key":"?claimantHasLiens","val":"AE#NoLienReport"}]}]},{"query":"?- ?v:AE#VATravelVoucher, ?v[AE#hasVoucherClaimant->?c], ?c[AE#hasDeclaredBankruptcy->?claimantHasDeclaredBankruptcy].","resultList":[{"result":[{"key":"?v","val":"VO_c62cf06d_8e71_4540_ade4_291314790730_1503940304897_0"},{"key":"?c","val":"VO_c62cf06d_8e71_4540_ade4_291314790730_1503940304897_2"},{"key":"?claimantHasDeclaredBankruptcy","val":"AE#NoBankruptcyReport"}]}]},{"query":"?- ?v:AE#VATravelVoucher, ?v[AE#hasVoucherClaimant->?c], ?c[AE#hasArrestRecord->?claimantHasArrestRecord].","resultList":[{"result":[{"key":"?v","val":"VO_c62cf06d_8e71_4540_ade4_291314790730_1503940304897_0"},{"key":"?c","val":"VO_c62cf06d_8e71_4540_ade4_291314790730_1503940304897_2"},{"key":"?claimantHasArrestRecord","val":"AE#NoArrestRecord"}]}]},{"query":"?- ?v:AE#VATravelVoucher, ?v[AE#hasVoucherClaimant->?c], ?c[AE#hasCriminalRecord->?claimantHasCriminalRecord].","resultList":[{"result":[{"key":"?v","val":"VO_c62cf06d_8e71_4540_ade4_291314790730_1503940304897_0"},{"key":"?c","val":"VO_c62cf06d_8e71_4540_ade4_291314790730_1503940304897_2"},{"key":"?claimantHasCriminalRecord","val":"AE#NoCriminalRecord"}]}]},{"query":"?- ?v:AE#VATravelVoucher, ?v[AE#hasVoucherBeneficiary->?b], ?b[AE#hasName->?cn], ?cn[label->?beneficiaryFullName].","resultList":[{"result":[{"key":"?v","val":"VO_c62cf06d_8e71_4540_ade4_291314790730_1503940304897_0"},{"key":"?b","val":"VO_c62cf06d_8e71_4540_ade4_291314790730_1503940304897_11"},{"key":"?cn","val":"VO_c62cf06d_8e71_4540_ade4_291314790730_1503940304897_10"},{"key":"?beneficiaryFullName","val":"Barry P. Gowen"}]},{"result":[{"key":"?v","val":"VO_c62cf06d_8e71_4540_ade4_291314790730_1503940304897_0"},{"key":"?b","val":"VO_c62cf06d_8e71_4540_ade4_291314790730_1503940304897_11"},{"key":"?cn","val":"NO_d16ad67a_ba2e_4098_8b40_3cbe2ccd8190_1503940311096_0"},{"key":"?beneficiaryFullName","val":"Barry P. Gowen"}]}]},{"query":"?- ?v:AE#VATravelVoucher, ?v[AE#hasVoucherBeneficiary->?b], ?b[AE#hasName->?cn], ?cn[AE#hasFirstName->?beneficiaryFirstName].","resultList":[{"result":[{"key":"?v","val":"VO_c62cf06d_8e71_4540_ade4_291314790730_1503940304897_0"},{"key":"?b","val":"VO_c62cf06d_8e71_4540_ade4_291314790730_1503940304897_11"},{"key":"?cn","val":"NO_d16ad67a_ba2e_4098_8b40_3cbe2ccd8190_1503940311096_0"},{"key":"?beneficiaryFirstName","val":"barry"}]}]},{"query":"?- ?v:AE#VATravelVoucher, ?v[AE#hasVoucherBeneficiary->?b], ?b[AE#hasName->?cn], ?cn[AE#hasLastName->?beneficiaryLastName].","resultList":[{"result":[{"key":"?v","val":"VO_c62cf06d_8e71_4540_ade4_291314790730_1503940304897_0"},{"key":"?b","val":"VO_c62cf06d_8e71_4540_ade4_291314790730_1503940304897_11"},{"key":"?cn","val":"NO_d16ad67a_ba2e_4098_8b40_3cbe2ccd8190_1503940311096_0"},{"key":"?beneficiaryLastName","val":"gowen"}]}]},{"query":"?- ?v:AE#VATravelVoucher, ?v[AE#hasVoucherBeneficiary->?b], ?b[AE#hasSocialSecurityNumber->?s], ?s[label->?beneficiarySsn].","resultList":[{"result":[{"key":"?v","val":"VO_c62cf06d_8e71_4540_ade4_291314790730_1503940304897_0"},{"key":"?b","val":"VO_c62cf06d_8e71_4540_ade4_291314790730_1503940304897_11"},{"key":"?s","val":"VO_c62cf06d_8e71_4540_ade4_291314790730_1503940304897_9"},{"key":"?beneficiarySsn","val":"105-64-1169"}]}]},{"query":"?- ?v:AE#VATravelVoucher, ?v[AE#hasVoucherBeneficiary->?b], ?b[AE#hasLiens->?beneficiaryHasLiens].","resultList":[{"result":[{"key":"?v","val":"VO_c62cf06d_8e71_4540_ade4_291314790730_1503940304897_0"},{"key":"?b","val":"VO_c62cf06d_8e71_4540_ade4_291314790730_1503940304897_11"},{"key":"?beneficiaryHasLiens","val":"AE#NoLienReport"}]}]},{"query":"?- ?v:AE#VATravelVoucher, ?v[AE#hasVoucherBeneficiary->?b], ?b[AE#hasDeclaredBankruptcy->?beneficiaryHasDeclaredBankruptcy].","resultList":[{"result":[{"key":"?v","val":"VO_c62cf06d_8e71_4540_ade4_291314790730_1503940304897_0"},{"key":"?b","val":"VO_c62cf06d_8e71_4540_ade4_291314790730_1503940304897_11"},{"key":"?beneficiaryHasDeclaredBankruptcy","val":"AE#NoBankruptcyReport"}]}]},{"query":"?- ?v:AE#VATravelVoucher, ?v[AE#hasVoucherBeneficiary->?b], ?b[AE#hasArrestRecord->?beneficiaryHasArrestRecord].","resultList":[{"result":[{"key":"?v","val":"VO_c62cf06d_8e71_4540_ade4_291314790730_1503940304897_0"},{"key":"?b","val":"VO_c62cf06d_8e71_4540_ade4_291314790730_1503940304897_11"},{"key":"?beneficiaryHasArrestRecord","val":"AE#NoArrestRecord"}]}]},{"query":"?- ?v:AE#VATravelVoucher, ?v[AE#hasVoucherBeneficiary->?b], ?b[AE#hasCriminalRecord->?beneficiaryHasCriminalRecord].","resultList":[{"result":[{"key":"?v","val":"VO_c62cf06d_8e71_4540_ade4_291314790730_1503940304897_0"},{"key":"?b","val":"VO_c62cf06d_8e71_4540_ade4_291314790730_1503940304897_11"},{"key":"?beneficiaryHasCriminalRecord","val":"AE#NoCriminalRecord"}]}]},{"query":"?- ?t:AE#Travelling, ?t[AE#hasPath->?p], ?p[AE#hasDistance->?d], ?d[AE#numericValue->?expectedDistanceValue], ?d[AE#hasUnitOfMeasure->?unitOfDistanceMeasure].","resultList":[{"result":[{"key":"?t","val":"VO_c62cf06d_8e71_4540_ade4_291314790730_1503940304897_6"},{"key":"?p","val":"ES_716bf27c_8ef4_4415_97cc_92c0c4b282ce_1503940332747_4"},{"key":"?d","val":"ES_716bf27c_8ef4_4415_97cc_92c0c4b282ce_1503940332747_0"},{"key":"?expectedDistanceValue","val":"21299.5785010429899557493627071380615234375"},{"key":"?unitOfDistanceMeasure","val":"meters"}]}]},{"query":"?- ?t:AE#Travelling, ?t[AE#hasPath->?p], ?p[AE#hasExpectedTravelTime->?d], ?d[AE#numericValue->?expectedTimeValue], ?d[AE#hasUnitOfMeasure->?unitOfTimeMeasure].","resultList":[{"result":[{"key":"?t","val":"VO_c62cf06d_8e71_4540_ade4_291314790730_1503940304897_6"},{"key":"?p","val":"ES_716bf27c_8ef4_4415_97cc_92c0c4b282ce_1503940332747_4"},{"key":"?d","val":"ES_716bf27c_8ef4_4415_97cc_92c0c4b282ce_1503940332747_2"},{"key":"?expectedTimeValue","val":"17.978996973834000527858734130859375"},{"key":"?unitOfTimeMeasure","val":"minutes"}]}]},{"query":"?- ?t:AE#Travelling, ?t[AE#hasDestination->?d], ?d[label->?destinationFullAddress].","resultList":[{"result":[{"key":"?t","val":"VO_c62cf06d_8e71_4540_ade4_291314790730_1503940304897_7"},{"key":"?d","val":"VO_c62cf06d_8e71_4540_ade4_291314790730_1503940304897_8"},{"key":"?destinationFullAddress","val":"2790 Truxton Road, Suite 130, San Diego, CA 92106"}]},{"result":[{"key":"?t","val":"VO_c62cf06d_8e71_4540_ade4_291314790730_1503940304897_6"},{"key":"?d","val":"VO_c62cf06d_8e71_4540_ade4_291314790730_1503940304897_5"},{"key":"?destinationFullAddress","val":"78 Pumpkin Hill Ave. San Diego, CA 92114"}]}]},{"query":"?- ?t:AE#Travelling, ?t[AE#hasDestination->?d], ?d[AE#hasStreet->?s], ?s[label->?destinationStreetName], ?d[AE#hasCity->?c], ?c[label->?destinationCity], ?d[AE#hasState->?st], ?st[label->?destinationState], ?d[AE#hasZipcode->?destinationZipCode].","resultList":[{"result":[{"key":"?t","val":"VO_c62cf06d_8e71_4540_ade4_291314790730_1503940304897_7"},{"key":"?d","val":"VO_c62cf06d_8e71_4540_ade4_291314790730_1503940304897_8"},{"key":"?s","val":"NO_4a6aad41_0817_42fe_95bd_d8641d26232d_1503940315097_id5"},{"key":"?destinationStreetName","val":"2790 Truxton Road"},{"key":"?c","val":"NO_4a6aad41_0817_42fe_95bd_d8641d26232d_1503940315097_id11"},{"key":"?destinationCity","val":"San Diego"},{"key":"?st","val":"NO_4a6aad41_0817_42fe_95bd_d8641d26232d_1503940315097_id13"},{"key":"?destinationState","val":"CA"},{"key":"?destinationZipCode","val":"92106"}]},{"result":[{"key":"?t","val":"VO_c62cf06d_8e71_4540_ade4_291314790730_1503940304897_6"},{"key":"?d","val":"VO_c62cf06d_8e71_4540_ade4_291314790730_1503940304897_5"},{"key":"?s","val":"NO_8a225a62_c068_4309_986c_97c9951bc086_1503940317237_id3"},{"key":"?destinationStreetName","val":"78 Pumpkin Hill Ave."},{"key":"?c","val":"NO_8a225a62_c068_4309_986c_97c9951bc086_1503940317237_id9"},{"key":"?destinationCity","val":"San Diego"},{"key":"?st","val":"NO_8a225a62_c068_4309_986c_97c9951bc086_1503940317237_id11"},{"key":"?destinationState","val":"CA"},{"key":"?destinationZipCode","val":"92114"}]}]},{"query":"?- ?t:AE#Travelling, ?t[AE#hasOrigin->?d], ?d[label->?originFullAddress].","resultList":[{"result":[{"key":"?t","val":"VO_c62cf06d_8e71_4540_ade4_291314790730_1503940304897_7"},{"key":"?d","val":"VO_c62cf06d_8e71_4540_ade4_291314790730_1503940304897_3"},{"key":"?originFullAddress","val":"78 Pumpkin Hill Ave. San Diego, CA 92114"}]},{"result":[{"key":"?t","val":"VO_c62cf06d_8e71_4540_ade4_291314790730_1503940304897_6"},{"key":"?d","val":"VO_c62cf06d_8e71_4540_ade4_291314790730_1503940304897_8"},{"key":"?originFullAddress","val":"2790 Truxton Road, Suite 130, San Diego, CA 92106"}]}]},{"query":"?- ?t:AE#Travelling, ?t[AE#hasOrigin->?d], ?d[AE#hasStreet->?s], ?s[label->?originStreetName], ?d[AE#hasCity->?c], ?c[label->?originCity], ?d[AE#hasState->?st], ?st[label->?originState], ?d[AE#hasZipcode->?originZipCode].","resultList":[{"result":[{"key":"?t","val":"VO_c62cf06d_8e71_4540_ade4_291314790730_1503940304897_7"},{"key":"?d","val":"VO_c62cf06d_8e71_4540_ade4_291314790730_1503940304897_3"},{"key":"?s","val":"NO_daaae9fe_73eb_4f18_9c24_ba01faa4e2b3_1503940319234_id3"},{"key":"?originStreetName","val":"78 Pumpkin Hill Ave."},{"key":"?c","val":"NO_daaae9fe_73eb_4f18_9c24_ba01faa4e2b3_1503940319234_id9"},{"key":"?originCity","val":"San Diego"},{"key":"?st","val":"NO_daaae9fe_73eb_4f18_9c24_ba01faa4e2b3_1503940319234_id11"},{"key":"?originState","val":"CA"},{"key":"?originZipCode","val":"92114"}]},{"result":[{"key":"?t","val":"VO_c62cf06d_8e71_4540_ade4_291314790730_1503940304897_6"},{"key":"?d","val":"VO_c62cf06d_8e71_4540_ade4_291314790730_1503940304897_8"},{"key":"?s","val":"NO_4a6aad41_0817_42fe_95bd_d8641d26232d_1503940315097_id5"},{"key":"?originStreetName","val":"2790 Truxton Road"},{"key":"?c","val":"NO_4a6aad41_0817_42fe_95bd_d8641d26232d_1503940315097_id11"},{"key":"?originCity","val":"San Diego"},{"key":"?st","val":"NO_4a6aad41_0817_42fe_95bd_d8641d26232d_1503940315097_id13"},{"key":"?originState","val":"CA"},{"key":"?originZipCode","val":"92106"}]}]},{"query":"?- ?t:AE#Travelling, ?t[AE#hasPath->?p], ?p[AE#hasStartRegion->?s], ?s[AE#hasLatitude->?originLatitude], ?s[AE#hasLongitude->?originLongitude].","resultList":[{"result":[{"key":"?t","val":"VO_c62cf06d_8e71_4540_ade4_291314790730_1503940304897_6"},{"key":"?p","val":"ES_716bf27c_8ef4_4415_97cc_92c0c4b282ce_1503940332747_4"},{"key":"?s","val":"ES_716bf27c_8ef4_4415_97cc_92c0c4b282ce_1503940332747_3"},{"key":"?originLatitude","val":"32.74051839275188058309140615165233612060546875"},{"key":"?originLongitude","val":"-117.2130215001728856805129908025264739990234375"}]}]},{"query":"?- ?t:AE#Travelling, ?t[AE#hasPath->?p], ?p[AE#hasEndRegion->?e], ?e[AE#hasLatitude->?destinationLatitude], ?e[AE#hasLongitude->?destinationLongitude].","resultList":[{"result":[{"key":"?t","val":"VO_c62cf06d_8e71_4540_ade4_291314790730_1503940304897_6"},{"key":"?p","val":"ES_716bf27c_8ef4_4415_97cc_92c0c4b282ce_1503940332747_4"},{"key":"?e","val":"ES_716bf27c_8ef4_4415_97cc_92c0c4b282ce_1503940332747_1"},{"key":"?destinationLatitude","val":"32.70333010000007334383553825318813323974609375"},{"key":"?destinationLongitude","val":"-117.0296501999999918552930466830730438232421875"}]}]}]}
