{"dataList":[{"query":"?- ?v:AE#VATravelVoucher, ?v[AE#hasVoucherClaimant->?c], ?c[AE#hasName->?cn], ?cn[label->?claimantFullName].","resultList":[{"result":[{"key":"?v","val":"VO_c98d13f6_d753_4a81_bf06_1073c79189a5_1503940494587_0"},{"key":"?c","val":"VO_c98d13f6_d753_4a81_bf06_1073c79189a5_1503940494587_2"},{"key":"?cn","val":"NO_8ae3d6f0_b67c_4a05_9ddd_4269b33990e9_1503940502700_0"},{"key":"?claimantFullName","val":"Josephine Dorothy Buist"}]},{"result":[{"key":"?v","val":"VO_c98d13f6_d753_4a81_bf06_1073c79189a5_1503940494587_0"},{"key":"?c","val":"VO_c98d13f6_d753_4a81_bf06_1073c79189a5_1503940494587_2"},{"key":"?cn","val":"VO_c98d13f6_d753_4a81_bf06_1073c79189a5_1503940494587_1"},{"key":"?claimantFullName","val":"Josephine Dorothy Buist"}]}]},{"query":"?- ?v:AE#VATravelVoucher, ?v[AE#hasVoucherClaimant->?c], ?c[AE#hasName->?cn], ?cn[AE#hasFirstName->?claimantFirstName].","resultList":[{"result":[{"key":"?v","val":"VO_c98d13f6_d753_4a81_bf06_1073c79189a5_1503940494587_0"},{"key":"?c","val":"VO_c98d13f6_d753_4a81_bf06_1073c79189a5_1503940494587_2"},{"key":"?cn","val":"NO_8ae3d6f0_b67c_4a05_9ddd_4269b33990e9_1503940502700_0"},{"key":"?claimantFirstName","val":"josephine"}]}]},{"query":"?- ?v:AE#VATravelVoucher, ?v[AE#hasVoucherClaimant->?c], ?c[AE#hasName->?cn], ?cn[AE#hasLastName->?claimantLastName].","resultList":[{"result":[{"key":"?v","val":"VO_c98d13f6_d753_4a81_bf06_1073c79189a5_1503940494587_0"},{"key":"?c","val":"VO_c98d13f6_d753_4a81_bf06_1073c79189a5_1503940494587_2"},{"key":"?cn","val":"NO_8ae3d6f0_b67c_4a05_9ddd_4269b33990e9_1503940502700_0"},{"key":"?claimantLastName","val":"buist"}]}]},{"query":"?- ?v:AE#VATravelVoucher, ?v[AE#hasVoucherClaimant->?c], ?c[AE#hasSocialSecurityNumber->?s], ?s[label->?claimantSsn].","resultList":[{"result":[{"key":"?v","val":"VO_c98d13f6_d753_4a81_bf06_1073c79189a5_1503940494587_0"},{"key":"?c","val":"VO_c98d13f6_d753_4a81_bf06_1073c79189a5_1503940494587_2"},{"key":"?s","val":"VO_c98d13f6_d753_4a81_bf06_1073c79189a5_1503940494587_12"},{"key":"?claimantSsn","val":"191-37-9878"}]}]},{"query":"?- ?v:AE#VATravelVoucher, ?v[AE#hasVoucherClaimant->?c], ?c[AE#hasLiens->?claimantHasLiens].","resultList":[{"result":[{"key":"?v","val":"VO_c98d13f6_d753_4a81_bf06_1073c79189a5_1503940494587_0"},{"key":"?c","val":"VO_c98d13f6_d753_4a81_bf06_1073c79189a5_1503940494587_2"},{"key":"?claimantHasLiens","val":"AE#UnknownLienReport"}]}]},{"query":"?- ?v:AE#VATravelVoucher, ?v[AE#hasVoucherClaimant->?c], ?c[AE#hasDeclaredBankruptcy->?claimantHasDeclaredBankruptcy].","resultList":[{"result":[{"key":"?v","val":"VO_c98d13f6_d753_4a81_bf06_1073c79189a5_1503940494587_0"},{"key":"?c","val":"VO_c98d13f6_d753_4a81_bf06_1073c79189a5_1503940494587_2"},{"key":"?claimantHasDeclaredBankruptcy","val":"AE#NoBankruptcyReport"}]}]},{"query":"?- ?v:AE#VATravelVoucher, ?v[AE#hasVoucherClaimant->?c], ?c[AE#hasArrestRecord->?claimantHasArrestRecord].","resultList":[{"result":[{"key":"?v","val":"VO_c98d13f6_d753_4a81_bf06_1073c79189a5_1503940494587_0"},{"key":"?c","val":"VO_c98d13f6_d753_4a81_bf06_1073c79189a5_1503940494587_2"},{"key":"?claimantHasArrestRecord","val":"AE#NoArrestRecord"}]}]},{"query":"?- ?v:AE#VATravelVoucher, ?v[AE#hasVoucherClaimant->?c], ?c[AE#hasCriminalRecord->?claimantHasCriminalRecord].","resultList":[{"result":[{"key":"?v","val":"VO_c98d13f6_d753_4a81_bf06_1073c79189a5_1503940494587_0"},{"key":"?c","val":"VO_c98d13f6_d753_4a81_bf06_1073c79189a5_1503940494587_2"},{"key":"?claimantHasCriminalRecord","val":"AE#NoCriminalRecord"}]}]},{"query":"?- ?v:AE#VATravelVoucher, ?v[AE#hasVoucherBeneficiary->?b], ?b[AE#hasName->?cn], ?cn[label->?beneficiaryFullName].","resultList":[{"result":[{"key":"?v","val":"VO_c98d13f6_d753_4a81_bf06_1073c79189a5_1503940494587_0"},{"key":"?b","val":"VO_c98d13f6_d753_4a81_bf06_1073c79189a5_1503940494587_11"},{"key":"?cn","val":"VO_c98d13f6_d753_4a81_bf06_1073c79189a5_1503940494587_10"},{"key":"?beneficiaryFullName","val":"Joseph C. Robb"}]},{"result":[{"key":"?v","val":"VO_c98d13f6_d753_4a81_bf06_1073c79189a5_1503940494587_0"},{"key":"?b","val":"VO_c98d13f6_d753_4a81_bf06_1073c79189a5_1503940494587_11"},{"key":"?cn","val":"NO_47483b80_5253_4829_83d7_c748f6433b0e_1503940500407_0"},{"key":"?beneficiaryFullName","val":"Joseph C. Robb"}]}]},{"query":"?- ?v:AE#VATravelVoucher, ?v[AE#hasVoucherBeneficiary->?b], ?b[AE#hasName->?cn], ?cn[AE#hasFirstName->?beneficiaryFirstName].","resultList":[{"result":[{"key":"?v","val":"VO_c98d13f6_d753_4a81_bf06_1073c79189a5_1503940494587_0"},{"key":"?b","val":"VO_c98d13f6_d753_4a81_bf06_1073c79189a5_1503940494587_11"},{"key":"?cn","val":"NO_47483b80_5253_4829_83d7_c748f6433b0e_1503940500407_0"},{"key":"?beneficiaryFirstName","val":"joseph"}]}]},{"query":"?- ?v:AE#VATravelVoucher, ?v[AE#hasVoucherBeneficiary->?b], ?b[AE#hasName->?cn], ?cn[AE#hasLastName->?beneficiaryLastName].","resultList":[{"result":[{"key":"?v","val":"VO_c98d13f6_d753_4a81_bf06_1073c79189a5_1503940494587_0"},{"key":"?b","val":"VO_c98d13f6_d753_4a81_bf06_1073c79189a5_1503940494587_11"},{"key":"?cn","val":"NO_47483b80_5253_4829_83d7_c748f6433b0e_1503940500407_0"},{"key":"?beneficiaryLastName","val":"robb"}]}]},{"query":"?- ?v:AE#VATravelVoucher, ?v[AE#hasVoucherBeneficiary->?b], ?b[AE#hasSocialSecurityNumber->?s], ?s[label->?beneficiarySsn].","resultList":[{"result":[{"key":"?v","val":"VO_c98d13f6_d753_4a81_bf06_1073c79189a5_1503940494587_0"},{"key":"?b","val":"VO_c98d13f6_d753_4a81_bf06_1073c79189a5_1503940494587_11"},{"key":"?s","val":"VO_c98d13f6_d753_4a81_bf06_1073c79189a5_1503940494587_9"},{"key":"?beneficiarySsn","val":"720-14-7694"}]}]},{"query":"?- ?v:AE#VATravelVoucher, ?v[AE#hasVoucherBeneficiary->?b], ?b[AE#hasLiens->?beneficiaryHasLiens].","resultList":[{"result":[{"key":"?v","val":"VO_c98d13f6_d753_4a81_bf06_1073c79189a5_1503940494587_0"},{"key":"?b","val":"VO_c98d13f6_d753_4a81_bf06_1073c79189a5_1503940494587_11"},{"key":"?beneficiaryHasLiens","val":"AE#NoLienReport"}]}]},{"query":"?- ?v:AE#VATravelVoucher, ?v[AE#hasVoucherBeneficiary->?b], ?b[AE#hasDeclaredBankruptcy->?beneficiaryHasDeclaredBankruptcy].","resultList":[{"result":[{"key":"?v","val":"VO_c98d13f6_d753_4a81_bf06_1073c79189a5_1503940494587_0"},{"key":"?b","val":"VO_c98d13f6_d753_4a81_bf06_1073c79189a5_1503940494587_11"},{"key":"?beneficiaryHasDeclaredBankruptcy","val":"AE#NoBankruptcyReport"}]}]},{"query":"?- ?v:AE#VATravelVoucher, ?v[AE#hasVoucherBeneficiary->?b], ?b[AE#hasArrestRecord->?beneficiaryHasArrestRecord].","resultList":[{"result":[{"key":"?v","val":"VO_c98d13f6_d753_4a81_bf06_1073c79189a5_1503940494587_0"},{"key":"?b","val":"VO_c98d13f6_d753_4a81_bf06_1073c79189a5_1503940494587_11"},{"key":"?beneficiaryHasArrestRecord","val":"AE#NoArrestRecord"}]}]},{"query":"?- ?v:AE#VATravelVoucher, ?v[AE#hasVoucherBeneficiary->?b], ?b[AE#hasCriminalRecord->?beneficiaryHasCriminalRecord].","resultList":[{"result":[{"key":"?v","val":"VO_c98d13f6_d753_4a81_bf06_1073c79189a5_1503940494587_0"},{"key":"?b","val":"VO_c98d13f6_d753_4a81_bf06_1073c79189a5_1503940494587_11"},{"key":"?beneficiaryHasCriminalRecord","val":"AE#NoCriminalRecord"}]}]},{"query":"?- ?t:AE#Travelling, ?t[AE#hasPath->?p], ?p[AE#hasDistance->?d], ?d[AE#numericValue->?expectedDistanceValue], ?d[AE#hasUnitOfMeasure->?unitOfDistanceMeasure].","resultList":[{"result":[{"key":"?t","val":"VO_c98d13f6_d753_4a81_bf06_1073c79189a5_1503940494587_6"},{"key":"?p","val":"ES_bb37e828_6c55_4b3d_b947_fbfb7c2e699f_1503940521689_4"},{"key":"?d","val":"ES_bb37e828_6c55_4b3d_b947_fbfb7c2e699f_1503940521689_0"},{"key":"?expectedDistanceValue","val":"3891.83305162982605907018296420574188232421875"},{"key":"?unitOfDistanceMeasure","val":"meters"}]}]},{"query":"?- ?t:AE#Travelling, ?t[AE#hasPath->?p], ?p[AE#hasExpectedTravelTime->?d], ?d[AE#numericValue->?expectedTimeValue], ?d[AE#hasUnitOfMeasure->?unitOfTimeMeasure].","resultList":[{"result":[{"key":"?t","val":"VO_c98d13f6_d753_4a81_bf06_1073c79189a5_1503940494587_6"},{"key":"?p","val":"ES_bb37e828_6c55_4b3d_b947_fbfb7c2e699f_1503940521689_4"},{"key":"?d","val":"ES_bb37e828_6c55_4b3d_b947_fbfb7c2e699f_1503940521689_2"},{"key":"?expectedTimeValue","val":"5.44380643987096846103668212890625"},{"key":"?unitOfTimeMeasure","val":"minutes"}]}]},{"query":"?- ?t:AE#Travelling, ?t[AE#hasDestination->?d], ?d[label->?destinationFullAddress].","resultList":[{"result":[{"key":"?t","val":"VO_c98d13f6_d753_4a81_bf06_1073c79189a5_1503940494587_7"},{"key":"?d","val":"VO_c98d13f6_d753_4a81_bf06_1073c79189a5_1503940494587_8"},{"key":"?destinationFullAddress","val":"2790 Truxton Road, Suite 130, San Diego, CA 92106"}]},{"result":[{"key":"?t","val":"VO_c98d13f6_d753_4a81_bf06_1073c79189a5_1503940494587_6"},{"key":"?d","val":"VO_c98d13f6_d753_4a81_bf06_1073c79189a5_1503940494587_5"},{"key":"?destinationFullAddress","val":"4298 Mason St. San Diego, CA 92110"}]}]},{"query":"?- ?t:AE#Travelling, ?t[AE#hasDestination->?d], ?d[AE#hasStreet->?s], ?s[label->?destinationStreetName], ?d[AE#hasCity->?c], ?c[label->?destinationCity], ?d[AE#hasState->?st], ?st[label->?destinationState], ?d[AE#hasZipcode->?destinationZipCode].","resultList":[{"result":[{"key":"?t","val":"VO_c98d13f6_d753_4a81_bf06_1073c79189a5_1503940494587_7"},{"key":"?d","val":"VO_c98d13f6_d753_4a81_bf06_1073c79189a5_1503940494587_8"},{"key":"?s","val":"NO_b432b1ba_a764_413f_b5e5_371e8a277d72_1503940504743_id5"},{"key":"?destinationStreetName","val":"2790 Truxton Road"},{"key":"?c","val":"NO_b432b1ba_a764_413f_b5e5_371e8a277d72_1503940504743_id11"},{"key":"?destinationCity","val":"San Diego"},{"key":"?st","val":"NO_b432b1ba_a764_413f_b5e5_371e8a277d72_1503940504743_id13"},{"key":"?destinationState","val":"CA"},{"key":"?destinationZipCode","val":"92106"}]},{"result":[{"key":"?t","val":"VO_c98d13f6_d753_4a81_bf06_1073c79189a5_1503940494587_6"},{"key":"?d","val":"VO_c98d13f6_d753_4a81_bf06_1073c79189a5_1503940494587_5"},{"key":"?s","val":"NO_3314d278_2950_4d8c_bae8_049546746ba9_1503940506669_id3"},{"key":"?destinationStreetName","val":"4298 Mason St."},{"key":"?c","val":"NO_3314d278_2950_4d8c_bae8_049546746ba9_1503940506669_id9"},{"key":"?destinationCity","val":"San Diego"},{"key":"?st","val":"NO_3314d278_2950_4d8c_bae8_049546746ba9_1503940506669_id11"},{"key":"?destinationState","val":"CA"},{"key":"?destinationZipCode","val":"92110"}]}]},{"query":"?- ?t:AE#Travelling, ?t[AE#hasOrigin->?d], ?d[label->?originFullAddress].","resultList":[{"result":[{"key":"?t","val":"VO_c98d13f6_d753_4a81_bf06_1073c79189a5_1503940494587_7"},{"key":"?d","val":"VO_c98d13f6_d753_4a81_bf06_1073c79189a5_1503940494587_3"},{"key":"?originFullAddress","val":"278 Mountainview Drive San Diego, CA 92126"}]},{"result":[{"key":"?t","val":"VO_c98d13f6_d753_4a81_bf06_1073c79189a5_1503940494587_6"},{"key":"?d","val":"VO_c98d13f6_d753_4a81_bf06_1073c79189a5_1503940494587_8"},{"key":"?originFullAddress","val":"2790 Truxton Road, Suite 130, San Diego, CA 92106"}]}]},{"query":"?- ?t:AE#Travelling, ?t[AE#hasOrigin->?d], ?d[AE#hasStreet->?s], ?s[label->?originStreetName], ?d[AE#hasCity->?c], ?c[label->?originCity], ?d[AE#hasState->?st], ?st[label->?originState], ?d[AE#hasZipcode->?originZipCode].","resultList":[{"result":[{"key":"?t","val":"VO_c98d13f6_d753_4a81_bf06_1073c79189a5_1503940494587_7"},{"key":"?d","val":"VO_c98d13f6_d753_4a81_bf06_1073c79189a5_1503940494587_3"},{"key":"?s","val":"NO_b3714d2f_f1ef_4a4b_852d_baec19588654_1503940508732_id3"},{"key":"?originStreetName","val":"278 Mountainview Drive"},{"key":"?c","val":"NO_b3714d2f_f1ef_4a4b_852d_baec19588654_1503940508732_id9"},{"key":"?originCity","val":"San Diego"},{"key":"?st","val":"NO_b3714d2f_f1ef_4a4b_852d_baec19588654_1503940508732_id11"},{"key":"?originState","val":"CA"},{"key":"?originZipCode","val":"92126"}]},{"result":[{"key":"?t","val":"VO_c98d13f6_d753_4a81_bf06_1073c79189a5_1503940494587_6"},{"key":"?d","val":"VO_c98d13f6_d753_4a81_bf06_1073c79189a5_1503940494587_8"},{"key":"?s","val":"NO_b432b1ba_a764_413f_b5e5_371e8a277d72_1503940504743_id5"},{"key":"?originStreetName","val":"2790 Truxton Road"},{"key":"?c","val":"NO_b432b1ba_a764_413f_b5e5_371e8a277d72_1503940504743_id11"},{"key":"?originCity","val":"San Diego"},{"key":"?st","val":"NO_b432b1ba_a764_413f_b5e5_371e8a277d72_1503940504743_id13"},{"key":"?originState","val":"CA"},{"key":"?originZipCode","val":"92106"}]}]},{"query":"?- ?t:AE#Travelling, ?t[AE#hasPath->?p], ?p[AE#hasStartRegion->?s], ?s[AE#hasLatitude->?originLatitude], ?s[AE#hasLongitude->?originLongitude].","resultList":[{"result":[{"key":"?t","val":"VO_c98d13f6_d753_4a81_bf06_1073c79189a5_1503940494587_6"},{"key":"?p","val":"ES_bb37e828_6c55_4b3d_b947_fbfb7c2e699f_1503940521689_4"},{"key":"?s","val":"ES_bb37e828_6c55_4b3d_b947_fbfb7c2e699f_1503940521689_3"},{"key":"?originLatitude","val":"32.74051839275188058309140615165233612060546875"},{"key":"?originLongitude","val":"-117.2130215001728856805129908025264739990234375"}]}]},{"query":"?- ?t:AE#Travelling, ?t[AE#hasPath->?p], ?p[AE#hasEndRegion->?e], ?e[AE#hasLatitude->?destinationLatitude], ?e[AE#hasLongitude->?destinationLongitude].","resultList":[{"result":[{"key":"?t","val":"VO_c98d13f6_d753_4a81_bf06_1073c79189a5_1503940494587_6"},{"key":"?p","val":"ES_bb37e828_6c55_4b3d_b947_fbfb7c2e699f_1503940521689_4"},{"key":"?e","val":"ES_bb37e828_6c55_4b3d_b947_fbfb7c2e699f_1503940521689_1"},{"key":"?destinationLatitude","val":"32.75652391651760098056911374442279338836669921875"},{"key":"?destinationLongitude","val":"-117.1950207281578286711010150611400604248046875"}]}]}]}
