{"dataList":[{"query":"?- ?v:AE#VATravelVoucher, ?v[AE#hasVoucherClaimant->?c], ?c[AE#hasName->?cn], ?cn[label->?claimantFullName].","resultList":[{"result":[{"key":"?v","val":"VO_dd06155e_cb4c_4dff_a0e7_749f9f30ef60_1503941466275_0"},{"key":"?c","val":"VO_dd06155e_cb4c_4dff_a0e7_749f9f30ef60_1503941466275_2"},{"key":"?cn","val":"NO_6a3ea0f0_6bd6_4625_8d2f_8715bf91305d_1503941473575_0"},{"key":"?claimantFullName","val":"Marco Ryan Judd"}]},{"result":[{"key":"?v","val":"VO_dd06155e_cb4c_4dff_a0e7_749f9f30ef60_1503941466275_0"},{"key":"?c","val":"VO_dd06155e_cb4c_4dff_a0e7_749f9f30ef60_1503941466275_2"},{"key":"?cn","val":"VO_dd06155e_cb4c_4dff_a0e7_749f9f30ef60_1503941466275_1"},{"key":"?claimantFullName","val":"Marco Ryan Judd"}]}]},{"query":"?- ?v:AE#VATravelVoucher, ?v[AE#hasVoucherClaimant->?c], ?c[AE#hasName->?cn], ?cn[AE#hasFirstName->?claimantFirstName].","resultList":[{"result":[{"key":"?v","val":"VO_dd06155e_cb4c_4dff_a0e7_749f9f30ef60_1503941466275_0"},{"key":"?c","val":"VO_dd06155e_cb4c_4dff_a0e7_749f9f30ef60_1503941466275_2"},{"key":"?cn","val":"NO_6a3ea0f0_6bd6_4625_8d2f_8715bf91305d_1503941473575_0"},{"key":"?claimantFirstName","val":"marco"}]}]},{"query":"?- ?v:AE#VATravelVoucher, ?v[AE#hasVoucherClaimant->?c], ?c[AE#hasName->?cn], ?cn[AE#hasLastName->?claimantLastName].","resultList":[{"result":[{"key":"?v","val":"VO_dd06155e_cb4c_4dff_a0e7_749f9f30ef60_1503941466275_0"},{"key":"?c","val":"VO_dd06155e_cb4c_4dff_a0e7_749f9f30ef60_1503941466275_2"},{"key":"?cn","val":"NO_6a3ea0f0_6bd6_4625_8d2f_8715bf91305d_1503941473575_0"},{"key":"?claimantLastName","val":"judd"}]}]},{"query":"?- ?v:AE#VATravelVoucher, ?v[AE#hasVoucherClaimant->?c], ?c[AE#hasSocialSecurityNumber->?s], ?s[label->?claimantSsn].","resultList":[{"result":[{"key":"?v","val":"VO_dd06155e_cb4c_4dff_a0e7_749f9f30ef60_1503941466275_0"},{"key":"?c","val":"VO_dd06155e_cb4c_4dff_a0e7_749f9f30ef60_1503941466275_2"},{"key":"?s","val":"VO_dd06155e_cb4c_4dff_a0e7_749f9f30ef60_1503941466275_12"},{"key":"?claimantSsn","val":"501-10-9564"}]}]},{"query":"?- ?v:AE#VATravelVoucher, ?v[AE#hasVoucherClaimant->?c], ?c[AE#hasLiens->?claimantHasLiens].","resultList":[{"result":[{"key":"?v","val":"VO_dd06155e_cb4c_4dff_a0e7_749f9f30ef60_1503941466275_0"},{"key":"?c","val":"VO_dd06155e_cb4c_4dff_a0e7_749f9f30ef60_1503941466275_2"},{"key":"?claimantHasLiens","val":"AE#NoLienReport"}]}]},{"query":"?- ?v:AE#VATravelVoucher, ?v[AE#hasVoucherClaimant->?c], ?c[AE#hasDeclaredBankruptcy->?claimantHasDeclaredBankruptcy].","resultList":[{"result":[{"key":"?v","val":"VO_dd06155e_cb4c_4dff_a0e7_749f9f30ef60_1503941466275_0"},{"key":"?c","val":"VO_dd06155e_cb4c_4dff_a0e7_749f9f30ef60_1503941466275_2"},{"key":"?claimantHasDeclaredBankruptcy","val":"AE#NoBankruptcyReport"}]}]},{"query":"?- ?v:AE#VATravelVoucher, ?v[AE#hasVoucherClaimant->?c], ?c[AE#hasArrestRecord->?claimantHasArrestRecord].","resultList":[{"result":[{"key":"?v","val":"VO_dd06155e_cb4c_4dff_a0e7_749f9f30ef60_1503941466275_0"},{"key":"?c","val":"VO_dd06155e_cb4c_4dff_a0e7_749f9f30ef60_1503941466275_2"},{"key":"?claimantHasArrestRecord","val":"AE#NoArrestRecord"}]}]},{"query":"?- ?v:AE#VATravelVoucher, ?v[AE#hasVoucherClaimant->?c], ?c[AE#hasCriminalRecord->?claimantHasCriminalRecord].","resultList":[{"result":[{"key":"?v","val":"VO_dd06155e_cb4c_4dff_a0e7_749f9f30ef60_1503941466275_0"},{"key":"?c","val":"VO_dd06155e_cb4c_4dff_a0e7_749f9f30ef60_1503941466275_2"},{"key":"?claimantHasCriminalRecord","val":"AE#NoCriminalRecord"}]}]},{"query":"?- ?v:AE#VATravelVoucher, ?v[AE#hasVoucherBeneficiary->?b], ?b[AE#hasName->?cn], ?cn[label->?beneficiaryFullName].","resultList":[{"result":[{"key":"?v","val":"VO_dd06155e_cb4c_4dff_a0e7_749f9f30ef60_1503941466275_0"},{"key":"?b","val":"VO_dd06155e_cb4c_4dff_a0e7_749f9f30ef60_1503941466275_11"},{"key":"?cn","val":"VO_dd06155e_cb4c_4dff_a0e7_749f9f30ef60_1503941466275_10"},{"key":"?beneficiaryFullName","val":"Robert P. Marks"}]},{"result":[{"key":"?v","val":"VO_dd06155e_cb4c_4dff_a0e7_749f9f30ef60_1503941466275_0"},{"key":"?b","val":"VO_dd06155e_cb4c_4dff_a0e7_749f9f30ef60_1503941466275_11"},{"key":"?cn","val":"NO_fbaca619_0b38_4cac_966d_1c35ccdf69da_1503941471764_0"},{"key":"?beneficiaryFullName","val":"Robert P. Marks"}]}]},{"query":"?- ?v:AE#VATravelVoucher, ?v[AE#hasVoucherBeneficiary->?b], ?b[AE#hasName->?cn], ?cn[AE#hasFirstName->?beneficiaryFirstName].","resultList":[{"result":[{"key":"?v","val":"VO_dd06155e_cb4c_4dff_a0e7_749f9f30ef60_1503941466275_0"},{"key":"?b","val":"VO_dd06155e_cb4c_4dff_a0e7_749f9f30ef60_1503941466275_11"},{"key":"?cn","val":"NO_fbaca619_0b38_4cac_966d_1c35ccdf69da_1503941471764_0"},{"key":"?beneficiaryFirstName","val":"robert"}]}]},{"query":"?- ?v:AE#VATravelVoucher, ?v[AE#hasVoucherBeneficiary->?b], ?b[AE#hasName->?cn], ?cn[AE#hasLastName->?beneficiaryLastName].","resultList":[{"result":[{"key":"?v","val":"VO_dd06155e_cb4c_4dff_a0e7_749f9f30ef60_1503941466275_0"},{"key":"?b","val":"VO_dd06155e_cb4c_4dff_a0e7_749f9f30ef60_1503941466275_11"},{"key":"?cn","val":"NO_fbaca619_0b38_4cac_966d_1c35ccdf69da_1503941471764_0"},{"key":"?beneficiaryLastName","val":"marks"}]}]},{"query":"?- ?v:AE#VATravelVoucher, ?v[AE#hasVoucherBeneficiary->?b], ?b[AE#hasSocialSecurityNumber->?s], ?s[label->?beneficiarySsn].","resultList":[{"result":[{"key":"?v","val":"VO_dd06155e_cb4c_4dff_a0e7_749f9f30ef60_1503941466275_0"},{"key":"?b","val":"VO_dd06155e_cb4c_4dff_a0e7_749f9f30ef60_1503941466275_11"},{"key":"?s","val":"VO_dd06155e_cb4c_4dff_a0e7_749f9f30ef60_1503941466275_9"},{"key":"?beneficiarySsn","val":"972-83-3146"}]}]},{"query":"?- ?v:AE#VATravelVoucher, ?v[AE#hasVoucherBeneficiary->?b], ?b[AE#hasLiens->?beneficiaryHasLiens].","resultList":[{"result":[{"key":"?v","val":"VO_dd06155e_cb4c_4dff_a0e7_749f9f30ef60_1503941466275_0"},{"key":"?b","val":"VO_dd06155e_cb4c_4dff_a0e7_749f9f30ef60_1503941466275_11"},{"key":"?beneficiaryHasLiens","val":"AE#UnknownLienReport"}]}]},{"query":"?- ?v:AE#VATravelVoucher, ?v[AE#hasVoucherBeneficiary->?b], ?b[AE#hasDeclaredBankruptcy->?beneficiaryHasDeclaredBankruptcy].","resultList":[{"result":[{"key":"?v","val":"VO_dd06155e_cb4c_4dff_a0e7_749f9f30ef60_1503941466275_0"},{"key":"?b","val":"VO_dd06155e_cb4c_4dff_a0e7_749f9f30ef60_1503941466275_11"},{"key":"?beneficiaryHasDeclaredBankruptcy","val":"AE#NoBankruptcyReport"}]}]},{"query":"?- ?v:AE#VATravelVoucher, ?v[AE#hasVoucherBeneficiary->?b], ?b[AE#hasArrestRecord->?beneficiaryHasArrestRecord].","resultList":[{"result":[{"key":"?v","val":"VO_dd06155e_cb4c_4dff_a0e7_749f9f30ef60_1503941466275_0"},{"key":"?b","val":"VO_dd06155e_cb4c_4dff_a0e7_749f9f30ef60_1503941466275_11"},{"key":"?beneficiaryHasArrestRecord","val":"AE#NoArrestRecord"}]}]},{"query":"?- ?v:AE#VATravelVoucher, ?v[AE#hasVoucherBeneficiary->?b], ?b[AE#hasCriminalRecord->?beneficiaryHasCriminalRecord].","resultList":[{"result":[{"key":"?v","val":"VO_dd06155e_cb4c_4dff_a0e7_749f9f30ef60_1503941466275_0"},{"key":"?b","val":"VO_dd06155e_cb4c_4dff_a0e7_749f9f30ef60_1503941466275_11"},{"key":"?beneficiaryHasCriminalRecord","val":"AE#NoCriminalRecord"}]}]},{"query":"?- ?t:AE#Travelling, ?t[AE#hasPath->?p], ?p[AE#hasDistance->?d], ?d[AE#numericValue->?expectedDistanceValue], ?d[AE#hasUnitOfMeasure->?unitOfDistanceMeasure].","resultList":[{"result":[{"key":"?t","val":"VO_dd06155e_cb4c_4dff_a0e7_749f9f30ef60_1503941466275_6"},{"key":"?p","val":"ES_0dd0406a_40aa_453f_a830_8601e338df29_1503941492517_4"},{"key":"?d","val":"ES_0dd0406a_40aa_453f_a830_8601e338df29_1503941492517_0"},{"key":"?expectedDistanceValue","val":"8771.6112570495461113750934600830078125"},{"key":"?unitOfDistanceMeasure","val":"meters"}]}]},{"query":"?- ?t:AE#Travelling, ?t[AE#hasPath->?p], ?p[AE#hasExpectedTravelTime->?d], ?d[AE#numericValue->?expectedTimeValue], ?d[AE#hasUnitOfMeasure->?unitOfTimeMeasure].","resultList":[{"result":[{"key":"?t","val":"VO_dd06155e_cb4c_4dff_a0e7_749f9f30ef60_1503941466275_6"},{"key":"?p","val":"ES_0dd0406a_40aa_453f_a830_8601e338df29_1503941492517_4"},{"key":"?d","val":"ES_0dd0406a_40aa_453f_a830_8601e338df29_1503941492517_2"},{"key":"?expectedTimeValue","val":"9.606476986664347350597381591796875"},{"key":"?unitOfTimeMeasure","val":"minutes"}]}]},{"query":"?- ?t:AE#Travelling, ?t[AE#hasDestination->?d], ?d[label->?destinationFullAddress].","resultList":[{"result":[{"key":"?t","val":"VO_dd06155e_cb4c_4dff_a0e7_749f9f30ef60_1503941466275_7"},{"key":"?d","val":"VO_dd06155e_cb4c_4dff_a0e7_749f9f30ef60_1503941466275_8"},{"key":"?destinationFullAddress","val":"2790 Truxton Road, Suite 130, San Diego, CA 92106"}]},{"result":[{"key":"?t","val":"VO_dd06155e_cb4c_4dff_a0e7_749f9f30ef60_1503941466275_6"},{"key":"?d","val":"VO_dd06155e_cb4c_4dff_a0e7_749f9f30ef60_1503941466275_5"},{"key":"?destinationFullAddress","val":"59 Strawberry Street San Diego, CA 92117"}]}]},{"query":"?- ?t:AE#Travelling, ?t[AE#hasDestination->?d], ?d[AE#hasStreet->?s], ?s[label->?destinationStreetName], ?d[AE#hasCity->?c], ?c[label->?destinationCity], ?d[AE#hasState->?st], ?st[label->?destinationState], ?d[AE#hasZipcode->?destinationZipCode].","resultList":[{"result":[{"key":"?t","val":"VO_dd06155e_cb4c_4dff_a0e7_749f9f30ef60_1503941466275_7"},{"key":"?d","val":"VO_dd06155e_cb4c_4dff_a0e7_749f9f30ef60_1503941466275_8"},{"key":"?s","val":"NO_495a8c73_27f1_4381_b137_54c4be54b3a0_1503941475399_id5"},{"key":"?destinationStreetName","val":"2790 Truxton Road"},{"key":"?c","val":"NO_495a8c73_27f1_4381_b137_54c4be54b3a0_1503941475399_id11"},{"key":"?destinationCity","val":"San Diego"},{"key":"?st","val":"NO_495a8c73_27f1_4381_b137_54c4be54b3a0_1503941475399_id13"},{"key":"?destinationState","val":"CA"},{"key":"?destinationZipCode","val":"92106"}]},{"result":[{"key":"?t","val":"VO_dd06155e_cb4c_4dff_a0e7_749f9f30ef60_1503941466275_6"},{"key":"?d","val":"VO_dd06155e_cb4c_4dff_a0e7_749f9f30ef60_1503941466275_5"},{"key":"?s","val":"NO_2ef6c8cc_e436_4133_8a7c_e77cd9d22ad3_1503941477142_id3"},{"key":"?destinationStreetName","val":"59 Strawberry Street"},{"key":"?c","val":"NO_2ef6c8cc_e436_4133_8a7c_e77cd9d22ad3_1503941477142_id9"},{"key":"?destinationCity","val":"San Diego"},{"key":"?st","val":"NO_2ef6c8cc_e436_4133_8a7c_e77cd9d22ad3_1503941477142_id11"},{"key":"?destinationState","val":"CA"},{"key":"?destinationZipCode","val":"92117"}]}]},{"query":"?- ?t:AE#Travelling, ?t[AE#hasOrigin->?d], ?d[label->?originFullAddress].","resultList":[{"result":[{"key":"?t","val":"VO_dd06155e_cb4c_4dff_a0e7_749f9f30ef60_1503941466275_7"},{"key":"?d","val":"VO_dd06155e_cb4c_4dff_a0e7_749f9f30ef60_1503941466275_3"},{"key":"?originFullAddress","val":"7844 Homewood Pl. San Diego, CA 91942"}]},{"result":[{"key":"?t","val":"VO_dd06155e_cb4c_4dff_a0e7_749f9f30ef60_1503941466275_6"},{"key":"?d","val":"VO_dd06155e_cb4c_4dff_a0e7_749f9f30ef60_1503941466275_8"},{"key":"?originFullAddress","val":"2790 Truxton Road, Suite 130, San Diego, CA 92106"}]}]},{"query":"?- ?t:AE#Travelling, ?t[AE#hasOrigin->?d], ?d[AE#hasStreet->?s], ?s[label->?originStreetName], ?d[AE#hasCity->?c], ?c[label->?originCity], ?d[AE#hasState->?st], ?st[label->?originState], ?d[AE#hasZipcode->?originZipCode].","resultList":[{"result":[{"key":"?t","val":"VO_dd06155e_cb4c_4dff_a0e7_749f9f30ef60_1503941466275_7"},{"key":"?d","val":"VO_dd06155e_cb4c_4dff_a0e7_749f9f30ef60_1503941466275_3"},{"key":"?s","val":"NO_2dfabd5b_c54e_4976_b2b9_9d05006ec65e_1503941479048_id3"},{"key":"?originStreetName","val":"7844 Homewood Pl."},{"key":"?c","val":"NO_2dfabd5b_c54e_4976_b2b9_9d05006ec65e_1503941479048_id9"},{"key":"?originCity","val":"San Diego"},{"key":"?st","val":"NO_2dfabd5b_c54e_4976_b2b9_9d05006ec65e_1503941479048_id11"},{"key":"?originState","val":"CA"},{"key":"?originZipCode","val":"91942"}]},{"result":[{"key":"?t","val":"VO_dd06155e_cb4c_4dff_a0e7_749f9f30ef60_1503941466275_6"},{"key":"?d","val":"VO_dd06155e_cb4c_4dff_a0e7_749f9f30ef60_1503941466275_8"},{"key":"?s","val":"NO_495a8c73_27f1_4381_b137_54c4be54b3a0_1503941475399_id5"},{"key":"?originStreetName","val":"2790 Truxton Road"},{"key":"?c","val":"NO_495a8c73_27f1_4381_b137_54c4be54b3a0_1503941475399_id11"},{"key":"?originCity","val":"San Diego"},{"key":"?st","val":"NO_495a8c73_27f1_4381_b137_54c4be54b3a0_1503941475399_id13"},{"key":"?originState","val":"CA"},{"key":"?originZipCode","val":"92106"}]}]},{"query":"?- ?t:AE#Travelling, ?t[AE#hasPath->?p], ?p[AE#hasStartRegion->?s], ?s[AE#hasLatitude->?originLatitude], ?s[AE#hasLongitude->?originLongitude].","resultList":[{"result":[{"key":"?t","val":"VO_dd06155e_cb4c_4dff_a0e7_749f9f30ef60_1503941466275_6"},{"key":"?p","val":"ES_0dd0406a_40aa_453f_a830_8601e338df29_1503941492517_4"},{"key":"?s","val":"ES_0dd0406a_40aa_453f_a830_8601e338df29_1503941492517_3"},{"key":"?originLatitude","val":"32.74051839275188058309140615165233612060546875"},{"key":"?originLongitude","val":"-117.2130215001728856805129908025264739990234375"}]}]},{"query":"?- ?t:AE#Travelling, ?t[AE#hasPath->?p], ?p[AE#hasEndRegion->?e], ?e[AE#hasLatitude->?destinationLatitude], ?e[AE#hasLongitude->?destinationLongitude].","resultList":[{"result":[{"key":"?t","val":"VO_dd06155e_cb4c_4dff_a0e7_749f9f30ef60_1503941466275_6"},{"key":"?p","val":"ES_0dd0406a_40aa_453f_a830_8601e338df29_1503941492517_4"},{"key":"?e","val":"ES_0dd0406a_40aa_453f_a830_8601e338df29_1503941492517_1"},{"key":"?destinationLatitude","val":"32.79662300000001096123014576733112335205078125"},{"key":"?destinationLongitude","val":"-117.197813600000017686397768557071685791015625"}]}]}]}
