{"dataList":[{"query":"?- ?v:AE#VATravelVoucher, ?v[AE#hasVoucherClaimant->?c], ?c[AE#hasName->?cn], ?cn[label->?claimantFullName].","resultList":[{"result":[{"key":"?v","val":"VO_d44d373e_3a0b_4f43_bcbf_7f0f1e6e7488_1503942126288_0"},{"key":"?c","val":"VO_d44d373e_3a0b_4f43_bcbf_7f0f1e6e7488_1503942126288_2"},{"key":"?cn","val":"NO_b2863845_ddb2_48a8_a837_698562943703_1503942133930_0"},{"key":"?claimantFullName","val":"Marcus C. Zamarripa"}]},{"result":[{"key":"?v","val":"VO_d44d373e_3a0b_4f43_bcbf_7f0f1e6e7488_1503942126288_0"},{"key":"?c","val":"VO_d44d373e_3a0b_4f43_bcbf_7f0f1e6e7488_1503942126288_2"},{"key":"?cn","val":"VO_d44d373e_3a0b_4f43_bcbf_7f0f1e6e7488_1503942126288_1"},{"key":"?claimantFullName","val":"Marcus C. Zamarripa"}]}]},{"query":"?- ?v:AE#VATravelVoucher, ?v[AE#hasVoucherClaimant->?c], ?c[AE#hasName->?cn], ?cn[AE#hasFirstName->?claimantFirstName].","resultList":[{"result":[{"key":"?v","val":"VO_d44d373e_3a0b_4f43_bcbf_7f0f1e6e7488_1503942126288_0"},{"key":"?c","val":"VO_d44d373e_3a0b_4f43_bcbf_7f0f1e6e7488_1503942126288_2"},{"key":"?cn","val":"NO_b2863845_ddb2_48a8_a837_698562943703_1503942133930_0"},{"key":"?claimantFirstName","val":"marcus"}]}]},{"query":"?- ?v:AE#VATravelVoucher, ?v[AE#hasVoucherClaimant->?c], ?c[AE#hasName->?cn], ?cn[AE#hasLastName->?claimantLastName].","resultList":[{"result":[{"key":"?v","val":"VO_d44d373e_3a0b_4f43_bcbf_7f0f1e6e7488_1503942126288_0"},{"key":"?c","val":"VO_d44d373e_3a0b_4f43_bcbf_7f0f1e6e7488_1503942126288_2"},{"key":"?cn","val":"NO_b2863845_ddb2_48a8_a837_698562943703_1503942133930_0"},{"key":"?claimantLastName","val":"zamarripa"}]}]},{"query":"?- ?v:AE#VATravelVoucher, ?v[AE#hasVoucherClaimant->?c], ?c[AE#hasSocialSecurityNumber->?s], ?s[label->?claimantSsn].","resultList":[{"result":[{"key":"?v","val":"VO_d44d373e_3a0b_4f43_bcbf_7f0f1e6e7488_1503942126288_0"},{"key":"?c","val":"VO_d44d373e_3a0b_4f43_bcbf_7f0f1e6e7488_1503942126288_2"},{"key":"?s","val":"VO_d44d373e_3a0b_4f43_bcbf_7f0f1e6e7488_1503942126288_12"},{"key":"?claimantSsn","val":"486-25-3621"}]}]},{"query":"?- ?v:AE#VATravelVoucher, ?v[AE#hasVoucherClaimant->?c], ?c[AE#hasLiens->?claimantHasLiens].","resultList":[{"result":[{"key":"?v","val":"VO_d44d373e_3a0b_4f43_bcbf_7f0f1e6e7488_1503942126288_0"},{"key":"?c","val":"VO_d44d373e_3a0b_4f43_bcbf_7f0f1e6e7488_1503942126288_2"},{"key":"?claimantHasLiens","val":"AE#NoLienReport"}]}]},{"query":"?- ?v:AE#VATravelVoucher, ?v[AE#hasVoucherClaimant->?c], ?c[AE#hasDeclaredBankruptcy->?claimantHasDeclaredBankruptcy].","resultList":[{"result":[{"key":"?v","val":"VO_d44d373e_3a0b_4f43_bcbf_7f0f1e6e7488_1503942126288_0"},{"key":"?c","val":"VO_d44d373e_3a0b_4f43_bcbf_7f0f1e6e7488_1503942126288_2"},{"key":"?claimantHasDeclaredBankruptcy","val":"AE#NoBankruptcyReport"}]}]},{"query":"?- ?v:AE#VATravelVoucher, ?v[AE#hasVoucherClaimant->?c], ?c[AE#hasArrestRecord->?claimantHasArrestRecord].","resultList":[{"result":[{"key":"?v","val":"VO_d44d373e_3a0b_4f43_bcbf_7f0f1e6e7488_1503942126288_0"},{"key":"?c","val":"VO_d44d373e_3a0b_4f43_bcbf_7f0f1e6e7488_1503942126288_2"},{"key":"?claimantHasArrestRecord","val":"AE#NoArrestRecord"}]}]},{"query":"?- ?v:AE#VATravelVoucher, ?v[AE#hasVoucherClaimant->?c], ?c[AE#hasCriminalRecord->?claimantHasCriminalRecord].","resultList":[{"result":[{"key":"?v","val":"VO_d44d373e_3a0b_4f43_bcbf_7f0f1e6e7488_1503942126288_0"},{"key":"?c","val":"VO_d44d373e_3a0b_4f43_bcbf_7f0f1e6e7488_1503942126288_2"},{"key":"?claimantHasCriminalRecord","val":"AE#NoCriminalRecord"}]}]},{"query":"?- ?v:AE#VATravelVoucher, ?v[AE#hasVoucherBeneficiary->?b], ?b[AE#hasName->?cn], ?cn[label->?beneficiaryFullName].","resultList":[{"result":[{"key":"?v","val":"VO_d44d373e_3a0b_4f43_bcbf_7f0f1e6e7488_1503942126288_0"},{"key":"?b","val":"VO_d44d373e_3a0b_4f43_bcbf_7f0f1e6e7488_1503942126288_11"},{"key":"?cn","val":"VO_d44d373e_3a0b_4f43_bcbf_7f0f1e6e7488_1503942126288_10"},{"key":"?beneficiaryFullName","val":"Marcus C. Zamarripa"}]},{"result":[{"key":"?v","val":"VO_d44d373e_3a0b_4f43_bcbf_7f0f1e6e7488_1503942126288_0"},{"key":"?b","val":"VO_d44d373e_3a0b_4f43_bcbf_7f0f1e6e7488_1503942126288_11"},{"key":"?cn","val":"NO_a556ed52_5446_49d3_920e_448c8c454ba2_1503942131932_0"},{"key":"?beneficiaryFullName","val":"Marcus C. Zamarripa"}]}]},{"query":"?- ?v:AE#VATravelVoucher, ?v[AE#hasVoucherBeneficiary->?b], ?b[AE#hasName->?cn], ?cn[AE#hasFirstName->?beneficiaryFirstName].","resultList":[{"result":[{"key":"?v","val":"VO_d44d373e_3a0b_4f43_bcbf_7f0f1e6e7488_1503942126288_0"},{"key":"?b","val":"VO_d44d373e_3a0b_4f43_bcbf_7f0f1e6e7488_1503942126288_11"},{"key":"?cn","val":"NO_a556ed52_5446_49d3_920e_448c8c454ba2_1503942131932_0"},{"key":"?beneficiaryFirstName","val":"marcus"}]}]},{"query":"?- ?v:AE#VATravelVoucher, ?v[AE#hasVoucherBeneficiary->?b], ?b[AE#hasName->?cn], ?cn[AE#hasLastName->?beneficiaryLastName].","resultList":[{"result":[{"key":"?v","val":"VO_d44d373e_3a0b_4f43_bcbf_7f0f1e6e7488_1503942126288_0"},{"key":"?b","val":"VO_d44d373e_3a0b_4f43_bcbf_7f0f1e6e7488_1503942126288_11"},{"key":"?cn","val":"NO_a556ed52_5446_49d3_920e_448c8c454ba2_1503942131932_0"},{"key":"?beneficiaryLastName","val":"zamarripa"}]}]},{"query":"?- ?v:AE#VATravelVoucher, ?v[AE#hasVoucherBeneficiary->?b], ?b[AE#hasSocialSecurityNumber->?s], ?s[label->?beneficiarySsn].","resultList":[{"result":[{"key":"?v","val":"VO_d44d373e_3a0b_4f43_bcbf_7f0f1e6e7488_1503942126288_0"},{"key":"?b","val":"VO_d44d373e_3a0b_4f43_bcbf_7f0f1e6e7488_1503942126288_11"},{"key":"?s","val":"VO_d44d373e_3a0b_4f43_bcbf_7f0f1e6e7488_1503942126288_9"},{"key":"?beneficiarySsn","val":"486-25-3621"}]}]},{"query":"?- ?v:AE#VATravelVoucher, ?v[AE#hasVoucherBeneficiary->?b], ?b[AE#hasLiens->?beneficiaryHasLiens].","resultList":[{"result":[{"key":"?v","val":"VO_d44d373e_3a0b_4f43_bcbf_7f0f1e6e7488_1503942126288_0"},{"key":"?b","val":"VO_d44d373e_3a0b_4f43_bcbf_7f0f1e6e7488_1503942126288_11"},{"key":"?beneficiaryHasLiens","val":"AE#NoLienReport"}]}]},{"query":"?- ?v:AE#VATravelVoucher, ?v[AE#hasVoucherBeneficiary->?b], ?b[AE#hasDeclaredBankruptcy->?beneficiaryHasDeclaredBankruptcy].","resultList":[{"result":[{"key":"?v","val":"VO_d44d373e_3a0b_4f43_bcbf_7f0f1e6e7488_1503942126288_0"},{"key":"?b","val":"VO_d44d373e_3a0b_4f43_bcbf_7f0f1e6e7488_1503942126288_11"},{"key":"?beneficiaryHasDeclaredBankruptcy","val":"AE#NoBankruptcyReport"}]}]},{"query":"?- ?v:AE#VATravelVoucher, ?v[AE#hasVoucherBeneficiary->?b], ?b[AE#hasArrestRecord->?beneficiaryHasArrestRecord].","resultList":[{"result":[{"key":"?v","val":"VO_d44d373e_3a0b_4f43_bcbf_7f0f1e6e7488_1503942126288_0"},{"key":"?b","val":"VO_d44d373e_3a0b_4f43_bcbf_7f0f1e6e7488_1503942126288_11"},{"key":"?beneficiaryHasArrestRecord","val":"AE#NoArrestRecord"}]}]},{"query":"?- ?v:AE#VATravelVoucher, ?v[AE#hasVoucherBeneficiary->?b], ?b[AE#hasCriminalRecord->?beneficiaryHasCriminalRecord].","resultList":[{"result":[{"key":"?v","val":"VO_d44d373e_3a0b_4f43_bcbf_7f0f1e6e7488_1503942126288_0"},{"key":"?b","val":"VO_d44d373e_3a0b_4f43_bcbf_7f0f1e6e7488_1503942126288_11"},{"key":"?beneficiaryHasCriminalRecord","val":"AE#NoCriminalRecord"}]}]},{"query":"?- ?t:AE#Travelling, ?t[AE#hasPath->?p], ?p[AE#hasDistance->?d], ?d[AE#numericValue->?expectedDistanceValue], ?d[AE#hasUnitOfMeasure->?unitOfDistanceMeasure].","resultList":[{"result":[{"key":"?t","val":"VO_d44d373e_3a0b_4f43_bcbf_7f0f1e6e7488_1503942126288_6"},{"key":"?p","val":"ES_beba5a49_efd6_4d84_ad44_41ee8b675bc4_1503942152931_4"},{"key":"?d","val":"ES_beba5a49_efd6_4d84_ad44_41ee8b675bc4_1503942152931_0"},{"key":"?expectedDistanceValue","val":"14794.85762913074358948506414890289306640625"},{"key":"?unitOfDistanceMeasure","val":"meters"}]}]},{"query":"?- ?t:AE#Travelling, ?t[AE#hasPath->?p], ?p[AE#hasExpectedTravelTime->?d], ?d[AE#numericValue->?expectedTimeValue], ?d[AE#hasUnitOfMeasure->?unitOfTimeMeasure].","resultList":[{"result":[{"key":"?t","val":"VO_d44d373e_3a0b_4f43_bcbf_7f0f1e6e7488_1503942126288_6"},{"key":"?p","val":"ES_beba5a49_efd6_4d84_ad44_41ee8b675bc4_1503942152931_4"},{"key":"?d","val":"ES_beba5a49_efd6_4d84_ad44_41ee8b675bc4_1503942152931_2"},{"key":"?expectedTimeValue","val":"13.505417839041911065578460693359375"},{"key":"?unitOfTimeMeasure","val":"minutes"}]}]},{"query":"?- ?t:AE#Travelling, ?t[AE#hasDestination->?d], ?d[label->?destinationFullAddress].","resultList":[{"result":[{"key":"?t","val":"VO_d44d373e_3a0b_4f43_bcbf_7f0f1e6e7488_1503942126288_7"},{"key":"?d","val":"VO_d44d373e_3a0b_4f43_bcbf_7f0f1e6e7488_1503942126288_8"},{"key":"?destinationFullAddress","val":"2790 Truxton Road, Suite 130, San Diego, CA 92106"}]},{"result":[{"key":"?t","val":"VO_d44d373e_3a0b_4f43_bcbf_7f0f1e6e7488_1503942126288_6"},{"key":"?d","val":"VO_d44d373e_3a0b_4f43_bcbf_7f0f1e6e7488_1503942126288_5"},{"key":"?destinationFullAddress","val":"4146 Bedford Dr San Diego, California"}]}]},{"query":"?- ?t:AE#Travelling, ?t[AE#hasDestination->?d], ?d[AE#hasStreet->?s], ?s[label->?destinationStreetName], ?d[AE#hasCity->?c], ?c[label->?destinationCity], ?d[AE#hasState->?st], ?st[label->?destinationState], ?d[AE#hasZipcode->?destinationZipCode].","resultList":[{"result":[{"key":"?t","val":"VO_d44d373e_3a0b_4f43_bcbf_7f0f1e6e7488_1503942126288_7"},{"key":"?d","val":"VO_d44d373e_3a0b_4f43_bcbf_7f0f1e6e7488_1503942126288_8"},{"key":"?s","val":"NO_d36565c9_4bd4_4cbe_af8b_c876828734df_1503942135955_id5"},{"key":"?destinationStreetName","val":"2790 Truxton Road"},{"key":"?c","val":"NO_d36565c9_4bd4_4cbe_af8b_c876828734df_1503942135955_id11"},{"key":"?destinationCity","val":"San Diego"},{"key":"?st","val":"NO_d36565c9_4bd4_4cbe_af8b_c876828734df_1503942135955_id13"},{"key":"?destinationState","val":"CA"},{"key":"?destinationZipCode","val":"92106"}]}]},{"query":"?- ?t:AE#Travelling, ?t[AE#hasOrigin->?d], ?d[label->?originFullAddress].","resultList":[{"result":[{"key":"?t","val":"VO_d44d373e_3a0b_4f43_bcbf_7f0f1e6e7488_1503942126288_7"},{"key":"?d","val":"VO_d44d373e_3a0b_4f43_bcbf_7f0f1e6e7488_1503942126288_3"},{"key":"?originFullAddress","val":"4146 Bedford Dr San Diego, California"}]},{"result":[{"key":"?t","val":"VO_d44d373e_3a0b_4f43_bcbf_7f0f1e6e7488_1503942126288_6"},{"key":"?d","val":"VO_d44d373e_3a0b_4f43_bcbf_7f0f1e6e7488_1503942126288_8"},{"key":"?originFullAddress","val":"2790 Truxton Road, Suite 130, San Diego, CA 92106"}]}]},{"query":"?- ?t:AE#Travelling, ?t[AE#hasOrigin->?d], ?d[AE#hasStreet->?s], ?s[label->?originStreetName], ?d[AE#hasCity->?c], ?c[label->?originCity], ?d[AE#hasState->?st], ?st[label->?originState], ?d[AE#hasZipcode->?originZipCode].","resultList":[{"result":[{"key":"?t","val":"VO_d44d373e_3a0b_4f43_bcbf_7f0f1e6e7488_1503942126288_6"},{"key":"?d","val":"VO_d44d373e_3a0b_4f43_bcbf_7f0f1e6e7488_1503942126288_8"},{"key":"?s","val":"NO_d36565c9_4bd4_4cbe_af8b_c876828734df_1503942135955_id5"},{"key":"?originStreetName","val":"2790 Truxton Road"},{"key":"?c","val":"NO_d36565c9_4bd4_4cbe_af8b_c876828734df_1503942135955_id11"},{"key":"?originCity","val":"San Diego"},{"key":"?st","val":"NO_d36565c9_4bd4_4cbe_af8b_c876828734df_1503942135955_id13"},{"key":"?originState","val":"CA"},{"key":"?originZipCode","val":"92106"}]}]},{"query":"?- ?t:AE#Travelling, ?t[AE#hasPath->?p], ?p[AE#hasStartRegion->?s], ?s[AE#hasLatitude->?originLatitude], ?s[AE#hasLongitude->?originLongitude].","resultList":[{"result":[{"key":"?t","val":"VO_d44d373e_3a0b_4f43_bcbf_7f0f1e6e7488_1503942126288_6"},{"key":"?p","val":"ES_beba5a49_efd6_4d84_ad44_41ee8b675bc4_1503942152931_4"},{"key":"?s","val":"ES_beba5a49_efd6_4d84_ad44_41ee8b675bc4_1503942152931_3"},{"key":"?originLatitude","val":"32.74051839275188058309140615165233612060546875"},{"key":"?originLongitude","val":"-117.2130215001728856805129908025264739990234375"}]}]},{"query":"?- ?t:AE#Travelling, ?t[AE#hasPath->?p], ?p[AE#hasEndRegion->?e], ?e[AE#hasLatitude->?destinationLatitude], ?e[AE#hasLongitude->?destinationLongitude].","resultList":[{"result":[{"key":"?t","val":"VO_d44d373e_3a0b_4f43_bcbf_7f0f1e6e7488_1503942126288_6"},{"key":"?p","val":"ES_beba5a49_efd6_4d84_ad44_41ee8b675bc4_1503942152931_4"},{"key":"?e","val":"ES_beba5a49_efd6_4d84_ad44_41ee8b675bc4_1503942152931_1"},{"key":"?destinationLatitude","val":"32.771983998730519260789151303470134735107421875"},{"key":"?destinationLongitude","val":"-117.1065366549654385153189650736749172210693359375"}]}]}]}
