{"dataList":[{"query":"?- ?v:AE#VATravelVoucher, ?v[AE#hasVoucherClaimant->?c], ?c[AE#hasName->?cn], ?cn[label->?claimantFullName].","resultList":[{"result":[{"key":"?v","val":"VO_dec9675b_8a43_481d_8b9c_34cc44b3e1ba_1503940177352_0"},{"key":"?c","val":"VO_dec9675b_8a43_481d_8b9c_34cc44b3e1ba_1503940177352_2"},{"key":"?cn","val":"NO_af90268c_7018_4d1f_86fc_93bc15933029_1503940185337_0"},{"key":"?claimantFullName","val":"Bridget Florence Redgrave"}]},{"result":[{"key":"?v","val":"VO_dec9675b_8a43_481d_8b9c_34cc44b3e1ba_1503940177352_0"},{"key":"?c","val":"VO_dec9675b_8a43_481d_8b9c_34cc44b3e1ba_1503940177352_2"},{"key":"?cn","val":"VO_dec9675b_8a43_481d_8b9c_34cc44b3e1ba_1503940177352_1"},{"key":"?claimantFullName","val":"Bridget Florence Redgrave"}]}]},{"query":"?- ?v:AE#VATravelVoucher, ?v[AE#hasVoucherClaimant->?c], ?c[AE#hasName->?cn], ?cn[AE#hasFirstName->?claimantFirstName].","resultList":[{"result":[{"key":"?v","val":"VO_dec9675b_8a43_481d_8b9c_34cc44b3e1ba_1503940177352_0"},{"key":"?c","val":"VO_dec9675b_8a43_481d_8b9c_34cc44b3e1ba_1503940177352_2"},{"key":"?cn","val":"NO_af90268c_7018_4d1f_86fc_93bc15933029_1503940185337_0"},{"key":"?claimantFirstName","val":"bridget"}]}]},{"query":"?- ?v:AE#VATravelVoucher, ?v[AE#hasVoucherClaimant->?c], ?c[AE#hasName->?cn], ?cn[AE#hasLastName->?claimantLastName].","resultList":[{"result":[{"key":"?v","val":"VO_dec9675b_8a43_481d_8b9c_34cc44b3e1ba_1503940177352_0"},{"key":"?c","val":"VO_dec9675b_8a43_481d_8b9c_34cc44b3e1ba_1503940177352_2"},{"key":"?cn","val":"NO_af90268c_7018_4d1f_86fc_93bc15933029_1503940185337_0"},{"key":"?claimantLastName","val":"redgrave"}]}]},{"query":"?- ?v:AE#VATravelVoucher, ?v[AE#hasVoucherClaimant->?c], ?c[AE#hasSocialSecurityNumber->?s], ?s[label->?claimantSsn].","resultList":[{"result":[{"key":"?v","val":"VO_dec9675b_8a43_481d_8b9c_34cc44b3e1ba_1503940177352_0"},{"key":"?c","val":"VO_dec9675b_8a43_481d_8b9c_34cc44b3e1ba_1503940177352_2"},{"key":"?s","val":"VO_dec9675b_8a43_481d_8b9c_34cc44b3e1ba_1503940177352_12"},{"key":"?claimantSsn","val":"830-00-6025"}]}]},{"query":"?- ?v:AE#VATravelVoucher, ?v[AE#hasVoucherClaimant->?c], ?c[AE#hasLiens->?claimantHasLiens].","resultList":[{"result":[{"key":"?v","val":"VO_dec9675b_8a43_481d_8b9c_34cc44b3e1ba_1503940177352_0"},{"key":"?c","val":"VO_dec9675b_8a43_481d_8b9c_34cc44b3e1ba_1503940177352_2"},{"key":"?claimantHasLiens","val":"AE#NoLienReport"}]}]},{"query":"?- ?v:AE#VATravelVoucher, ?v[AE#hasVoucherClaimant->?c], ?c[AE#hasDeclaredBankruptcy->?claimantHasDeclaredBankruptcy].","resultList":[{"result":[{"key":"?v","val":"VO_dec9675b_8a43_481d_8b9c_34cc44b3e1ba_1503940177352_0"},{"key":"?c","val":"VO_dec9675b_8a43_481d_8b9c_34cc44b3e1ba_1503940177352_2"},{"key":"?claimantHasDeclaredBankruptcy","val":"AE#NoBankruptcyReport"}]}]},{"query":"?- ?v:AE#VATravelVoucher, ?v[AE#hasVoucherClaimant->?c], ?c[AE#hasArrestRecord->?claimantHasArrestRecord].","resultList":[{"result":[{"key":"?v","val":"VO_dec9675b_8a43_481d_8b9c_34cc44b3e1ba_1503940177352_0"},{"key":"?c","val":"VO_dec9675b_8a43_481d_8b9c_34cc44b3e1ba_1503940177352_2"},{"key":"?claimantHasArrestRecord","val":"AE#NoArrestRecord"}]}]},{"query":"?- ?v:AE#VATravelVoucher, ?v[AE#hasVoucherClaimant->?c], ?c[AE#hasCriminalRecord->?claimantHasCriminalRecord].","resultList":[{"result":[{"key":"?v","val":"VO_dec9675b_8a43_481d_8b9c_34cc44b3e1ba_1503940177352_0"},{"key":"?c","val":"VO_dec9675b_8a43_481d_8b9c_34cc44b3e1ba_1503940177352_2"},{"key":"?claimantHasCriminalRecord","val":"AE#NoCriminalRecord"}]}]},{"query":"?- ?v:AE#VATravelVoucher, ?v[AE#hasVoucherBeneficiary->?b], ?b[AE#hasName->?cn], ?cn[label->?beneficiaryFullName].","resultList":[{"result":[{"key":"?v","val":"VO_dec9675b_8a43_481d_8b9c_34cc44b3e1ba_1503940177352_0"},{"key":"?b","val":"VO_dec9675b_8a43_481d_8b9c_34cc44b3e1ba_1503940177352_11"},{"key":"?cn","val":"VO_dec9675b_8a43_481d_8b9c_34cc44b3e1ba_1503940177352_10"},{"key":"?beneficiaryFullName","val":"Thomas J. Kunz"}]},{"result":[{"key":"?v","val":"VO_dec9675b_8a43_481d_8b9c_34cc44b3e1ba_1503940177352_0"},{"key":"?b","val":"VO_dec9675b_8a43_481d_8b9c_34cc44b3e1ba_1503940177352_11"},{"key":"?cn","val":"NO_8bd3ec05_1f50_4324_a724_2ed6a548db24_1503940183216_0"},{"key":"?beneficiaryFullName","val":"Thomas J. Kunz"}]}]},{"query":"?- ?v:AE#VATravelVoucher, ?v[AE#hasVoucherBeneficiary->?b], ?b[AE#hasName->?cn], ?cn[AE#hasFirstName->?beneficiaryFirstName].","resultList":[{"result":[{"key":"?v","val":"VO_dec9675b_8a43_481d_8b9c_34cc44b3e1ba_1503940177352_0"},{"key":"?b","val":"VO_dec9675b_8a43_481d_8b9c_34cc44b3e1ba_1503940177352_11"},{"key":"?cn","val":"NO_8bd3ec05_1f50_4324_a724_2ed6a548db24_1503940183216_0"},{"key":"?beneficiaryFirstName","val":"thomas"}]}]},{"query":"?- ?v:AE#VATravelVoucher, ?v[AE#hasVoucherBeneficiary->?b], ?b[AE#hasName->?cn], ?cn[AE#hasLastName->?beneficiaryLastName].","resultList":[{"result":[{"key":"?v","val":"VO_dec9675b_8a43_481d_8b9c_34cc44b3e1ba_1503940177352_0"},{"key":"?b","val":"VO_dec9675b_8a43_481d_8b9c_34cc44b3e1ba_1503940177352_11"},{"key":"?cn","val":"NO_8bd3ec05_1f50_4324_a724_2ed6a548db24_1503940183216_0"},{"key":"?beneficiaryLastName","val":"kunz"}]}]},{"query":"?- ?v:AE#VATravelVoucher, ?v[AE#hasVoucherBeneficiary->?b], ?b[AE#hasSocialSecurityNumber->?s], ?s[label->?beneficiarySsn].","resultList":[{"result":[{"key":"?v","val":"VO_dec9675b_8a43_481d_8b9c_34cc44b3e1ba_1503940177352_0"},{"key":"?b","val":"VO_dec9675b_8a43_481d_8b9c_34cc44b3e1ba_1503940177352_11"},{"key":"?s","val":"VO_dec9675b_8a43_481d_8b9c_34cc44b3e1ba_1503940177352_9"},{"key":"?beneficiarySsn","val":"452-14-6257"}]}]},{"query":"?- ?v:AE#VATravelVoucher, ?v[AE#hasVoucherBeneficiary->?b], ?b[AE#hasLiens->?beneficiaryHasLiens].","resultList":[{"result":[{"key":"?v","val":"VO_dec9675b_8a43_481d_8b9c_34cc44b3e1ba_1503940177352_0"},{"key":"?b","val":"VO_dec9675b_8a43_481d_8b9c_34cc44b3e1ba_1503940177352_11"},{"key":"?beneficiaryHasLiens","val":"AE#UnknownLienReport"}]}]},{"query":"?- ?v:AE#VATravelVoucher, ?v[AE#hasVoucherBeneficiary->?b], ?b[AE#hasDeclaredBankruptcy->?beneficiaryHasDeclaredBankruptcy].","resultList":[{"result":[{"key":"?v","val":"VO_dec9675b_8a43_481d_8b9c_34cc44b3e1ba_1503940177352_0"},{"key":"?b","val":"VO_dec9675b_8a43_481d_8b9c_34cc44b3e1ba_1503940177352_11"},{"key":"?beneficiaryHasDeclaredBankruptcy","val":"AE#NoBankruptcyReport"}]}]},{"query":"?- ?v:AE#VATravelVoucher, ?v[AE#hasVoucherBeneficiary->?b], ?b[AE#hasArrestRecord->?beneficiaryHasArrestRecord].","resultList":[{"result":[{"key":"?v","val":"VO_dec9675b_8a43_481d_8b9c_34cc44b3e1ba_1503940177352_0"},{"key":"?b","val":"VO_dec9675b_8a43_481d_8b9c_34cc44b3e1ba_1503940177352_11"},{"key":"?beneficiaryHasArrestRecord","val":"AE#NoArrestRecord"}]}]},{"query":"?- ?v:AE#VATravelVoucher, ?v[AE#hasVoucherBeneficiary->?b], ?b[AE#hasCriminalRecord->?beneficiaryHasCriminalRecord].","resultList":[{"result":[{"key":"?v","val":"VO_dec9675b_8a43_481d_8b9c_34cc44b3e1ba_1503940177352_0"},{"key":"?b","val":"VO_dec9675b_8a43_481d_8b9c_34cc44b3e1ba_1503940177352_11"},{"key":"?beneficiaryHasCriminalRecord","val":"AE#NoCriminalRecord"}]}]},{"query":"?- ?t:AE#Travelling, ?t[AE#hasPath->?p], ?p[AE#hasDistance->?d], ?d[AE#numericValue->?expectedDistanceValue], ?d[AE#hasUnitOfMeasure->?unitOfDistanceMeasure].","resultList":[{"result":[{"key":"?t","val":"VO_dec9675b_8a43_481d_8b9c_34cc44b3e1ba_1503940177352_6"},{"key":"?p","val":"ES_b6e59e2c_74c4_4d50_a44c_e5d0f609d4db_1503940205682_4"},{"key":"?d","val":"ES_b6e59e2c_74c4_4d50_a44c_e5d0f609d4db_1503940205682_0"},{"key":"?expectedDistanceValue","val":"8771.6112570495461113750934600830078125"},{"key":"?unitOfDistanceMeasure","val":"meters"}]}]},{"query":"?- ?t:AE#Travelling, ?t[AE#hasPath->?p], ?p[AE#hasExpectedTravelTime->?d], ?d[AE#numericValue->?expectedTimeValue], ?d[AE#hasUnitOfMeasure->?unitOfTimeMeasure].","resultList":[{"result":[{"key":"?t","val":"VO_dec9675b_8a43_481d_8b9c_34cc44b3e1ba_1503940177352_6"},{"key":"?p","val":"ES_b6e59e2c_74c4_4d50_a44c_e5d0f609d4db_1503940205682_4"},{"key":"?d","val":"ES_b6e59e2c_74c4_4d50_a44c_e5d0f609d4db_1503940205682_2"},{"key":"?expectedTimeValue","val":"9.606476986664347350597381591796875"},{"key":"?unitOfTimeMeasure","val":"minutes"}]}]},{"query":"?- ?t:AE#Travelling, ?t[AE#hasDestination->?d], ?d[label->?destinationFullAddress].","resultList":[{"result":[{"key":"?t","val":"VO_dec9675b_8a43_481d_8b9c_34cc44b3e1ba_1503940177352_7"},{"key":"?d","val":"VO_dec9675b_8a43_481d_8b9c_34cc44b3e1ba_1503940177352_8"},{"key":"?destinationFullAddress","val":"2790 Truxton Road, Suite 130, San Diego, CA 92106"}]},{"result":[{"key":"?t","val":"VO_dec9675b_8a43_481d_8b9c_34cc44b3e1ba_1503940177352_6"},{"key":"?d","val":"VO_dec9675b_8a43_481d_8b9c_34cc44b3e1ba_1503940177352_5"},{"key":"?destinationFullAddress","val":"59 Strawberry Street San Diego, CA 92117"}]}]},{"query":"?- ?t:AE#Travelling, ?t[AE#hasDestination->?d], ?d[AE#hasStreet->?s], ?s[label->?destinationStreetName], ?d[AE#hasCity->?c], ?c[label->?destinationCity], ?d[AE#hasState->?st], ?st[label->?destinationState], ?d[AE#hasZipcode->?destinationZipCode].","resultList":[{"result":[{"key":"?t","val":"VO_dec9675b_8a43_481d_8b9c_34cc44b3e1ba_1503940177352_7"},{"key":"?d","val":"VO_dec9675b_8a43_481d_8b9c_34cc44b3e1ba_1503940177352_8"},{"key":"?s","val":"NO_5ee39833_6178_477e_861a_7803f1036b4c_1503940187335_id5"},{"key":"?destinationStreetName","val":"2790 Truxton Road"},{"key":"?c","val":"NO_5ee39833_6178_477e_861a_7803f1036b4c_1503940187335_id11"},{"key":"?destinationCity","val":"San Diego"},{"key":"?st","val":"NO_5ee39833_6178_477e_861a_7803f1036b4c_1503940187335_id13"},{"key":"?destinationState","val":"CA"},{"key":"?destinationZipCode","val":"92106"}]},{"result":[{"key":"?t","val":"VO_dec9675b_8a43_481d_8b9c_34cc44b3e1ba_1503940177352_6"},{"key":"?d","val":"VO_dec9675b_8a43_481d_8b9c_34cc44b3e1ba_1503940177352_5"},{"key":"?s","val":"NO_f90b0d90_005a_4337_be2c_78c1e153ce46_1503940189569_id3"},{"key":"?destinationStreetName","val":"59 Strawberry Street"},{"key":"?c","val":"NO_f90b0d90_005a_4337_be2c_78c1e153ce46_1503940189569_id9"},{"key":"?destinationCity","val":"San Diego"},{"key":"?st","val":"NO_f90b0d90_005a_4337_be2c_78c1e153ce46_1503940189569_id11"},{"key":"?destinationState","val":"CA"},{"key":"?destinationZipCode","val":"92117"}]}]},{"query":"?- ?t:AE#Travelling, ?t[AE#hasOrigin->?d], ?d[label->?originFullAddress].","resultList":[{"result":[{"key":"?t","val":"VO_dec9675b_8a43_481d_8b9c_34cc44b3e1ba_1503940177352_7"},{"key":"?d","val":"VO_dec9675b_8a43_481d_8b9c_34cc44b3e1ba_1503940177352_3"},{"key":"?originFullAddress","val":"3343 43rd St, San Diego, CA 92105"}]},{"result":[{"key":"?t","val":"VO_dec9675b_8a43_481d_8b9c_34cc44b3e1ba_1503940177352_6"},{"key":"?d","val":"VO_dec9675b_8a43_481d_8b9c_34cc44b3e1ba_1503940177352_8"},{"key":"?originFullAddress","val":"2790 Truxton Road, Suite 130, San Diego, CA 92106"}]}]},{"query":"?- ?t:AE#Travelling, ?t[AE#hasOrigin->?d], ?d[AE#hasStreet->?s], ?s[label->?originStreetName], ?d[AE#hasCity->?c], ?c[label->?originCity], ?d[AE#hasState->?st], ?st[label->?originState], ?d[AE#hasZipcode->?originZipCode].","resultList":[{"result":[{"key":"?t","val":"VO_dec9675b_8a43_481d_8b9c_34cc44b3e1ba_1503940177352_7"},{"key":"?d","val":"VO_dec9675b_8a43_481d_8b9c_34cc44b3e1ba_1503940177352_3"},{"key":"?s","val":"NO_6e56fa5b_db55_4138_9e22_5d36755b477c_1503940191857_id3"},{"key":"?originStreetName","val":"3343 43rd St"},{"key":"?c","val":"NO_6e56fa5b_db55_4138_9e22_5d36755b477c_1503940191857_id9"},{"key":"?originCity","val":"San Diego"},{"key":"?st","val":"NO_6e56fa5b_db55_4138_9e22_5d36755b477c_1503940191857_id11"},{"key":"?originState","val":"CA"},{"key":"?originZipCode","val":"92105"}]},{"result":[{"key":"?t","val":"VO_dec9675b_8a43_481d_8b9c_34cc44b3e1ba_1503940177352_6"},{"key":"?d","val":"VO_dec9675b_8a43_481d_8b9c_34cc44b3e1ba_1503940177352_8"},{"key":"?s","val":"NO_5ee39833_6178_477e_861a_7803f1036b4c_1503940187335_id5"},{"key":"?originStreetName","val":"2790 Truxton Road"},{"key":"?c","val":"NO_5ee39833_6178_477e_861a_7803f1036b4c_1503940187335_id11"},{"key":"?originCity","val":"San Diego"},{"key":"?st","val":"NO_5ee39833_6178_477e_861a_7803f1036b4c_1503940187335_id13"},{"key":"?originState","val":"CA"},{"key":"?originZipCode","val":"92106"}]}]},{"query":"?- ?t:AE#Travelling, ?t[AE#hasPath->?p], ?p[AE#hasStartRegion->?s], ?s[AE#hasLatitude->?originLatitude], ?s[AE#hasLongitude->?originLongitude].","resultList":[{"result":[{"key":"?t","val":"VO_dec9675b_8a43_481d_8b9c_34cc44b3e1ba_1503940177352_6"},{"key":"?p","val":"ES_b6e59e2c_74c4_4d50_a44c_e5d0f609d4db_1503940205682_4"},{"key":"?s","val":"ES_b6e59e2c_74c4_4d50_a44c_e5d0f609d4db_1503940205682_3"},{"key":"?originLatitude","val":"32.74051839275188058309140615165233612060546875"},{"key":"?originLongitude","val":"-117.2130215001728856805129908025264739990234375"}]}]},{"query":"?- ?t:AE#Travelling, ?t[AE#hasPath->?p], ?p[AE#hasEndRegion->?e], ?e[AE#hasLatitude->?destinationLatitude], ?e[AE#hasLongitude->?destinationLongitude].","resultList":[{"result":[{"key":"?t","val":"VO_dec9675b_8a43_481d_8b9c_34cc44b3e1ba_1503940177352_6"},{"key":"?p","val":"ES_b6e59e2c_74c4_4d50_a44c_e5d0f609d4db_1503940205682_4"},{"key":"?e","val":"ES_b6e59e2c_74c4_4d50_a44c_e5d0f609d4db_1503940205682_1"},{"key":"?destinationLatitude","val":"32.79662300000001096123014576733112335205078125"},{"key":"?destinationLongitude","val":"-117.197813600000017686397768557071685791015625"}]}]}]}
