{"dataList":[{"query":"?- ?v:AE#VATravelVoucher, ?v[AE#hasVoucherClaimant->?c], ?c[AE#hasName->?cn], ?cn[label->?claimantFullName].","resultList":[{"result":[{"key":"?v","val":"VO_df27ca75_80fc_4683_bad9_114aae05c62f_1503942429742_0"},{"key":"?c","val":"VO_df27ca75_80fc_4683_bad9_114aae05c62f_1503942429742_2"},{"key":"?cn","val":"VO_df27ca75_80fc_4683_bad9_114aae05c62f_1503942429742_1"},{"key":"?claimantFullName","val":"Nathan Jacob Holt"}]},{"result":[{"key":"?v","val":"VO_df27ca75_80fc_4683_bad9_114aae05c62f_1503942429742_0"},{"key":"?c","val":"VO_df27ca75_80fc_4683_bad9_114aae05c62f_1503942429742_2"},{"key":"?cn","val":"NO_2d7d76f2_e761_404a_b311_e6ac79476c63_1503942437395_0"},{"key":"?claimantFullName","val":"Nathan Jacob Holt"}]}]},{"query":"?- ?v:AE#VATravelVoucher, ?v[AE#hasVoucherClaimant->?c], ?c[AE#hasName->?cn], ?cn[AE#hasFirstName->?claimantFirstName].","resultList":[{"result":[{"key":"?v","val":"VO_df27ca75_80fc_4683_bad9_114aae05c62f_1503942429742_0"},{"key":"?c","val":"VO_df27ca75_80fc_4683_bad9_114aae05c62f_1503942429742_2"},{"key":"?cn","val":"NO_2d7d76f2_e761_404a_b311_e6ac79476c63_1503942437395_0"},{"key":"?claimantFirstName","val":"nathan"}]}]},{"query":"?- ?v:AE#VATravelVoucher, ?v[AE#hasVoucherClaimant->?c], ?c[AE#hasName->?cn], ?cn[AE#hasLastName->?claimantLastName].","resultList":[{"result":[{"key":"?v","val":"VO_df27ca75_80fc_4683_bad9_114aae05c62f_1503942429742_0"},{"key":"?c","val":"VO_df27ca75_80fc_4683_bad9_114aae05c62f_1503942429742_2"},{"key":"?cn","val":"NO_2d7d76f2_e761_404a_b311_e6ac79476c63_1503942437395_0"},{"key":"?claimantLastName","val":"holt"}]}]},{"query":"?- ?v:AE#VATravelVoucher, ?v[AE#hasVoucherClaimant->?c], ?c[AE#hasSocialSecurityNumber->?s], ?s[label->?claimantSsn].","resultList":[{"result":[{"key":"?v","val":"VO_df27ca75_80fc_4683_bad9_114aae05c62f_1503942429742_0"},{"key":"?c","val":"VO_df27ca75_80fc_4683_bad9_114aae05c62f_1503942429742_2"},{"key":"?s","val":"VO_df27ca75_80fc_4683_bad9_114aae05c62f_1503942429742_12"},{"key":"?claimantSsn","val":"484-17-8580"}]}]},{"query":"?- ?v:AE#VATravelVoucher, ?v[AE#hasVoucherClaimant->?c], ?c[AE#hasLiens->?claimantHasLiens].","resultList":[{"result":[{"key":"?v","val":"VO_df27ca75_80fc_4683_bad9_114aae05c62f_1503942429742_0"},{"key":"?c","val":"VO_df27ca75_80fc_4683_bad9_114aae05c62f_1503942429742_2"},{"key":"?claimantHasLiens","val":"AE#NoLienReport"}]}]},{"query":"?- ?v:AE#VATravelVoucher, ?v[AE#hasVoucherClaimant->?c], ?c[AE#hasDeclaredBankruptcy->?claimantHasDeclaredBankruptcy].","resultList":[{"result":[{"key":"?v","val":"VO_df27ca75_80fc_4683_bad9_114aae05c62f_1503942429742_0"},{"key":"?c","val":"VO_df27ca75_80fc_4683_bad9_114aae05c62f_1503942429742_2"},{"key":"?claimantHasDeclaredBankruptcy","val":"AE#NoBankruptcyReport"}]}]},{"query":"?- ?v:AE#VATravelVoucher, ?v[AE#hasVoucherClaimant->?c], ?c[AE#hasArrestRecord->?claimantHasArrestRecord].","resultList":[{"result":[{"key":"?v","val":"VO_df27ca75_80fc_4683_bad9_114aae05c62f_1503942429742_0"},{"key":"?c","val":"VO_df27ca75_80fc_4683_bad9_114aae05c62f_1503942429742_2"},{"key":"?claimantHasArrestRecord","val":"AE#NoArrestRecord"}]}]},{"query":"?- ?v:AE#VATravelVoucher, ?v[AE#hasVoucherClaimant->?c], ?c[AE#hasCriminalRecord->?claimantHasCriminalRecord].","resultList":[{"result":[{"key":"?v","val":"VO_df27ca75_80fc_4683_bad9_114aae05c62f_1503942429742_0"},{"key":"?c","val":"VO_df27ca75_80fc_4683_bad9_114aae05c62f_1503942429742_2"},{"key":"?claimantHasCriminalRecord","val":"AE#NoCriminalRecord"}]}]},{"query":"?- ?v:AE#VATravelVoucher, ?v[AE#hasVoucherBeneficiary->?b], ?b[AE#hasName->?cn], ?cn[label->?beneficiaryFullName].","resultList":[{"result":[{"key":"?v","val":"VO_df27ca75_80fc_4683_bad9_114aae05c62f_1503942429742_0"},{"key":"?b","val":"VO_df27ca75_80fc_4683_bad9_114aae05c62f_1503942429742_11"},{"key":"?cn","val":"VO_df27ca75_80fc_4683_bad9_114aae05c62f_1503942429742_10"},{"key":"?beneficiaryFullName","val":"Nathan Jacob Holt"}]},{"result":[{"key":"?v","val":"VO_df27ca75_80fc_4683_bad9_114aae05c62f_1503942429742_0"},{"key":"?b","val":"VO_df27ca75_80fc_4683_bad9_114aae05c62f_1503942429742_11"},{"key":"?cn","val":"NO_06ffae61_0bda_45cf_bc02_4babe55a1abb_1503942435391_0"},{"key":"?beneficiaryFullName","val":"Nathan Jacob Holt"}]}]},{"query":"?- ?v:AE#VATravelVoucher, ?v[AE#hasVoucherBeneficiary->?b], ?b[AE#hasName->?cn], ?cn[AE#hasFirstName->?beneficiaryFirstName].","resultList":[{"result":[{"key":"?v","val":"VO_df27ca75_80fc_4683_bad9_114aae05c62f_1503942429742_0"},{"key":"?b","val":"VO_df27ca75_80fc_4683_bad9_114aae05c62f_1503942429742_11"},{"key":"?cn","val":"NO_06ffae61_0bda_45cf_bc02_4babe55a1abb_1503942435391_0"},{"key":"?beneficiaryFirstName","val":"nathan"}]}]},{"query":"?- ?v:AE#VATravelVoucher, ?v[AE#hasVoucherBeneficiary->?b], ?b[AE#hasName->?cn], ?cn[AE#hasLastName->?beneficiaryLastName].","resultList":[{"result":[{"key":"?v","val":"VO_df27ca75_80fc_4683_bad9_114aae05c62f_1503942429742_0"},{"key":"?b","val":"VO_df27ca75_80fc_4683_bad9_114aae05c62f_1503942429742_11"},{"key":"?cn","val":"NO_06ffae61_0bda_45cf_bc02_4babe55a1abb_1503942435391_0"},{"key":"?beneficiaryLastName","val":"holt"}]}]},{"query":"?- ?v:AE#VATravelVoucher, ?v[AE#hasVoucherBeneficiary->?b], ?b[AE#hasSocialSecurityNumber->?s], ?s[label->?beneficiarySsn].","resultList":[{"result":[{"key":"?v","val":"VO_df27ca75_80fc_4683_bad9_114aae05c62f_1503942429742_0"},{"key":"?b","val":"VO_df27ca75_80fc_4683_bad9_114aae05c62f_1503942429742_11"},{"key":"?s","val":"VO_df27ca75_80fc_4683_bad9_114aae05c62f_1503942429742_9"},{"key":"?beneficiarySsn","val":"484-17-8580"}]}]},{"query":"?- ?v:AE#VATravelVoucher, ?v[AE#hasVoucherBeneficiary->?b], ?b[AE#hasLiens->?beneficiaryHasLiens].","resultList":[{"result":[{"key":"?v","val":"VO_df27ca75_80fc_4683_bad9_114aae05c62f_1503942429742_0"},{"key":"?b","val":"VO_df27ca75_80fc_4683_bad9_114aae05c62f_1503942429742_11"},{"key":"?beneficiaryHasLiens","val":"AE#NoLienReport"}]}]},{"query":"?- ?v:AE#VATravelVoucher, ?v[AE#hasVoucherBeneficiary->?b], ?b[AE#hasDeclaredBankruptcy->?beneficiaryHasDeclaredBankruptcy].","resultList":[{"result":[{"key":"?v","val":"VO_df27ca75_80fc_4683_bad9_114aae05c62f_1503942429742_0"},{"key":"?b","val":"VO_df27ca75_80fc_4683_bad9_114aae05c62f_1503942429742_11"},{"key":"?beneficiaryHasDeclaredBankruptcy","val":"AE#NoBankruptcyReport"}]}]},{"query":"?- ?v:AE#VATravelVoucher, ?v[AE#hasVoucherBeneficiary->?b], ?b[AE#hasArrestRecord->?beneficiaryHasArrestRecord].","resultList":[{"result":[{"key":"?v","val":"VO_df27ca75_80fc_4683_bad9_114aae05c62f_1503942429742_0"},{"key":"?b","val":"VO_df27ca75_80fc_4683_bad9_114aae05c62f_1503942429742_11"},{"key":"?beneficiaryHasArrestRecord","val":"AE#NoArrestRecord"}]}]},{"query":"?- ?v:AE#VATravelVoucher, ?v[AE#hasVoucherBeneficiary->?b], ?b[AE#hasCriminalRecord->?beneficiaryHasCriminalRecord].","resultList":[{"result":[{"key":"?v","val":"VO_df27ca75_80fc_4683_bad9_114aae05c62f_1503942429742_0"},{"key":"?b","val":"VO_df27ca75_80fc_4683_bad9_114aae05c62f_1503942429742_11"},{"key":"?beneficiaryHasCriminalRecord","val":"AE#NoCriminalRecord"}]}]},{"query":"?- ?t:AE#Travelling, ?t[AE#hasPath->?p], ?p[AE#hasDistance->?d], ?d[AE#numericValue->?expectedDistanceValue], ?d[AE#hasUnitOfMeasure->?unitOfDistanceMeasure].","resultList":[{"result":[{"key":"?t","val":"VO_df27ca75_80fc_4683_bad9_114aae05c62f_1503942429742_6"},{"key":"?p","val":"ES_2dd64a32_d76b_4a4a_a9c2_9989b5791a1d_1503942456022_4"},{"key":"?d","val":"ES_2dd64a32_d76b_4a4a_a9c2_9989b5791a1d_1503942456022_0"},{"key":"?expectedDistanceValue","val":"5881.5403559848409713595174252986907958984375"},{"key":"?unitOfDistanceMeasure","val":"meters"}]}]},{"query":"?- ?t:AE#Travelling, ?t[AE#hasPath->?p], ?p[AE#hasExpectedTravelTime->?d], ?d[AE#numericValue->?expectedTimeValue], ?d[AE#hasUnitOfMeasure->?unitOfTimeMeasure].","resultList":[{"result":[{"key":"?t","val":"VO_df27ca75_80fc_4683_bad9_114aae05c62f_1503942429742_6"},{"key":"?p","val":"ES_2dd64a32_d76b_4a4a_a9c2_9989b5791a1d_1503942456022_4"},{"key":"?d","val":"ES_2dd64a32_d76b_4a4a_a9c2_9989b5791a1d_1503942456022_2"},{"key":"?expectedTimeValue","val":"8.221113945473916828632354736328125"},{"key":"?unitOfTimeMeasure","val":"minutes"}]}]},{"query":"?- ?t:AE#Travelling, ?t[AE#hasDestination->?d], ?d[label->?destinationFullAddress].","resultList":[{"result":[{"key":"?t","val":"VO_df27ca75_80fc_4683_bad9_114aae05c62f_1503942429742_7"},{"key":"?d","val":"VO_df27ca75_80fc_4683_bad9_114aae05c62f_1503942429742_8"},{"key":"?destinationFullAddress","val":"2790 Truxton Road, Suite 130, San Diego, CA 92106"}]},{"result":[{"key":"?t","val":"VO_df27ca75_80fc_4683_bad9_114aae05c62f_1503942429742_6"},{"key":"?d","val":"VO_df27ca75_80fc_4683_bad9_114aae05c62f_1503942429742_5"},{"key":"?destinationFullAddress","val":"5061 Gardena Ave, San Diego, CA 92110"}]}]},{"query":"?- ?t:AE#Travelling, ?t[AE#hasDestination->?d], ?d[AE#hasStreet->?s], ?s[label->?destinationStreetName], ?d[AE#hasCity->?c], ?c[label->?destinationCity], ?d[AE#hasState->?st], ?st[label->?destinationState], ?d[AE#hasZipcode->?destinationZipCode].","resultList":[{"result":[{"key":"?t","val":"VO_df27ca75_80fc_4683_bad9_114aae05c62f_1503942429742_7"},{"key":"?d","val":"VO_df27ca75_80fc_4683_bad9_114aae05c62f_1503942429742_8"},{"key":"?s","val":"NO_b848b35e_e03c_4763_bf59_67e09a316174_1503942439466_id5"},{"key":"?destinationStreetName","val":"2790 Truxton Road"},{"key":"?c","val":"NO_b848b35e_e03c_4763_bf59_67e09a316174_1503942439466_id11"},{"key":"?destinationCity","val":"San Diego"},{"key":"?st","val":"NO_b848b35e_e03c_4763_bf59_67e09a316174_1503942439466_id13"},{"key":"?destinationState","val":"CA"},{"key":"?destinationZipCode","val":"92106"}]},{"result":[{"key":"?t","val":"VO_df27ca75_80fc_4683_bad9_114aae05c62f_1503942429742_6"},{"key":"?d","val":"VO_df27ca75_80fc_4683_bad9_114aae05c62f_1503942429742_5"},{"key":"?s","val":"NO_b5fc897d_1ac0_4198_81fe_ed8f81f3d9fd_1503942441216_id3"},{"key":"?destinationStreetName","val":"5061 Gardena Ave"},{"key":"?c","val":"NO_b5fc897d_1ac0_4198_81fe_ed8f81f3d9fd_1503942441216_id9"},{"key":"?destinationCity","val":"San Diego"},{"key":"?st","val":"NO_b5fc897d_1ac0_4198_81fe_ed8f81f3d9fd_1503942441216_id11"},{"key":"?destinationState","val":"CA"},{"key":"?destinationZipCode","val":"92110"}]}]},{"query":"?- ?t:AE#Travelling, ?t[AE#hasOrigin->?d], ?d[label->?originFullAddress].","resultList":[{"result":[{"key":"?t","val":"VO_df27ca75_80fc_4683_bad9_114aae05c62f_1503942429742_7"},{"key":"?d","val":"VO_df27ca75_80fc_4683_bad9_114aae05c62f_1503942429742_3"},{"key":"?originFullAddress","val":"5061 Gardena Ave, San Diego, CA 92110"}]},{"result":[{"key":"?t","val":"VO_df27ca75_80fc_4683_bad9_114aae05c62f_1503942429742_6"},{"key":"?d","val":"VO_df27ca75_80fc_4683_bad9_114aae05c62f_1503942429742_8"},{"key":"?originFullAddress","val":"2790 Truxton Road, Suite 130, San Diego, CA 92106"}]}]},{"query":"?- ?t:AE#Travelling, ?t[AE#hasOrigin->?d], ?d[AE#hasStreet->?s], ?s[label->?originStreetName], ?d[AE#hasCity->?c], ?c[label->?originCity], ?d[AE#hasState->?st], ?st[label->?originState], ?d[AE#hasZipcode->?originZipCode].","resultList":[{"result":[{"key":"?t","val":"VO_df27ca75_80fc_4683_bad9_114aae05c62f_1503942429742_7"},{"key":"?d","val":"VO_df27ca75_80fc_4683_bad9_114aae05c62f_1503942429742_3"},{"key":"?s","val":"NO_7246cfe6_986d_4897_b082_68615b469d6b_1503942443228_id3"},{"key":"?originStreetName","val":"5061 Gardena Ave"},{"key":"?c","val":"NO_7246cfe6_986d_4897_b082_68615b469d6b_1503942443228_id9"},{"key":"?originCity","val":"San Diego"},{"key":"?st","val":"NO_7246cfe6_986d_4897_b082_68615b469d6b_1503942443228_id11"},{"key":"?originState","val":"CA"},{"key":"?originZipCode","val":"92110"}]},{"result":[{"key":"?t","val":"VO_df27ca75_80fc_4683_bad9_114aae05c62f_1503942429742_6"},{"key":"?d","val":"VO_df27ca75_80fc_4683_bad9_114aae05c62f_1503942429742_8"},{"key":"?s","val":"NO_b848b35e_e03c_4763_bf59_67e09a316174_1503942439466_id5"},{"key":"?originStreetName","val":"2790 Truxton Road"},{"key":"?c","val":"NO_b848b35e_e03c_4763_bf59_67e09a316174_1503942439466_id11"},{"key":"?originCity","val":"San Diego"},{"key":"?st","val":"NO_b848b35e_e03c_4763_bf59_67e09a316174_1503942439466_id13"},{"key":"?originState","val":"CA"},{"key":"?originZipCode","val":"92106"}]}]},{"query":"?- ?t:AE#Travelling, ?t[AE#hasPath->?p], ?p[AE#hasStartRegion->?s], ?s[AE#hasLatitude->?originLatitude], ?s[AE#hasLongitude->?originLongitude].","resultList":[{"result":[{"key":"?t","val":"VO_df27ca75_80fc_4683_bad9_114aae05c62f_1503942429742_6"},{"key":"?p","val":"ES_2dd64a32_d76b_4a4a_a9c2_9989b5791a1d_1503942456022_4"},{"key":"?s","val":"ES_2dd64a32_d76b_4a4a_a9c2_9989b5791a1d_1503942456022_3"},{"key":"?originLatitude","val":"32.74051839275188058309140615165233612060546875"},{"key":"?originLongitude","val":"-117.2130215001728856805129908025264739990234375"}]}]},{"query":"?- ?t:AE#Travelling, ?t[AE#hasPath->?p], ?p[AE#hasEndRegion->?e], ?e[AE#hasLatitude->?destinationLatitude], ?e[AE#hasLongitude->?destinationLongitude].","resultList":[{"result":[{"key":"?t","val":"VO_df27ca75_80fc_4683_bad9_114aae05c62f_1503942429742_6"},{"key":"?p","val":"ES_2dd64a32_d76b_4a4a_a9c2_9989b5791a1d_1503942456022_4"},{"key":"?e","val":"ES_2dd64a32_d76b_4a4a_a9c2_9989b5791a1d_1503942456022_1"},{"key":"?destinationLatitude","val":"32.77549189312725275158300064504146575927734375"},{"key":"?destinationLongitude","val":"-117.19369849209414269353146664798259735107421875"}]}]}]}
