{"dataList":[{"query":"?- ?v:AE#VATravelVoucher, ?v[AE#hasVoucherClaimant->?c], ?c[AE#hasName->?cn], ?cn[label->?claimantFullName].","resultList":[{"result":[{"key":"?v","val":"VO_d55951f2_f096_4b1d_aeb8_a94de4fcd14a_1503941649612_0"},{"key":"?c","val":"VO_d55951f2_f096_4b1d_aeb8_a94de4fcd14a_1503941649612_2"},{"key":"?cn","val":"NO_b058b9b2_ce68_4345_a2a8_ed577306108e_1503941656937_0"},{"key":"?claimantFullName","val":"John Bobby Blomfield"}]},{"result":[{"key":"?v","val":"VO_d55951f2_f096_4b1d_aeb8_a94de4fcd14a_1503941649612_0"},{"key":"?c","val":"VO_d55951f2_f096_4b1d_aeb8_a94de4fcd14a_1503941649612_2"},{"key":"?cn","val":"VO_d55951f2_f096_4b1d_aeb8_a94de4fcd14a_1503941649612_1"},{"key":"?claimantFullName","val":"John Bobby Blomfield"}]}]},{"query":"?- ?v:AE#VATravelVoucher, ?v[AE#hasVoucherClaimant->?c], ?c[AE#hasName->?cn], ?cn[AE#hasFirstName->?claimantFirstName].","resultList":[{"result":[{"key":"?v","val":"VO_d55951f2_f096_4b1d_aeb8_a94de4fcd14a_1503941649612_0"},{"key":"?c","val":"VO_d55951f2_f096_4b1d_aeb8_a94de4fcd14a_1503941649612_2"},{"key":"?cn","val":"NO_b058b9b2_ce68_4345_a2a8_ed577306108e_1503941656937_0"},{"key":"?claimantFirstName","val":"john"}]}]},{"query":"?- ?v:AE#VATravelVoucher, ?v[AE#hasVoucherClaimant->?c], ?c[AE#hasName->?cn], ?cn[AE#hasLastName->?claimantLastName].","resultList":[{"result":[{"key":"?v","val":"VO_d55951f2_f096_4b1d_aeb8_a94de4fcd14a_1503941649612_0"},{"key":"?c","val":"VO_d55951f2_f096_4b1d_aeb8_a94de4fcd14a_1503941649612_2"},{"key":"?cn","val":"NO_b058b9b2_ce68_4345_a2a8_ed577306108e_1503941656937_0"},{"key":"?claimantLastName","val":"blomfield"}]}]},{"query":"?- ?v:AE#VATravelVoucher, ?v[AE#hasVoucherClaimant->?c], ?c[AE#hasSocialSecurityNumber->?s], ?s[label->?claimantSsn].","resultList":[{"result":[{"key":"?v","val":"VO_d55951f2_f096_4b1d_aeb8_a94de4fcd14a_1503941649612_0"},{"key":"?c","val":"VO_d55951f2_f096_4b1d_aeb8_a94de4fcd14a_1503941649612_2"},{"key":"?s","val":"VO_d55951f2_f096_4b1d_aeb8_a94de4fcd14a_1503941649612_12"},{"key":"?claimantSsn","val":"913-80-7976"}]}]},{"query":"?- ?v:AE#VATravelVoucher, ?v[AE#hasVoucherClaimant->?c], ?c[AE#hasLiens->?claimantHasLiens].","resultList":[{"result":[{"key":"?v","val":"VO_d55951f2_f096_4b1d_aeb8_a94de4fcd14a_1503941649612_0"},{"key":"?c","val":"VO_d55951f2_f096_4b1d_aeb8_a94de4fcd14a_1503941649612_2"},{"key":"?claimantHasLiens","val":"AE#UnknownLienReport"}]}]},{"query":"?- ?v:AE#VATravelVoucher, ?v[AE#hasVoucherClaimant->?c], ?c[AE#hasDeclaredBankruptcy->?claimantHasDeclaredBankruptcy].","resultList":[{"result":[{"key":"?v","val":"VO_d55951f2_f096_4b1d_aeb8_a94de4fcd14a_1503941649612_0"},{"key":"?c","val":"VO_d55951f2_f096_4b1d_aeb8_a94de4fcd14a_1503941649612_2"},{"key":"?claimantHasDeclaredBankruptcy","val":"AE#NoBankruptcyReport"}]}]},{"query":"?- ?v:AE#VATravelVoucher, ?v[AE#hasVoucherClaimant->?c], ?c[AE#hasArrestRecord->?claimantHasArrestRecord].","resultList":[{"result":[{"key":"?v","val":"VO_d55951f2_f096_4b1d_aeb8_a94de4fcd14a_1503941649612_0"},{"key":"?c","val":"VO_d55951f2_f096_4b1d_aeb8_a94de4fcd14a_1503941649612_2"},{"key":"?claimantHasArrestRecord","val":"AE#NoArrestRecord"}]}]},{"query":"?- ?v:AE#VATravelVoucher, ?v[AE#hasVoucherClaimant->?c], ?c[AE#hasCriminalRecord->?claimantHasCriminalRecord].","resultList":[{"result":[{"key":"?v","val":"VO_d55951f2_f096_4b1d_aeb8_a94de4fcd14a_1503941649612_0"},{"key":"?c","val":"VO_d55951f2_f096_4b1d_aeb8_a94de4fcd14a_1503941649612_2"},{"key":"?claimantHasCriminalRecord","val":"AE#NoCriminalRecord"}]}]},{"query":"?- ?v:AE#VATravelVoucher, ?v[AE#hasVoucherBeneficiary->?b], ?b[AE#hasName->?cn], ?cn[label->?beneficiaryFullName].","resultList":[{"result":[{"key":"?v","val":"VO_d55951f2_f096_4b1d_aeb8_a94de4fcd14a_1503941649612_0"},{"key":"?b","val":"VO_d55951f2_f096_4b1d_aeb8_a94de4fcd14a_1503941649612_11"},{"key":"?cn","val":"VO_d55951f2_f096_4b1d_aeb8_a94de4fcd14a_1503941649612_10"},{"key":"?beneficiaryFullName","val":"Johnathon David Drane"}]},{"result":[{"key":"?v","val":"VO_d55951f2_f096_4b1d_aeb8_a94de4fcd14a_1503941649612_0"},{"key":"?b","val":"VO_d55951f2_f096_4b1d_aeb8_a94de4fcd14a_1503941649612_11"},{"key":"?cn","val":"NO_af334be1_77a9_4f0c_9907_8a6b2289728c_1503941655105_0"},{"key":"?beneficiaryFullName","val":"Johnathon David Drane"}]}]},{"query":"?- ?v:AE#VATravelVoucher, ?v[AE#hasVoucherBeneficiary->?b], ?b[AE#hasName->?cn], ?cn[AE#hasFirstName->?beneficiaryFirstName].","resultList":[{"result":[{"key":"?v","val":"VO_d55951f2_f096_4b1d_aeb8_a94de4fcd14a_1503941649612_0"},{"key":"?b","val":"VO_d55951f2_f096_4b1d_aeb8_a94de4fcd14a_1503941649612_11"},{"key":"?cn","val":"NO_af334be1_77a9_4f0c_9907_8a6b2289728c_1503941655105_0"},{"key":"?beneficiaryFirstName","val":"johnathon"}]}]},{"query":"?- ?v:AE#VATravelVoucher, ?v[AE#hasVoucherBeneficiary->?b], ?b[AE#hasName->?cn], ?cn[AE#hasLastName->?beneficiaryLastName].","resultList":[{"result":[{"key":"?v","val":"VO_d55951f2_f096_4b1d_aeb8_a94de4fcd14a_1503941649612_0"},{"key":"?b","val":"VO_d55951f2_f096_4b1d_aeb8_a94de4fcd14a_1503941649612_11"},{"key":"?cn","val":"NO_af334be1_77a9_4f0c_9907_8a6b2289728c_1503941655105_0"},{"key":"?beneficiaryLastName","val":"drane"}]}]},{"query":"?- ?v:AE#VATravelVoucher, ?v[AE#hasVoucherBeneficiary->?b], ?b[AE#hasSocialSecurityNumber->?s], ?s[label->?beneficiarySsn].","resultList":[{"result":[{"key":"?v","val":"VO_d55951f2_f096_4b1d_aeb8_a94de4fcd14a_1503941649612_0"},{"key":"?b","val":"VO_d55951f2_f096_4b1d_aeb8_a94de4fcd14a_1503941649612_11"},{"key":"?s","val":"VO_d55951f2_f096_4b1d_aeb8_a94de4fcd14a_1503941649612_9"},{"key":"?beneficiarySsn","val":"836-91-4861"}]}]},{"query":"?- ?v:AE#VATravelVoucher, ?v[AE#hasVoucherBeneficiary->?b], ?b[AE#hasLiens->?beneficiaryHasLiens].","resultList":[{"result":[{"key":"?v","val":"VO_d55951f2_f096_4b1d_aeb8_a94de4fcd14a_1503941649612_0"},{"key":"?b","val":"VO_d55951f2_f096_4b1d_aeb8_a94de4fcd14a_1503941649612_11"},{"key":"?beneficiaryHasLiens","val":"AE#NoLienReport"}]}]},{"query":"?- ?v:AE#VATravelVoucher, ?v[AE#hasVoucherBeneficiary->?b], ?b[AE#hasDeclaredBankruptcy->?beneficiaryHasDeclaredBankruptcy].","resultList":[{"result":[{"key":"?v","val":"VO_d55951f2_f096_4b1d_aeb8_a94de4fcd14a_1503941649612_0"},{"key":"?b","val":"VO_d55951f2_f096_4b1d_aeb8_a94de4fcd14a_1503941649612_11"},{"key":"?beneficiaryHasDeclaredBankruptcy","val":"AE#NoBankruptcyReport"}]}]},{"query":"?- ?v:AE#VATravelVoucher, ?v[AE#hasVoucherBeneficiary->?b], ?b[AE#hasArrestRecord->?beneficiaryHasArrestRecord].","resultList":[{"result":[{"key":"?v","val":"VO_d55951f2_f096_4b1d_aeb8_a94de4fcd14a_1503941649612_0"},{"key":"?b","val":"VO_d55951f2_f096_4b1d_aeb8_a94de4fcd14a_1503941649612_11"},{"key":"?beneficiaryHasArrestRecord","val":"AE#NoArrestRecord"}]}]},{"query":"?- ?v:AE#VATravelVoucher, ?v[AE#hasVoucherBeneficiary->?b], ?b[AE#hasCriminalRecord->?beneficiaryHasCriminalRecord].","resultList":[{"result":[{"key":"?v","val":"VO_d55951f2_f096_4b1d_aeb8_a94de4fcd14a_1503941649612_0"},{"key":"?b","val":"VO_d55951f2_f096_4b1d_aeb8_a94de4fcd14a_1503941649612_11"},{"key":"?beneficiaryHasCriminalRecord","val":"AE#NoCriminalRecord"}]}]},{"query":"?- ?t:AE#Travelling, ?t[AE#hasPath->?p], ?p[AE#hasDistance->?d], ?d[AE#numericValue->?expectedDistanceValue], ?d[AE#hasUnitOfMeasure->?unitOfDistanceMeasure].","resultList":[{"result":[{"key":"?t","val":"VO_d55951f2_f096_4b1d_aeb8_a94de4fcd14a_1503941649612_6"},{"key":"?p","val":"ES_3239b549_27fc_4555_afea_b2c4515735f5_1503941675699_4"},{"key":"?d","val":"ES_3239b549_27fc_4555_afea_b2c4515735f5_1503941675699_0"},{"key":"?expectedDistanceValue","val":"8771.6112570495461113750934600830078125"},{"key":"?unitOfDistanceMeasure","val":"meters"}]}]},{"query":"?- ?t:AE#Travelling, ?t[AE#hasPath->?p], ?p[AE#hasExpectedTravelTime->?d], ?d[AE#numericValue->?expectedTimeValue], ?d[AE#hasUnitOfMeasure->?unitOfTimeMeasure].","resultList":[{"result":[{"key":"?t","val":"VO_d55951f2_f096_4b1d_aeb8_a94de4fcd14a_1503941649612_6"},{"key":"?p","val":"ES_3239b549_27fc_4555_afea_b2c4515735f5_1503941675699_4"},{"key":"?d","val":"ES_3239b549_27fc_4555_afea_b2c4515735f5_1503941675699_2"},{"key":"?expectedTimeValue","val":"9.606476986664347350597381591796875"},{"key":"?unitOfTimeMeasure","val":"minutes"}]}]},{"query":"?- ?t:AE#Travelling, ?t[AE#hasDestination->?d], ?d[label->?destinationFullAddress].","resultList":[{"result":[{"key":"?t","val":"VO_d55951f2_f096_4b1d_aeb8_a94de4fcd14a_1503941649612_7"},{"key":"?d","val":"VO_d55951f2_f096_4b1d_aeb8_a94de4fcd14a_1503941649612_8"},{"key":"?destinationFullAddress","val":"2790 Truxton Road, Suite 130, San Diego, CA 92106"}]},{"result":[{"key":"?t","val":"VO_d55951f2_f096_4b1d_aeb8_a94de4fcd14a_1503941649612_6"},{"key":"?d","val":"VO_d55951f2_f096_4b1d_aeb8_a94de4fcd14a_1503941649612_5"},{"key":"?destinationFullAddress","val":"819 Shadow Brook St. San Diego, CA 92117"}]}]},{"query":"?- ?t:AE#Travelling, ?t[AE#hasDestination->?d], ?d[AE#hasStreet->?s], ?s[label->?destinationStreetName], ?d[AE#hasCity->?c], ?c[label->?destinationCity], ?d[AE#hasState->?st], ?st[label->?destinationState], ?d[AE#hasZipcode->?destinationZipCode].","resultList":[{"result":[{"key":"?t","val":"VO_d55951f2_f096_4b1d_aeb8_a94de4fcd14a_1503941649612_7"},{"key":"?d","val":"VO_d55951f2_f096_4b1d_aeb8_a94de4fcd14a_1503941649612_8"},{"key":"?s","val":"NO_c149c607_33a4_4170_84f6_3bf77f173823_1503941658868_id5"},{"key":"?destinationStreetName","val":"2790 Truxton Road"},{"key":"?c","val":"NO_c149c607_33a4_4170_84f6_3bf77f173823_1503941658868_id11"},{"key":"?destinationCity","val":"San Diego"},{"key":"?st","val":"NO_c149c607_33a4_4170_84f6_3bf77f173823_1503941658868_id13"},{"key":"?destinationState","val":"CA"},{"key":"?destinationZipCode","val":"92106"}]},{"result":[{"key":"?t","val":"VO_d55951f2_f096_4b1d_aeb8_a94de4fcd14a_1503941649612_6"},{"key":"?d","val":"VO_d55951f2_f096_4b1d_aeb8_a94de4fcd14a_1503941649612_5"},{"key":"?s","val":"NO_554bddbb_3595_4e94_a833_c678588279b2_1503941660852_id3"},{"key":"?destinationStreetName","val":"819 Shadow Brook St."},{"key":"?c","val":"NO_554bddbb_3595_4e94_a833_c678588279b2_1503941660852_id9"},{"key":"?destinationCity","val":"San Diego"},{"key":"?st","val":"NO_554bddbb_3595_4e94_a833_c678588279b2_1503941660852_id11"},{"key":"?destinationState","val":"CA"},{"key":"?destinationZipCode","val":"92117"}]}]},{"query":"?- ?t:AE#Travelling, ?t[AE#hasOrigin->?d], ?d[label->?originFullAddress].","resultList":[{"result":[{"key":"?t","val":"VO_d55951f2_f096_4b1d_aeb8_a94de4fcd14a_1503941649612_7"},{"key":"?d","val":"VO_d55951f2_f096_4b1d_aeb8_a94de4fcd14a_1503941649612_3"},{"key":"?originFullAddress","val":"4818 68th St, San Diego, CA 92115"}]},{"result":[{"key":"?t","val":"VO_d55951f2_f096_4b1d_aeb8_a94de4fcd14a_1503941649612_6"},{"key":"?d","val":"VO_d55951f2_f096_4b1d_aeb8_a94de4fcd14a_1503941649612_8"},{"key":"?originFullAddress","val":"2790 Truxton Road, Suite 130, San Diego, CA 92106"}]}]},{"query":"?- ?t:AE#Travelling, ?t[AE#hasOrigin->?d], ?d[AE#hasStreet->?s], ?s[label->?originStreetName], ?d[AE#hasCity->?c], ?c[label->?originCity], ?d[AE#hasState->?st], ?st[label->?originState], ?d[AE#hasZipcode->?originZipCode].","resultList":[{"result":[{"key":"?t","val":"VO_d55951f2_f096_4b1d_aeb8_a94de4fcd14a_1503941649612_7"},{"key":"?d","val":"VO_d55951f2_f096_4b1d_aeb8_a94de4fcd14a_1503941649612_3"},{"key":"?s","val":"NO_5a068552_c699_44aa_9829_f20d3922031d_1503941662881_id3"},{"key":"?originStreetName","val":"4818 68th St"},{"key":"?c","val":"NO_5a068552_c699_44aa_9829_f20d3922031d_1503941662881_id9"},{"key":"?originCity","val":"San Diego"},{"key":"?st","val":"NO_5a068552_c699_44aa_9829_f20d3922031d_1503941662881_id11"},{"key":"?originState","val":"CA"},{"key":"?originZipCode","val":"92115"}]},{"result":[{"key":"?t","val":"VO_d55951f2_f096_4b1d_aeb8_a94de4fcd14a_1503941649612_6"},{"key":"?d","val":"VO_d55951f2_f096_4b1d_aeb8_a94de4fcd14a_1503941649612_8"},{"key":"?s","val":"NO_c149c607_33a4_4170_84f6_3bf77f173823_1503941658868_id5"},{"key":"?originStreetName","val":"2790 Truxton Road"},{"key":"?c","val":"NO_c149c607_33a4_4170_84f6_3bf77f173823_1503941658868_id11"},{"key":"?originCity","val":"San Diego"},{"key":"?st","val":"NO_c149c607_33a4_4170_84f6_3bf77f173823_1503941658868_id13"},{"key":"?originState","val":"CA"},{"key":"?originZipCode","val":"92106"}]}]},{"query":"?- ?t:AE#Travelling, ?t[AE#hasPath->?p], ?p[AE#hasStartRegion->?s], ?s[AE#hasLatitude->?originLatitude], ?s[AE#hasLongitude->?originLongitude].","resultList":[{"result":[{"key":"?t","val":"VO_d55951f2_f096_4b1d_aeb8_a94de4fcd14a_1503941649612_6"},{"key":"?p","val":"ES_3239b549_27fc_4555_afea_b2c4515735f5_1503941675699_4"},{"key":"?s","val":"ES_3239b549_27fc_4555_afea_b2c4515735f5_1503941675699_3"},{"key":"?originLatitude","val":"32.74051839275188058309140615165233612060546875"},{"key":"?originLongitude","val":"-117.2130215001728856805129908025264739990234375"}]}]},{"query":"?- ?t:AE#Travelling, ?t[AE#hasPath->?p], ?p[AE#hasEndRegion->?e], ?e[AE#hasLatitude->?destinationLatitude], ?e[AE#hasLongitude->?destinationLongitude].","resultList":[{"result":[{"key":"?t","val":"VO_d55951f2_f096_4b1d_aeb8_a94de4fcd14a_1503941649612_6"},{"key":"?p","val":"ES_3239b549_27fc_4555_afea_b2c4515735f5_1503941675699_4"},{"key":"?e","val":"ES_3239b549_27fc_4555_afea_b2c4515735f5_1503941675699_1"},{"key":"?destinationLatitude","val":"32.79662300000001096123014576733112335205078125"},{"key":"?destinationLongitude","val":"-117.197813600000017686397768557071685791015625"}]}]}]}
