{"dataList":[{"query":"?- ?v:AE#VATravelVoucher, ?v[AE#hasVoucherClaimant->?c], ?c[AE#hasName->?cn], ?cn[label->?claimantFullName].","resultList":[{"result":[{"key":"?v","val":"VO_dc14f4a7_4985_4a6b_ba6c_cf4e7f4b4161_1503940683814_0"},{"key":"?c","val":"VO_dc14f4a7_4985_4a6b_ba6c_cf4e7f4b4161_1503940683814_2"},{"key":"?cn","val":"NO_d4274fe2_a0b2_4bfa_aad8_0adac65fd06d_1503940690964_0"},{"key":"?claimantFullName","val":"Jason N. Tremain"}]},{"result":[{"key":"?v","val":"VO_dc14f4a7_4985_4a6b_ba6c_cf4e7f4b4161_1503940683814_0"},{"key":"?c","val":"VO_dc14f4a7_4985_4a6b_ba6c_cf4e7f4b4161_1503940683814_2"},{"key":"?cn","val":"VO_dc14f4a7_4985_4a6b_ba6c_cf4e7f4b4161_1503940683814_1"},{"key":"?claimantFullName","val":"Jason N. Tremain"}]}]},{"query":"?- ?v:AE#VATravelVoucher, ?v[AE#hasVoucherClaimant->?c], ?c[AE#hasName->?cn], ?cn[AE#hasFirstName->?claimantFirstName].","resultList":[{"result":[{"key":"?v","val":"VO_dc14f4a7_4985_4a6b_ba6c_cf4e7f4b4161_1503940683814_0"},{"key":"?c","val":"VO_dc14f4a7_4985_4a6b_ba6c_cf4e7f4b4161_1503940683814_2"},{"key":"?cn","val":"NO_d4274fe2_a0b2_4bfa_aad8_0adac65fd06d_1503940690964_0"},{"key":"?claimantFirstName","val":"jason"}]}]},{"query":"?- ?v:AE#VATravelVoucher, ?v[AE#hasVoucherClaimant->?c], ?c[AE#hasName->?cn], ?cn[AE#hasLastName->?claimantLastName].","resultList":[{"result":[{"key":"?v","val":"VO_dc14f4a7_4985_4a6b_ba6c_cf4e7f4b4161_1503940683814_0"},{"key":"?c","val":"VO_dc14f4a7_4985_4a6b_ba6c_cf4e7f4b4161_1503940683814_2"},{"key":"?cn","val":"NO_d4274fe2_a0b2_4bfa_aad8_0adac65fd06d_1503940690964_0"},{"key":"?claimantLastName","val":"tremain"}]}]},{"query":"?- ?v:AE#VATravelVoucher, ?v[AE#hasVoucherClaimant->?c], ?c[AE#hasSocialSecurityNumber->?s], ?s[label->?claimantSsn].","resultList":[{"result":[{"key":"?v","val":"VO_dc14f4a7_4985_4a6b_ba6c_cf4e7f4b4161_1503940683814_0"},{"key":"?c","val":"VO_dc14f4a7_4985_4a6b_ba6c_cf4e7f4b4161_1503940683814_2"},{"key":"?s","val":"VO_dc14f4a7_4985_4a6b_ba6c_cf4e7f4b4161_1503940683814_12"},{"key":"?claimantSsn","val":"202-33-4848"}]}]},{"query":"?- ?v:AE#VATravelVoucher, ?v[AE#hasVoucherClaimant->?c], ?c[AE#hasLiens->?claimantHasLiens].","resultList":[{"result":[{"key":"?v","val":"VO_dc14f4a7_4985_4a6b_ba6c_cf4e7f4b4161_1503940683814_0"},{"key":"?c","val":"VO_dc14f4a7_4985_4a6b_ba6c_cf4e7f4b4161_1503940683814_2"},{"key":"?claimantHasLiens","val":"AE#NoLienReport"}]}]},{"query":"?- ?v:AE#VATravelVoucher, ?v[AE#hasVoucherClaimant->?c], ?c[AE#hasDeclaredBankruptcy->?claimantHasDeclaredBankruptcy].","resultList":[{"result":[{"key":"?v","val":"VO_dc14f4a7_4985_4a6b_ba6c_cf4e7f4b4161_1503940683814_0"},{"key":"?c","val":"VO_dc14f4a7_4985_4a6b_ba6c_cf4e7f4b4161_1503940683814_2"},{"key":"?claimantHasDeclaredBankruptcy","val":"AE#NoBankruptcyReport"}]}]},{"query":"?- ?v:AE#VATravelVoucher, ?v[AE#hasVoucherClaimant->?c], ?c[AE#hasArrestRecord->?claimantHasArrestRecord].","resultList":[{"result":[{"key":"?v","val":"VO_dc14f4a7_4985_4a6b_ba6c_cf4e7f4b4161_1503940683814_0"},{"key":"?c","val":"VO_dc14f4a7_4985_4a6b_ba6c_cf4e7f4b4161_1503940683814_2"},{"key":"?claimantHasArrestRecord","val":"AE#NoArrestRecord"}]}]},{"query":"?- ?v:AE#VATravelVoucher, ?v[AE#hasVoucherClaimant->?c], ?c[AE#hasCriminalRecord->?claimantHasCriminalRecord].","resultList":[{"result":[{"key":"?v","val":"VO_dc14f4a7_4985_4a6b_ba6c_cf4e7f4b4161_1503940683814_0"},{"key":"?c","val":"VO_dc14f4a7_4985_4a6b_ba6c_cf4e7f4b4161_1503940683814_2"},{"key":"?claimantHasCriminalRecord","val":"AE#NoCriminalRecord"}]}]},{"query":"?- ?v:AE#VATravelVoucher, ?v[AE#hasVoucherBeneficiary->?b], ?b[AE#hasName->?cn], ?cn[label->?beneficiaryFullName].","resultList":[{"result":[{"key":"?v","val":"VO_dc14f4a7_4985_4a6b_ba6c_cf4e7f4b4161_1503940683814_0"},{"key":"?b","val":"VO_dc14f4a7_4985_4a6b_ba6c_cf4e7f4b4161_1503940683814_11"},{"key":"?cn","val":"VO_dc14f4a7_4985_4a6b_ba6c_cf4e7f4b4161_1503940683814_10"},{"key":"?beneficiaryFullName","val":"Paul Reginald Welch"}]},{"result":[{"key":"?v","val":"VO_dc14f4a7_4985_4a6b_ba6c_cf4e7f4b4161_1503940683814_0"},{"key":"?b","val":"VO_dc14f4a7_4985_4a6b_ba6c_cf4e7f4b4161_1503940683814_11"},{"key":"?cn","val":"NO_fd6fec36_ef1d_4c6d_a212_4fe7d0476395_1503940689156_0"},{"key":"?beneficiaryFullName","val":"Paul Reginald Welch"}]}]},{"query":"?- ?v:AE#VATravelVoucher, ?v[AE#hasVoucherBeneficiary->?b], ?b[AE#hasName->?cn], ?cn[AE#hasFirstName->?beneficiaryFirstName].","resultList":[{"result":[{"key":"?v","val":"VO_dc14f4a7_4985_4a6b_ba6c_cf4e7f4b4161_1503940683814_0"},{"key":"?b","val":"VO_dc14f4a7_4985_4a6b_ba6c_cf4e7f4b4161_1503940683814_11"},{"key":"?cn","val":"NO_fd6fec36_ef1d_4c6d_a212_4fe7d0476395_1503940689156_0"},{"key":"?beneficiaryFirstName","val":"paul"}]}]},{"query":"?- ?v:AE#VATravelVoucher, ?v[AE#hasVoucherBeneficiary->?b], ?b[AE#hasName->?cn], ?cn[AE#hasLastName->?beneficiaryLastName].","resultList":[{"result":[{"key":"?v","val":"VO_dc14f4a7_4985_4a6b_ba6c_cf4e7f4b4161_1503940683814_0"},{"key":"?b","val":"VO_dc14f4a7_4985_4a6b_ba6c_cf4e7f4b4161_1503940683814_11"},{"key":"?cn","val":"NO_fd6fec36_ef1d_4c6d_a212_4fe7d0476395_1503940689156_0"},{"key":"?beneficiaryLastName","val":"welch"}]}]},{"query":"?- ?v:AE#VATravelVoucher, ?v[AE#hasVoucherBeneficiary->?b], ?b[AE#hasSocialSecurityNumber->?s], ?s[label->?beneficiarySsn].","resultList":[{"result":[{"key":"?v","val":"VO_dc14f4a7_4985_4a6b_ba6c_cf4e7f4b4161_1503940683814_0"},{"key":"?b","val":"VO_dc14f4a7_4985_4a6b_ba6c_cf4e7f4b4161_1503940683814_11"},{"key":"?s","val":"VO_dc14f4a7_4985_4a6b_ba6c_cf4e7f4b4161_1503940683814_9"},{"key":"?beneficiarySsn","val":"071-58-3234"}]}]},{"query":"?- ?v:AE#VATravelVoucher, ?v[AE#hasVoucherBeneficiary->?b], ?b[AE#hasLiens->?beneficiaryHasLiens].","resultList":[{"result":[{"key":"?v","val":"VO_dc14f4a7_4985_4a6b_ba6c_cf4e7f4b4161_1503940683814_0"},{"key":"?b","val":"VO_dc14f4a7_4985_4a6b_ba6c_cf4e7f4b4161_1503940683814_11"},{"key":"?beneficiaryHasLiens","val":"AE#NoLienReport"}]}]},{"query":"?- ?v:AE#VATravelVoucher, ?v[AE#hasVoucherBeneficiary->?b], ?b[AE#hasDeclaredBankruptcy->?beneficiaryHasDeclaredBankruptcy].","resultList":[{"result":[{"key":"?v","val":"VO_dc14f4a7_4985_4a6b_ba6c_cf4e7f4b4161_1503940683814_0"},{"key":"?b","val":"VO_dc14f4a7_4985_4a6b_ba6c_cf4e7f4b4161_1503940683814_11"},{"key":"?beneficiaryHasDeclaredBankruptcy","val":"AE#NoBankruptcyReport"}]}]},{"query":"?- ?v:AE#VATravelVoucher, ?v[AE#hasVoucherBeneficiary->?b], ?b[AE#hasArrestRecord->?beneficiaryHasArrestRecord].","resultList":[{"result":[{"key":"?v","val":"VO_dc14f4a7_4985_4a6b_ba6c_cf4e7f4b4161_1503940683814_0"},{"key":"?b","val":"VO_dc14f4a7_4985_4a6b_ba6c_cf4e7f4b4161_1503940683814_11"},{"key":"?beneficiaryHasArrestRecord","val":"AE#NoArrestRecord"}]}]},{"query":"?- ?v:AE#VATravelVoucher, ?v[AE#hasVoucherBeneficiary->?b], ?b[AE#hasCriminalRecord->?beneficiaryHasCriminalRecord].","resultList":[{"result":[{"key":"?v","val":"VO_dc14f4a7_4985_4a6b_ba6c_cf4e7f4b4161_1503940683814_0"},{"key":"?b","val":"VO_dc14f4a7_4985_4a6b_ba6c_cf4e7f4b4161_1503940683814_11"},{"key":"?beneficiaryHasCriminalRecord","val":"AE#NoCriminalRecord"}]}]},{"query":"?- ?t:AE#Travelling, ?t[AE#hasPath->?p], ?p[AE#hasDistance->?d], ?d[AE#numericValue->?expectedDistanceValue], ?d[AE#hasUnitOfMeasure->?unitOfDistanceMeasure].","resultList":[{"result":[{"key":"?t","val":"VO_dc14f4a7_4985_4a6b_ba6c_cf4e7f4b4161_1503940683814_6"},{"key":"?p","val":"ES_6a979064_e6fa_4d5b_ad3b_8fa3d7e53f3e_1503940710621_4"},{"key":"?d","val":"ES_6a979064_e6fa_4d5b_ad3b_8fa3d7e53f3e_1503940710621_0"},{"key":"?expectedDistanceValue","val":"16061.59962072709095082245767116546630859375"},{"key":"?unitOfDistanceMeasure","val":"meters"}]}]},{"query":"?- ?t:AE#Travelling, ?t[AE#hasPath->?p], ?p[AE#hasExpectedTravelTime->?d], ?d[AE#numericValue->?expectedTimeValue], ?d[AE#hasUnitOfMeasure->?unitOfTimeMeasure].","resultList":[{"result":[{"key":"?t","val":"VO_dc14f4a7_4985_4a6b_ba6c_cf4e7f4b4161_1503940683814_6"},{"key":"?p","val":"ES_6a979064_e6fa_4d5b_ad3b_8fa3d7e53f3e_1503940710621_4"},{"key":"?d","val":"ES_6a979064_e6fa_4d5b_ad3b_8fa3d7e53f3e_1503940710621_2"},{"key":"?expectedTimeValue","val":"13.1920040468685328960418701171875"},{"key":"?unitOfTimeMeasure","val":"minutes"}]}]},{"query":"?- ?t:AE#Travelling, ?t[AE#hasDestination->?d], ?d[label->?destinationFullAddress].","resultList":[{"result":[{"key":"?t","val":"VO_dc14f4a7_4985_4a6b_ba6c_cf4e7f4b4161_1503940683814_7"},{"key":"?d","val":"VO_dc14f4a7_4985_4a6b_ba6c_cf4e7f4b4161_1503940683814_8"},{"key":"?destinationFullAddress","val":"2790 Truxton Road, Suite 130, San Diego, CA 92106"}]},{"result":[{"key":"?t","val":"VO_dc14f4a7_4985_4a6b_ba6c_cf4e7f4b4161_1503940683814_6"},{"key":"?d","val":"VO_dc14f4a7_4985_4a6b_ba6c_cf4e7f4b4161_1503940683814_5"},{"key":"?destinationFullAddress","val":"8514 Thorne St. San Diego, CA 92105"}]}]},{"query":"?- ?t:AE#Travelling, ?t[AE#hasDestination->?d], ?d[AE#hasStreet->?s], ?s[label->?destinationStreetName], ?d[AE#hasCity->?c], ?c[label->?destinationCity], ?d[AE#hasState->?st], ?st[label->?destinationState], ?d[AE#hasZipcode->?destinationZipCode].","resultList":[{"result":[{"key":"?t","val":"VO_dc14f4a7_4985_4a6b_ba6c_cf4e7f4b4161_1503940683814_7"},{"key":"?d","val":"VO_dc14f4a7_4985_4a6b_ba6c_cf4e7f4b4161_1503940683814_8"},{"key":"?s","val":"NO_b55bb5b4_ea2c_419b_82be_13f73323b5fe_1503940692752_id5"},{"key":"?destinationStreetName","val":"2790 Truxton Road"},{"key":"?c","val":"NO_b55bb5b4_ea2c_419b_82be_13f73323b5fe_1503940692752_id11"},{"key":"?destinationCity","val":"San Diego"},{"key":"?st","val":"NO_b55bb5b4_ea2c_419b_82be_13f73323b5fe_1503940692752_id13"},{"key":"?destinationState","val":"CA"},{"key":"?destinationZipCode","val":"92106"}]},{"result":[{"key":"?t","val":"VO_dc14f4a7_4985_4a6b_ba6c_cf4e7f4b4161_1503940683814_6"},{"key":"?d","val":"VO_dc14f4a7_4985_4a6b_ba6c_cf4e7f4b4161_1503940683814_5"},{"key":"?s","val":"NO_fbcf37c3_7b05_4ac9_a1ed_7c3059df0e85_1503940694588_id3"},{"key":"?destinationStreetName","val":"8514 Thorne St."},{"key":"?c","val":"NO_fbcf37c3_7b05_4ac9_a1ed_7c3059df0e85_1503940694588_id9"},{"key":"?destinationCity","val":"San Diego"},{"key":"?st","val":"NO_fbcf37c3_7b05_4ac9_a1ed_7c3059df0e85_1503940694588_id11"},{"key":"?destinationState","val":"CA"},{"key":"?destinationZipCode","val":"92105"}]}]},{"query":"?- ?t:AE#Travelling, ?t[AE#hasOrigin->?d], ?d[label->?originFullAddress].","resultList":[{"result":[{"key":"?t","val":"VO_dc14f4a7_4985_4a6b_ba6c_cf4e7f4b4161_1503940683814_7"},{"key":"?d","val":"VO_dc14f4a7_4985_4a6b_ba6c_cf4e7f4b4161_1503940683814_3"},{"key":"?originFullAddress","val":"278 Mountainview Drive San Diego, CA 92126"}]},{"result":[{"key":"?t","val":"VO_dc14f4a7_4985_4a6b_ba6c_cf4e7f4b4161_1503940683814_6"},{"key":"?d","val":"VO_dc14f4a7_4985_4a6b_ba6c_cf4e7f4b4161_1503940683814_8"},{"key":"?originFullAddress","val":"2790 Truxton Road, Suite 130, San Diego, CA 92106"}]}]},{"query":"?- ?t:AE#Travelling, ?t[AE#hasOrigin->?d], ?d[AE#hasStreet->?s], ?s[label->?originStreetName], ?d[AE#hasCity->?c], ?c[label->?originCity], ?d[AE#hasState->?st], ?st[label->?originState], ?d[AE#hasZipcode->?originZipCode].","resultList":[{"result":[{"key":"?t","val":"VO_dc14f4a7_4985_4a6b_ba6c_cf4e7f4b4161_1503940683814_7"},{"key":"?d","val":"VO_dc14f4a7_4985_4a6b_ba6c_cf4e7f4b4161_1503940683814_3"},{"key":"?s","val":"NO_a453f077_33ef_4de8_b61b_b9b48f5217cc_1503940696646_id3"},{"key":"?originStreetName","val":"278 Mountainview Drive"},{"key":"?c","val":"NO_a453f077_33ef_4de8_b61b_b9b48f5217cc_1503940696646_id9"},{"key":"?originCity","val":"San Diego"},{"key":"?st","val":"NO_a453f077_33ef_4de8_b61b_b9b48f5217cc_1503940696646_id11"},{"key":"?originState","val":"CA"},{"key":"?originZipCode","val":"92126"}]},{"result":[{"key":"?t","val":"VO_dc14f4a7_4985_4a6b_ba6c_cf4e7f4b4161_1503940683814_6"},{"key":"?d","val":"VO_dc14f4a7_4985_4a6b_ba6c_cf4e7f4b4161_1503940683814_8"},{"key":"?s","val":"NO_b55bb5b4_ea2c_419b_82be_13f73323b5fe_1503940692752_id5"},{"key":"?originStreetName","val":"2790 Truxton Road"},{"key":"?c","val":"NO_b55bb5b4_ea2c_419b_82be_13f73323b5fe_1503940692752_id11"},{"key":"?originCity","val":"San Diego"},{"key":"?st","val":"NO_b55bb5b4_ea2c_419b_82be_13f73323b5fe_1503940692752_id13"},{"key":"?originState","val":"CA"},{"key":"?originZipCode","val":"92106"}]}]},{"query":"?- ?t:AE#Travelling, ?t[AE#hasPath->?p], ?p[AE#hasStartRegion->?s], ?s[AE#hasLatitude->?originLatitude], ?s[AE#hasLongitude->?originLongitude].","resultList":[{"result":[{"key":"?t","val":"VO_dc14f4a7_4985_4a6b_ba6c_cf4e7f4b4161_1503940683814_6"},{"key":"?p","val":"ES_6a979064_e6fa_4d5b_ad3b_8fa3d7e53f3e_1503940710621_4"},{"key":"?s","val":"ES_6a979064_e6fa_4d5b_ad3b_8fa3d7e53f3e_1503940710621_3"},{"key":"?originLatitude","val":"32.74051839275188058309140615165233612060546875"},{"key":"?originLongitude","val":"-117.2130215001728856805129908025264739990234375"}]}]},{"query":"?- ?t:AE#Travelling, ?t[AE#hasPath->?p], ?p[AE#hasEndRegion->?e], ?e[AE#hasLatitude->?destinationLatitude], ?e[AE#hasLongitude->?destinationLongitude].","resultList":[{"result":[{"key":"?t","val":"VO_dc14f4a7_4985_4a6b_ba6c_cf4e7f4b4161_1503940683814_6"},{"key":"?p","val":"ES_6a979064_e6fa_4d5b_ad3b_8fa3d7e53f3e_1503940710621_4"},{"key":"?e","val":"ES_6a979064_e6fa_4d5b_ad3b_8fa3d7e53f3e_1503940710621_1"},{"key":"?destinationLatitude","val":"32.740317000000004554749466478824615478515625"},{"key":"?destinationLongitude","val":"-117.1077615793125232812599278986454010009765625"}]}]}]}
