{"dataList":[{"query":"?- ?v:AE#VATravelVoucher, ?v[AE#hasVoucherClaimant->?c], ?c[AE#hasName->?cn], ?cn[label->?claimantFullName].","resultList":[{"result":[{"key":"?v","val":"VO_d67ef43a_e988_40bf_bb1b_030b2ece722e_1503943907128_0"},{"key":"?c","val":"VO_d67ef43a_e988_40bf_bb1b_030b2ece722e_1503943907128_2"},{"key":"?cn","val":"NO_854aa8de_be0d_486f_91dd_9e4856446bb9_1503943915111_0"},{"key":"?claimantFullName","val":"David Harlan Ferns"}]},{"result":[{"key":"?v","val":"VO_d67ef43a_e988_40bf_bb1b_030b2ece722e_1503943907128_0"},{"key":"?c","val":"VO_d67ef43a_e988_40bf_bb1b_030b2ece722e_1503943907128_2"},{"key":"?cn","val":"VO_d67ef43a_e988_40bf_bb1b_030b2ece722e_1503943907128_1"},{"key":"?claimantFullName","val":"David Harlan Ferns"}]}]},{"query":"?- ?v:AE#VATravelVoucher, ?v[AE#hasVoucherClaimant->?c], ?c[AE#hasName->?cn], ?cn[AE#hasFirstName->?claimantFirstName].","resultList":[{"result":[{"key":"?v","val":"VO_d67ef43a_e988_40bf_bb1b_030b2ece722e_1503943907128_0"},{"key":"?c","val":"VO_d67ef43a_e988_40bf_bb1b_030b2ece722e_1503943907128_2"},{"key":"?cn","val":"NO_854aa8de_be0d_486f_91dd_9e4856446bb9_1503943915111_0"},{"key":"?claimantFirstName","val":"david"}]}]},{"query":"?- ?v:AE#VATravelVoucher, ?v[AE#hasVoucherClaimant->?c], ?c[AE#hasName->?cn], ?cn[AE#hasLastName->?claimantLastName].","resultList":[{"result":[{"key":"?v","val":"VO_d67ef43a_e988_40bf_bb1b_030b2ece722e_1503943907128_0"},{"key":"?c","val":"VO_d67ef43a_e988_40bf_bb1b_030b2ece722e_1503943907128_2"},{"key":"?cn","val":"NO_854aa8de_be0d_486f_91dd_9e4856446bb9_1503943915111_0"},{"key":"?claimantLastName","val":"ferns"}]}]},{"query":"?- ?v:AE#VATravelVoucher, ?v[AE#hasVoucherClaimant->?c], ?c[AE#hasSocialSecurityNumber->?s], ?s[label->?claimantSsn].","resultList":[{"result":[{"key":"?v","val":"VO_d67ef43a_e988_40bf_bb1b_030b2ece722e_1503943907128_0"},{"key":"?c","val":"VO_d67ef43a_e988_40bf_bb1b_030b2ece722e_1503943907128_2"},{"key":"?s","val":"VO_d67ef43a_e988_40bf_bb1b_030b2ece722e_1503943907128_12"},{"key":"?claimantSsn","val":"851-77-5969"}]}]},{"query":"?- ?v:AE#VATravelVoucher, ?v[AE#hasVoucherClaimant->?c], ?c[AE#hasLiens->?claimantHasLiens].","resultList":[{"result":[{"key":"?v","val":"VO_d67ef43a_e988_40bf_bb1b_030b2ece722e_1503943907128_0"},{"key":"?c","val":"VO_d67ef43a_e988_40bf_bb1b_030b2ece722e_1503943907128_2"},{"key":"?claimantHasLiens","val":"AE#NoLienReport"}]}]},{"query":"?- ?v:AE#VATravelVoucher, ?v[AE#hasVoucherClaimant->?c], ?c[AE#hasDeclaredBankruptcy->?claimantHasDeclaredBankruptcy].","resultList":[{"result":[{"key":"?v","val":"VO_d67ef43a_e988_40bf_bb1b_030b2ece722e_1503943907128_0"},{"key":"?c","val":"VO_d67ef43a_e988_40bf_bb1b_030b2ece722e_1503943907128_2"},{"key":"?claimantHasDeclaredBankruptcy","val":"AE#NoBankruptcyReport"}]}]},{"query":"?- ?v:AE#VATravelVoucher, ?v[AE#hasVoucherClaimant->?c], ?c[AE#hasArrestRecord->?claimantHasArrestRecord].","resultList":[{"result":[{"key":"?v","val":"VO_d67ef43a_e988_40bf_bb1b_030b2ece722e_1503943907128_0"},{"key":"?c","val":"VO_d67ef43a_e988_40bf_bb1b_030b2ece722e_1503943907128_2"},{"key":"?claimantHasArrestRecord","val":"AE#NoArrestRecord"}]}]},{"query":"?- ?v:AE#VATravelVoucher, ?v[AE#hasVoucherClaimant->?c], ?c[AE#hasCriminalRecord->?claimantHasCriminalRecord].","resultList":[{"result":[{"key":"?v","val":"VO_d67ef43a_e988_40bf_bb1b_030b2ece722e_1503943907128_0"},{"key":"?c","val":"VO_d67ef43a_e988_40bf_bb1b_030b2ece722e_1503943907128_2"},{"key":"?claimantHasCriminalRecord","val":"AE#NoCriminalRecord"}]}]},{"query":"?- ?v:AE#VATravelVoucher, ?v[AE#hasVoucherBeneficiary->?b], ?b[AE#hasName->?cn], ?cn[label->?beneficiaryFullName].","resultList":[{"result":[{"key":"?v","val":"VO_d67ef43a_e988_40bf_bb1b_030b2ece722e_1503943907128_0"},{"key":"?b","val":"VO_d67ef43a_e988_40bf_bb1b_030b2ece722e_1503943907128_11"},{"key":"?cn","val":"NO_b8847496_a9ff_4aed_9385_f503c4b7e78b_1503943912896_0"},{"key":"?beneficiaryFullName","val":"Francisco Charles Wellman"}]},{"result":[{"key":"?v","val":"VO_d67ef43a_e988_40bf_bb1b_030b2ece722e_1503943907128_0"},{"key":"?b","val":"VO_d67ef43a_e988_40bf_bb1b_030b2ece722e_1503943907128_11"},{"key":"?cn","val":"VO_d67ef43a_e988_40bf_bb1b_030b2ece722e_1503943907128_10"},{"key":"?beneficiaryFullName","val":"Francisco Charles Wellman"}]}]},{"query":"?- ?v:AE#VATravelVoucher, ?v[AE#hasVoucherBeneficiary->?b], ?b[AE#hasName->?cn], ?cn[AE#hasFirstName->?beneficiaryFirstName].","resultList":[{"result":[{"key":"?v","val":"VO_d67ef43a_e988_40bf_bb1b_030b2ece722e_1503943907128_0"},{"key":"?b","val":"VO_d67ef43a_e988_40bf_bb1b_030b2ece722e_1503943907128_11"},{"key":"?cn","val":"NO_b8847496_a9ff_4aed_9385_f503c4b7e78b_1503943912896_0"},{"key":"?beneficiaryFirstName","val":"francisco"}]}]},{"query":"?- ?v:AE#VATravelVoucher, ?v[AE#hasVoucherBeneficiary->?b], ?b[AE#hasName->?cn], ?cn[AE#hasLastName->?beneficiaryLastName].","resultList":[{"result":[{"key":"?v","val":"VO_d67ef43a_e988_40bf_bb1b_030b2ece722e_1503943907128_0"},{"key":"?b","val":"VO_d67ef43a_e988_40bf_bb1b_030b2ece722e_1503943907128_11"},{"key":"?cn","val":"NO_b8847496_a9ff_4aed_9385_f503c4b7e78b_1503943912896_0"},{"key":"?beneficiaryLastName","val":"wellman"}]}]},{"query":"?- ?v:AE#VATravelVoucher, ?v[AE#hasVoucherBeneficiary->?b], ?b[AE#hasSocialSecurityNumber->?s], ?s[label->?beneficiarySsn].","resultList":[{"result":[{"key":"?v","val":"VO_d67ef43a_e988_40bf_bb1b_030b2ece722e_1503943907128_0"},{"key":"?b","val":"VO_d67ef43a_e988_40bf_bb1b_030b2ece722e_1503943907128_11"},{"key":"?s","val":"VO_d67ef43a_e988_40bf_bb1b_030b2ece722e_1503943907128_9"},{"key":"?beneficiarySsn","val":"120-64-6397"}]}]},{"query":"?- ?v:AE#VATravelVoucher, ?v[AE#hasVoucherBeneficiary->?b], ?b[AE#hasLiens->?beneficiaryHasLiens].","resultList":[{"result":[{"key":"?v","val":"VO_d67ef43a_e988_40bf_bb1b_030b2ece722e_1503943907128_0"},{"key":"?b","val":"VO_d67ef43a_e988_40bf_bb1b_030b2ece722e_1503943907128_11"},{"key":"?beneficiaryHasLiens","val":"AE#NoLienReport"}]}]},{"query":"?- ?v:AE#VATravelVoucher, ?v[AE#hasVoucherBeneficiary->?b], ?b[AE#hasDeclaredBankruptcy->?beneficiaryHasDeclaredBankruptcy].","resultList":[{"result":[{"key":"?v","val":"VO_d67ef43a_e988_40bf_bb1b_030b2ece722e_1503943907128_0"},{"key":"?b","val":"VO_d67ef43a_e988_40bf_bb1b_030b2ece722e_1503943907128_11"},{"key":"?beneficiaryHasDeclaredBankruptcy","val":"AE#NoBankruptcyReport"}]}]},{"query":"?- ?v:AE#VATravelVoucher, ?v[AE#hasVoucherBeneficiary->?b], ?b[AE#hasArrestRecord->?beneficiaryHasArrestRecord].","resultList":[{"result":[{"key":"?v","val":"VO_d67ef43a_e988_40bf_bb1b_030b2ece722e_1503943907128_0"},{"key":"?b","val":"VO_d67ef43a_e988_40bf_bb1b_030b2ece722e_1503943907128_11"},{"key":"?beneficiaryHasArrestRecord","val":"AE#UnknownArrestRecord"}]}]},{"query":"?- ?v:AE#VATravelVoucher, ?v[AE#hasVoucherBeneficiary->?b], ?b[AE#hasCriminalRecord->?beneficiaryHasCriminalRecord].","resultList":[{"result":[{"key":"?v","val":"VO_d67ef43a_e988_40bf_bb1b_030b2ece722e_1503943907128_0"},{"key":"?b","val":"VO_d67ef43a_e988_40bf_bb1b_030b2ece722e_1503943907128_11"},{"key":"?beneficiaryHasCriminalRecord","val":"AE#NoCriminalRecord"}]}]},{"query":"?- ?t:AE#Travelling, ?t[AE#hasPath->?p], ?p[AE#hasDistance->?d], ?d[AE#numericValue->?expectedDistanceValue], ?d[AE#hasUnitOfMeasure->?unitOfDistanceMeasure].","resultList":[{"result":[{"key":"?t","val":"VO_d67ef43a_e988_40bf_bb1b_030b2ece722e_1503943907128_6"},{"key":"?p","val":"ES_01749634_b8aa_4894_821b_5c4f336c06dd_1503943934444_4"},{"key":"?d","val":"ES_01749634_b8aa_4894_821b_5c4f336c06dd_1503943934444_0"},{"key":"?expectedDistanceValue","val":"4762.3218387961069311131723225116729736328125"},{"key":"?unitOfDistanceMeasure","val":"meters"}]}]},{"query":"?- ?t:AE#Travelling, ?t[AE#hasPath->?p], ?p[AE#hasExpectedTravelTime->?d], ?d[AE#numericValue->?expectedTimeValue], ?d[AE#hasUnitOfMeasure->?unitOfTimeMeasure].","resultList":[{"result":[{"key":"?t","val":"VO_d67ef43a_e988_40bf_bb1b_030b2ece722e_1503943907128_6"},{"key":"?p","val":"ES_01749634_b8aa_4894_821b_5c4f336c06dd_1503943934444_4"},{"key":"?d","val":"ES_01749634_b8aa_4894_821b_5c4f336c06dd_1503943934444_2"},{"key":"?expectedTimeValue","val":"5.953477874281816184520721435546875"},{"key":"?unitOfTimeMeasure","val":"minutes"}]}]},{"query":"?- ?t:AE#Travelling, ?t[AE#hasDestination->?d], ?d[label->?destinationFullAddress].","resultList":[{"result":[{"key":"?t","val":"VO_d67ef43a_e988_40bf_bb1b_030b2ece722e_1503943907128_7"},{"key":"?d","val":"VO_d67ef43a_e988_40bf_bb1b_030b2ece722e_1503943907128_8"},{"key":"?destinationFullAddress","val":"2790 Truxton Road, Suite 130, San Diego, CA 92106"}]},{"result":[{"key":"?t","val":"VO_d67ef43a_e988_40bf_bb1b_030b2ece722e_1503943907128_6"},{"key":"?d","val":"VO_d67ef43a_e988_40bf_bb1b_030b2ece722e_1503943907128_5"},{"key":"?destinationFullAddress","val":"1244 Gertrude St, San Diego, CA 92110"}]}]},{"query":"?- ?t:AE#Travelling, ?t[AE#hasDestination->?d], ?d[AE#hasStreet->?s], ?s[label->?destinationStreetName], ?d[AE#hasCity->?c], ?c[label->?destinationCity], ?d[AE#hasState->?st], ?st[label->?destinationState], ?d[AE#hasZipcode->?destinationZipCode].","resultList":[{"result":[{"key":"?t","val":"VO_d67ef43a_e988_40bf_bb1b_030b2ece722e_1503943907128_7"},{"key":"?d","val":"VO_d67ef43a_e988_40bf_bb1b_030b2ece722e_1503943907128_8"},{"key":"?s","val":"NO_31b41d90_4814_4e20_9da1_34a1a1ec833b_1503943917016_id5"},{"key":"?destinationStreetName","val":"2790 Truxton Road"},{"key":"?c","val":"NO_31b41d90_4814_4e20_9da1_34a1a1ec833b_1503943917016_id11"},{"key":"?destinationCity","val":"San Diego"},{"key":"?st","val":"NO_31b41d90_4814_4e20_9da1_34a1a1ec833b_1503943917016_id13"},{"key":"?destinationState","val":"CA"},{"key":"?destinationZipCode","val":"92106"}]},{"result":[{"key":"?t","val":"VO_d67ef43a_e988_40bf_bb1b_030b2ece722e_1503943907128_6"},{"key":"?d","val":"VO_d67ef43a_e988_40bf_bb1b_030b2ece722e_1503943907128_5"},{"key":"?s","val":"NO_8f31e626_a618_4545_92a2_0da98e5c2efd_1503943919042_id3"},{"key":"?destinationStreetName","val":"1244 Gertrude St"},{"key":"?c","val":"NO_8f31e626_a618_4545_92a2_0da98e5c2efd_1503943919042_id9"},{"key":"?destinationCity","val":"San Diego"},{"key":"?st","val":"NO_8f31e626_a618_4545_92a2_0da98e5c2efd_1503943919042_id11"},{"key":"?destinationState","val":"CA"},{"key":"?destinationZipCode","val":"92110"}]}]},{"query":"?- ?t:AE#Travelling, ?t[AE#hasOrigin->?d], ?d[label->?originFullAddress].","resultList":[{"result":[{"key":"?t","val":"VO_d67ef43a_e988_40bf_bb1b_030b2ece722e_1503943907128_7"},{"key":"?d","val":"VO_d67ef43a_e988_40bf_bb1b_030b2ece722e_1503943907128_3"},{"key":"?originFullAddress","val":"3224 N Mountain View Dr, San Diego, CA 92116"}]},{"result":[{"key":"?t","val":"VO_d67ef43a_e988_40bf_bb1b_030b2ece722e_1503943907128_6"},{"key":"?d","val":"VO_d67ef43a_e988_40bf_bb1b_030b2ece722e_1503943907128_8"},{"key":"?originFullAddress","val":"2790 Truxton Road, Suite 130, San Diego, CA 92106"}]}]},{"query":"?- ?t:AE#Travelling, ?t[AE#hasOrigin->?d], ?d[AE#hasStreet->?s], ?s[label->?originStreetName], ?d[AE#hasCity->?c], ?c[label->?originCity], ?d[AE#hasState->?st], ?st[label->?originState], ?d[AE#hasZipcode->?originZipCode].","resultList":[{"result":[{"key":"?t","val":"VO_d67ef43a_e988_40bf_bb1b_030b2ece722e_1503943907128_7"},{"key":"?d","val":"VO_d67ef43a_e988_40bf_bb1b_030b2ece722e_1503943907128_3"},{"key":"?s","val":"NO_a79b28c0_0ec6_4569_b715_e387bd4ad27d_1503943920893_id3"},{"key":"?originStreetName","val":"3224 N Mountain View Dr"},{"key":"?c","val":"NO_a79b28c0_0ec6_4569_b715_e387bd4ad27d_1503943920893_id9"},{"key":"?originCity","val":"San Diego"},{"key":"?st","val":"NO_a79b28c0_0ec6_4569_b715_e387bd4ad27d_1503943920893_id11"},{"key":"?originState","val":"CA"},{"key":"?originZipCode","val":"92116"}]},{"result":[{"key":"?t","val":"VO_d67ef43a_e988_40bf_bb1b_030b2ece722e_1503943907128_6"},{"key":"?d","val":"VO_d67ef43a_e988_40bf_bb1b_030b2ece722e_1503943907128_8"},{"key":"?s","val":"NO_31b41d90_4814_4e20_9da1_34a1a1ec833b_1503943917016_id5"},{"key":"?originStreetName","val":"2790 Truxton Road"},{"key":"?c","val":"NO_31b41d90_4814_4e20_9da1_34a1a1ec833b_1503943917016_id11"},{"key":"?originCity","val":"San Diego"},{"key":"?st","val":"NO_31b41d90_4814_4e20_9da1_34a1a1ec833b_1503943917016_id13"},{"key":"?originState","val":"CA"},{"key":"?originZipCode","val":"92106"}]}]},{"query":"?- ?t:AE#Travelling, ?t[AE#hasPath->?p], ?p[AE#hasStartRegion->?s], ?s[AE#hasLatitude->?originLatitude], ?s[AE#hasLongitude->?originLongitude].","resultList":[{"result":[{"key":"?t","val":"VO_d67ef43a_e988_40bf_bb1b_030b2ece722e_1503943907128_6"},{"key":"?p","val":"ES_01749634_b8aa_4894_821b_5c4f336c06dd_1503943934444_4"},{"key":"?s","val":"ES_01749634_b8aa_4894_821b_5c4f336c06dd_1503943934444_3"},{"key":"?originLatitude","val":"32.74051839275188058309140615165233612060546875"},{"key":"?originLongitude","val":"-117.2130215001728856805129908025264739990234375"}]}]},{"query":"?- ?t:AE#Travelling, ?t[AE#hasPath->?p], ?p[AE#hasEndRegion->?e], ?e[AE#hasLatitude->?destinationLatitude], ?e[AE#hasLongitude->?destinationLongitude].","resultList":[{"result":[{"key":"?t","val":"VO_d67ef43a_e988_40bf_bb1b_030b2ece722e_1503943907128_6"},{"key":"?p","val":"ES_01749634_b8aa_4894_821b_5c4f336c06dd_1503943934444_4"},{"key":"?e","val":"ES_01749634_b8aa_4894_821b_5c4f336c06dd_1503943934444_1"},{"key":"?destinationLatitude","val":"32.77142044517864860608824528753757476806640625"},{"key":"?destinationLongitude","val":"-117.2010138927518738682920229621231555938720703125"}]}]}]}
