{"dataList":[{"query":"?- ?v:AE#VATravelVoucher, ?v[AE#hasVoucherClaimant->?c], ?c[AE#hasName->?cn], ?cn[label->?claimantFullName].","resultList":[{"result":[{"key":"?v","val":"VO_d5f73d19_ce40_4b1e_a5ae_2958aae66544_1503943069451_0"},{"key":"?c","val":"VO_d5f73d19_ce40_4b1e_a5ae_2958aae66544_1503943069451_2"},{"key":"?cn","val":"NO_9ff41a77_6cb2_4764_9b1a_b989538990b9_1503943077013_0"},{"key":"?claimantFullName","val":"Charles J. Wilkins"}]},{"result":[{"key":"?v","val":"VO_d5f73d19_ce40_4b1e_a5ae_2958aae66544_1503943069451_0"},{"key":"?c","val":"VO_d5f73d19_ce40_4b1e_a5ae_2958aae66544_1503943069451_2"},{"key":"?cn","val":"VO_d5f73d19_ce40_4b1e_a5ae_2958aae66544_1503943069451_1"},{"key":"?claimantFullName","val":"Charles J. Wilkins"}]}]},{"query":"?- ?v:AE#VATravelVoucher, ?v[AE#hasVoucherClaimant->?c], ?c[AE#hasName->?cn], ?cn[AE#hasFirstName->?claimantFirstName].","resultList":[{"result":[{"key":"?v","val":"VO_d5f73d19_ce40_4b1e_a5ae_2958aae66544_1503943069451_0"},{"key":"?c","val":"VO_d5f73d19_ce40_4b1e_a5ae_2958aae66544_1503943069451_2"},{"key":"?cn","val":"NO_9ff41a77_6cb2_4764_9b1a_b989538990b9_1503943077013_0"},{"key":"?claimantFirstName","val":"charles"}]}]},{"query":"?- ?v:AE#VATravelVoucher, ?v[AE#hasVoucherClaimant->?c], ?c[AE#hasName->?cn], ?cn[AE#hasLastName->?claimantLastName].","resultList":[{"result":[{"key":"?v","val":"VO_d5f73d19_ce40_4b1e_a5ae_2958aae66544_1503943069451_0"},{"key":"?c","val":"VO_d5f73d19_ce40_4b1e_a5ae_2958aae66544_1503943069451_2"},{"key":"?cn","val":"NO_9ff41a77_6cb2_4764_9b1a_b989538990b9_1503943077013_0"},{"key":"?claimantLastName","val":"wilkins"}]}]},{"query":"?- ?v:AE#VATravelVoucher, ?v[AE#hasVoucherClaimant->?c], ?c[AE#hasSocialSecurityNumber->?s], ?s[label->?claimantSsn].","resultList":[{"result":[{"key":"?v","val":"VO_d5f73d19_ce40_4b1e_a5ae_2958aae66544_1503943069451_0"},{"key":"?c","val":"VO_d5f73d19_ce40_4b1e_a5ae_2958aae66544_1503943069451_2"},{"key":"?s","val":"VO_d5f73d19_ce40_4b1e_a5ae_2958aae66544_1503943069451_12"},{"key":"?claimantSsn","val":"260-47-2853"}]}]},{"query":"?- ?v:AE#VATravelVoucher, ?v[AE#hasVoucherClaimant->?c], ?c[AE#hasLiens->?claimantHasLiens].","resultList":[{"result":[{"key":"?v","val":"VO_d5f73d19_ce40_4b1e_a5ae_2958aae66544_1503943069451_0"},{"key":"?c","val":"VO_d5f73d19_ce40_4b1e_a5ae_2958aae66544_1503943069451_2"},{"key":"?claimantHasLiens","val":"AE#NoLienReport"}]}]},{"query":"?- ?v:AE#VATravelVoucher, ?v[AE#hasVoucherClaimant->?c], ?c[AE#hasDeclaredBankruptcy->?claimantHasDeclaredBankruptcy].","resultList":[{"result":[{"key":"?v","val":"VO_d5f73d19_ce40_4b1e_a5ae_2958aae66544_1503943069451_0"},{"key":"?c","val":"VO_d5f73d19_ce40_4b1e_a5ae_2958aae66544_1503943069451_2"},{"key":"?claimantHasDeclaredBankruptcy","val":"AE#NoBankruptcyReport"}]}]},{"query":"?- ?v:AE#VATravelVoucher, ?v[AE#hasVoucherClaimant->?c], ?c[AE#hasArrestRecord->?claimantHasArrestRecord].","resultList":[{"result":[{"key":"?v","val":"VO_d5f73d19_ce40_4b1e_a5ae_2958aae66544_1503943069451_0"},{"key":"?c","val":"VO_d5f73d19_ce40_4b1e_a5ae_2958aae66544_1503943069451_2"},{"key":"?claimantHasArrestRecord","val":"AE#NoArrestRecord"}]}]},{"query":"?- ?v:AE#VATravelVoucher, ?v[AE#hasVoucherClaimant->?c], ?c[AE#hasCriminalRecord->?claimantHasCriminalRecord].","resultList":[{"result":[{"key":"?v","val":"VO_d5f73d19_ce40_4b1e_a5ae_2958aae66544_1503943069451_0"},{"key":"?c","val":"VO_d5f73d19_ce40_4b1e_a5ae_2958aae66544_1503943069451_2"},{"key":"?claimantHasCriminalRecord","val":"AE#NoCriminalRecord"}]}]},{"query":"?- ?v:AE#VATravelVoucher, ?v[AE#hasVoucherBeneficiary->?b], ?b[AE#hasName->?cn], ?cn[label->?beneficiaryFullName].","resultList":[{"result":[{"key":"?v","val":"VO_d5f73d19_ce40_4b1e_a5ae_2958aae66544_1503943069451_0"},{"key":"?b","val":"VO_d5f73d19_ce40_4b1e_a5ae_2958aae66544_1503943069451_11"},{"key":"?cn","val":"VO_d5f73d19_ce40_4b1e_a5ae_2958aae66544_1503943069451_10"},{"key":"?beneficiaryFullName","val":"Charles J. Wilkins"}]},{"result":[{"key":"?v","val":"VO_d5f73d19_ce40_4b1e_a5ae_2958aae66544_1503943069451_0"},{"key":"?b","val":"VO_d5f73d19_ce40_4b1e_a5ae_2958aae66544_1503943069451_11"},{"key":"?cn","val":"NO_61fb5b71_63d7_4df5_b8ff_513105308af5_1503943074932_0"},{"key":"?beneficiaryFullName","val":"Charles J. Wilkins"}]}]},{"query":"?- ?v:AE#VATravelVoucher, ?v[AE#hasVoucherBeneficiary->?b], ?b[AE#hasName->?cn], ?cn[AE#hasFirstName->?beneficiaryFirstName].","resultList":[{"result":[{"key":"?v","val":"VO_d5f73d19_ce40_4b1e_a5ae_2958aae66544_1503943069451_0"},{"key":"?b","val":"VO_d5f73d19_ce40_4b1e_a5ae_2958aae66544_1503943069451_11"},{"key":"?cn","val":"NO_61fb5b71_63d7_4df5_b8ff_513105308af5_1503943074932_0"},{"key":"?beneficiaryFirstName","val":"charles"}]}]},{"query":"?- ?v:AE#VATravelVoucher, ?v[AE#hasVoucherBeneficiary->?b], ?b[AE#hasName->?cn], ?cn[AE#hasLastName->?beneficiaryLastName].","resultList":[{"result":[{"key":"?v","val":"VO_d5f73d19_ce40_4b1e_a5ae_2958aae66544_1503943069451_0"},{"key":"?b","val":"VO_d5f73d19_ce40_4b1e_a5ae_2958aae66544_1503943069451_11"},{"key":"?cn","val":"NO_61fb5b71_63d7_4df5_b8ff_513105308af5_1503943074932_0"},{"key":"?beneficiaryLastName","val":"wilkins"}]}]},{"query":"?- ?v:AE#VATravelVoucher, ?v[AE#hasVoucherBeneficiary->?b], ?b[AE#hasSocialSecurityNumber->?s], ?s[label->?beneficiarySsn].","resultList":[{"result":[{"key":"?v","val":"VO_d5f73d19_ce40_4b1e_a5ae_2958aae66544_1503943069451_0"},{"key":"?b","val":"VO_d5f73d19_ce40_4b1e_a5ae_2958aae66544_1503943069451_11"},{"key":"?s","val":"VO_d5f73d19_ce40_4b1e_a5ae_2958aae66544_1503943069451_9"},{"key":"?beneficiarySsn","val":"260-47-2853"}]}]},{"query":"?- ?v:AE#VATravelVoucher, ?v[AE#hasVoucherBeneficiary->?b], ?b[AE#hasLiens->?beneficiaryHasLiens].","resultList":[{"result":[{"key":"?v","val":"VO_d5f73d19_ce40_4b1e_a5ae_2958aae66544_1503943069451_0"},{"key":"?b","val":"VO_d5f73d19_ce40_4b1e_a5ae_2958aae66544_1503943069451_11"},{"key":"?beneficiaryHasLiens","val":"AE#NoLienReport"}]}]},{"query":"?- ?v:AE#VATravelVoucher, ?v[AE#hasVoucherBeneficiary->?b], ?b[AE#hasDeclaredBankruptcy->?beneficiaryHasDeclaredBankruptcy].","resultList":[{"result":[{"key":"?v","val":"VO_d5f73d19_ce40_4b1e_a5ae_2958aae66544_1503943069451_0"},{"key":"?b","val":"VO_d5f73d19_ce40_4b1e_a5ae_2958aae66544_1503943069451_11"},{"key":"?beneficiaryHasDeclaredBankruptcy","val":"AE#NoBankruptcyReport"}]}]},{"query":"?- ?v:AE#VATravelVoucher, ?v[AE#hasVoucherBeneficiary->?b], ?b[AE#hasArrestRecord->?beneficiaryHasArrestRecord].","resultList":[{"result":[{"key":"?v","val":"VO_d5f73d19_ce40_4b1e_a5ae_2958aae66544_1503943069451_0"},{"key":"?b","val":"VO_d5f73d19_ce40_4b1e_a5ae_2958aae66544_1503943069451_11"},{"key":"?beneficiaryHasArrestRecord","val":"AE#NoArrestRecord"}]}]},{"query":"?- ?v:AE#VATravelVoucher, ?v[AE#hasVoucherBeneficiary->?b], ?b[AE#hasCriminalRecord->?beneficiaryHasCriminalRecord].","resultList":[{"result":[{"key":"?v","val":"VO_d5f73d19_ce40_4b1e_a5ae_2958aae66544_1503943069451_0"},{"key":"?b","val":"VO_d5f73d19_ce40_4b1e_a5ae_2958aae66544_1503943069451_11"},{"key":"?beneficiaryHasCriminalRecord","val":"AE#NoCriminalRecord"}]}]},{"query":"?- ?t:AE#Travelling, ?t[AE#hasPath->?p], ?p[AE#hasDistance->?d], ?d[AE#numericValue->?expectedDistanceValue], ?d[AE#hasUnitOfMeasure->?unitOfDistanceMeasure].","resultList":[{"result":[{"key":"?t","val":"VO_d5f73d19_ce40_4b1e_a5ae_2958aae66544_1503943069451_6"},{"key":"?p","val":"ES_5a60d551_a342_45e9_965a_3fe0624fd968_1503943097319_4"},{"key":"?d","val":"ES_5a60d551_a342_45e9_965a_3fe0624fd968_1503943097319_0"},{"key":"?expectedDistanceValue","val":"14705.263033579010880202986299991607666015625"},{"key":"?unitOfDistanceMeasure","val":"meters"}]}]},{"query":"?- ?t:AE#Travelling, ?t[AE#hasPath->?p], ?p[AE#hasExpectedTravelTime->?d], ?d[AE#numericValue->?expectedTimeValue], ?d[AE#hasUnitOfMeasure->?unitOfTimeMeasure].","resultList":[{"result":[{"key":"?t","val":"VO_d5f73d19_ce40_4b1e_a5ae_2958aae66544_1503943069451_6"},{"key":"?p","val":"ES_5a60d551_a342_45e9_965a_3fe0624fd968_1503943097319_4"},{"key":"?d","val":"ES_5a60d551_a342_45e9_965a_3fe0624fd968_1503943097319_2"},{"key":"?expectedTimeValue","val":"12.16110569774173200130462646484375"},{"key":"?unitOfTimeMeasure","val":"minutes"}]}]},{"query":"?- ?t:AE#Travelling, ?t[AE#hasDestination->?d], ?d[label->?destinationFullAddress].","resultList":[{"result":[{"key":"?t","val":"VO_d5f73d19_ce40_4b1e_a5ae_2958aae66544_1503943069451_7"},{"key":"?d","val":"VO_d5f73d19_ce40_4b1e_a5ae_2958aae66544_1503943069451_8"},{"key":"?destinationFullAddress","val":"2790 Truxton Road, Suite 130, San Diego, CA 92106"}]},{"result":[{"key":"?t","val":"VO_d5f73d19_ce40_4b1e_a5ae_2958aae66544_1503943069451_6"},{"key":"?d","val":"VO_d5f73d19_ce40_4b1e_a5ae_2958aae66544_1503943069451_5"},{"key":"?destinationFullAddress","val":"3343 43rd St, San Diego, CA 92105"}]}]},{"query":"?- ?t:AE#Travelling, ?t[AE#hasDestination->?d], ?d[AE#hasStreet->?s], ?s[label->?destinationStreetName], ?d[AE#hasCity->?c], ?c[label->?destinationCity], ?d[AE#hasState->?st], ?st[label->?destinationState], ?d[AE#hasZipcode->?destinationZipCode].","resultList":[{"result":[{"key":"?t","val":"VO_d5f73d19_ce40_4b1e_a5ae_2958aae66544_1503943069451_7"},{"key":"?d","val":"VO_d5f73d19_ce40_4b1e_a5ae_2958aae66544_1503943069451_8"},{"key":"?s","val":"NO_10d13d66_42bc_4b6c_8b91_4f1ccc320ad8_1503943079089_id5"},{"key":"?destinationStreetName","val":"2790 Truxton Road"},{"key":"?c","val":"NO_10d13d66_42bc_4b6c_8b91_4f1ccc320ad8_1503943079089_id11"},{"key":"?destinationCity","val":"San Diego"},{"key":"?st","val":"NO_10d13d66_42bc_4b6c_8b91_4f1ccc320ad8_1503943079089_id13"},{"key":"?destinationState","val":"CA"},{"key":"?destinationZipCode","val":"92106"}]},{"result":[{"key":"?t","val":"VO_d5f73d19_ce40_4b1e_a5ae_2958aae66544_1503943069451_6"},{"key":"?d","val":"VO_d5f73d19_ce40_4b1e_a5ae_2958aae66544_1503943069451_5"},{"key":"?s","val":"NO_30710708_e6b6_4016_be41_95aabe5ed055_1503943081160_id3"},{"key":"?destinationStreetName","val":"3343 43rd St"},{"key":"?c","val":"NO_30710708_e6b6_4016_be41_95aabe5ed055_1503943081160_id9"},{"key":"?destinationCity","val":"San Diego"},{"key":"?st","val":"NO_30710708_e6b6_4016_be41_95aabe5ed055_1503943081160_id11"},{"key":"?destinationState","val":"CA"},{"key":"?destinationZipCode","val":"92105"}]}]},{"query":"?- ?t:AE#Travelling, ?t[AE#hasOrigin->?d], ?d[label->?originFullAddress].","resultList":[{"result":[{"key":"?t","val":"VO_d5f73d19_ce40_4b1e_a5ae_2958aae66544_1503943069451_7"},{"key":"?d","val":"VO_d5f73d19_ce40_4b1e_a5ae_2958aae66544_1503943069451_3"},{"key":"?originFullAddress","val":"3343 43rd St, San Diego, CA 92105"}]},{"result":[{"key":"?t","val":"VO_d5f73d19_ce40_4b1e_a5ae_2958aae66544_1503943069451_6"},{"key":"?d","val":"VO_d5f73d19_ce40_4b1e_a5ae_2958aae66544_1503943069451_8"},{"key":"?originFullAddress","val":"2790 Truxton Road, Suite 130, San Diego, CA 92106"}]}]},{"query":"?- ?t:AE#Travelling, ?t[AE#hasOrigin->?d], ?d[AE#hasStreet->?s], ?s[label->?originStreetName], ?d[AE#hasCity->?c], ?c[label->?originCity], ?d[AE#hasState->?st], ?st[label->?originState], ?d[AE#hasZipcode->?originZipCode].","resultList":[{"result":[{"key":"?t","val":"VO_d5f73d19_ce40_4b1e_a5ae_2958aae66544_1503943069451_7"},{"key":"?d","val":"VO_d5f73d19_ce40_4b1e_a5ae_2958aae66544_1503943069451_3"},{"key":"?s","val":"NO_150ba379_f728_4dda_b692_7e887beafad1_1503943083603_id3"},{"key":"?originStreetName","val":"3343 43rd St"},{"key":"?c","val":"NO_150ba379_f728_4dda_b692_7e887beafad1_1503943083603_id9"},{"key":"?originCity","val":"San Diego"},{"key":"?st","val":"NO_150ba379_f728_4dda_b692_7e887beafad1_1503943083603_id11"},{"key":"?originState","val":"CA"},{"key":"?originZipCode","val":"92105"}]},{"result":[{"key":"?t","val":"VO_d5f73d19_ce40_4b1e_a5ae_2958aae66544_1503943069451_6"},{"key":"?d","val":"VO_d5f73d19_ce40_4b1e_a5ae_2958aae66544_1503943069451_8"},{"key":"?s","val":"NO_10d13d66_42bc_4b6c_8b91_4f1ccc320ad8_1503943079089_id5"},{"key":"?originStreetName","val":"2790 Truxton Road"},{"key":"?c","val":"NO_10d13d66_42bc_4b6c_8b91_4f1ccc320ad8_1503943079089_id11"},{"key":"?originCity","val":"San Diego"},{"key":"?st","val":"NO_10d13d66_42bc_4b6c_8b91_4f1ccc320ad8_1503943079089_id13"},{"key":"?originState","val":"CA"},{"key":"?originZipCode","val":"92106"}]}]},{"query":"?- ?t:AE#Travelling, ?t[AE#hasPath->?p], ?p[AE#hasStartRegion->?s], ?s[AE#hasLatitude->?originLatitude], ?s[AE#hasLongitude->?originLongitude].","resultList":[{"result":[{"key":"?t","val":"VO_d5f73d19_ce40_4b1e_a5ae_2958aae66544_1503943069451_6"},{"key":"?p","val":"ES_5a60d551_a342_45e9_965a_3fe0624fd968_1503943097319_4"},{"key":"?s","val":"ES_5a60d551_a342_45e9_965a_3fe0624fd968_1503943097319_3"},{"key":"?originLatitude","val":"32.74051839275188058309140615165233612060546875"},{"key":"?originLongitude","val":"-117.2130215001728856805129908025264739990234375"}]}]},{"query":"?- ?t:AE#Travelling, ?t[AE#hasPath->?p], ?p[AE#hasEndRegion->?e], ?e[AE#hasLatitude->?destinationLatitude], ?e[AE#hasLongitude->?destinationLongitude].","resultList":[{"result":[{"key":"?t","val":"VO_d5f73d19_ce40_4b1e_a5ae_2958aae66544_1503943069451_6"},{"key":"?p","val":"ES_5a60d551_a342_45e9_965a_3fe0624fd968_1503943097319_4"},{"key":"?e","val":"ES_5a60d551_a342_45e9_965a_3fe0624fd968_1503943097319_1"},{"key":"?destinationLatitude","val":"32.74111840827512054374892613850533962249755859375"},{"key":"?destinationLongitude","val":"-117.10203096944445633198483847081661224365234375"}]}]}]}
