{"dataList":[{"query":"?- ?v:AE#VATravelVoucher, ?v[AE#hasVoucherClaimant->?c], ?c[AE#hasName->?cn], ?cn[label->?claimantFullName].","resultList":[{"result":[{"key":"?v","val":"VO_de3a41f9_cd65_4751_8083_94d2802c7a1e_1503941312350_0"},{"key":"?c","val":"VO_de3a41f9_cd65_4751_8083_94d2802c7a1e_1503941312350_2"},{"key":"?cn","val":"NO_dfdc8257_df08_49d4_8fbd_fe7d2675ba72_1503941319759_0"},{"key":"?claimantFullName","val":"Roy M. Stevens"}]},{"result":[{"key":"?v","val":"VO_de3a41f9_cd65_4751_8083_94d2802c7a1e_1503941312350_0"},{"key":"?c","val":"VO_de3a41f9_cd65_4751_8083_94d2802c7a1e_1503941312350_2"},{"key":"?cn","val":"VO_de3a41f9_cd65_4751_8083_94d2802c7a1e_1503941312350_1"},{"key":"?claimantFullName","val":"Roy M. Stevens"}]}]},{"query":"?- ?v:AE#VATravelVoucher, ?v[AE#hasVoucherClaimant->?c], ?c[AE#hasName->?cn], ?cn[AE#hasFirstName->?claimantFirstName].","resultList":[{"result":[{"key":"?v","val":"VO_de3a41f9_cd65_4751_8083_94d2802c7a1e_1503941312350_0"},{"key":"?c","val":"VO_de3a41f9_cd65_4751_8083_94d2802c7a1e_1503941312350_2"},{"key":"?cn","val":"NO_dfdc8257_df08_49d4_8fbd_fe7d2675ba72_1503941319759_0"},{"key":"?claimantFirstName","val":"roy"}]}]},{"query":"?- ?v:AE#VATravelVoucher, ?v[AE#hasVoucherClaimant->?c], ?c[AE#hasName->?cn], ?cn[AE#hasLastName->?claimantLastName].","resultList":[{"result":[{"key":"?v","val":"VO_de3a41f9_cd65_4751_8083_94d2802c7a1e_1503941312350_0"},{"key":"?c","val":"VO_de3a41f9_cd65_4751_8083_94d2802c7a1e_1503941312350_2"},{"key":"?cn","val":"NO_dfdc8257_df08_49d4_8fbd_fe7d2675ba72_1503941319759_0"},{"key":"?claimantLastName","val":"stevens"}]}]},{"query":"?- ?v:AE#VATravelVoucher, ?v[AE#hasVoucherClaimant->?c], ?c[AE#hasSocialSecurityNumber->?s], ?s[label->?claimantSsn].","resultList":[{"result":[{"key":"?v","val":"VO_de3a41f9_cd65_4751_8083_94d2802c7a1e_1503941312350_0"},{"key":"?c","val":"VO_de3a41f9_cd65_4751_8083_94d2802c7a1e_1503941312350_2"},{"key":"?s","val":"VO_de3a41f9_cd65_4751_8083_94d2802c7a1e_1503941312350_12"},{"key":"?claimantSsn","val":"644-54-6266"}]}]},{"query":"?- ?v:AE#VATravelVoucher, ?v[AE#hasVoucherClaimant->?c], ?c[AE#hasLiens->?claimantHasLiens].","resultList":[{"result":[{"key":"?v","val":"VO_de3a41f9_cd65_4751_8083_94d2802c7a1e_1503941312350_0"},{"key":"?c","val":"VO_de3a41f9_cd65_4751_8083_94d2802c7a1e_1503941312350_2"},{"key":"?claimantHasLiens","val":"AE#NoLienReport"}]}]},{"query":"?- ?v:AE#VATravelVoucher, ?v[AE#hasVoucherClaimant->?c], ?c[AE#hasDeclaredBankruptcy->?claimantHasDeclaredBankruptcy].","resultList":[{"result":[{"key":"?v","val":"VO_de3a41f9_cd65_4751_8083_94d2802c7a1e_1503941312350_0"},{"key":"?c","val":"VO_de3a41f9_cd65_4751_8083_94d2802c7a1e_1503941312350_2"},{"key":"?claimantHasDeclaredBankruptcy","val":"AE#NoBankruptcyReport"}]}]},{"query":"?- ?v:AE#VATravelVoucher, ?v[AE#hasVoucherClaimant->?c], ?c[AE#hasArrestRecord->?claimantHasArrestRecord].","resultList":[{"result":[{"key":"?v","val":"VO_de3a41f9_cd65_4751_8083_94d2802c7a1e_1503941312350_0"},{"key":"?c","val":"VO_de3a41f9_cd65_4751_8083_94d2802c7a1e_1503941312350_2"},{"key":"?claimantHasArrestRecord","val":"AE#NoArrestRecord"}]}]},{"query":"?- ?v:AE#VATravelVoucher, ?v[AE#hasVoucherClaimant->?c], ?c[AE#hasCriminalRecord->?claimantHasCriminalRecord].","resultList":[{"result":[{"key":"?v","val":"VO_de3a41f9_cd65_4751_8083_94d2802c7a1e_1503941312350_0"},{"key":"?c","val":"VO_de3a41f9_cd65_4751_8083_94d2802c7a1e_1503941312350_2"},{"key":"?claimantHasCriminalRecord","val":"AE#NoCriminalRecord"}]}]},{"query":"?- ?v:AE#VATravelVoucher, ?v[AE#hasVoucherBeneficiary->?b], ?b[AE#hasName->?cn], ?cn[label->?beneficiaryFullName].","resultList":[{"result":[{"key":"?v","val":"VO_de3a41f9_cd65_4751_8083_94d2802c7a1e_1503941312350_0"},{"key":"?b","val":"VO_de3a41f9_cd65_4751_8083_94d2802c7a1e_1503941312350_11"},{"key":"?cn","val":"VO_de3a41f9_cd65_4751_8083_94d2802c7a1e_1503941312350_10"},{"key":"?beneficiaryFullName","val":"Roy M. Stevens"}]},{"result":[{"key":"?v","val":"VO_de3a41f9_cd65_4751_8083_94d2802c7a1e_1503941312350_0"},{"key":"?b","val":"VO_de3a41f9_cd65_4751_8083_94d2802c7a1e_1503941312350_11"},{"key":"?cn","val":"NO_762f80d8_3bc1_4b96_9a83_025e7b2b0bc9_1503941317878_0"},{"key":"?beneficiaryFullName","val":"Roy M. Stevens"}]}]},{"query":"?- ?v:AE#VATravelVoucher, ?v[AE#hasVoucherBeneficiary->?b], ?b[AE#hasName->?cn], ?cn[AE#hasFirstName->?beneficiaryFirstName].","resultList":[{"result":[{"key":"?v","val":"VO_de3a41f9_cd65_4751_8083_94d2802c7a1e_1503941312350_0"},{"key":"?b","val":"VO_de3a41f9_cd65_4751_8083_94d2802c7a1e_1503941312350_11"},{"key":"?cn","val":"NO_762f80d8_3bc1_4b96_9a83_025e7b2b0bc9_1503941317878_0"},{"key":"?beneficiaryFirstName","val":"roy"}]}]},{"query":"?- ?v:AE#VATravelVoucher, ?v[AE#hasVoucherBeneficiary->?b], ?b[AE#hasName->?cn], ?cn[AE#hasLastName->?beneficiaryLastName].","resultList":[{"result":[{"key":"?v","val":"VO_de3a41f9_cd65_4751_8083_94d2802c7a1e_1503941312350_0"},{"key":"?b","val":"VO_de3a41f9_cd65_4751_8083_94d2802c7a1e_1503941312350_11"},{"key":"?cn","val":"NO_762f80d8_3bc1_4b96_9a83_025e7b2b0bc9_1503941317878_0"},{"key":"?beneficiaryLastName","val":"stevens"}]}]},{"query":"?- ?v:AE#VATravelVoucher, ?v[AE#hasVoucherBeneficiary->?b], ?b[AE#hasSocialSecurityNumber->?s], ?s[label->?beneficiarySsn].","resultList":[{"result":[{"key":"?v","val":"VO_de3a41f9_cd65_4751_8083_94d2802c7a1e_1503941312350_0"},{"key":"?b","val":"VO_de3a41f9_cd65_4751_8083_94d2802c7a1e_1503941312350_11"},{"key":"?s","val":"VO_de3a41f9_cd65_4751_8083_94d2802c7a1e_1503941312350_9"},{"key":"?beneficiarySsn","val":"644-54-6266"}]}]},{"query":"?- ?v:AE#VATravelVoucher, ?v[AE#hasVoucherBeneficiary->?b], ?b[AE#hasLiens->?beneficiaryHasLiens].","resultList":[{"result":[{"key":"?v","val":"VO_de3a41f9_cd65_4751_8083_94d2802c7a1e_1503941312350_0"},{"key":"?b","val":"VO_de3a41f9_cd65_4751_8083_94d2802c7a1e_1503941312350_11"},{"key":"?beneficiaryHasLiens","val":"AE#NoLienReport"}]}]},{"query":"?- ?v:AE#VATravelVoucher, ?v[AE#hasVoucherBeneficiary->?b], ?b[AE#hasDeclaredBankruptcy->?beneficiaryHasDeclaredBankruptcy].","resultList":[{"result":[{"key":"?v","val":"VO_de3a41f9_cd65_4751_8083_94d2802c7a1e_1503941312350_0"},{"key":"?b","val":"VO_de3a41f9_cd65_4751_8083_94d2802c7a1e_1503941312350_11"},{"key":"?beneficiaryHasDeclaredBankruptcy","val":"AE#NoBankruptcyReport"}]}]},{"query":"?- ?v:AE#VATravelVoucher, ?v[AE#hasVoucherBeneficiary->?b], ?b[AE#hasArrestRecord->?beneficiaryHasArrestRecord].","resultList":[{"result":[{"key":"?v","val":"VO_de3a41f9_cd65_4751_8083_94d2802c7a1e_1503941312350_0"},{"key":"?b","val":"VO_de3a41f9_cd65_4751_8083_94d2802c7a1e_1503941312350_11"},{"key":"?beneficiaryHasArrestRecord","val":"AE#NoArrestRecord"}]}]},{"query":"?- ?v:AE#VATravelVoucher, ?v[AE#hasVoucherBeneficiary->?b], ?b[AE#hasCriminalRecord->?beneficiaryHasCriminalRecord].","resultList":[{"result":[{"key":"?v","val":"VO_de3a41f9_cd65_4751_8083_94d2802c7a1e_1503941312350_0"},{"key":"?b","val":"VO_de3a41f9_cd65_4751_8083_94d2802c7a1e_1503941312350_11"},{"key":"?beneficiaryHasCriminalRecord","val":"AE#NoCriminalRecord"}]}]},{"query":"?- ?t:AE#Travelling, ?t[AE#hasPath->?p], ?p[AE#hasDistance->?d], ?d[AE#numericValue->?expectedDistanceValue], ?d[AE#hasUnitOfMeasure->?unitOfDistanceMeasure].","resultList":[{"result":[{"key":"?t","val":"VO_de3a41f9_cd65_4751_8083_94d2802c7a1e_1503941312350_6"},{"key":"?p","val":"ES_a07535c9_08c2_428a_9c5f_0a2fc8f7bd9b_1503941338445_4"},{"key":"?d","val":"ES_a07535c9_08c2_428a_9c5f_0a2fc8f7bd9b_1503941338445_0"},{"key":"?expectedDistanceValue","val":"16150.848137405961097101680934429168701171875"},{"key":"?unitOfDistanceMeasure","val":"meters"}]}]},{"query":"?- ?t:AE#Travelling, ?t[AE#hasPath->?p], ?p[AE#hasExpectedTravelTime->?d], ?d[AE#numericValue->?expectedTimeValue], ?d[AE#hasUnitOfMeasure->?unitOfTimeMeasure].","resultList":[{"result":[{"key":"?t","val":"VO_de3a41f9_cd65_4751_8083_94d2802c7a1e_1503941312350_6"},{"key":"?p","val":"ES_a07535c9_08c2_428a_9c5f_0a2fc8f7bd9b_1503941338445_4"},{"key":"?d","val":"ES_a07535c9_08c2_428a_9c5f_0a2fc8f7bd9b_1503941338445_2"},{"key":"?expectedTimeValue","val":"11.29778241156600415706634521484375"},{"key":"?unitOfTimeMeasure","val":"minutes"}]}]},{"query":"?- ?t:AE#Travelling, ?t[AE#hasDestination->?d], ?d[label->?destinationFullAddress].","resultList":[{"result":[{"key":"?t","val":"VO_de3a41f9_cd65_4751_8083_94d2802c7a1e_1503941312350_7"},{"key":"?d","val":"VO_de3a41f9_cd65_4751_8083_94d2802c7a1e_1503941312350_8"},{"key":"?destinationFullAddress","val":"2790 Truxton Road, Suite 130, San Diego, CA 92106"}]},{"result":[{"key":"?t","val":"VO_de3a41f9_cd65_4751_8083_94d2802c7a1e_1503941312350_6"},{"key":"?d","val":"VO_de3a41f9_cd65_4751_8083_94d2802c7a1e_1503941312350_5"},{"key":"?destinationFullAddress","val":"150 Fifth Street San Diego, CA 92114"}]}]},{"query":"?- ?t:AE#Travelling, ?t[AE#hasDestination->?d], ?d[AE#hasStreet->?s], ?s[label->?destinationStreetName], ?d[AE#hasCity->?c], ?c[label->?destinationCity], ?d[AE#hasState->?st], ?st[label->?destinationState], ?d[AE#hasZipcode->?destinationZipCode].","resultList":[{"result":[{"key":"?t","val":"VO_de3a41f9_cd65_4751_8083_94d2802c7a1e_1503941312350_7"},{"key":"?d","val":"VO_de3a41f9_cd65_4751_8083_94d2802c7a1e_1503941312350_8"},{"key":"?s","val":"NO_a163bd8e_a04a_46eb_897a_b4772ea62b40_1503941321992_id5"},{"key":"?destinationStreetName","val":"2790 Truxton Road"},{"key":"?c","val":"NO_a163bd8e_a04a_46eb_897a_b4772ea62b40_1503941321992_id11"},{"key":"?destinationCity","val":"San Diego"},{"key":"?st","val":"NO_a163bd8e_a04a_46eb_897a_b4772ea62b40_1503941321992_id13"},{"key":"?destinationState","val":"CA"},{"key":"?destinationZipCode","val":"92106"}]},{"result":[{"key":"?t","val":"VO_de3a41f9_cd65_4751_8083_94d2802c7a1e_1503941312350_6"},{"key":"?d","val":"VO_de3a41f9_cd65_4751_8083_94d2802c7a1e_1503941312350_5"},{"key":"?s","val":"NO_d623122a_ffa3_45f9_a616_3bdb173950ca_1503941324042_id3"},{"key":"?destinationStreetName","val":"150 Fifth Street"},{"key":"?c","val":"NO_d623122a_ffa3_45f9_a616_3bdb173950ca_1503941324042_id9"},{"key":"?destinationCity","val":"San Diego"},{"key":"?st","val":"NO_d623122a_ffa3_45f9_a616_3bdb173950ca_1503941324042_id11"},{"key":"?destinationState","val":"CA"},{"key":"?destinationZipCode","val":"92114"}]}]},{"query":"?- ?t:AE#Travelling, ?t[AE#hasOrigin->?d], ?d[label->?originFullAddress].","resultList":[{"result":[{"key":"?t","val":"VO_de3a41f9_cd65_4751_8083_94d2802c7a1e_1503941312350_7"},{"key":"?d","val":"VO_de3a41f9_cd65_4751_8083_94d2802c7a1e_1503941312350_3"},{"key":"?originFullAddress","val":"150 Fifth Street San Diego, CA 92114"}]},{"result":[{"key":"?t","val":"VO_de3a41f9_cd65_4751_8083_94d2802c7a1e_1503941312350_6"},{"key":"?d","val":"VO_de3a41f9_cd65_4751_8083_94d2802c7a1e_1503941312350_8"},{"key":"?originFullAddress","val":"2790 Truxton Road, Suite 130, San Diego, CA 92106"}]}]},{"query":"?- ?t:AE#Travelling, ?t[AE#hasOrigin->?d], ?d[AE#hasStreet->?s], ?s[label->?originStreetName], ?d[AE#hasCity->?c], ?c[label->?originCity], ?d[AE#hasState->?st], ?st[label->?originState], ?d[AE#hasZipcode->?originZipCode].","resultList":[{"result":[{"key":"?t","val":"VO_de3a41f9_cd65_4751_8083_94d2802c7a1e_1503941312350_7"},{"key":"?d","val":"VO_de3a41f9_cd65_4751_8083_94d2802c7a1e_1503941312350_3"},{"key":"?s","val":"NO_0733493c_a421_4d08_9282_43eefd6652d6_1503941326029_id3"},{"key":"?originStreetName","val":"150 Fifth Street"},{"key":"?c","val":"NO_0733493c_a421_4d08_9282_43eefd6652d6_1503941326029_id9"},{"key":"?originCity","val":"San Diego"},{"key":"?st","val":"NO_0733493c_a421_4d08_9282_43eefd6652d6_1503941326029_id11"},{"key":"?originState","val":"CA"},{"key":"?originZipCode","val":"92114"}]},{"result":[{"key":"?t","val":"VO_de3a41f9_cd65_4751_8083_94d2802c7a1e_1503941312350_6"},{"key":"?d","val":"VO_de3a41f9_cd65_4751_8083_94d2802c7a1e_1503941312350_8"},{"key":"?s","val":"NO_a163bd8e_a04a_46eb_897a_b4772ea62b40_1503941321992_id5"},{"key":"?originStreetName","val":"2790 Truxton Road"},{"key":"?c","val":"NO_a163bd8e_a04a_46eb_897a_b4772ea62b40_1503941321992_id11"},{"key":"?originCity","val":"San Diego"},{"key":"?st","val":"NO_a163bd8e_a04a_46eb_897a_b4772ea62b40_1503941321992_id13"},{"key":"?originState","val":"CA"},{"key":"?originZipCode","val":"92106"}]}]},{"query":"?- ?t:AE#Travelling, ?t[AE#hasPath->?p], ?p[AE#hasStartRegion->?s], ?s[AE#hasLatitude->?originLatitude], ?s[AE#hasLongitude->?originLongitude].","resultList":[{"result":[{"key":"?t","val":"VO_de3a41f9_cd65_4751_8083_94d2802c7a1e_1503941312350_6"},{"key":"?p","val":"ES_a07535c9_08c2_428a_9c5f_0a2fc8f7bd9b_1503941338445_4"},{"key":"?s","val":"ES_a07535c9_08c2_428a_9c5f_0a2fc8f7bd9b_1503941338445_3"},{"key":"?originLatitude","val":"32.74051839275188058309140615165233612060546875"},{"key":"?originLongitude","val":"-117.2130215001728856805129908025264739990234375"}]}]},{"query":"?- ?t:AE#Travelling, ?t[AE#hasPath->?p], ?p[AE#hasEndRegion->?e], ?e[AE#hasLatitude->?destinationLatitude], ?e[AE#hasLongitude->?destinationLongitude].","resultList":[{"result":[{"key":"?t","val":"VO_de3a41f9_cd65_4751_8083_94d2802c7a1e_1503941312350_6"},{"key":"?p","val":"ES_a07535c9_08c2_428a_9c5f_0a2fc8f7bd9b_1503941338445_4"},{"key":"?e","val":"ES_a07535c9_08c2_428a_9c5f_0a2fc8f7bd9b_1503941338445_1"},{"key":"?destinationLatitude","val":"32.72617345619732276418289984576404094696044921875"},{"key":"?destinationLongitude","val":"-117.0724592852043457469335407949984073638916015625"}]}]}]}
