{"dataList":[{"query":"?- ?v:AE#VATravelVoucher, ?v[AE#hasVoucherClaimant->?c], ?c[AE#hasName->?cn], ?cn[label->?claimantFullName].","resultList":[{"result":[{"key":"?v","val":"VO_d81ea5b2_144c_40aa_9479_1836eb7a867d_1503940431307_0"},{"key":"?c","val":"VO_d81ea5b2_144c_40aa_9479_1836eb7a867d_1503940431307_2"},{"key":"?cn","val":"NO_00485d09_57e8_4e0e_9544_af43cf125c09_1503940439464_0"},{"key":"?claimantFullName","val":"Anthony D. Loveridge"}]},{"result":[{"key":"?v","val":"VO_d81ea5b2_144c_40aa_9479_1836eb7a867d_1503940431307_0"},{"key":"?c","val":"VO_d81ea5b2_144c_40aa_9479_1836eb7a867d_1503940431307_2"},{"key":"?cn","val":"VO_d81ea5b2_144c_40aa_9479_1836eb7a867d_1503940431307_1"},{"key":"?claimantFullName","val":"Anthony D. Loveridge"}]}]},{"query":"?- ?v:AE#VATravelVoucher, ?v[AE#hasVoucherClaimant->?c], ?c[AE#hasName->?cn], ?cn[AE#hasFirstName->?claimantFirstName].","resultList":[{"result":[{"key":"?v","val":"VO_d81ea5b2_144c_40aa_9479_1836eb7a867d_1503940431307_0"},{"key":"?c","val":"VO_d81ea5b2_144c_40aa_9479_1836eb7a867d_1503940431307_2"},{"key":"?cn","val":"NO_00485d09_57e8_4e0e_9544_af43cf125c09_1503940439464_0"},{"key":"?claimantFirstName","val":"anthony"}]}]},{"query":"?- ?v:AE#VATravelVoucher, ?v[AE#hasVoucherClaimant->?c], ?c[AE#hasName->?cn], ?cn[AE#hasLastName->?claimantLastName].","resultList":[{"result":[{"key":"?v","val":"VO_d81ea5b2_144c_40aa_9479_1836eb7a867d_1503940431307_0"},{"key":"?c","val":"VO_d81ea5b2_144c_40aa_9479_1836eb7a867d_1503940431307_2"},{"key":"?cn","val":"NO_00485d09_57e8_4e0e_9544_af43cf125c09_1503940439464_0"},{"key":"?claimantLastName","val":"loveridge"}]}]},{"query":"?- ?v:AE#VATravelVoucher, ?v[AE#hasVoucherClaimant->?c], ?c[AE#hasSocialSecurityNumber->?s], ?s[label->?claimantSsn].","resultList":[{"result":[{"key":"?v","val":"VO_d81ea5b2_144c_40aa_9479_1836eb7a867d_1503940431307_0"},{"key":"?c","val":"VO_d81ea5b2_144c_40aa_9479_1836eb7a867d_1503940431307_2"},{"key":"?s","val":"VO_d81ea5b2_144c_40aa_9479_1836eb7a867d_1503940431307_12"},{"key":"?claimantSsn","val":"994-85-4863"}]}]},{"query":"?- ?v:AE#VATravelVoucher, ?v[AE#hasVoucherClaimant->?c], ?c[AE#hasLiens->?claimantHasLiens].","resultList":[{"result":[{"key":"?v","val":"VO_d81ea5b2_144c_40aa_9479_1836eb7a867d_1503940431307_0"},{"key":"?c","val":"VO_d81ea5b2_144c_40aa_9479_1836eb7a867d_1503940431307_2"},{"key":"?claimantHasLiens","val":"AE#NoLienReport"}]}]},{"query":"?- ?v:AE#VATravelVoucher, ?v[AE#hasVoucherClaimant->?c], ?c[AE#hasDeclaredBankruptcy->?claimantHasDeclaredBankruptcy].","resultList":[{"result":[{"key":"?v","val":"VO_d81ea5b2_144c_40aa_9479_1836eb7a867d_1503940431307_0"},{"key":"?c","val":"VO_d81ea5b2_144c_40aa_9479_1836eb7a867d_1503940431307_2"},{"key":"?claimantHasDeclaredBankruptcy","val":"AE#NoBankruptcyReport"}]}]},{"query":"?- ?v:AE#VATravelVoucher, ?v[AE#hasVoucherClaimant->?c], ?c[AE#hasArrestRecord->?claimantHasArrestRecord].","resultList":[{"result":[{"key":"?v","val":"VO_d81ea5b2_144c_40aa_9479_1836eb7a867d_1503940431307_0"},{"key":"?c","val":"VO_d81ea5b2_144c_40aa_9479_1836eb7a867d_1503940431307_2"},{"key":"?claimantHasArrestRecord","val":"AE#UnknownArrestRecord"}]}]},{"query":"?- ?v:AE#VATravelVoucher, ?v[AE#hasVoucherClaimant->?c], ?c[AE#hasCriminalRecord->?claimantHasCriminalRecord].","resultList":[{"result":[{"key":"?v","val":"VO_d81ea5b2_144c_40aa_9479_1836eb7a867d_1503940431307_0"},{"key":"?c","val":"VO_d81ea5b2_144c_40aa_9479_1836eb7a867d_1503940431307_2"},{"key":"?claimantHasCriminalRecord","val":"AE#NoCriminalRecord"}]}]},{"query":"?- ?v:AE#VATravelVoucher, ?v[AE#hasVoucherBeneficiary->?b], ?b[AE#hasName->?cn], ?cn[label->?beneficiaryFullName].","resultList":[{"result":[{"key":"?v","val":"VO_d81ea5b2_144c_40aa_9479_1836eb7a867d_1503940431307_0"},{"key":"?b","val":"VO_d81ea5b2_144c_40aa_9479_1836eb7a867d_1503940431307_11"},{"key":"?cn","val":"NO_94ec93c6_3724_4cb1_912c_c51d25b204e4_1503940437439_0"},{"key":"?beneficiaryFullName","val":"Anthony D. Loveridge"}]},{"result":[{"key":"?v","val":"VO_d81ea5b2_144c_40aa_9479_1836eb7a867d_1503940431307_0"},{"key":"?b","val":"VO_d81ea5b2_144c_40aa_9479_1836eb7a867d_1503940431307_11"},{"key":"?cn","val":"VO_d81ea5b2_144c_40aa_9479_1836eb7a867d_1503940431307_10"},{"key":"?beneficiaryFullName","val":"Anthony D. Loveridge"}]}]},{"query":"?- ?v:AE#VATravelVoucher, ?v[AE#hasVoucherBeneficiary->?b], ?b[AE#hasName->?cn], ?cn[AE#hasFirstName->?beneficiaryFirstName].","resultList":[{"result":[{"key":"?v","val":"VO_d81ea5b2_144c_40aa_9479_1836eb7a867d_1503940431307_0"},{"key":"?b","val":"VO_d81ea5b2_144c_40aa_9479_1836eb7a867d_1503940431307_11"},{"key":"?cn","val":"NO_94ec93c6_3724_4cb1_912c_c51d25b204e4_1503940437439_0"},{"key":"?beneficiaryFirstName","val":"anthony"}]}]},{"query":"?- ?v:AE#VATravelVoucher, ?v[AE#hasVoucherBeneficiary->?b], ?b[AE#hasName->?cn], ?cn[AE#hasLastName->?beneficiaryLastName].","resultList":[{"result":[{"key":"?v","val":"VO_d81ea5b2_144c_40aa_9479_1836eb7a867d_1503940431307_0"},{"key":"?b","val":"VO_d81ea5b2_144c_40aa_9479_1836eb7a867d_1503940431307_11"},{"key":"?cn","val":"NO_94ec93c6_3724_4cb1_912c_c51d25b204e4_1503940437439_0"},{"key":"?beneficiaryLastName","val":"loveridge"}]}]},{"query":"?- ?v:AE#VATravelVoucher, ?v[AE#hasVoucherBeneficiary->?b], ?b[AE#hasSocialSecurityNumber->?s], ?s[label->?beneficiarySsn].","resultList":[{"result":[{"key":"?v","val":"VO_d81ea5b2_144c_40aa_9479_1836eb7a867d_1503940431307_0"},{"key":"?b","val":"VO_d81ea5b2_144c_40aa_9479_1836eb7a867d_1503940431307_11"},{"key":"?s","val":"VO_d81ea5b2_144c_40aa_9479_1836eb7a867d_1503940431307_9"},{"key":"?beneficiarySsn","val":"994-85-4863"}]}]},{"query":"?- ?v:AE#VATravelVoucher, ?v[AE#hasVoucherBeneficiary->?b], ?b[AE#hasLiens->?beneficiaryHasLiens].","resultList":[{"result":[{"key":"?v","val":"VO_d81ea5b2_144c_40aa_9479_1836eb7a867d_1503940431307_0"},{"key":"?b","val":"VO_d81ea5b2_144c_40aa_9479_1836eb7a867d_1503940431307_11"},{"key":"?beneficiaryHasLiens","val":"AE#NoLienReport"}]}]},{"query":"?- ?v:AE#VATravelVoucher, ?v[AE#hasVoucherBeneficiary->?b], ?b[AE#hasDeclaredBankruptcy->?beneficiaryHasDeclaredBankruptcy].","resultList":[{"result":[{"key":"?v","val":"VO_d81ea5b2_144c_40aa_9479_1836eb7a867d_1503940431307_0"},{"key":"?b","val":"VO_d81ea5b2_144c_40aa_9479_1836eb7a867d_1503940431307_11"},{"key":"?beneficiaryHasDeclaredBankruptcy","val":"AE#NoBankruptcyReport"}]}]},{"query":"?- ?v:AE#VATravelVoucher, ?v[AE#hasVoucherBeneficiary->?b], ?b[AE#hasArrestRecord->?beneficiaryHasArrestRecord].","resultList":[{"result":[{"key":"?v","val":"VO_d81ea5b2_144c_40aa_9479_1836eb7a867d_1503940431307_0"},{"key":"?b","val":"VO_d81ea5b2_144c_40aa_9479_1836eb7a867d_1503940431307_11"},{"key":"?beneficiaryHasArrestRecord","val":"AE#UnknownArrestRecord"}]}]},{"query":"?- ?v:AE#VATravelVoucher, ?v[AE#hasVoucherBeneficiary->?b], ?b[AE#hasCriminalRecord->?beneficiaryHasCriminalRecord].","resultList":[{"result":[{"key":"?v","val":"VO_d81ea5b2_144c_40aa_9479_1836eb7a867d_1503940431307_0"},{"key":"?b","val":"VO_d81ea5b2_144c_40aa_9479_1836eb7a867d_1503940431307_11"},{"key":"?beneficiaryHasCriminalRecord","val":"AE#NoCriminalRecord"}]}]},{"query":"?- ?t:AE#Travelling, ?t[AE#hasPath->?p], ?p[AE#hasDistance->?d], ?d[AE#numericValue->?expectedDistanceValue], ?d[AE#hasUnitOfMeasure->?unitOfDistanceMeasure].","resultList":[{"result":[{"key":"?t","val":"VO_d81ea5b2_144c_40aa_9479_1836eb7a867d_1503940431307_6"},{"key":"?p","val":"ES_01a9e3df_25cc_4745_88eb_9a77fc822472_1503940458840_4"},{"key":"?d","val":"ES_01a9e3df_25cc_4745_88eb_9a77fc822472_1503940458840_0"},{"key":"?expectedDistanceValue","val":"26439.03819823846060899086296558380126953125"},{"key":"?unitOfDistanceMeasure","val":"meters"}]}]},{"query":"?- ?t:AE#Travelling, ?t[AE#hasPath->?p], ?p[AE#hasExpectedTravelTime->?d], ?d[AE#numericValue->?expectedTimeValue], ?d[AE#hasUnitOfMeasure->?unitOfTimeMeasure].","resultList":[{"result":[{"key":"?t","val":"VO_d81ea5b2_144c_40aa_9479_1836eb7a867d_1503940431307_6"},{"key":"?p","val":"ES_01a9e3df_25cc_4745_88eb_9a77fc822472_1503940458840_4"},{"key":"?d","val":"ES_01a9e3df_25cc_4745_88eb_9a77fc822472_1503940458840_2"},{"key":"?expectedTimeValue","val":"19.40749978995881974697113037109375"},{"key":"?unitOfTimeMeasure","val":"minutes"}]}]},{"query":"?- ?t:AE#Travelling, ?t[AE#hasDestination->?d], ?d[label->?destinationFullAddress].","resultList":[{"result":[{"key":"?t","val":"VO_d81ea5b2_144c_40aa_9479_1836eb7a867d_1503940431307_7"},{"key":"?d","val":"VO_d81ea5b2_144c_40aa_9479_1836eb7a867d_1503940431307_8"},{"key":"?destinationFullAddress","val":"2790 Truxton Road, Suite 130, San Diego, CA 92106"}]},{"result":[{"key":"?t","val":"VO_d81ea5b2_144c_40aa_9479_1836eb7a867d_1503940431307_6"},{"key":"?d","val":"VO_d81ea5b2_144c_40aa_9479_1836eb7a867d_1503940431307_5"},{"key":"?destinationFullAddress","val":"566 Nantucket Dr Chula Vista, CA 91911"}]}]},{"query":"?- ?t:AE#Travelling, ?t[AE#hasDestination->?d], ?d[AE#hasStreet->?s], ?s[label->?destinationStreetName], ?d[AE#hasCity->?c], ?c[label->?destinationCity], ?d[AE#hasState->?st], ?st[label->?destinationState], ?d[AE#hasZipcode->?destinationZipCode].","resultList":[{"result":[{"key":"?t","val":"VO_d81ea5b2_144c_40aa_9479_1836eb7a867d_1503940431307_7"},{"key":"?d","val":"VO_d81ea5b2_144c_40aa_9479_1836eb7a867d_1503940431307_8"},{"key":"?s","val":"NO_0189624c_8446_49df_a1f2_079a92416d8c_1503940441543_id5"},{"key":"?destinationStreetName","val":"2790 Truxton Road"},{"key":"?c","val":"NO_0189624c_8446_49df_a1f2_079a92416d8c_1503940441543_id11"},{"key":"?destinationCity","val":"San Diego"},{"key":"?st","val":"NO_0189624c_8446_49df_a1f2_079a92416d8c_1503940441543_id13"},{"key":"?destinationState","val":"CA"},{"key":"?destinationZipCode","val":"92106"}]},{"result":[{"key":"?t","val":"VO_d81ea5b2_144c_40aa_9479_1836eb7a867d_1503940431307_6"},{"key":"?d","val":"VO_d81ea5b2_144c_40aa_9479_1836eb7a867d_1503940431307_5"},{"key":"?s","val":"NO_3bbcd6e6_449c_4d96_a719_71beee833621_1503940443578_id3"},{"key":"?destinationStreetName","val":"566 Nantucket Dr"},{"key":"?c","val":"NO_3bbcd6e6_449c_4d96_a719_71beee833621_1503940443578_id9"},{"key":"?destinationCity","val":"Chula Vista"},{"key":"?st","val":"NO_3bbcd6e6_449c_4d96_a719_71beee833621_1503940443578_id11"},{"key":"?destinationState","val":"CA"},{"key":"?destinationZipCode","val":"91911"}]}]},{"query":"?- ?t:AE#Travelling, ?t[AE#hasOrigin->?d], ?d[label->?originFullAddress].","resultList":[{"result":[{"key":"?t","val":"VO_d81ea5b2_144c_40aa_9479_1836eb7a867d_1503940431307_7"},{"key":"?d","val":"VO_d81ea5b2_144c_40aa_9479_1836eb7a867d_1503940431307_3"},{"key":"?originFullAddress","val":"566 Nantucket Dr Chula Vista, CA 91911"}]},{"result":[{"key":"?t","val":"VO_d81ea5b2_144c_40aa_9479_1836eb7a867d_1503940431307_6"},{"key":"?d","val":"VO_d81ea5b2_144c_40aa_9479_1836eb7a867d_1503940431307_8"},{"key":"?originFullAddress","val":"2790 Truxton Road, Suite 130, San Diego, CA 92106"}]}]},{"query":"?- ?t:AE#Travelling, ?t[AE#hasOrigin->?d], ?d[AE#hasStreet->?s], ?s[label->?originStreetName], ?d[AE#hasCity->?c], ?c[label->?originCity], ?d[AE#hasState->?st], ?st[label->?originState], ?d[AE#hasZipcode->?originZipCode].","resultList":[{"result":[{"key":"?t","val":"VO_d81ea5b2_144c_40aa_9479_1836eb7a867d_1503940431307_7"},{"key":"?d","val":"VO_d81ea5b2_144c_40aa_9479_1836eb7a867d_1503940431307_3"},{"key":"?s","val":"NO_c4f06e40_b039_4404_8683_47c475579067_1503940445792_id3"},{"key":"?originStreetName","val":"566 Nantucket Dr"},{"key":"?c","val":"NO_c4f06e40_b039_4404_8683_47c475579067_1503940445792_id9"},{"key":"?originCity","val":"Chula Vista"},{"key":"?st","val":"NO_c4f06e40_b039_4404_8683_47c475579067_1503940445792_id11"},{"key":"?originState","val":"CA"},{"key":"?originZipCode","val":"91911"}]},{"result":[{"key":"?t","val":"VO_d81ea5b2_144c_40aa_9479_1836eb7a867d_1503940431307_6"},{"key":"?d","val":"VO_d81ea5b2_144c_40aa_9479_1836eb7a867d_1503940431307_8"},{"key":"?s","val":"NO_0189624c_8446_49df_a1f2_079a92416d8c_1503940441543_id5"},{"key":"?originStreetName","val":"2790 Truxton Road"},{"key":"?c","val":"NO_0189624c_8446_49df_a1f2_079a92416d8c_1503940441543_id11"},{"key":"?originCity","val":"San Diego"},{"key":"?st","val":"NO_0189624c_8446_49df_a1f2_079a92416d8c_1503940441543_id13"},{"key":"?originState","val":"CA"},{"key":"?originZipCode","val":"92106"}]}]},{"query":"?- ?t:AE#Travelling, ?t[AE#hasPath->?p], ?p[AE#hasStartRegion->?s], ?s[AE#hasLatitude->?originLatitude], ?s[AE#hasLongitude->?originLongitude].","resultList":[{"result":[{"key":"?t","val":"VO_d81ea5b2_144c_40aa_9479_1836eb7a867d_1503940431307_6"},{"key":"?p","val":"ES_01a9e3df_25cc_4745_88eb_9a77fc822472_1503940458840_4"},{"key":"?s","val":"ES_01a9e3df_25cc_4745_88eb_9a77fc822472_1503940458840_3"},{"key":"?originLatitude","val":"32.74051839275188058309140615165233612060546875"},{"key":"?originLongitude","val":"-117.2130215001728856805129908025264739990234375"}]}]},{"query":"?- ?t:AE#Travelling, ?t[AE#hasPath->?p], ?p[AE#hasEndRegion->?e], ?e[AE#hasLatitude->?destinationLatitude], ?e[AE#hasLongitude->?destinationLongitude].","resultList":[{"result":[{"key":"?t","val":"VO_d81ea5b2_144c_40aa_9479_1836eb7a867d_1503940431307_6"},{"key":"?p","val":"ES_01a9e3df_25cc_4745_88eb_9a77fc822472_1503940458840_4"},{"key":"?e","val":"ES_01a9e3df_25cc_4745_88eb_9a77fc822472_1503940458840_1"},{"key":"?destinationLatitude","val":"32.6189256305616481768083758652210235595703125"},{"key":"?destinationLongitude","val":"-117.031743733279455454976414330303668975830078125"}]}]}]}
