{"dataList":[{"query":"?- ?v:AE#VATravelVoucher, ?v[AE#hasVoucherClaimant->?c], ?c[AE#hasName->?cn], ?cn[label->?claimantFullName].","resultList":[{"result":[{"key":"?v","val":"VO_dac0be6e_f7f9_4895_a769_a0a37005b572_1503942009448_0"},{"key":"?c","val":"VO_dac0be6e_f7f9_4895_a769_a0a37005b572_1503942009448_2"},{"key":"?cn","val":"VO_dac0be6e_f7f9_4895_a769_a0a37005b572_1503942009448_1"},{"key":"?claimantFullName","val":"Thomas Eric Santos"}]},{"result":[{"key":"?v","val":"VO_dac0be6e_f7f9_4895_a769_a0a37005b572_1503942009448_0"},{"key":"?c","val":"VO_dac0be6e_f7f9_4895_a769_a0a37005b572_1503942009448_2"},{"key":"?cn","val":"NO_99125379_e664_4a58_a0aa_2b8f07cbf907_1503942016999_0"},{"key":"?claimantFullName","val":"Thomas Eric Santos"}]}]},{"query":"?- ?v:AE#VATravelVoucher, ?v[AE#hasVoucherClaimant->?c], ?c[AE#hasName->?cn], ?cn[AE#hasFirstName->?claimantFirstName].","resultList":[{"result":[{"key":"?v","val":"VO_dac0be6e_f7f9_4895_a769_a0a37005b572_1503942009448_0"},{"key":"?c","val":"VO_dac0be6e_f7f9_4895_a769_a0a37005b572_1503942009448_2"},{"key":"?cn","val":"NO_99125379_e664_4a58_a0aa_2b8f07cbf907_1503942016999_0"},{"key":"?claimantFirstName","val":"thomas"}]}]},{"query":"?- ?v:AE#VATravelVoucher, ?v[AE#hasVoucherClaimant->?c], ?c[AE#hasName->?cn], ?cn[AE#hasLastName->?claimantLastName].","resultList":[{"result":[{"key":"?v","val":"VO_dac0be6e_f7f9_4895_a769_a0a37005b572_1503942009448_0"},{"key":"?c","val":"VO_dac0be6e_f7f9_4895_a769_a0a37005b572_1503942009448_2"},{"key":"?cn","val":"NO_99125379_e664_4a58_a0aa_2b8f07cbf907_1503942016999_0"},{"key":"?claimantLastName","val":"santos"}]}]},{"query":"?- ?v:AE#VATravelVoucher, ?v[AE#hasVoucherClaimant->?c], ?c[AE#hasSocialSecurityNumber->?s], ?s[label->?claimantSsn].","resultList":[{"result":[{"key":"?v","val":"VO_dac0be6e_f7f9_4895_a769_a0a37005b572_1503942009448_0"},{"key":"?c","val":"VO_dac0be6e_f7f9_4895_a769_a0a37005b572_1503942009448_2"},{"key":"?s","val":"VO_dac0be6e_f7f9_4895_a769_a0a37005b572_1503942009448_12"},{"key":"?claimantSsn","val":"150-84-8508"}]}]},{"query":"?- ?v:AE#VATravelVoucher, ?v[AE#hasVoucherClaimant->?c], ?c[AE#hasLiens->?claimantHasLiens].","resultList":[{"result":[{"key":"?v","val":"VO_dac0be6e_f7f9_4895_a769_a0a37005b572_1503942009448_0"},{"key":"?c","val":"VO_dac0be6e_f7f9_4895_a769_a0a37005b572_1503942009448_2"},{"key":"?claimantHasLiens","val":"AE#NoLienReport"}]}]},{"query":"?- ?v:AE#VATravelVoucher, ?v[AE#hasVoucherClaimant->?c], ?c[AE#hasDeclaredBankruptcy->?claimantHasDeclaredBankruptcy].","resultList":[{"result":[{"key":"?v","val":"VO_dac0be6e_f7f9_4895_a769_a0a37005b572_1503942009448_0"},{"key":"?c","val":"VO_dac0be6e_f7f9_4895_a769_a0a37005b572_1503942009448_2"},{"key":"?claimantHasDeclaredBankruptcy","val":"AE#NoBankruptcyReport"}]}]},{"query":"?- ?v:AE#VATravelVoucher, ?v[AE#hasVoucherClaimant->?c], ?c[AE#hasArrestRecord->?claimantHasArrestRecord].","resultList":[{"result":[{"key":"?v","val":"VO_dac0be6e_f7f9_4895_a769_a0a37005b572_1503942009448_0"},{"key":"?c","val":"VO_dac0be6e_f7f9_4895_a769_a0a37005b572_1503942009448_2"},{"key":"?claimantHasArrestRecord","val":"AE#UnknownArrestRecord"}]}]},{"query":"?- ?v:AE#VATravelVoucher, ?v[AE#hasVoucherClaimant->?c], ?c[AE#hasCriminalRecord->?claimantHasCriminalRecord].","resultList":[{"result":[{"key":"?v","val":"VO_dac0be6e_f7f9_4895_a769_a0a37005b572_1503942009448_0"},{"key":"?c","val":"VO_dac0be6e_f7f9_4895_a769_a0a37005b572_1503942009448_2"},{"key":"?claimantHasCriminalRecord","val":"AE#NoCriminalRecord"}]}]},{"query":"?- ?v:AE#VATravelVoucher, ?v[AE#hasVoucherBeneficiary->?b], ?b[AE#hasName->?cn], ?cn[label->?beneficiaryFullName].","resultList":[{"result":[{"key":"?v","val":"VO_dac0be6e_f7f9_4895_a769_a0a37005b572_1503942009448_0"},{"key":"?b","val":"VO_dac0be6e_f7f9_4895_a769_a0a37005b572_1503942009448_11"},{"key":"?cn","val":"VO_dac0be6e_f7f9_4895_a769_a0a37005b572_1503942009448_10"},{"key":"?beneficiaryFullName","val":"Donna Sara Shoulder"}]},{"result":[{"key":"?v","val":"VO_dac0be6e_f7f9_4895_a769_a0a37005b572_1503942009448_0"},{"key":"?b","val":"VO_dac0be6e_f7f9_4895_a769_a0a37005b572_1503942009448_11"},{"key":"?cn","val":"NO_fab8e0d8_b190_4f2d_ace8_fc4728841163_1503942014938_0"},{"key":"?beneficiaryFullName","val":"Donna Sara Shoulder"}]}]},{"query":"?- ?v:AE#VATravelVoucher, ?v[AE#hasVoucherBeneficiary->?b], ?b[AE#hasName->?cn], ?cn[AE#hasFirstName->?beneficiaryFirstName].","resultList":[{"result":[{"key":"?v","val":"VO_dac0be6e_f7f9_4895_a769_a0a37005b572_1503942009448_0"},{"key":"?b","val":"VO_dac0be6e_f7f9_4895_a769_a0a37005b572_1503942009448_11"},{"key":"?cn","val":"NO_fab8e0d8_b190_4f2d_ace8_fc4728841163_1503942014938_0"},{"key":"?beneficiaryFirstName","val":"donna"}]}]},{"query":"?- ?v:AE#VATravelVoucher, ?v[AE#hasVoucherBeneficiary->?b], ?b[AE#hasName->?cn], ?cn[AE#hasLastName->?beneficiaryLastName].","resultList":[{"result":[{"key":"?v","val":"VO_dac0be6e_f7f9_4895_a769_a0a37005b572_1503942009448_0"},{"key":"?b","val":"VO_dac0be6e_f7f9_4895_a769_a0a37005b572_1503942009448_11"},{"key":"?cn","val":"NO_fab8e0d8_b190_4f2d_ace8_fc4728841163_1503942014938_0"},{"key":"?beneficiaryLastName","val":"shoulder"}]}]},{"query":"?- ?v:AE#VATravelVoucher, ?v[AE#hasVoucherBeneficiary->?b], ?b[AE#hasSocialSecurityNumber->?s], ?s[label->?beneficiarySsn].","resultList":[{"result":[{"key":"?v","val":"VO_dac0be6e_f7f9_4895_a769_a0a37005b572_1503942009448_0"},{"key":"?b","val":"VO_dac0be6e_f7f9_4895_a769_a0a37005b572_1503942009448_11"},{"key":"?s","val":"VO_dac0be6e_f7f9_4895_a769_a0a37005b572_1503942009448_9"},{"key":"?beneficiarySsn","val":"476-98-0597"}]}]},{"query":"?- ?v:AE#VATravelVoucher, ?v[AE#hasVoucherBeneficiary->?b], ?b[AE#hasLiens->?beneficiaryHasLiens].","resultList":[{"result":[{"key":"?v","val":"VO_dac0be6e_f7f9_4895_a769_a0a37005b572_1503942009448_0"},{"key":"?b","val":"VO_dac0be6e_f7f9_4895_a769_a0a37005b572_1503942009448_11"},{"key":"?beneficiaryHasLiens","val":"AE#NoLienReport"}]}]},{"query":"?- ?v:AE#VATravelVoucher, ?v[AE#hasVoucherBeneficiary->?b], ?b[AE#hasDeclaredBankruptcy->?beneficiaryHasDeclaredBankruptcy].","resultList":[{"result":[{"key":"?v","val":"VO_dac0be6e_f7f9_4895_a769_a0a37005b572_1503942009448_0"},{"key":"?b","val":"VO_dac0be6e_f7f9_4895_a769_a0a37005b572_1503942009448_11"},{"key":"?beneficiaryHasDeclaredBankruptcy","val":"AE#NoBankruptcyReport"}]}]},{"query":"?- ?v:AE#VATravelVoucher, ?v[AE#hasVoucherBeneficiary->?b], ?b[AE#hasArrestRecord->?beneficiaryHasArrestRecord].","resultList":[{"result":[{"key":"?v","val":"VO_dac0be6e_f7f9_4895_a769_a0a37005b572_1503942009448_0"},{"key":"?b","val":"VO_dac0be6e_f7f9_4895_a769_a0a37005b572_1503942009448_11"},{"key":"?beneficiaryHasArrestRecord","val":"AE#NoArrestRecord"}]}]},{"query":"?- ?v:AE#VATravelVoucher, ?v[AE#hasVoucherBeneficiary->?b], ?b[AE#hasCriminalRecord->?beneficiaryHasCriminalRecord].","resultList":[{"result":[{"key":"?v","val":"VO_dac0be6e_f7f9_4895_a769_a0a37005b572_1503942009448_0"},{"key":"?b","val":"VO_dac0be6e_f7f9_4895_a769_a0a37005b572_1503942009448_11"},{"key":"?beneficiaryHasCriminalRecord","val":"AE#NoCriminalRecord"}]}]},{"query":"?- ?t:AE#Travelling, ?t[AE#hasPath->?p], ?p[AE#hasDistance->?d], ?d[AE#numericValue->?expectedDistanceValue], ?d[AE#hasUnitOfMeasure->?unitOfDistanceMeasure].","resultList":[{"result":[{"key":"?t","val":"VO_dac0be6e_f7f9_4895_a769_a0a37005b572_1503942009448_6"},{"key":"?p","val":"ES_e735cd8b_13c9_41e1_9045_1281433c85c6_1503942034688_4"},{"key":"?d","val":"ES_e735cd8b_13c9_41e1_9045_1281433c85c6_1503942034688_0"},{"key":"?expectedDistanceValue","val":"5881.5403559848409713595174252986907958984375"},{"key":"?unitOfDistanceMeasure","val":"meters"}]}]},{"query":"?- ?t:AE#Travelling, ?t[AE#hasPath->?p], ?p[AE#hasExpectedTravelTime->?d], ?d[AE#numericValue->?expectedTimeValue], ?d[AE#hasUnitOfMeasure->?unitOfTimeMeasure].","resultList":[{"result":[{"key":"?t","val":"VO_dac0be6e_f7f9_4895_a769_a0a37005b572_1503942009448_6"},{"key":"?p","val":"ES_e735cd8b_13c9_41e1_9045_1281433c85c6_1503942034688_4"},{"key":"?d","val":"ES_e735cd8b_13c9_41e1_9045_1281433c85c6_1503942034688_2"},{"key":"?expectedTimeValue","val":"8.221113945473916828632354736328125"},{"key":"?unitOfTimeMeasure","val":"minutes"}]}]},{"query":"?- ?t:AE#Travelling, ?t[AE#hasDestination->?d], ?d[label->?destinationFullAddress].","resultList":[{"result":[{"key":"?t","val":"VO_dac0be6e_f7f9_4895_a769_a0a37005b572_1503942009448_7"},{"key":"?d","val":"VO_dac0be6e_f7f9_4895_a769_a0a37005b572_1503942009448_8"},{"key":"?destinationFullAddress","val":"2790 Truxton Road, Suite 130, San Diego, CA 92106"}]},{"result":[{"key":"?t","val":"VO_dac0be6e_f7f9_4895_a769_a0a37005b572_1503942009448_6"},{"key":"?d","val":"VO_dac0be6e_f7f9_4895_a769_a0a37005b572_1503942009448_5"},{"key":"?destinationFullAddress","val":"5061 Gardena Ave, San Diego, CA 92110"}]}]},{"query":"?- ?t:AE#Travelling, ?t[AE#hasDestination->?d], ?d[AE#hasStreet->?s], ?s[label->?destinationStreetName], ?d[AE#hasCity->?c], ?c[label->?destinationCity], ?d[AE#hasState->?st], ?st[label->?destinationState], ?d[AE#hasZipcode->?destinationZipCode].","resultList":[{"result":[{"key":"?t","val":"VO_dac0be6e_f7f9_4895_a769_a0a37005b572_1503942009448_7"},{"key":"?d","val":"VO_dac0be6e_f7f9_4895_a769_a0a37005b572_1503942009448_8"},{"key":"?s","val":"NO_1a2f2e98_534e_4c51_8f3d_873fd6869705_1503942018877_id5"},{"key":"?destinationStreetName","val":"2790 Truxton Road"},{"key":"?c","val":"NO_1a2f2e98_534e_4c51_8f3d_873fd6869705_1503942018877_id11"},{"key":"?destinationCity","val":"San Diego"},{"key":"?st","val":"NO_1a2f2e98_534e_4c51_8f3d_873fd6869705_1503942018877_id13"},{"key":"?destinationState","val":"CA"},{"key":"?destinationZipCode","val":"92106"}]},{"result":[{"key":"?t","val":"VO_dac0be6e_f7f9_4895_a769_a0a37005b572_1503942009448_6"},{"key":"?d","val":"VO_dac0be6e_f7f9_4895_a769_a0a37005b572_1503942009448_5"},{"key":"?s","val":"NO_0b4cd1d1_2f29_4995_bce3_12e7638a38ab_1503942020775_id3"},{"key":"?destinationStreetName","val":"5061 Gardena Ave"},{"key":"?c","val":"NO_0b4cd1d1_2f29_4995_bce3_12e7638a38ab_1503942020775_id9"},{"key":"?destinationCity","val":"San Diego"},{"key":"?st","val":"NO_0b4cd1d1_2f29_4995_bce3_12e7638a38ab_1503942020775_id11"},{"key":"?destinationState","val":"CA"},{"key":"?destinationZipCode","val":"92110"}]}]},{"query":"?- ?t:AE#Travelling, ?t[AE#hasOrigin->?d], ?d[label->?originFullAddress].","resultList":[{"result":[{"key":"?t","val":"VO_dac0be6e_f7f9_4895_a769_a0a37005b572_1503942009448_7"},{"key":"?d","val":"VO_dac0be6e_f7f9_4895_a769_a0a37005b572_1503942009448_3"},{"key":"?originFullAddress","val":"5141 Georgetown Ave, San Diego, CA 92110"}]},{"result":[{"key":"?t","val":"VO_dac0be6e_f7f9_4895_a769_a0a37005b572_1503942009448_6"},{"key":"?d","val":"VO_dac0be6e_f7f9_4895_a769_a0a37005b572_1503942009448_8"},{"key":"?originFullAddress","val":"2790 Truxton Road, Suite 130, San Diego, CA 92106"}]}]},{"query":"?- ?t:AE#Travelling, ?t[AE#hasOrigin->?d], ?d[AE#hasStreet->?s], ?s[label->?originStreetName], ?d[AE#hasCity->?c], ?c[label->?originCity], ?d[AE#hasState->?st], ?st[label->?originState], ?d[AE#hasZipcode->?originZipCode].","resultList":[{"result":[{"key":"?t","val":"VO_dac0be6e_f7f9_4895_a769_a0a37005b572_1503942009448_7"},{"key":"?d","val":"VO_dac0be6e_f7f9_4895_a769_a0a37005b572_1503942009448_3"},{"key":"?s","val":"NO_a7aefbb8_feb2_43ed_b0c0_8325e4609b8e_1503942022616_id3"},{"key":"?originStreetName","val":"5141 Georgetown Ave"},{"key":"?c","val":"NO_a7aefbb8_feb2_43ed_b0c0_8325e4609b8e_1503942022616_id9"},{"key":"?originCity","val":"San Diego"},{"key":"?st","val":"NO_a7aefbb8_feb2_43ed_b0c0_8325e4609b8e_1503942022616_id11"},{"key":"?originState","val":"CA"},{"key":"?originZipCode","val":"92110"}]},{"result":[{"key":"?t","val":"VO_dac0be6e_f7f9_4895_a769_a0a37005b572_1503942009448_6"},{"key":"?d","val":"VO_dac0be6e_f7f9_4895_a769_a0a37005b572_1503942009448_8"},{"key":"?s","val":"NO_1a2f2e98_534e_4c51_8f3d_873fd6869705_1503942018877_id5"},{"key":"?originStreetName","val":"2790 Truxton Road"},{"key":"?c","val":"NO_1a2f2e98_534e_4c51_8f3d_873fd6869705_1503942018877_id11"},{"key":"?originCity","val":"San Diego"},{"key":"?st","val":"NO_1a2f2e98_534e_4c51_8f3d_873fd6869705_1503942018877_id13"},{"key":"?originState","val":"CA"},{"key":"?originZipCode","val":"92106"}]}]},{"query":"?- ?t:AE#Travelling, ?t[AE#hasPath->?p], ?p[AE#hasStartRegion->?s], ?s[AE#hasLatitude->?originLatitude], ?s[AE#hasLongitude->?originLongitude].","resultList":[{"result":[{"key":"?t","val":"VO_dac0be6e_f7f9_4895_a769_a0a37005b572_1503942009448_6"},{"key":"?p","val":"ES_e735cd8b_13c9_41e1_9045_1281433c85c6_1503942034688_4"},{"key":"?s","val":"ES_e735cd8b_13c9_41e1_9045_1281433c85c6_1503942034688_3"},{"key":"?originLatitude","val":"32.74051839275188058309140615165233612060546875"},{"key":"?originLongitude","val":"-117.2130215001728856805129908025264739990234375"}]}]},{"query":"?- ?t:AE#Travelling, ?t[AE#hasPath->?p], ?p[AE#hasEndRegion->?e], ?e[AE#hasLatitude->?destinationLatitude], ?e[AE#hasLongitude->?destinationLongitude].","resultList":[{"result":[{"key":"?t","val":"VO_dac0be6e_f7f9_4895_a769_a0a37005b572_1503942009448_6"},{"key":"?p","val":"ES_e735cd8b_13c9_41e1_9045_1281433c85c6_1503942034688_4"},{"key":"?e","val":"ES_e735cd8b_13c9_41e1_9045_1281433c85c6_1503942034688_1"},{"key":"?destinationLatitude","val":"32.77549189312725275158300064504146575927734375"},{"key":"?destinationLongitude","val":"-117.19369849209414269353146664798259735107421875"}]}]}]}
