{"dataList":[{"query":"?- ?v:AE#VATravelVoucher, ?v[AE#hasVoucherClaimant->?c], ?c[AE#hasName->?cn], ?cn[label->?claimantFullName].","resultList":[{"result":[{"key":"?v","val":"VO_d9252ce5_6bbd_4a47_b7d6_c768eb3ea6c0_1503940588817_0"},{"key":"?c","val":"VO_d9252ce5_6bbd_4a47_b7d6_c768eb3ea6c0_1503940588817_2"},{"key":"?cn","val":"VO_d9252ce5_6bbd_4a47_b7d6_c768eb3ea6c0_1503940588817_1"},{"key":"?claimantFullName","val":"Latosha Brianne Wickenden"}]},{"result":[{"key":"?v","val":"VO_d9252ce5_6bbd_4a47_b7d6_c768eb3ea6c0_1503940588817_0"},{"key":"?c","val":"VO_d9252ce5_6bbd_4a47_b7d6_c768eb3ea6c0_1503940588817_2"},{"key":"?cn","val":"NO_8dea2f08_b6c1_4085_87b7_6b332724a395_1503940596607_0"},{"key":"?claimantFullName","val":"Latosha Brianne Wickenden"}]}]},{"query":"?- ?v:AE#VATravelVoucher, ?v[AE#hasVoucherClaimant->?c], ?c[AE#hasName->?cn], ?cn[AE#hasFirstName->?claimantFirstName].","resultList":[{"result":[{"key":"?v","val":"VO_d9252ce5_6bbd_4a47_b7d6_c768eb3ea6c0_1503940588817_0"},{"key":"?c","val":"VO_d9252ce5_6bbd_4a47_b7d6_c768eb3ea6c0_1503940588817_2"},{"key":"?cn","val":"NO_8dea2f08_b6c1_4085_87b7_6b332724a395_1503940596607_0"},{"key":"?claimantFirstName","val":"latosha_brianne"}]}]},{"query":"?- ?v:AE#VATravelVoucher, ?v[AE#hasVoucherClaimant->?c], ?c[AE#hasName->?cn], ?cn[AE#hasLastName->?claimantLastName].","resultList":[{"result":[{"key":"?v","val":"VO_d9252ce5_6bbd_4a47_b7d6_c768eb3ea6c0_1503940588817_0"},{"key":"?c","val":"VO_d9252ce5_6bbd_4a47_b7d6_c768eb3ea6c0_1503940588817_2"},{"key":"?cn","val":"NO_8dea2f08_b6c1_4085_87b7_6b332724a395_1503940596607_0"},{"key":"?claimantLastName","val":"wickenden"}]}]},{"query":"?- ?v:AE#VATravelVoucher, ?v[AE#hasVoucherClaimant->?c], ?c[AE#hasSocialSecurityNumber->?s], ?s[label->?claimantSsn].","resultList":[{"result":[{"key":"?v","val":"VO_d9252ce5_6bbd_4a47_b7d6_c768eb3ea6c0_1503940588817_0"},{"key":"?c","val":"VO_d9252ce5_6bbd_4a47_b7d6_c768eb3ea6c0_1503940588817_2"},{"key":"?s","val":"VO_d9252ce5_6bbd_4a47_b7d6_c768eb3ea6c0_1503940588817_12"},{"key":"?claimantSsn","val":"902-98-8971"}]}]},{"query":"?- ?v:AE#VATravelVoucher, ?v[AE#hasVoucherClaimant->?c], ?c[AE#hasLiens->?claimantHasLiens].","resultList":[{"result":[{"key":"?v","val":"VO_d9252ce5_6bbd_4a47_b7d6_c768eb3ea6c0_1503940588817_0"},{"key":"?c","val":"VO_d9252ce5_6bbd_4a47_b7d6_c768eb3ea6c0_1503940588817_2"},{"key":"?claimantHasLiens","val":"AE#NoLienReport"}]}]},{"query":"?- ?v:AE#VATravelVoucher, ?v[AE#hasVoucherClaimant->?c], ?c[AE#hasDeclaredBankruptcy->?claimantHasDeclaredBankruptcy].","resultList":[{"result":[{"key":"?v","val":"VO_d9252ce5_6bbd_4a47_b7d6_c768eb3ea6c0_1503940588817_0"},{"key":"?c","val":"VO_d9252ce5_6bbd_4a47_b7d6_c768eb3ea6c0_1503940588817_2"},{"key":"?claimantHasDeclaredBankruptcy","val":"AE#NoBankruptcyReport"}]}]},{"query":"?- ?v:AE#VATravelVoucher, ?v[AE#hasVoucherClaimant->?c], ?c[AE#hasArrestRecord->?claimantHasArrestRecord].","resultList":[{"result":[{"key":"?v","val":"VO_d9252ce5_6bbd_4a47_b7d6_c768eb3ea6c0_1503940588817_0"},{"key":"?c","val":"VO_d9252ce5_6bbd_4a47_b7d6_c768eb3ea6c0_1503940588817_2"},{"key":"?claimantHasArrestRecord","val":"AE#NoArrestRecord"}]}]},{"query":"?- ?v:AE#VATravelVoucher, ?v[AE#hasVoucherClaimant->?c], ?c[AE#hasCriminalRecord->?claimantHasCriminalRecord].","resultList":[{"result":[{"key":"?v","val":"VO_d9252ce5_6bbd_4a47_b7d6_c768eb3ea6c0_1503940588817_0"},{"key":"?c","val":"VO_d9252ce5_6bbd_4a47_b7d6_c768eb3ea6c0_1503940588817_2"},{"key":"?claimantHasCriminalRecord","val":"AE#NoCriminalRecord"}]}]},{"query":"?- ?v:AE#VATravelVoucher, ?v[AE#hasVoucherBeneficiary->?b], ?b[AE#hasName->?cn], ?cn[label->?beneficiaryFullName].","resultList":[{"result":[{"key":"?v","val":"VO_d9252ce5_6bbd_4a47_b7d6_c768eb3ea6c0_1503940588817_0"},{"key":"?b","val":"VO_d9252ce5_6bbd_4a47_b7d6_c768eb3ea6c0_1503940588817_11"},{"key":"?cn","val":"VO_d9252ce5_6bbd_4a47_b7d6_c768eb3ea6c0_1503940588817_10"},{"key":"?beneficiaryFullName","val":"Latosha Brianne Wickenden"}]},{"result":[{"key":"?v","val":"VO_d9252ce5_6bbd_4a47_b7d6_c768eb3ea6c0_1503940588817_0"},{"key":"?b","val":"VO_d9252ce5_6bbd_4a47_b7d6_c768eb3ea6c0_1503940588817_11"},{"key":"?cn","val":"NO_4e52858e_4642_49af_ad51_fd233fdc9281_1503940594655_0"},{"key":"?beneficiaryFullName","val":"Latosha Brianne Wickenden"}]}]},{"query":"?- ?v:AE#VATravelVoucher, ?v[AE#hasVoucherBeneficiary->?b], ?b[AE#hasName->?cn], ?cn[AE#hasFirstName->?beneficiaryFirstName].","resultList":[{"result":[{"key":"?v","val":"VO_d9252ce5_6bbd_4a47_b7d6_c768eb3ea6c0_1503940588817_0"},{"key":"?b","val":"VO_d9252ce5_6bbd_4a47_b7d6_c768eb3ea6c0_1503940588817_11"},{"key":"?cn","val":"NO_4e52858e_4642_49af_ad51_fd233fdc9281_1503940594655_0"},{"key":"?beneficiaryFirstName","val":"latosha_brianne"}]}]},{"query":"?- ?v:AE#VATravelVoucher, ?v[AE#hasVoucherBeneficiary->?b], ?b[AE#hasName->?cn], ?cn[AE#hasLastName->?beneficiaryLastName].","resultList":[{"result":[{"key":"?v","val":"VO_d9252ce5_6bbd_4a47_b7d6_c768eb3ea6c0_1503940588817_0"},{"key":"?b","val":"VO_d9252ce5_6bbd_4a47_b7d6_c768eb3ea6c0_1503940588817_11"},{"key":"?cn","val":"NO_4e52858e_4642_49af_ad51_fd233fdc9281_1503940594655_0"},{"key":"?beneficiaryLastName","val":"wickenden"}]}]},{"query":"?- ?v:AE#VATravelVoucher, ?v[AE#hasVoucherBeneficiary->?b], ?b[AE#hasSocialSecurityNumber->?s], ?s[label->?beneficiarySsn].","resultList":[{"result":[{"key":"?v","val":"VO_d9252ce5_6bbd_4a47_b7d6_c768eb3ea6c0_1503940588817_0"},{"key":"?b","val":"VO_d9252ce5_6bbd_4a47_b7d6_c768eb3ea6c0_1503940588817_11"},{"key":"?s","val":"VO_d9252ce5_6bbd_4a47_b7d6_c768eb3ea6c0_1503940588817_9"},{"key":"?beneficiarySsn","val":"902-98-8971"}]}]},{"query":"?- ?v:AE#VATravelVoucher, ?v[AE#hasVoucherBeneficiary->?b], ?b[AE#hasLiens->?beneficiaryHasLiens].","resultList":[{"result":[{"key":"?v","val":"VO_d9252ce5_6bbd_4a47_b7d6_c768eb3ea6c0_1503940588817_0"},{"key":"?b","val":"VO_d9252ce5_6bbd_4a47_b7d6_c768eb3ea6c0_1503940588817_11"},{"key":"?beneficiaryHasLiens","val":"AE#NoLienReport"}]}]},{"query":"?- ?v:AE#VATravelVoucher, ?v[AE#hasVoucherBeneficiary->?b], ?b[AE#hasDeclaredBankruptcy->?beneficiaryHasDeclaredBankruptcy].","resultList":[{"result":[{"key":"?v","val":"VO_d9252ce5_6bbd_4a47_b7d6_c768eb3ea6c0_1503940588817_0"},{"key":"?b","val":"VO_d9252ce5_6bbd_4a47_b7d6_c768eb3ea6c0_1503940588817_11"},{"key":"?beneficiaryHasDeclaredBankruptcy","val":"AE#NoBankruptcyReport"}]}]},{"query":"?- ?v:AE#VATravelVoucher, ?v[AE#hasVoucherBeneficiary->?b], ?b[AE#hasArrestRecord->?beneficiaryHasArrestRecord].","resultList":[{"result":[{"key":"?v","val":"VO_d9252ce5_6bbd_4a47_b7d6_c768eb3ea6c0_1503940588817_0"},{"key":"?b","val":"VO_d9252ce5_6bbd_4a47_b7d6_c768eb3ea6c0_1503940588817_11"},{"key":"?beneficiaryHasArrestRecord","val":"AE#NoArrestRecord"}]}]},{"query":"?- ?v:AE#VATravelVoucher, ?v[AE#hasVoucherBeneficiary->?b], ?b[AE#hasCriminalRecord->?beneficiaryHasCriminalRecord].","resultList":[{"result":[{"key":"?v","val":"VO_d9252ce5_6bbd_4a47_b7d6_c768eb3ea6c0_1503940588817_0"},{"key":"?b","val":"VO_d9252ce5_6bbd_4a47_b7d6_c768eb3ea6c0_1503940588817_11"},{"key":"?beneficiaryHasCriminalRecord","val":"AE#NoCriminalRecord"}]}]},{"query":"?- ?t:AE#Travelling, ?t[AE#hasPath->?p], ?p[AE#hasDistance->?d], ?d[AE#numericValue->?expectedDistanceValue], ?d[AE#hasUnitOfMeasure->?unitOfDistanceMeasure].","resultList":[{"result":[{"key":"?t","val":"VO_d9252ce5_6bbd_4a47_b7d6_c768eb3ea6c0_1503940588817_6"},{"key":"?p","val":"ES_efc961a0_2045_41b0_bf6c_da041ec1b5d5_1503940615193_4"},{"key":"?d","val":"ES_efc961a0_2045_41b0_bf6c_da041ec1b5d5_1503940615193_0"},{"key":"?expectedDistanceValue","val":"40143.28896931445342488586902618408203125"},{"key":"?unitOfDistanceMeasure","val":"meters"}]}]},{"query":"?- ?t:AE#Travelling, ?t[AE#hasPath->?p], ?p[AE#hasExpectedTravelTime->?d], ?d[AE#numericValue->?expectedTimeValue], ?d[AE#hasUnitOfMeasure->?unitOfTimeMeasure].","resultList":[{"result":[{"key":"?t","val":"VO_d9252ce5_6bbd_4a47_b7d6_c768eb3ea6c0_1503940588817_6"},{"key":"?p","val":"ES_efc961a0_2045_41b0_bf6c_da041ec1b5d5_1503940615193_4"},{"key":"?d","val":"ES_efc961a0_2045_41b0_bf6c_da041ec1b5d5_1503940615193_2"},{"key":"?expectedTimeValue","val":"28.30435901298187673091888427734375"},{"key":"?unitOfTimeMeasure","val":"minutes"}]}]},{"query":"?- ?t:AE#Travelling, ?t[AE#hasDestination->?d], ?d[label->?destinationFullAddress].","resultList":[{"result":[{"key":"?t","val":"VO_d9252ce5_6bbd_4a47_b7d6_c768eb3ea6c0_1503940588817_7"},{"key":"?d","val":"VO_d9252ce5_6bbd_4a47_b7d6_c768eb3ea6c0_1503940588817_8"},{"key":"?destinationFullAddress","val":"2790 Truxton Road, Suite 130, San Diego, CA 92106"}]},{"result":[{"key":"?t","val":"VO_d9252ce5_6bbd_4a47_b7d6_c768eb3ea6c0_1503940588817_6"},{"key":"?d","val":"VO_d9252ce5_6bbd_4a47_b7d6_c768eb3ea6c0_1503940588817_5"},{"key":"?destinationFullAddress","val":"8409 Kerns St, San Diego, CA 92154"}]}]},{"query":"?- ?t:AE#Travelling, ?t[AE#hasDestination->?d], ?d[AE#hasStreet->?s], ?s[label->?destinationStreetName], ?d[AE#hasCity->?c], ?c[label->?destinationCity], ?d[AE#hasState->?st], ?st[label->?destinationState], ?d[AE#hasZipcode->?destinationZipCode].","resultList":[{"result":[{"key":"?t","val":"VO_d9252ce5_6bbd_4a47_b7d6_c768eb3ea6c0_1503940588817_7"},{"key":"?d","val":"VO_d9252ce5_6bbd_4a47_b7d6_c768eb3ea6c0_1503940588817_8"},{"key":"?s","val":"NO_a878446c_5a0d_4324_adc9_704a94885ea0_1503940598509_id5"},{"key":"?destinationStreetName","val":"2790 Truxton Road"},{"key":"?c","val":"NO_a878446c_5a0d_4324_adc9_704a94885ea0_1503940598509_id11"},{"key":"?destinationCity","val":"San Diego"},{"key":"?st","val":"NO_a878446c_5a0d_4324_adc9_704a94885ea0_1503940598509_id13"},{"key":"?destinationState","val":"CA"},{"key":"?destinationZipCode","val":"92106"}]},{"result":[{"key":"?t","val":"VO_d9252ce5_6bbd_4a47_b7d6_c768eb3ea6c0_1503940588817_6"},{"key":"?d","val":"VO_d9252ce5_6bbd_4a47_b7d6_c768eb3ea6c0_1503940588817_5"},{"key":"?s","val":"NO_c746542a_2405_4966_af80_6252385ecceb_1503940600510_id3"},{"key":"?destinationStreetName","val":"8409 Kerns St"},{"key":"?c","val":"NO_c746542a_2405_4966_af80_6252385ecceb_1503940600510_id9"},{"key":"?destinationCity","val":"San Diego"},{"key":"?st","val":"NO_c746542a_2405_4966_af80_6252385ecceb_1503940600510_id11"},{"key":"?destinationState","val":"CA"},{"key":"?destinationZipCode","val":"92154"}]}]},{"query":"?- ?t:AE#Travelling, ?t[AE#hasOrigin->?d], ?d[label->?originFullAddress].","resultList":[{"result":[{"key":"?t","val":"VO_d9252ce5_6bbd_4a47_b7d6_c768eb3ea6c0_1503940588817_7"},{"key":"?d","val":"VO_d9252ce5_6bbd_4a47_b7d6_c768eb3ea6c0_1503940588817_3"},{"key":"?originFullAddress","val":"8409 Kerns St, San Diego, CA 92154"}]},{"result":[{"key":"?t","val":"VO_d9252ce5_6bbd_4a47_b7d6_c768eb3ea6c0_1503940588817_6"},{"key":"?d","val":"VO_d9252ce5_6bbd_4a47_b7d6_c768eb3ea6c0_1503940588817_8"},{"key":"?originFullAddress","val":"2790 Truxton Road, Suite 130, San Diego, CA 92106"}]}]},{"query":"?- ?t:AE#Travelling, ?t[AE#hasOrigin->?d], ?d[AE#hasStreet->?s], ?s[label->?originStreetName], ?d[AE#hasCity->?c], ?c[label->?originCity], ?d[AE#hasState->?st], ?st[label->?originState], ?d[AE#hasZipcode->?originZipCode].","resultList":[{"result":[{"key":"?t","val":"VO_d9252ce5_6bbd_4a47_b7d6_c768eb3ea6c0_1503940588817_7"},{"key":"?d","val":"VO_d9252ce5_6bbd_4a47_b7d6_c768eb3ea6c0_1503940588817_3"},{"key":"?s","val":"NO_2ad1031c_59b6_46da_92ea_04a4e3110514_1503940602427_id3"},{"key":"?originStreetName","val":"8409 Kerns St"},{"key":"?c","val":"NO_2ad1031c_59b6_46da_92ea_04a4e3110514_1503940602427_id9"},{"key":"?originCity","val":"San Diego"},{"key":"?st","val":"NO_2ad1031c_59b6_46da_92ea_04a4e3110514_1503940602427_id11"},{"key":"?originState","val":"CA"},{"key":"?originZipCode","val":"92154"}]},{"result":[{"key":"?t","val":"VO_d9252ce5_6bbd_4a47_b7d6_c768eb3ea6c0_1503940588817_6"},{"key":"?d","val":"VO_d9252ce5_6bbd_4a47_b7d6_c768eb3ea6c0_1503940588817_8"},{"key":"?s","val":"NO_a878446c_5a0d_4324_adc9_704a94885ea0_1503940598509_id5"},{"key":"?originStreetName","val":"2790 Truxton Road"},{"key":"?c","val":"NO_a878446c_5a0d_4324_adc9_704a94885ea0_1503940598509_id11"},{"key":"?originCity","val":"San Diego"},{"key":"?st","val":"NO_a878446c_5a0d_4324_adc9_704a94885ea0_1503940598509_id13"},{"key":"?originState","val":"CA"},{"key":"?originZipCode","val":"92106"}]}]},{"query":"?- ?t:AE#Travelling, ?t[AE#hasPath->?p], ?p[AE#hasStartRegion->?s], ?s[AE#hasLatitude->?originLatitude], ?s[AE#hasLongitude->?originLongitude].","resultList":[{"result":[{"key":"?t","val":"VO_d9252ce5_6bbd_4a47_b7d6_c768eb3ea6c0_1503940588817_6"},{"key":"?p","val":"ES_efc961a0_2045_41b0_bf6c_da041ec1b5d5_1503940615193_4"},{"key":"?s","val":"ES_efc961a0_2045_41b0_bf6c_da041ec1b5d5_1503940615193_3"},{"key":"?originLatitude","val":"32.74051839275188058309140615165233612060546875"},{"key":"?originLongitude","val":"-117.2130215001728856805129908025264739990234375"}]}]},{"query":"?- ?t:AE#Travelling, ?t[AE#hasPath->?p], ?p[AE#hasEndRegion->?e], ?e[AE#hasLatitude->?destinationLatitude], ?e[AE#hasLongitude->?destinationLongitude].","resultList":[{"result":[{"key":"?t","val":"VO_d9252ce5_6bbd_4a47_b7d6_c768eb3ea6c0_1503940588817_6"},{"key":"?p","val":"ES_efc961a0_2045_41b0_bf6c_da041ec1b5d5_1503940615193_4"},{"key":"?e","val":"ES_efc961a0_2045_41b0_bf6c_da041ec1b5d5_1503940615193_1"},{"key":"?destinationLatitude","val":"32.5510185005778538425147417001426219940185546875"},{"key":"?destinationLongitude","val":"-116.961752079519868630086421035230159759521484375"}]}]}]}
