{"dataList":[{"query":"?- ?v:AE#VATravelVoucher, ?v[AE#hasVoucherClaimant->?c], ?c[AE#hasName->?cn], ?cn[label->?claimantFullName].","resultList":[{"result":[{"key":"?v","val":"VO_dc48448e_160c_40a6_bb3b_f496c421e120_1503943762575_0"},{"key":"?c","val":"VO_dc48448e_160c_40a6_bb3b_f496c421e120_1503943762575_2"},{"key":"?cn","val":"VO_dc48448e_160c_40a6_bb3b_f496c421e120_1503943762575_1"},{"key":"?claimantFullName","val":"Shawn S. Chidley"}]},{"result":[{"key":"?v","val":"VO_dc48448e_160c_40a6_bb3b_f496c421e120_1503943762575_0"},{"key":"?c","val":"VO_dc48448e_160c_40a6_bb3b_f496c421e120_1503943762575_2"},{"key":"?cn","val":"NO_27ca99aa_aca8_4f76_824c_c83f2b0d883a_1503943769556_0"},{"key":"?claimantFullName","val":"Shawn S. Chidley"}]}]},{"query":"?- ?v:AE#VATravelVoucher, ?v[AE#hasVoucherClaimant->?c], ?c[AE#hasName->?cn], ?cn[AE#hasFirstName->?claimantFirstName].","resultList":[{"result":[{"key":"?v","val":"VO_dc48448e_160c_40a6_bb3b_f496c421e120_1503943762575_0"},{"key":"?c","val":"VO_dc48448e_160c_40a6_bb3b_f496c421e120_1503943762575_2"},{"key":"?cn","val":"NO_27ca99aa_aca8_4f76_824c_c83f2b0d883a_1503943769556_0"},{"key":"?claimantFirstName","val":"shawn"}]}]},{"query":"?- ?v:AE#VATravelVoucher, ?v[AE#hasVoucherClaimant->?c], ?c[AE#hasName->?cn], ?cn[AE#hasLastName->?claimantLastName].","resultList":[{"result":[{"key":"?v","val":"VO_dc48448e_160c_40a6_bb3b_f496c421e120_1503943762575_0"},{"key":"?c","val":"VO_dc48448e_160c_40a6_bb3b_f496c421e120_1503943762575_2"},{"key":"?cn","val":"NO_27ca99aa_aca8_4f76_824c_c83f2b0d883a_1503943769556_0"},{"key":"?claimantLastName","val":"chidley"}]}]},{"query":"?- ?v:AE#VATravelVoucher, ?v[AE#hasVoucherClaimant->?c], ?c[AE#hasSocialSecurityNumber->?s], ?s[label->?claimantSsn].","resultList":[{"result":[{"key":"?v","val":"VO_dc48448e_160c_40a6_bb3b_f496c421e120_1503943762575_0"},{"key":"?c","val":"VO_dc48448e_160c_40a6_bb3b_f496c421e120_1503943762575_2"},{"key":"?s","val":"VO_dc48448e_160c_40a6_bb3b_f496c421e120_1503943762575_12"},{"key":"?claimantSsn","val":"853-05-0671"}]}]},{"query":"?- ?v:AE#VATravelVoucher, ?v[AE#hasVoucherClaimant->?c], ?c[AE#hasLiens->?claimantHasLiens].","resultList":[{"result":[{"key":"?v","val":"VO_dc48448e_160c_40a6_bb3b_f496c421e120_1503943762575_0"},{"key":"?c","val":"VO_dc48448e_160c_40a6_bb3b_f496c421e120_1503943762575_2"},{"key":"?claimantHasLiens","val":"AE#UnknownLienReport"}]}]},{"query":"?- ?v:AE#VATravelVoucher, ?v[AE#hasVoucherClaimant->?c], ?c[AE#hasDeclaredBankruptcy->?claimantHasDeclaredBankruptcy].","resultList":[{"result":[{"key":"?v","val":"VO_dc48448e_160c_40a6_bb3b_f496c421e120_1503943762575_0"},{"key":"?c","val":"VO_dc48448e_160c_40a6_bb3b_f496c421e120_1503943762575_2"},{"key":"?claimantHasDeclaredBankruptcy","val":"AE#NoBankruptcyReport"}]}]},{"query":"?- ?v:AE#VATravelVoucher, ?v[AE#hasVoucherClaimant->?c], ?c[AE#hasArrestRecord->?claimantHasArrestRecord].","resultList":[{"result":[{"key":"?v","val":"VO_dc48448e_160c_40a6_bb3b_f496c421e120_1503943762575_0"},{"key":"?c","val":"VO_dc48448e_160c_40a6_bb3b_f496c421e120_1503943762575_2"},{"key":"?claimantHasArrestRecord","val":"AE#NoArrestRecord"}]}]},{"query":"?- ?v:AE#VATravelVoucher, ?v[AE#hasVoucherClaimant->?c], ?c[AE#hasCriminalRecord->?claimantHasCriminalRecord].","resultList":[{"result":[{"key":"?v","val":"VO_dc48448e_160c_40a6_bb3b_f496c421e120_1503943762575_0"},{"key":"?c","val":"VO_dc48448e_160c_40a6_bb3b_f496c421e120_1503943762575_2"},{"key":"?claimantHasCriminalRecord","val":"AE#NoCriminalRecord"}]}]},{"query":"?- ?v:AE#VATravelVoucher, ?v[AE#hasVoucherBeneficiary->?b], ?b[AE#hasName->?cn], ?cn[label->?beneficiaryFullName].","resultList":[{"result":[{"key":"?v","val":"VO_dc48448e_160c_40a6_bb3b_f496c421e120_1503943762575_0"},{"key":"?b","val":"VO_dc48448e_160c_40a6_bb3b_f496c421e120_1503943762575_11"},{"key":"?cn","val":"VO_dc48448e_160c_40a6_bb3b_f496c421e120_1503943762575_10"},{"key":"?beneficiaryFullName","val":"Shawn S. Chidley"}]},{"result":[{"key":"?v","val":"VO_dc48448e_160c_40a6_bb3b_f496c421e120_1503943762575_0"},{"key":"?b","val":"VO_dc48448e_160c_40a6_bb3b_f496c421e120_1503943762575_11"},{"key":"?cn","val":"NO_3b15eaf6_1b88_4f55_82d7_21763e09bd5d_1503943767814_0"},{"key":"?beneficiaryFullName","val":"Shawn S. Chidley"}]}]},{"query":"?- ?v:AE#VATravelVoucher, ?v[AE#hasVoucherBeneficiary->?b], ?b[AE#hasName->?cn], ?cn[AE#hasFirstName->?beneficiaryFirstName].","resultList":[{"result":[{"key":"?v","val":"VO_dc48448e_160c_40a6_bb3b_f496c421e120_1503943762575_0"},{"key":"?b","val":"VO_dc48448e_160c_40a6_bb3b_f496c421e120_1503943762575_11"},{"key":"?cn","val":"NO_3b15eaf6_1b88_4f55_82d7_21763e09bd5d_1503943767814_0"},{"key":"?beneficiaryFirstName","val":"shawn"}]}]},{"query":"?- ?v:AE#VATravelVoucher, ?v[AE#hasVoucherBeneficiary->?b], ?b[AE#hasName->?cn], ?cn[AE#hasLastName->?beneficiaryLastName].","resultList":[{"result":[{"key":"?v","val":"VO_dc48448e_160c_40a6_bb3b_f496c421e120_1503943762575_0"},{"key":"?b","val":"VO_dc48448e_160c_40a6_bb3b_f496c421e120_1503943762575_11"},{"key":"?cn","val":"NO_3b15eaf6_1b88_4f55_82d7_21763e09bd5d_1503943767814_0"},{"key":"?beneficiaryLastName","val":"chidley"}]}]},{"query":"?- ?v:AE#VATravelVoucher, ?v[AE#hasVoucherBeneficiary->?b], ?b[AE#hasSocialSecurityNumber->?s], ?s[label->?beneficiarySsn].","resultList":[{"result":[{"key":"?v","val":"VO_dc48448e_160c_40a6_bb3b_f496c421e120_1503943762575_0"},{"key":"?b","val":"VO_dc48448e_160c_40a6_bb3b_f496c421e120_1503943762575_11"},{"key":"?s","val":"VO_dc48448e_160c_40a6_bb3b_f496c421e120_1503943762575_9"},{"key":"?beneficiarySsn","val":"853-05-0671"}]}]},{"query":"?- ?v:AE#VATravelVoucher, ?v[AE#hasVoucherBeneficiary->?b], ?b[AE#hasLiens->?beneficiaryHasLiens].","resultList":[{"result":[{"key":"?v","val":"VO_dc48448e_160c_40a6_bb3b_f496c421e120_1503943762575_0"},{"key":"?b","val":"VO_dc48448e_160c_40a6_bb3b_f496c421e120_1503943762575_11"},{"key":"?beneficiaryHasLiens","val":"AE#UnknownLienReport"}]}]},{"query":"?- ?v:AE#VATravelVoucher, ?v[AE#hasVoucherBeneficiary->?b], ?b[AE#hasDeclaredBankruptcy->?beneficiaryHasDeclaredBankruptcy].","resultList":[{"result":[{"key":"?v","val":"VO_dc48448e_160c_40a6_bb3b_f496c421e120_1503943762575_0"},{"key":"?b","val":"VO_dc48448e_160c_40a6_bb3b_f496c421e120_1503943762575_11"},{"key":"?beneficiaryHasDeclaredBankruptcy","val":"AE#NoBankruptcyReport"}]}]},{"query":"?- ?v:AE#VATravelVoucher, ?v[AE#hasVoucherBeneficiary->?b], ?b[AE#hasArrestRecord->?beneficiaryHasArrestRecord].","resultList":[{"result":[{"key":"?v","val":"VO_dc48448e_160c_40a6_bb3b_f496c421e120_1503943762575_0"},{"key":"?b","val":"VO_dc48448e_160c_40a6_bb3b_f496c421e120_1503943762575_11"},{"key":"?beneficiaryHasArrestRecord","val":"AE#NoArrestRecord"}]}]},{"query":"?- ?v:AE#VATravelVoucher, ?v[AE#hasVoucherBeneficiary->?b], ?b[AE#hasCriminalRecord->?beneficiaryHasCriminalRecord].","resultList":[{"result":[{"key":"?v","val":"VO_dc48448e_160c_40a6_bb3b_f496c421e120_1503943762575_0"},{"key":"?b","val":"VO_dc48448e_160c_40a6_bb3b_f496c421e120_1503943762575_11"},{"key":"?beneficiaryHasCriminalRecord","val":"AE#NoCriminalRecord"}]}]},{"query":"?- ?t:AE#Travelling, ?t[AE#hasPath->?p], ?p[AE#hasDistance->?d], ?d[AE#numericValue->?expectedDistanceValue], ?d[AE#hasUnitOfMeasure->?unitOfDistanceMeasure].","resultList":[{"result":[{"key":"?t","val":"VO_dc48448e_160c_40a6_bb3b_f496c421e120_1503943762575_6"},{"key":"?p","val":"ES_a0d74173_af81_456d_9674_151c9e154784_1503943786299_4"},{"key":"?d","val":"ES_a0d74173_af81_456d_9674_151c9e154784_1503943786299_0"},{"key":"?expectedDistanceValue","val":"16150.848137405961097101680934429168701171875"},{"key":"?unitOfDistanceMeasure","val":"meters"}]}]},{"query":"?- ?t:AE#Travelling, ?t[AE#hasPath->?p], ?p[AE#hasExpectedTravelTime->?d], ?d[AE#numericValue->?expectedTimeValue], ?d[AE#hasUnitOfMeasure->?unitOfTimeMeasure].","resultList":[{"result":[{"key":"?t","val":"VO_dc48448e_160c_40a6_bb3b_f496c421e120_1503943762575_6"},{"key":"?p","val":"ES_a0d74173_af81_456d_9674_151c9e154784_1503943786299_4"},{"key":"?d","val":"ES_a0d74173_af81_456d_9674_151c9e154784_1503943786299_2"},{"key":"?expectedTimeValue","val":"11.29778241156600415706634521484375"},{"key":"?unitOfTimeMeasure","val":"minutes"}]}]},{"query":"?- ?t:AE#Travelling, ?t[AE#hasDestination->?d], ?d[label->?destinationFullAddress].","resultList":[{"result":[{"key":"?t","val":"VO_dc48448e_160c_40a6_bb3b_f496c421e120_1503943762575_7"},{"key":"?d","val":"VO_dc48448e_160c_40a6_bb3b_f496c421e120_1503943762575_8"},{"key":"?destinationFullAddress","val":"2790 Truxton Road, Suite 130, San Diego, CA 92106"}]},{"result":[{"key":"?t","val":"VO_dc48448e_160c_40a6_bb3b_f496c421e120_1503943762575_6"},{"key":"?d","val":"VO_dc48448e_160c_40a6_bb3b_f496c421e120_1503943762575_5"},{"key":"?destinationFullAddress","val":"150 Fifth Street San Diego, CA 92114"}]}]},{"query":"?- ?t:AE#Travelling, ?t[AE#hasDestination->?d], ?d[AE#hasStreet->?s], ?s[label->?destinationStreetName], ?d[AE#hasCity->?c], ?c[label->?destinationCity], ?d[AE#hasState->?st], ?st[label->?destinationState], ?d[AE#hasZipcode->?destinationZipCode].","resultList":[{"result":[{"key":"?t","val":"VO_dc48448e_160c_40a6_bb3b_f496c421e120_1503943762575_7"},{"key":"?d","val":"VO_dc48448e_160c_40a6_bb3b_f496c421e120_1503943762575_8"},{"key":"?s","val":"NO_6e42df8b_3658_4f80_ae22_83d2e7bc839b_1503943771361_id5"},{"key":"?destinationStreetName","val":"2790 Truxton Road"},{"key":"?c","val":"NO_6e42df8b_3658_4f80_ae22_83d2e7bc839b_1503943771361_id11"},{"key":"?destinationCity","val":"San Diego"},{"key":"?st","val":"NO_6e42df8b_3658_4f80_ae22_83d2e7bc839b_1503943771361_id13"},{"key":"?destinationState","val":"CA"},{"key":"?destinationZipCode","val":"92106"}]},{"result":[{"key":"?t","val":"VO_dc48448e_160c_40a6_bb3b_f496c421e120_1503943762575_6"},{"key":"?d","val":"VO_dc48448e_160c_40a6_bb3b_f496c421e120_1503943762575_5"},{"key":"?s","val":"NO_5c28a7bd_b0b7_4dac_aaec_1a4afca988f4_1503943773214_id3"},{"key":"?destinationStreetName","val":"150 Fifth Street"},{"key":"?c","val":"NO_5c28a7bd_b0b7_4dac_aaec_1a4afca988f4_1503943773214_id9"},{"key":"?destinationCity","val":"San Diego"},{"key":"?st","val":"NO_5c28a7bd_b0b7_4dac_aaec_1a4afca988f4_1503943773214_id11"},{"key":"?destinationState","val":"CA"},{"key":"?destinationZipCode","val":"92114"}]}]},{"query":"?- ?t:AE#Travelling, ?t[AE#hasOrigin->?d], ?d[label->?originFullAddress].","resultList":[{"result":[{"key":"?t","val":"VO_dc48448e_160c_40a6_bb3b_f496c421e120_1503943762575_7"},{"key":"?d","val":"VO_dc48448e_160c_40a6_bb3b_f496c421e120_1503943762575_3"},{"key":"?originFullAddress","val":"150 Fifth Street San Diego, CA 92114"}]},{"result":[{"key":"?t","val":"VO_dc48448e_160c_40a6_bb3b_f496c421e120_1503943762575_6"},{"key":"?d","val":"VO_dc48448e_160c_40a6_bb3b_f496c421e120_1503943762575_8"},{"key":"?originFullAddress","val":"2790 Truxton Road, Suite 130, San Diego, CA 92106"}]}]},{"query":"?- ?t:AE#Travelling, ?t[AE#hasOrigin->?d], ?d[AE#hasStreet->?s], ?s[label->?originStreetName], ?d[AE#hasCity->?c], ?c[label->?originCity], ?d[AE#hasState->?st], ?st[label->?originState], ?d[AE#hasZipcode->?originZipCode].","resultList":[{"result":[{"key":"?t","val":"VO_dc48448e_160c_40a6_bb3b_f496c421e120_1503943762575_7"},{"key":"?d","val":"VO_dc48448e_160c_40a6_bb3b_f496c421e120_1503943762575_3"},{"key":"?s","val":"NO_f316fadd_0bd0_411a_ae6e_ec293aa08ff7_1503943774881_id3"},{"key":"?originStreetName","val":"150 Fifth Street"},{"key":"?c","val":"NO_f316fadd_0bd0_411a_ae6e_ec293aa08ff7_1503943774881_id9"},{"key":"?originCity","val":"San Diego"},{"key":"?st","val":"NO_f316fadd_0bd0_411a_ae6e_ec293aa08ff7_1503943774881_id11"},{"key":"?originState","val":"CA"},{"key":"?originZipCode","val":"92114"}]},{"result":[{"key":"?t","val":"VO_dc48448e_160c_40a6_bb3b_f496c421e120_1503943762575_6"},{"key":"?d","val":"VO_dc48448e_160c_40a6_bb3b_f496c421e120_1503943762575_8"},{"key":"?s","val":"NO_6e42df8b_3658_4f80_ae22_83d2e7bc839b_1503943771361_id5"},{"key":"?originStreetName","val":"2790 Truxton Road"},{"key":"?c","val":"NO_6e42df8b_3658_4f80_ae22_83d2e7bc839b_1503943771361_id11"},{"key":"?originCity","val":"San Diego"},{"key":"?st","val":"NO_6e42df8b_3658_4f80_ae22_83d2e7bc839b_1503943771361_id13"},{"key":"?originState","val":"CA"},{"key":"?originZipCode","val":"92106"}]}]},{"query":"?- ?t:AE#Travelling, ?t[AE#hasPath->?p], ?p[AE#hasStartRegion->?s], ?s[AE#hasLatitude->?originLatitude], ?s[AE#hasLongitude->?originLongitude].","resultList":[{"result":[{"key":"?t","val":"VO_dc48448e_160c_40a6_bb3b_f496c421e120_1503943762575_6"},{"key":"?p","val":"ES_a0d74173_af81_456d_9674_151c9e154784_1503943786299_4"},{"key":"?s","val":"ES_a0d74173_af81_456d_9674_151c9e154784_1503943786299_3"},{"key":"?originLatitude","val":"32.74051839275188058309140615165233612060546875"},{"key":"?originLongitude","val":"-117.2130215001728856805129908025264739990234375"}]}]},{"query":"?- ?t:AE#Travelling, ?t[AE#hasPath->?p], ?p[AE#hasEndRegion->?e], ?e[AE#hasLatitude->?destinationLatitude], ?e[AE#hasLongitude->?destinationLongitude].","resultList":[{"result":[{"key":"?t","val":"VO_dc48448e_160c_40a6_bb3b_f496c421e120_1503943762575_6"},{"key":"?p","val":"ES_a0d74173_af81_456d_9674_151c9e154784_1503943786299_4"},{"key":"?e","val":"ES_a0d74173_af81_456d_9674_151c9e154784_1503943786299_1"},{"key":"?destinationLatitude","val":"32.72617345619732276418289984576404094696044921875"},{"key":"?destinationLongitude","val":"-117.0724592852043457469335407949984073638916015625"}]}]}]}
