{"dataList":[{"query":"?- ?v:AE#VATravelVoucher, ?v[AE#hasVoucherClaimant->?c], ?c[AE#hasName->?cn], ?cn[label->?claimantFullName].","resultList":[{"result":[{"key":"?v","val":"VO_dc460db4_7a0f_4740_9388_56dd634cbac7_1503943819324_0"},{"key":"?c","val":"VO_dc460db4_7a0f_4740_9388_56dd634cbac7_1503943819324_2"},{"key":"?cn","val":"NO_2ef33161_8f76_4e14_9209_5bb53ed46b45_1503943826320_0"},{"key":"?claimantFullName","val":"Scott D. Hutton"}]},{"result":[{"key":"?v","val":"VO_dc460db4_7a0f_4740_9388_56dd634cbac7_1503943819324_0"},{"key":"?c","val":"VO_dc460db4_7a0f_4740_9388_56dd634cbac7_1503943819324_2"},{"key":"?cn","val":"VO_dc460db4_7a0f_4740_9388_56dd634cbac7_1503943819324_1"},{"key":"?claimantFullName","val":"Scott D. Hutton"}]}]},{"query":"?- ?v:AE#VATravelVoucher, ?v[AE#hasVoucherClaimant->?c], ?c[AE#hasName->?cn], ?cn[AE#hasFirstName->?claimantFirstName].","resultList":[{"result":[{"key":"?v","val":"VO_dc460db4_7a0f_4740_9388_56dd634cbac7_1503943819324_0"},{"key":"?c","val":"VO_dc460db4_7a0f_4740_9388_56dd634cbac7_1503943819324_2"},{"key":"?cn","val":"NO_2ef33161_8f76_4e14_9209_5bb53ed46b45_1503943826320_0"},{"key":"?claimantFirstName","val":"scott"}]}]},{"query":"?- ?v:AE#VATravelVoucher, ?v[AE#hasVoucherClaimant->?c], ?c[AE#hasName->?cn], ?cn[AE#hasLastName->?claimantLastName].","resultList":[{"result":[{"key":"?v","val":"VO_dc460db4_7a0f_4740_9388_56dd634cbac7_1503943819324_0"},{"key":"?c","val":"VO_dc460db4_7a0f_4740_9388_56dd634cbac7_1503943819324_2"},{"key":"?cn","val":"NO_2ef33161_8f76_4e14_9209_5bb53ed46b45_1503943826320_0"},{"key":"?claimantLastName","val":"hutton"}]}]},{"query":"?- ?v:AE#VATravelVoucher, ?v[AE#hasVoucherClaimant->?c], ?c[AE#hasSocialSecurityNumber->?s], ?s[label->?claimantSsn].","resultList":[{"result":[{"key":"?v","val":"VO_dc460db4_7a0f_4740_9388_56dd634cbac7_1503943819324_0"},{"key":"?c","val":"VO_dc460db4_7a0f_4740_9388_56dd634cbac7_1503943819324_2"},{"key":"?s","val":"VO_dc460db4_7a0f_4740_9388_56dd634cbac7_1503943819324_12"},{"key":"?claimantSsn","val":"658-27-3501"}]}]},{"query":"?- ?v:AE#VATravelVoucher, ?v[AE#hasVoucherClaimant->?c], ?c[AE#hasLiens->?claimantHasLiens].","resultList":[{"result":[{"key":"?v","val":"VO_dc460db4_7a0f_4740_9388_56dd634cbac7_1503943819324_0"},{"key":"?c","val":"VO_dc460db4_7a0f_4740_9388_56dd634cbac7_1503943819324_2"},{"key":"?claimantHasLiens","val":"AE#NoLienReport"}]}]},{"query":"?- ?v:AE#VATravelVoucher, ?v[AE#hasVoucherClaimant->?c], ?c[AE#hasDeclaredBankruptcy->?claimantHasDeclaredBankruptcy].","resultList":[{"result":[{"key":"?v","val":"VO_dc460db4_7a0f_4740_9388_56dd634cbac7_1503943819324_0"},{"key":"?c","val":"VO_dc460db4_7a0f_4740_9388_56dd634cbac7_1503943819324_2"},{"key":"?claimantHasDeclaredBankruptcy","val":"AE#NoBankruptcyReport"}]}]},{"query":"?- ?v:AE#VATravelVoucher, ?v[AE#hasVoucherClaimant->?c], ?c[AE#hasArrestRecord->?claimantHasArrestRecord].","resultList":[{"result":[{"key":"?v","val":"VO_dc460db4_7a0f_4740_9388_56dd634cbac7_1503943819324_0"},{"key":"?c","val":"VO_dc460db4_7a0f_4740_9388_56dd634cbac7_1503943819324_2"},{"key":"?claimantHasArrestRecord","val":"AE#NoArrestRecord"}]}]},{"query":"?- ?v:AE#VATravelVoucher, ?v[AE#hasVoucherClaimant->?c], ?c[AE#hasCriminalRecord->?claimantHasCriminalRecord].","resultList":[{"result":[{"key":"?v","val":"VO_dc460db4_7a0f_4740_9388_56dd634cbac7_1503943819324_0"},{"key":"?c","val":"VO_dc460db4_7a0f_4740_9388_56dd634cbac7_1503943819324_2"},{"key":"?claimantHasCriminalRecord","val":"AE#NoCriminalRecord"}]}]},{"query":"?- ?v:AE#VATravelVoucher, ?v[AE#hasVoucherBeneficiary->?b], ?b[AE#hasName->?cn], ?cn[label->?beneficiaryFullName].","resultList":[{"result":[{"key":"?v","val":"VO_dc460db4_7a0f_4740_9388_56dd634cbac7_1503943819324_0"},{"key":"?b","val":"VO_dc460db4_7a0f_4740_9388_56dd634cbac7_1503943819324_11"},{"key":"?cn","val":"VO_dc460db4_7a0f_4740_9388_56dd634cbac7_1503943819324_10"},{"key":"?beneficiaryFullName","val":"Scott D. Hutton"}]},{"result":[{"key":"?v","val":"VO_dc460db4_7a0f_4740_9388_56dd634cbac7_1503943819324_0"},{"key":"?b","val":"VO_dc460db4_7a0f_4740_9388_56dd634cbac7_1503943819324_11"},{"key":"?cn","val":"NO_ee7aeae9_98a0_4775_99de_c80ccec14335_1503943824543_0"},{"key":"?beneficiaryFullName","val":"Scott D. Hutton"}]}]},{"query":"?- ?v:AE#VATravelVoucher, ?v[AE#hasVoucherBeneficiary->?b], ?b[AE#hasName->?cn], ?cn[AE#hasFirstName->?beneficiaryFirstName].","resultList":[{"result":[{"key":"?v","val":"VO_dc460db4_7a0f_4740_9388_56dd634cbac7_1503943819324_0"},{"key":"?b","val":"VO_dc460db4_7a0f_4740_9388_56dd634cbac7_1503943819324_11"},{"key":"?cn","val":"NO_ee7aeae9_98a0_4775_99de_c80ccec14335_1503943824543_0"},{"key":"?beneficiaryFirstName","val":"scott"}]}]},{"query":"?- ?v:AE#VATravelVoucher, ?v[AE#hasVoucherBeneficiary->?b], ?b[AE#hasName->?cn], ?cn[AE#hasLastName->?beneficiaryLastName].","resultList":[{"result":[{"key":"?v","val":"VO_dc460db4_7a0f_4740_9388_56dd634cbac7_1503943819324_0"},{"key":"?b","val":"VO_dc460db4_7a0f_4740_9388_56dd634cbac7_1503943819324_11"},{"key":"?cn","val":"NO_ee7aeae9_98a0_4775_99de_c80ccec14335_1503943824543_0"},{"key":"?beneficiaryLastName","val":"hutton"}]}]},{"query":"?- ?v:AE#VATravelVoucher, ?v[AE#hasVoucherBeneficiary->?b], ?b[AE#hasSocialSecurityNumber->?s], ?s[label->?beneficiarySsn].","resultList":[{"result":[{"key":"?v","val":"VO_dc460db4_7a0f_4740_9388_56dd634cbac7_1503943819324_0"},{"key":"?b","val":"VO_dc460db4_7a0f_4740_9388_56dd634cbac7_1503943819324_11"},{"key":"?s","val":"VO_dc460db4_7a0f_4740_9388_56dd634cbac7_1503943819324_9"},{"key":"?beneficiarySsn","val":"658-27-3501"}]}]},{"query":"?- ?v:AE#VATravelVoucher, ?v[AE#hasVoucherBeneficiary->?b], ?b[AE#hasLiens->?beneficiaryHasLiens].","resultList":[{"result":[{"key":"?v","val":"VO_dc460db4_7a0f_4740_9388_56dd634cbac7_1503943819324_0"},{"key":"?b","val":"VO_dc460db4_7a0f_4740_9388_56dd634cbac7_1503943819324_11"},{"key":"?beneficiaryHasLiens","val":"AE#NoLienReport"}]}]},{"query":"?- ?v:AE#VATravelVoucher, ?v[AE#hasVoucherBeneficiary->?b], ?b[AE#hasDeclaredBankruptcy->?beneficiaryHasDeclaredBankruptcy].","resultList":[{"result":[{"key":"?v","val":"VO_dc460db4_7a0f_4740_9388_56dd634cbac7_1503943819324_0"},{"key":"?b","val":"VO_dc460db4_7a0f_4740_9388_56dd634cbac7_1503943819324_11"},{"key":"?beneficiaryHasDeclaredBankruptcy","val":"AE#NoBankruptcyReport"}]}]},{"query":"?- ?v:AE#VATravelVoucher, ?v[AE#hasVoucherBeneficiary->?b], ?b[AE#hasArrestRecord->?beneficiaryHasArrestRecord].","resultList":[{"result":[{"key":"?v","val":"VO_dc460db4_7a0f_4740_9388_56dd634cbac7_1503943819324_0"},{"key":"?b","val":"VO_dc460db4_7a0f_4740_9388_56dd634cbac7_1503943819324_11"},{"key":"?beneficiaryHasArrestRecord","val":"AE#NoArrestRecord"}]}]},{"query":"?- ?v:AE#VATravelVoucher, ?v[AE#hasVoucherBeneficiary->?b], ?b[AE#hasCriminalRecord->?beneficiaryHasCriminalRecord].","resultList":[{"result":[{"key":"?v","val":"VO_dc460db4_7a0f_4740_9388_56dd634cbac7_1503943819324_0"},{"key":"?b","val":"VO_dc460db4_7a0f_4740_9388_56dd634cbac7_1503943819324_11"},{"key":"?beneficiaryHasCriminalRecord","val":"AE#NoCriminalRecord"}]}]},{"query":"?- ?t:AE#Travelling, ?t[AE#hasPath->?p], ?p[AE#hasDistance->?d], ?d[AE#numericValue->?expectedDistanceValue], ?d[AE#hasUnitOfMeasure->?unitOfDistanceMeasure].","resultList":[{"result":[{"key":"?t","val":"VO_dc460db4_7a0f_4740_9388_56dd634cbac7_1503943819324_6"},{"key":"?p","val":"ES_1c809617_59d4_4bf5_a2a7_2cae31abd59e_1503943844067_4"},{"key":"?d","val":"ES_1c809617_59d4_4bf5_a2a7_2cae31abd59e_1503943844067_0"},{"key":"?expectedDistanceValue","val":"14705.263033579010880202986299991607666015625"},{"key":"?unitOfDistanceMeasure","val":"meters"}]}]},{"query":"?- ?t:AE#Travelling, ?t[AE#hasPath->?p], ?p[AE#hasExpectedTravelTime->?d], ?d[AE#numericValue->?expectedTimeValue], ?d[AE#hasUnitOfMeasure->?unitOfTimeMeasure].","resultList":[{"result":[{"key":"?t","val":"VO_dc460db4_7a0f_4740_9388_56dd634cbac7_1503943819324_6"},{"key":"?p","val":"ES_1c809617_59d4_4bf5_a2a7_2cae31abd59e_1503943844067_4"},{"key":"?d","val":"ES_1c809617_59d4_4bf5_a2a7_2cae31abd59e_1503943844067_2"},{"key":"?expectedTimeValue","val":"12.16110569774173200130462646484375"},{"key":"?unitOfTimeMeasure","val":"minutes"}]}]},{"query":"?- ?t:AE#Travelling, ?t[AE#hasDestination->?d], ?d[label->?destinationFullAddress].","resultList":[{"result":[{"key":"?t","val":"VO_dc460db4_7a0f_4740_9388_56dd634cbac7_1503943819324_7"},{"key":"?d","val":"VO_dc460db4_7a0f_4740_9388_56dd634cbac7_1503943819324_8"},{"key":"?destinationFullAddress","val":"2790 Truxton Road, Suite 130, San Diego, CA 92106"}]},{"result":[{"key":"?t","val":"VO_dc460db4_7a0f_4740_9388_56dd634cbac7_1503943819324_6"},{"key":"?d","val":"VO_dc460db4_7a0f_4740_9388_56dd634cbac7_1503943819324_5"},{"key":"?destinationFullAddress","val":"3343 43rd St, San Diego, CA 92105"}]}]},{"query":"?- ?t:AE#Travelling, ?t[AE#hasDestination->?d], ?d[AE#hasStreet->?s], ?s[label->?destinationStreetName], ?d[AE#hasCity->?c], ?c[label->?destinationCity], ?d[AE#hasState->?st], ?st[label->?destinationState], ?d[AE#hasZipcode->?destinationZipCode].","resultList":[{"result":[{"key":"?t","val":"VO_dc460db4_7a0f_4740_9388_56dd634cbac7_1503943819324_7"},{"key":"?d","val":"VO_dc460db4_7a0f_4740_9388_56dd634cbac7_1503943819324_8"},{"key":"?s","val":"NO_de5fe6ea_8cc2_43b6_9e92_d0da9fbe619a_1503943828205_id5"},{"key":"?destinationStreetName","val":"2790 Truxton Road"},{"key":"?c","val":"NO_de5fe6ea_8cc2_43b6_9e92_d0da9fbe619a_1503943828205_id11"},{"key":"?destinationCity","val":"San Diego"},{"key":"?st","val":"NO_de5fe6ea_8cc2_43b6_9e92_d0da9fbe619a_1503943828205_id13"},{"key":"?destinationState","val":"CA"},{"key":"?destinationZipCode","val":"92106"}]},{"result":[{"key":"?t","val":"VO_dc460db4_7a0f_4740_9388_56dd634cbac7_1503943819324_6"},{"key":"?d","val":"VO_dc460db4_7a0f_4740_9388_56dd634cbac7_1503943819324_5"},{"key":"?s","val":"NO_2a4b383d_e9cd_4a01_8df5_addf5b79383f_1503943830031_id3"},{"key":"?destinationStreetName","val":"3343 43rd St"},{"key":"?c","val":"NO_2a4b383d_e9cd_4a01_8df5_addf5b79383f_1503943830031_id9"},{"key":"?destinationCity","val":"San Diego"},{"key":"?st","val":"NO_2a4b383d_e9cd_4a01_8df5_addf5b79383f_1503943830031_id11"},{"key":"?destinationState","val":"CA"},{"key":"?destinationZipCode","val":"92105"}]}]},{"query":"?- ?t:AE#Travelling, ?t[AE#hasOrigin->?d], ?d[label->?originFullAddress].","resultList":[{"result":[{"key":"?t","val":"VO_dc460db4_7a0f_4740_9388_56dd634cbac7_1503943819324_7"},{"key":"?d","val":"VO_dc460db4_7a0f_4740_9388_56dd634cbac7_1503943819324_3"},{"key":"?originFullAddress","val":"3343 43rd St, San Diego, CA 92105"}]},{"result":[{"key":"?t","val":"VO_dc460db4_7a0f_4740_9388_56dd634cbac7_1503943819324_6"},{"key":"?d","val":"VO_dc460db4_7a0f_4740_9388_56dd634cbac7_1503943819324_8"},{"key":"?originFullAddress","val":"2790 Truxton Road, Suite 130, San Diego, CA 92106"}]}]},{"query":"?- ?t:AE#Travelling, ?t[AE#hasOrigin->?d], ?d[AE#hasStreet->?s], ?s[label->?originStreetName], ?d[AE#hasCity->?c], ?c[label->?originCity], ?d[AE#hasState->?st], ?st[label->?originState], ?d[AE#hasZipcode->?originZipCode].","resultList":[{"result":[{"key":"?t","val":"VO_dc460db4_7a0f_4740_9388_56dd634cbac7_1503943819324_7"},{"key":"?d","val":"VO_dc460db4_7a0f_4740_9388_56dd634cbac7_1503943819324_3"},{"key":"?s","val":"NO_0f9e16af_4f98_4f6a_b265_b01339f53aee_1503943831823_id3"},{"key":"?originStreetName","val":"3343 43rd St"},{"key":"?c","val":"NO_0f9e16af_4f98_4f6a_b265_b01339f53aee_1503943831823_id9"},{"key":"?originCity","val":"San Diego"},{"key":"?st","val":"NO_0f9e16af_4f98_4f6a_b265_b01339f53aee_1503943831823_id11"},{"key":"?originState","val":"CA"},{"key":"?originZipCode","val":"92105"}]},{"result":[{"key":"?t","val":"VO_dc460db4_7a0f_4740_9388_56dd634cbac7_1503943819324_6"},{"key":"?d","val":"VO_dc460db4_7a0f_4740_9388_56dd634cbac7_1503943819324_8"},{"key":"?s","val":"NO_de5fe6ea_8cc2_43b6_9e92_d0da9fbe619a_1503943828205_id5"},{"key":"?originStreetName","val":"2790 Truxton Road"},{"key":"?c","val":"NO_de5fe6ea_8cc2_43b6_9e92_d0da9fbe619a_1503943828205_id11"},{"key":"?originCity","val":"San Diego"},{"key":"?st","val":"NO_de5fe6ea_8cc2_43b6_9e92_d0da9fbe619a_1503943828205_id13"},{"key":"?originState","val":"CA"},{"key":"?originZipCode","val":"92106"}]}]},{"query":"?- ?t:AE#Travelling, ?t[AE#hasPath->?p], ?p[AE#hasStartRegion->?s], ?s[AE#hasLatitude->?originLatitude], ?s[AE#hasLongitude->?originLongitude].","resultList":[{"result":[{"key":"?t","val":"VO_dc460db4_7a0f_4740_9388_56dd634cbac7_1503943819324_6"},{"key":"?p","val":"ES_1c809617_59d4_4bf5_a2a7_2cae31abd59e_1503943844067_4"},{"key":"?s","val":"ES_1c809617_59d4_4bf5_a2a7_2cae31abd59e_1503943844067_3"},{"key":"?originLatitude","val":"32.74051839275188058309140615165233612060546875"},{"key":"?originLongitude","val":"-117.2130215001728856805129908025264739990234375"}]}]},{"query":"?- ?t:AE#Travelling, ?t[AE#hasPath->?p], ?p[AE#hasEndRegion->?e], ?e[AE#hasLatitude->?destinationLatitude], ?e[AE#hasLongitude->?destinationLongitude].","resultList":[{"result":[{"key":"?t","val":"VO_dc460db4_7a0f_4740_9388_56dd634cbac7_1503943819324_6"},{"key":"?p","val":"ES_1c809617_59d4_4bf5_a2a7_2cae31abd59e_1503943844067_4"},{"key":"?e","val":"ES_1c809617_59d4_4bf5_a2a7_2cae31abd59e_1503943844067_1"},{"key":"?destinationLatitude","val":"32.74111840827512054374892613850533962249755859375"},{"key":"?destinationLongitude","val":"-117.10203096944445633198483847081661224365234375"}]}]}]}
