{"dataList":[{"query":"?- ?v:AE#VATravelVoucher, ?v[AE#hasVoucherClaimant->?c], ?c[AE#hasName->?cn], ?cn[label->?claimantFullName].","resultList":[{"result":[{"key":"?v","val":"VO_d43d15e8_8ae4_42f1_9680_a5d8b76b4677_1503944536636_0"},{"key":"?c","val":"VO_d43d15e8_8ae4_42f1_9680_a5d8b76b4677_1503944536636_2"},{"key":"?cn","val":"VO_d43d15e8_8ae4_42f1_9680_a5d8b76b4677_1503944536636_1"},{"key":"?claimantFullName","val":"Ronald John Pattni"}]},{"result":[{"key":"?v","val":"VO_d43d15e8_8ae4_42f1_9680_a5d8b76b4677_1503944536636_0"},{"key":"?c","val":"VO_d43d15e8_8ae4_42f1_9680_a5d8b76b4677_1503944536636_2"},{"key":"?cn","val":"NO_3e3ba756_4d5f_4bcd_a678_5aceb8b487b0_1503944544566_0"},{"key":"?claimantFullName","val":"Ronald John Pattni"}]}]},{"query":"?- ?v:AE#VATravelVoucher, ?v[AE#hasVoucherClaimant->?c], ?c[AE#hasName->?cn], ?cn[AE#hasFirstName->?claimantFirstName].","resultList":[{"result":[{"key":"?v","val":"VO_d43d15e8_8ae4_42f1_9680_a5d8b76b4677_1503944536636_0"},{"key":"?c","val":"VO_d43d15e8_8ae4_42f1_9680_a5d8b76b4677_1503944536636_2"},{"key":"?cn","val":"NO_3e3ba756_4d5f_4bcd_a678_5aceb8b487b0_1503944544566_0"},{"key":"?claimantFirstName","val":"ronald"}]}]},{"query":"?- ?v:AE#VATravelVoucher, ?v[AE#hasVoucherClaimant->?c], ?c[AE#hasName->?cn], ?cn[AE#hasLastName->?claimantLastName].","resultList":[{"result":[{"key":"?v","val":"VO_d43d15e8_8ae4_42f1_9680_a5d8b76b4677_1503944536636_0"},{"key":"?c","val":"VO_d43d15e8_8ae4_42f1_9680_a5d8b76b4677_1503944536636_2"},{"key":"?cn","val":"NO_3e3ba756_4d5f_4bcd_a678_5aceb8b487b0_1503944544566_0"},{"key":"?claimantLastName","val":"pattni"}]}]},{"query":"?- ?v:AE#VATravelVoucher, ?v[AE#hasVoucherClaimant->?c], ?c[AE#hasSocialSecurityNumber->?s], ?s[label->?claimantSsn].","resultList":[{"result":[{"key":"?v","val":"VO_d43d15e8_8ae4_42f1_9680_a5d8b76b4677_1503944536636_0"},{"key":"?c","val":"VO_d43d15e8_8ae4_42f1_9680_a5d8b76b4677_1503944536636_2"},{"key":"?s","val":"VO_d43d15e8_8ae4_42f1_9680_a5d8b76b4677_1503944536636_12"},{"key":"?claimantSsn","val":"755-13-0725"}]}]},{"query":"?- ?v:AE#VATravelVoucher, ?v[AE#hasVoucherClaimant->?c], ?c[AE#hasLiens->?claimantHasLiens].","resultList":[{"result":[{"key":"?v","val":"VO_d43d15e8_8ae4_42f1_9680_a5d8b76b4677_1503944536636_0"},{"key":"?c","val":"VO_d43d15e8_8ae4_42f1_9680_a5d8b76b4677_1503944536636_2"},{"key":"?claimantHasLiens","val":"AE#NoLienReport"}]}]},{"query":"?- ?v:AE#VATravelVoucher, ?v[AE#hasVoucherClaimant->?c], ?c[AE#hasDeclaredBankruptcy->?claimantHasDeclaredBankruptcy].","resultList":[{"result":[{"key":"?v","val":"VO_d43d15e8_8ae4_42f1_9680_a5d8b76b4677_1503944536636_0"},{"key":"?c","val":"VO_d43d15e8_8ae4_42f1_9680_a5d8b76b4677_1503944536636_2"},{"key":"?claimantHasDeclaredBankruptcy","val":"AE#NoBankruptcyReport"}]}]},{"query":"?- ?v:AE#VATravelVoucher, ?v[AE#hasVoucherClaimant->?c], ?c[AE#hasArrestRecord->?claimantHasArrestRecord].","resultList":[{"result":[{"key":"?v","val":"VO_d43d15e8_8ae4_42f1_9680_a5d8b76b4677_1503944536636_0"},{"key":"?c","val":"VO_d43d15e8_8ae4_42f1_9680_a5d8b76b4677_1503944536636_2"},{"key":"?claimantHasArrestRecord","val":"AE#NoArrestRecord"}]}]},{"query":"?- ?v:AE#VATravelVoucher, ?v[AE#hasVoucherClaimant->?c], ?c[AE#hasCriminalRecord->?claimantHasCriminalRecord].","resultList":[{"result":[{"key":"?v","val":"VO_d43d15e8_8ae4_42f1_9680_a5d8b76b4677_1503944536636_0"},{"key":"?c","val":"VO_d43d15e8_8ae4_42f1_9680_a5d8b76b4677_1503944536636_2"},{"key":"?claimantHasCriminalRecord","val":"AE#NoCriminalRecord"}]}]},{"query":"?- ?v:AE#VATravelVoucher, ?v[AE#hasVoucherBeneficiary->?b], ?b[AE#hasName->?cn], ?cn[label->?beneficiaryFullName].","resultList":[{"result":[{"key":"?v","val":"VO_d43d15e8_8ae4_42f1_9680_a5d8b76b4677_1503944536636_0"},{"key":"?b","val":"VO_d43d15e8_8ae4_42f1_9680_a5d8b76b4677_1503944536636_11"},{"key":"?cn","val":"VO_d43d15e8_8ae4_42f1_9680_a5d8b76b4677_1503944536636_10"},{"key":"?beneficiaryFullName","val":"Ronald John Pattni"}]},{"result":[{"key":"?v","val":"VO_d43d15e8_8ae4_42f1_9680_a5d8b76b4677_1503944536636_0"},{"key":"?b","val":"VO_d43d15e8_8ae4_42f1_9680_a5d8b76b4677_1503944536636_11"},{"key":"?cn","val":"NO_8c2d5b57_36c1_48cb_9549_8101460b4326_1503944542540_0"},{"key":"?beneficiaryFullName","val":"Ronald John Pattni"}]}]},{"query":"?- ?v:AE#VATravelVoucher, ?v[AE#hasVoucherBeneficiary->?b], ?b[AE#hasName->?cn], ?cn[AE#hasFirstName->?beneficiaryFirstName].","resultList":[{"result":[{"key":"?v","val":"VO_d43d15e8_8ae4_42f1_9680_a5d8b76b4677_1503944536636_0"},{"key":"?b","val":"VO_d43d15e8_8ae4_42f1_9680_a5d8b76b4677_1503944536636_11"},{"key":"?cn","val":"NO_8c2d5b57_36c1_48cb_9549_8101460b4326_1503944542540_0"},{"key":"?beneficiaryFirstName","val":"ronald"}]}]},{"query":"?- ?v:AE#VATravelVoucher, ?v[AE#hasVoucherBeneficiary->?b], ?b[AE#hasName->?cn], ?cn[AE#hasLastName->?beneficiaryLastName].","resultList":[{"result":[{"key":"?v","val":"VO_d43d15e8_8ae4_42f1_9680_a5d8b76b4677_1503944536636_0"},{"key":"?b","val":"VO_d43d15e8_8ae4_42f1_9680_a5d8b76b4677_1503944536636_11"},{"key":"?cn","val":"NO_8c2d5b57_36c1_48cb_9549_8101460b4326_1503944542540_0"},{"key":"?beneficiaryLastName","val":"pattni"}]}]},{"query":"?- ?v:AE#VATravelVoucher, ?v[AE#hasVoucherBeneficiary->?b], ?b[AE#hasSocialSecurityNumber->?s], ?s[label->?beneficiarySsn].","resultList":[{"result":[{"key":"?v","val":"VO_d43d15e8_8ae4_42f1_9680_a5d8b76b4677_1503944536636_0"},{"key":"?b","val":"VO_d43d15e8_8ae4_42f1_9680_a5d8b76b4677_1503944536636_11"},{"key":"?s","val":"VO_d43d15e8_8ae4_42f1_9680_a5d8b76b4677_1503944536636_9"},{"key":"?beneficiarySsn","val":"755-13-0725"}]}]},{"query":"?- ?v:AE#VATravelVoucher, ?v[AE#hasVoucherBeneficiary->?b], ?b[AE#hasLiens->?beneficiaryHasLiens].","resultList":[{"result":[{"key":"?v","val":"VO_d43d15e8_8ae4_42f1_9680_a5d8b76b4677_1503944536636_0"},{"key":"?b","val":"VO_d43d15e8_8ae4_42f1_9680_a5d8b76b4677_1503944536636_11"},{"key":"?beneficiaryHasLiens","val":"AE#NoLienReport"}]}]},{"query":"?- ?v:AE#VATravelVoucher, ?v[AE#hasVoucherBeneficiary->?b], ?b[AE#hasDeclaredBankruptcy->?beneficiaryHasDeclaredBankruptcy].","resultList":[{"result":[{"key":"?v","val":"VO_d43d15e8_8ae4_42f1_9680_a5d8b76b4677_1503944536636_0"},{"key":"?b","val":"VO_d43d15e8_8ae4_42f1_9680_a5d8b76b4677_1503944536636_11"},{"key":"?beneficiaryHasDeclaredBankruptcy","val":"AE#NoBankruptcyReport"}]}]},{"query":"?- ?v:AE#VATravelVoucher, ?v[AE#hasVoucherBeneficiary->?b], ?b[AE#hasArrestRecord->?beneficiaryHasArrestRecord].","resultList":[{"result":[{"key":"?v","val":"VO_d43d15e8_8ae4_42f1_9680_a5d8b76b4677_1503944536636_0"},{"key":"?b","val":"VO_d43d15e8_8ae4_42f1_9680_a5d8b76b4677_1503944536636_11"},{"key":"?beneficiaryHasArrestRecord","val":"AE#NoArrestRecord"}]}]},{"query":"?- ?v:AE#VATravelVoucher, ?v[AE#hasVoucherBeneficiary->?b], ?b[AE#hasCriminalRecord->?beneficiaryHasCriminalRecord].","resultList":[{"result":[{"key":"?v","val":"VO_d43d15e8_8ae4_42f1_9680_a5d8b76b4677_1503944536636_0"},{"key":"?b","val":"VO_d43d15e8_8ae4_42f1_9680_a5d8b76b4677_1503944536636_11"},{"key":"?beneficiaryHasCriminalRecord","val":"AE#NoCriminalRecord"}]}]},{"query":"?- ?t:AE#Travelling, ?t[AE#hasPath->?p], ?p[AE#hasDistance->?d], ?d[AE#numericValue->?expectedDistanceValue], ?d[AE#hasUnitOfMeasure->?unitOfDistanceMeasure].","resultList":[{"result":[{"key":"?t","val":"VO_d43d15e8_8ae4_42f1_9680_a5d8b76b4677_1503944536636_6"},{"key":"?p","val":"ES_7938e3df_7df5_4a6f_aa50_fb9cac7d9d35_1503944563603_4"},{"key":"?d","val":"ES_7938e3df_7df5_4a6f_aa50_fb9cac7d9d35_1503944563603_0"},{"key":"?expectedDistanceValue","val":"20280.4003677915898151695728302001953125"},{"key":"?unitOfDistanceMeasure","val":"meters"}]}]},{"query":"?- ?t:AE#Travelling, ?t[AE#hasPath->?p], ?p[AE#hasExpectedTravelTime->?d], ?d[AE#numericValue->?expectedTimeValue], ?d[AE#hasUnitOfMeasure->?unitOfTimeMeasure].","resultList":[{"result":[{"key":"?t","val":"VO_d43d15e8_8ae4_42f1_9680_a5d8b76b4677_1503944536636_6"},{"key":"?p","val":"ES_7938e3df_7df5_4a6f_aa50_fb9cac7d9d35_1503944563603_4"},{"key":"?d","val":"ES_7938e3df_7df5_4a6f_aa50_fb9cac7d9d35_1503944563603_2"},{"key":"?expectedTimeValue","val":"15.09631057851947844028472900390625"},{"key":"?unitOfTimeMeasure","val":"minutes"}]}]},{"query":"?- ?t:AE#Travelling, ?t[AE#hasDestination->?d], ?d[label->?destinationFullAddress].","resultList":[{"result":[{"key":"?t","val":"VO_d43d15e8_8ae4_42f1_9680_a5d8b76b4677_1503944536636_7"},{"key":"?d","val":"VO_d43d15e8_8ae4_42f1_9680_a5d8b76b4677_1503944536636_8"},{"key":"?destinationFullAddress","val":"2790 Truxton Road, Suite 130, San Diego, CA 92106"}]},{"result":[{"key":"?t","val":"VO_d43d15e8_8ae4_42f1_9680_a5d8b76b4677_1503944536636_6"},{"key":"?d","val":"VO_d43d15e8_8ae4_42f1_9680_a5d8b76b4677_1503944536636_5"},{"key":"?destinationFullAddress","val":"278 Mountainview Drive San Diego, CA 92126"}]}]},{"query":"?- ?t:AE#Travelling, ?t[AE#hasDestination->?d], ?d[AE#hasStreet->?s], ?s[label->?destinationStreetName], ?d[AE#hasCity->?c], ?c[label->?destinationCity], ?d[AE#hasState->?st], ?st[label->?destinationState], ?d[AE#hasZipcode->?destinationZipCode].","resultList":[{"result":[{"key":"?t","val":"VO_d43d15e8_8ae4_42f1_9680_a5d8b76b4677_1503944536636_7"},{"key":"?d","val":"VO_d43d15e8_8ae4_42f1_9680_a5d8b76b4677_1503944536636_8"},{"key":"?s","val":"NO_6bbe9da8_9b33_4a8d_a4c5_99854956e704_1503944546653_id5"},{"key":"?destinationStreetName","val":"2790 Truxton Road"},{"key":"?c","val":"NO_6bbe9da8_9b33_4a8d_a4c5_99854956e704_1503944546653_id11"},{"key":"?destinationCity","val":"San Diego"},{"key":"?st","val":"NO_6bbe9da8_9b33_4a8d_a4c5_99854956e704_1503944546653_id13"},{"key":"?destinationState","val":"CA"},{"key":"?destinationZipCode","val":"92106"}]},{"result":[{"key":"?t","val":"VO_d43d15e8_8ae4_42f1_9680_a5d8b76b4677_1503944536636_6"},{"key":"?d","val":"VO_d43d15e8_8ae4_42f1_9680_a5d8b76b4677_1503944536636_5"},{"key":"?s","val":"NO_0f498a74_b106_46de_8ee4_df73cac92a5b_1503944548618_id3"},{"key":"?destinationStreetName","val":"278 Mountainview Drive"},{"key":"?c","val":"NO_0f498a74_b106_46de_8ee4_df73cac92a5b_1503944548618_id9"},{"key":"?destinationCity","val":"San Diego"},{"key":"?st","val":"NO_0f498a74_b106_46de_8ee4_df73cac92a5b_1503944548618_id11"},{"key":"?destinationState","val":"CA"},{"key":"?destinationZipCode","val":"92126"}]}]},{"query":"?- ?t:AE#Travelling, ?t[AE#hasOrigin->?d], ?d[label->?originFullAddress].","resultList":[{"result":[{"key":"?t","val":"VO_d43d15e8_8ae4_42f1_9680_a5d8b76b4677_1503944536636_7"},{"key":"?d","val":"VO_d43d15e8_8ae4_42f1_9680_a5d8b76b4677_1503944536636_3"},{"key":"?originFullAddress","val":"2839 Dale St, San Diego, CA 92104"}]},{"result":[{"key":"?t","val":"VO_d43d15e8_8ae4_42f1_9680_a5d8b76b4677_1503944536636_6"},{"key":"?d","val":"VO_d43d15e8_8ae4_42f1_9680_a5d8b76b4677_1503944536636_8"},{"key":"?originFullAddress","val":"2790 Truxton Road, Suite 130, San Diego, CA 92106"}]}]},{"query":"?- ?t:AE#Travelling, ?t[AE#hasOrigin->?d], ?d[AE#hasStreet->?s], ?s[label->?originStreetName], ?d[AE#hasCity->?c], ?c[label->?originCity], ?d[AE#hasState->?st], ?st[label->?originState], ?d[AE#hasZipcode->?originZipCode].","resultList":[{"result":[{"key":"?t","val":"VO_d43d15e8_8ae4_42f1_9680_a5d8b76b4677_1503944536636_7"},{"key":"?d","val":"VO_d43d15e8_8ae4_42f1_9680_a5d8b76b4677_1503944536636_3"},{"key":"?s","val":"NO_0f122ef7_9ff3_41ab_b436_5f3bb90ab889_1503944550649_id3"},{"key":"?originStreetName","val":"2839 Dale St"},{"key":"?c","val":"NO_0f122ef7_9ff3_41ab_b436_5f3bb90ab889_1503944550649_id9"},{"key":"?originCity","val":"San Diego"},{"key":"?st","val":"NO_0f122ef7_9ff3_41ab_b436_5f3bb90ab889_1503944550649_id11"},{"key":"?originState","val":"CA"},{"key":"?originZipCode","val":"92104"}]},{"result":[{"key":"?t","val":"VO_d43d15e8_8ae4_42f1_9680_a5d8b76b4677_1503944536636_6"},{"key":"?d","val":"VO_d43d15e8_8ae4_42f1_9680_a5d8b76b4677_1503944536636_8"},{"key":"?s","val":"NO_6bbe9da8_9b33_4a8d_a4c5_99854956e704_1503944546653_id5"},{"key":"?originStreetName","val":"2790 Truxton Road"},{"key":"?c","val":"NO_6bbe9da8_9b33_4a8d_a4c5_99854956e704_1503944546653_id11"},{"key":"?originCity","val":"San Diego"},{"key":"?st","val":"NO_6bbe9da8_9b33_4a8d_a4c5_99854956e704_1503944546653_id13"},{"key":"?originState","val":"CA"},{"key":"?originZipCode","val":"92106"}]}]},{"query":"?- ?t:AE#Travelling, ?t[AE#hasPath->?p], ?p[AE#hasStartRegion->?s], ?s[AE#hasLatitude->?originLatitude], ?s[AE#hasLongitude->?originLongitude].","resultList":[{"result":[{"key":"?t","val":"VO_d43d15e8_8ae4_42f1_9680_a5d8b76b4677_1503944536636_6"},{"key":"?p","val":"ES_7938e3df_7df5_4a6f_aa50_fb9cac7d9d35_1503944563603_4"},{"key":"?s","val":"ES_7938e3df_7df5_4a6f_aa50_fb9cac7d9d35_1503944563603_3"},{"key":"?originLatitude","val":"32.74051839275188058309140615165233612060546875"},{"key":"?originLongitude","val":"-117.2130215001728856805129908025264739990234375"}]}]},{"query":"?- ?t:AE#Travelling, ?t[AE#hasPath->?p], ?p[AE#hasEndRegion->?e], ?e[AE#hasLatitude->?destinationLatitude], ?e[AE#hasLongitude->?destinationLongitude].","resultList":[{"result":[{"key":"?t","val":"VO_d43d15e8_8ae4_42f1_9680_a5d8b76b4677_1503944536636_6"},{"key":"?p","val":"ES_7938e3df_7df5_4a6f_aa50_fb9cac7d9d35_1503944563603_4"},{"key":"?e","val":"ES_7938e3df_7df5_4a6f_aa50_fb9cac7d9d35_1503944563603_1"},{"key":"?destinationLatitude","val":"32.6483734927119115809546201489865779876708984375"},{"key":"?destinationLongitude","val":"-117.079831109999389582299045287072658538818359375"}]}]}]}
