{"dataList":[{"query":"?- ?v:AE#VATravelVoucher, ?v[AE#hasVoucherClaimant->?c], ?c[AE#hasName->?cn], ?cn[label->?claimantFullName].","resultList":[{"result":[{"key":"?v","val":"VO_e5ee796f_2cfc_418a_9d37_cf0796a3f588_1503942518951_0"},{"key":"?c","val":"VO_e5ee796f_2cfc_418a_9d37_cf0796a3f588_1503942518951_2"},{"key":"?cn","val":"NO_8af2eebe_fece_4002_a3a4_dfdfcbec34f8_1503942526265_0"},{"key":"?claimantFullName","val":"Gerard O. Roddick"}]},{"result":[{"key":"?v","val":"VO_e5ee796f_2cfc_418a_9d37_cf0796a3f588_1503942518951_0"},{"key":"?c","val":"VO_e5ee796f_2cfc_418a_9d37_cf0796a3f588_1503942518951_2"},{"key":"?cn","val":"VO_e5ee796f_2cfc_418a_9d37_cf0796a3f588_1503942518951_1"},{"key":"?claimantFullName","val":"Gerard O. Roddick"}]}]},{"query":"?- ?v:AE#VATravelVoucher, ?v[AE#hasVoucherClaimant->?c], ?c[AE#hasName->?cn], ?cn[AE#hasFirstName->?claimantFirstName].","resultList":[{"result":[{"key":"?v","val":"VO_e5ee796f_2cfc_418a_9d37_cf0796a3f588_1503942518951_0"},{"key":"?c","val":"VO_e5ee796f_2cfc_418a_9d37_cf0796a3f588_1503942518951_2"},{"key":"?cn","val":"NO_8af2eebe_fece_4002_a3a4_dfdfcbec34f8_1503942526265_0"},{"key":"?claimantFirstName","val":"gerard"}]}]},{"query":"?- ?v:AE#VATravelVoucher, ?v[AE#hasVoucherClaimant->?c], ?c[AE#hasName->?cn], ?cn[AE#hasLastName->?claimantLastName].","resultList":[{"result":[{"key":"?v","val":"VO_e5ee796f_2cfc_418a_9d37_cf0796a3f588_1503942518951_0"},{"key":"?c","val":"VO_e5ee796f_2cfc_418a_9d37_cf0796a3f588_1503942518951_2"},{"key":"?cn","val":"NO_8af2eebe_fece_4002_a3a4_dfdfcbec34f8_1503942526265_0"},{"key":"?claimantLastName","val":"roddick"}]}]},{"query":"?- ?v:AE#VATravelVoucher, ?v[AE#hasVoucherClaimant->?c], ?c[AE#hasSocialSecurityNumber->?s], ?s[label->?claimantSsn].","resultList":[{"result":[{"key":"?v","val":"VO_e5ee796f_2cfc_418a_9d37_cf0796a3f588_1503942518951_0"},{"key":"?c","val":"VO_e5ee796f_2cfc_418a_9d37_cf0796a3f588_1503942518951_2"},{"key":"?s","val":"VO_e5ee796f_2cfc_418a_9d37_cf0796a3f588_1503942518951_12"},{"key":"?claimantSsn","val":"441-01-1939"}]}]},{"query":"?- ?v:AE#VATravelVoucher, ?v[AE#hasVoucherClaimant->?c], ?c[AE#hasLiens->?claimantHasLiens].","resultList":[{"result":[{"key":"?v","val":"VO_e5ee796f_2cfc_418a_9d37_cf0796a3f588_1503942518951_0"},{"key":"?c","val":"VO_e5ee796f_2cfc_418a_9d37_cf0796a3f588_1503942518951_2"},{"key":"?claimantHasLiens","val":"AE#UnknownLienReport"}]}]},{"query":"?- ?v:AE#VATravelVoucher, ?v[AE#hasVoucherClaimant->?c], ?c[AE#hasDeclaredBankruptcy->?claimantHasDeclaredBankruptcy].","resultList":[{"result":[{"key":"?v","val":"VO_e5ee796f_2cfc_418a_9d37_cf0796a3f588_1503942518951_0"},{"key":"?c","val":"VO_e5ee796f_2cfc_418a_9d37_cf0796a3f588_1503942518951_2"},{"key":"?claimantHasDeclaredBankruptcy","val":"AE#NoBankruptcyReport"}]}]},{"query":"?- ?v:AE#VATravelVoucher, ?v[AE#hasVoucherClaimant->?c], ?c[AE#hasArrestRecord->?claimantHasArrestRecord].","resultList":[{"result":[{"key":"?v","val":"VO_e5ee796f_2cfc_418a_9d37_cf0796a3f588_1503942518951_0"},{"key":"?c","val":"VO_e5ee796f_2cfc_418a_9d37_cf0796a3f588_1503942518951_2"},{"key":"?claimantHasArrestRecord","val":"AE#NoArrestRecord"}]}]},{"query":"?- ?v:AE#VATravelVoucher, ?v[AE#hasVoucherClaimant->?c], ?c[AE#hasCriminalRecord->?claimantHasCriminalRecord].","resultList":[{"result":[{"key":"?v","val":"VO_e5ee796f_2cfc_418a_9d37_cf0796a3f588_1503942518951_0"},{"key":"?c","val":"VO_e5ee796f_2cfc_418a_9d37_cf0796a3f588_1503942518951_2"},{"key":"?claimantHasCriminalRecord","val":"AE#NoCriminalRecord"}]}]},{"query":"?- ?v:AE#VATravelVoucher, ?v[AE#hasVoucherBeneficiary->?b], ?b[AE#hasName->?cn], ?cn[label->?beneficiaryFullName].","resultList":[{"result":[{"key":"?v","val":"VO_e5ee796f_2cfc_418a_9d37_cf0796a3f588_1503942518951_0"},{"key":"?b","val":"VO_e5ee796f_2cfc_418a_9d37_cf0796a3f588_1503942518951_11"},{"key":"?cn","val":"VO_e5ee796f_2cfc_418a_9d37_cf0796a3f588_1503942518951_10"},{"key":"?beneficiaryFullName","val":"Gerard O. Roddick"}]},{"result":[{"key":"?v","val":"VO_e5ee796f_2cfc_418a_9d37_cf0796a3f588_1503942518951_0"},{"key":"?b","val":"VO_e5ee796f_2cfc_418a_9d37_cf0796a3f588_1503942518951_11"},{"key":"?cn","val":"NO_b2d25dc3_cca0_4359_bfae_5abc165b2a46_1503942524404_0"},{"key":"?beneficiaryFullName","val":"Gerard O. Roddick"}]}]},{"query":"?- ?v:AE#VATravelVoucher, ?v[AE#hasVoucherBeneficiary->?b], ?b[AE#hasName->?cn], ?cn[AE#hasFirstName->?beneficiaryFirstName].","resultList":[{"result":[{"key":"?v","val":"VO_e5ee796f_2cfc_418a_9d37_cf0796a3f588_1503942518951_0"},{"key":"?b","val":"VO_e5ee796f_2cfc_418a_9d37_cf0796a3f588_1503942518951_11"},{"key":"?cn","val":"NO_b2d25dc3_cca0_4359_bfae_5abc165b2a46_1503942524404_0"},{"key":"?beneficiaryFirstName","val":"gerard"}]}]},{"query":"?- ?v:AE#VATravelVoucher, ?v[AE#hasVoucherBeneficiary->?b], ?b[AE#hasName->?cn], ?cn[AE#hasLastName->?beneficiaryLastName].","resultList":[{"result":[{"key":"?v","val":"VO_e5ee796f_2cfc_418a_9d37_cf0796a3f588_1503942518951_0"},{"key":"?b","val":"VO_e5ee796f_2cfc_418a_9d37_cf0796a3f588_1503942518951_11"},{"key":"?cn","val":"NO_b2d25dc3_cca0_4359_bfae_5abc165b2a46_1503942524404_0"},{"key":"?beneficiaryLastName","val":"roddick"}]}]},{"query":"?- ?v:AE#VATravelVoucher, ?v[AE#hasVoucherBeneficiary->?b], ?b[AE#hasSocialSecurityNumber->?s], ?s[label->?beneficiarySsn].","resultList":[{"result":[{"key":"?v","val":"VO_e5ee796f_2cfc_418a_9d37_cf0796a3f588_1503942518951_0"},{"key":"?b","val":"VO_e5ee796f_2cfc_418a_9d37_cf0796a3f588_1503942518951_11"},{"key":"?s","val":"VO_e5ee796f_2cfc_418a_9d37_cf0796a3f588_1503942518951_9"},{"key":"?beneficiarySsn","val":"441-01-1939"}]}]},{"query":"?- ?v:AE#VATravelVoucher, ?v[AE#hasVoucherBeneficiary->?b], ?b[AE#hasLiens->?beneficiaryHasLiens].","resultList":[{"result":[{"key":"?v","val":"VO_e5ee796f_2cfc_418a_9d37_cf0796a3f588_1503942518951_0"},{"key":"?b","val":"VO_e5ee796f_2cfc_418a_9d37_cf0796a3f588_1503942518951_11"},{"key":"?beneficiaryHasLiens","val":"AE#UnknownLienReport"}]}]},{"query":"?- ?v:AE#VATravelVoucher, ?v[AE#hasVoucherBeneficiary->?b], ?b[AE#hasDeclaredBankruptcy->?beneficiaryHasDeclaredBankruptcy].","resultList":[{"result":[{"key":"?v","val":"VO_e5ee796f_2cfc_418a_9d37_cf0796a3f588_1503942518951_0"},{"key":"?b","val":"VO_e5ee796f_2cfc_418a_9d37_cf0796a3f588_1503942518951_11"},{"key":"?beneficiaryHasDeclaredBankruptcy","val":"AE#NoBankruptcyReport"}]}]},{"query":"?- ?v:AE#VATravelVoucher, ?v[AE#hasVoucherBeneficiary->?b], ?b[AE#hasArrestRecord->?beneficiaryHasArrestRecord].","resultList":[{"result":[{"key":"?v","val":"VO_e5ee796f_2cfc_418a_9d37_cf0796a3f588_1503942518951_0"},{"key":"?b","val":"VO_e5ee796f_2cfc_418a_9d37_cf0796a3f588_1503942518951_11"},{"key":"?beneficiaryHasArrestRecord","val":"AE#NoArrestRecord"}]}]},{"query":"?- ?v:AE#VATravelVoucher, ?v[AE#hasVoucherBeneficiary->?b], ?b[AE#hasCriminalRecord->?beneficiaryHasCriminalRecord].","resultList":[{"result":[{"key":"?v","val":"VO_e5ee796f_2cfc_418a_9d37_cf0796a3f588_1503942518951_0"},{"key":"?b","val":"VO_e5ee796f_2cfc_418a_9d37_cf0796a3f588_1503942518951_11"},{"key":"?beneficiaryHasCriminalRecord","val":"AE#NoCriminalRecord"}]}]},{"query":"?- ?t:AE#Travelling, ?t[AE#hasPath->?p], ?p[AE#hasDistance->?d], ?d[AE#numericValue->?expectedDistanceValue], ?d[AE#hasUnitOfMeasure->?unitOfDistanceMeasure].","resultList":[{"result":[{"key":"?t","val":"VO_e5ee796f_2cfc_418a_9d37_cf0796a3f588_1503942518951_6"},{"key":"?p","val":"ES_1b88784a_b38e_4fed_a663_b5721973a448_1503942545636_4"},{"key":"?d","val":"ES_1b88784a_b38e_4fed_a663_b5721973a448_1503942545636_0"},{"key":"?expectedDistanceValue","val":"6961.9201414064955315552651882171630859375"},{"key":"?unitOfDistanceMeasure","val":"meters"}]}]},{"query":"?- ?t:AE#Travelling, ?t[AE#hasPath->?p], ?p[AE#hasExpectedTravelTime->?d], ?d[AE#numericValue->?expectedTimeValue], ?d[AE#hasUnitOfMeasure->?unitOfTimeMeasure].","resultList":[{"result":[{"key":"?t","val":"VO_e5ee796f_2cfc_418a_9d37_cf0796a3f588_1503942518951_6"},{"key":"?p","val":"ES_1b88784a_b38e_4fed_a663_b5721973a448_1503942545636_4"},{"key":"?d","val":"ES_1b88784a_b38e_4fed_a663_b5721973a448_1503942545636_2"},{"key":"?expectedTimeValue","val":"8.3535168296657502651214599609375"},{"key":"?unitOfTimeMeasure","val":"minutes"}]}]},{"query":"?- ?t:AE#Travelling, ?t[AE#hasDestination->?d], ?d[label->?destinationFullAddress].","resultList":[{"result":[{"key":"?t","val":"VO_e5ee796f_2cfc_418a_9d37_cf0796a3f588_1503942518951_7"},{"key":"?d","val":"VO_e5ee796f_2cfc_418a_9d37_cf0796a3f588_1503942518951_8"},{"key":"?destinationFullAddress","val":"2790 Truxton Road, Suite 130, San Diego, CA 92106"}]},{"result":[{"key":"?t","val":"VO_e5ee796f_2cfc_418a_9d37_cf0796a3f588_1503942518951_6"},{"key":"?d","val":"VO_e5ee796f_2cfc_418a_9d37_cf0796a3f588_1503942518951_5"},{"key":"?destinationFullAddress","val":"3534 Yosemite St, San Diego, CA 92109"}]}]},{"query":"?- ?t:AE#Travelling, ?t[AE#hasDestination->?d], ?d[AE#hasStreet->?s], ?s[label->?destinationStreetName], ?d[AE#hasCity->?c], ?c[label->?destinationCity], ?d[AE#hasState->?st], ?st[label->?destinationState], ?d[AE#hasZipcode->?destinationZipCode].","resultList":[{"result":[{"key":"?t","val":"VO_e5ee796f_2cfc_418a_9d37_cf0796a3f588_1503942518951_7"},{"key":"?d","val":"VO_e5ee796f_2cfc_418a_9d37_cf0796a3f588_1503942518951_8"},{"key":"?s","val":"NO_31f73318_e1e2_4d8f_948d_c9e023a47e0a_1503942528107_id5"},{"key":"?destinationStreetName","val":"2790 Truxton Road"},{"key":"?c","val":"NO_31f73318_e1e2_4d8f_948d_c9e023a47e0a_1503942528107_id11"},{"key":"?destinationCity","val":"San Diego"},{"key":"?st","val":"NO_31f73318_e1e2_4d8f_948d_c9e023a47e0a_1503942528107_id13"},{"key":"?destinationState","val":"CA"},{"key":"?destinationZipCode","val":"92106"}]},{"result":[{"key":"?t","val":"VO_e5ee796f_2cfc_418a_9d37_cf0796a3f588_1503942518951_6"},{"key":"?d","val":"VO_e5ee796f_2cfc_418a_9d37_cf0796a3f588_1503942518951_5"},{"key":"?s","val":"NO_3c1c251c_f269_4061_aec2_c80d4c943903_1503942530220_id3"},{"key":"?destinationStreetName","val":"3534 Yosemite St"},{"key":"?c","val":"NO_3c1c251c_f269_4061_aec2_c80d4c943903_1503942530220_id9"},{"key":"?destinationCity","val":"San Diego"},{"key":"?st","val":"NO_3c1c251c_f269_4061_aec2_c80d4c943903_1503942530220_id11"},{"key":"?destinationState","val":"CA"},{"key":"?destinationZipCode","val":"92109"}]}]},{"query":"?- ?t:AE#Travelling, ?t[AE#hasOrigin->?d], ?d[label->?originFullAddress].","resultList":[{"result":[{"key":"?t","val":"VO_e5ee796f_2cfc_418a_9d37_cf0796a3f588_1503942518951_7"},{"key":"?d","val":"VO_e5ee796f_2cfc_418a_9d37_cf0796a3f588_1503942518951_3"},{"key":"?originFullAddress","val":"3534 Yosemite St, San Diego, CA 92109"}]},{"result":[{"key":"?t","val":"VO_e5ee796f_2cfc_418a_9d37_cf0796a3f588_1503942518951_6"},{"key":"?d","val":"VO_e5ee796f_2cfc_418a_9d37_cf0796a3f588_1503942518951_8"},{"key":"?originFullAddress","val":"2790 Truxton Road, Suite 130, San Diego, CA 92106"}]}]},{"query":"?- ?t:AE#Travelling, ?t[AE#hasOrigin->?d], ?d[AE#hasStreet->?s], ?s[label->?originStreetName], ?d[AE#hasCity->?c], ?c[label->?originCity], ?d[AE#hasState->?st], ?st[label->?originState], ?d[AE#hasZipcode->?originZipCode].","resultList":[{"result":[{"key":"?t","val":"VO_e5ee796f_2cfc_418a_9d37_cf0796a3f588_1503942518951_7"},{"key":"?d","val":"VO_e5ee796f_2cfc_418a_9d37_cf0796a3f588_1503942518951_3"},{"key":"?s","val":"NO_2a41d207_f2fa_4387_a84e_ffc8cbfa8e99_1503942532373_id3"},{"key":"?originStreetName","val":"3534 Yosemite St"},{"key":"?c","val":"NO_2a41d207_f2fa_4387_a84e_ffc8cbfa8e99_1503942532373_id9"},{"key":"?originCity","val":"San Diego"},{"key":"?st","val":"NO_2a41d207_f2fa_4387_a84e_ffc8cbfa8e99_1503942532373_id11"},{"key":"?originState","val":"CA"},{"key":"?originZipCode","val":"92109"}]},{"result":[{"key":"?t","val":"VO_e5ee796f_2cfc_418a_9d37_cf0796a3f588_1503942518951_6"},{"key":"?d","val":"VO_e5ee796f_2cfc_418a_9d37_cf0796a3f588_1503942518951_8"},{"key":"?s","val":"NO_31f73318_e1e2_4d8f_948d_c9e023a47e0a_1503942528107_id5"},{"key":"?originStreetName","val":"2790 Truxton Road"},{"key":"?c","val":"NO_31f73318_e1e2_4d8f_948d_c9e023a47e0a_1503942528107_id11"},{"key":"?originCity","val":"San Diego"},{"key":"?st","val":"NO_31f73318_e1e2_4d8f_948d_c9e023a47e0a_1503942528107_id13"},{"key":"?originState","val":"CA"},{"key":"?originZipCode","val":"92106"}]}]},{"query":"?- ?t:AE#Travelling, ?t[AE#hasPath->?p], ?p[AE#hasStartRegion->?s], ?s[AE#hasLatitude->?originLatitude], ?s[AE#hasLongitude->?originLongitude].","resultList":[{"result":[{"key":"?t","val":"VO_e5ee796f_2cfc_418a_9d37_cf0796a3f588_1503942518951_6"},{"key":"?p","val":"ES_1b88784a_b38e_4fed_a663_b5721973a448_1503942545636_4"},{"key":"?s","val":"ES_1b88784a_b38e_4fed_a663_b5721973a448_1503942545636_3"},{"key":"?originLatitude","val":"32.74051839275188058309140615165233612060546875"},{"key":"?originLongitude","val":"-117.2130215001728856805129908025264739990234375"}]}]},{"query":"?- ?t:AE#Travelling, ?t[AE#hasPath->?p], ?p[AE#hasEndRegion->?e], ?e[AE#hasLatitude->?destinationLatitude], ?e[AE#hasLongitude->?destinationLongitude].","resultList":[{"result":[{"key":"?t","val":"VO_e5ee796f_2cfc_418a_9d37_cf0796a3f588_1503942518951_6"},{"key":"?p","val":"ES_1b88784a_b38e_4fed_a663_b5721973a448_1503942545636_4"},{"key":"?e","val":"ES_1b88784a_b38e_4fed_a663_b5721973a448_1503942545636_1"},{"key":"?destinationLatitude","val":"32.78365480766343154073183541186153888702392578125"},{"key":"?destinationLongitude","val":"-117.235724158635690628216252662241458892822265625"}]}]}]}
