{"dataList":[{"query":"?- ?v:AE#VATravelVoucher, ?v[AE#hasVoucherClaimant->?c], ?c[AE#hasName->?cn], ?cn[label->?claimantFullName].","resultList":[{"result":[{"key":"?v","val":"VO_e1e0803a_f366_4026_a7a6_b75a3ff60531_1503940650948_0"},{"key":"?c","val":"VO_e1e0803a_f366_4026_a7a6_b75a3ff60531_1503940650948_2"},{"key":"?cn","val":"VO_e1e0803a_f366_4026_a7a6_b75a3ff60531_1503940650948_1"},{"key":"?claimantFullName","val":"Don M. Thompson"}]},{"result":[{"key":"?v","val":"VO_e1e0803a_f366_4026_a7a6_b75a3ff60531_1503940650948_0"},{"key":"?c","val":"VO_e1e0803a_f366_4026_a7a6_b75a3ff60531_1503940650948_2"},{"key":"?cn","val":"NO_72a2f4e1_3b00_412a_bf6c_161dec15e128_1503940660129_0"},{"key":"?claimantFullName","val":"Don M. Thompson"}]}]},{"query":"?- ?v:AE#VATravelVoucher, ?v[AE#hasVoucherClaimant->?c], ?c[AE#hasName->?cn], ?cn[AE#hasFirstName->?claimantFirstName].","resultList":[{"result":[{"key":"?v","val":"VO_e1e0803a_f366_4026_a7a6_b75a3ff60531_1503940650948_0"},{"key":"?c","val":"VO_e1e0803a_f366_4026_a7a6_b75a3ff60531_1503940650948_2"},{"key":"?cn","val":"NO_72a2f4e1_3b00_412a_bf6c_161dec15e128_1503940660129_0"},{"key":"?claimantFirstName","val":"don"}]}]},{"query":"?- ?v:AE#VATravelVoucher, ?v[AE#hasVoucherClaimant->?c], ?c[AE#hasName->?cn], ?cn[AE#hasLastName->?claimantLastName].","resultList":[{"result":[{"key":"?v","val":"VO_e1e0803a_f366_4026_a7a6_b75a3ff60531_1503940650948_0"},{"key":"?c","val":"VO_e1e0803a_f366_4026_a7a6_b75a3ff60531_1503940650948_2"},{"key":"?cn","val":"NO_72a2f4e1_3b00_412a_bf6c_161dec15e128_1503940660129_0"},{"key":"?claimantLastName","val":"thompson"}]}]},{"query":"?- ?v:AE#VATravelVoucher, ?v[AE#hasVoucherClaimant->?c], ?c[AE#hasSocialSecurityNumber->?s], ?s[label->?claimantSsn].","resultList":[{"result":[{"key":"?v","val":"VO_e1e0803a_f366_4026_a7a6_b75a3ff60531_1503940650948_0"},{"key":"?c","val":"VO_e1e0803a_f366_4026_a7a6_b75a3ff60531_1503940650948_2"},{"key":"?s","val":"VO_e1e0803a_f366_4026_a7a6_b75a3ff60531_1503940650948_12"},{"key":"?claimantSsn","val":"407-17-8210"}]}]},{"query":"?- ?v:AE#VATravelVoucher, ?v[AE#hasVoucherClaimant->?c], ?c[AE#hasLiens->?claimantHasLiens].","resultList":[{"result":[{"key":"?v","val":"VO_e1e0803a_f366_4026_a7a6_b75a3ff60531_1503940650948_0"},{"key":"?c","val":"VO_e1e0803a_f366_4026_a7a6_b75a3ff60531_1503940650948_2"},{"key":"?claimantHasLiens","val":"AE#UnknownLienReport"}]}]},{"query":"?- ?v:AE#VATravelVoucher, ?v[AE#hasVoucherClaimant->?c], ?c[AE#hasDeclaredBankruptcy->?claimantHasDeclaredBankruptcy].","resultList":[{"result":[{"key":"?v","val":"VO_e1e0803a_f366_4026_a7a6_b75a3ff60531_1503940650948_0"},{"key":"?c","val":"VO_e1e0803a_f366_4026_a7a6_b75a3ff60531_1503940650948_2"},{"key":"?claimantHasDeclaredBankruptcy","val":"AE#NoBankruptcyReport"}]}]},{"query":"?- ?v:AE#VATravelVoucher, ?v[AE#hasVoucherClaimant->?c], ?c[AE#hasArrestRecord->?claimantHasArrestRecord].","resultList":[{"result":[{"key":"?v","val":"VO_e1e0803a_f366_4026_a7a6_b75a3ff60531_1503940650948_0"},{"key":"?c","val":"VO_e1e0803a_f366_4026_a7a6_b75a3ff60531_1503940650948_2"},{"key":"?claimantHasArrestRecord","val":"AE#NoArrestRecord"}]}]},{"query":"?- ?v:AE#VATravelVoucher, ?v[AE#hasVoucherClaimant->?c], ?c[AE#hasCriminalRecord->?claimantHasCriminalRecord].","resultList":[{"result":[{"key":"?v","val":"VO_e1e0803a_f366_4026_a7a6_b75a3ff60531_1503940650948_0"},{"key":"?c","val":"VO_e1e0803a_f366_4026_a7a6_b75a3ff60531_1503940650948_2"},{"key":"?claimantHasCriminalRecord","val":"AE#NoCriminalRecord"}]}]},{"query":"?- ?v:AE#VATravelVoucher, ?v[AE#hasVoucherBeneficiary->?b], ?b[AE#hasName->?cn], ?cn[label->?beneficiaryFullName].","resultList":[{"result":[{"key":"?v","val":"VO_e1e0803a_f366_4026_a7a6_b75a3ff60531_1503940650948_0"},{"key":"?b","val":"VO_e1e0803a_f366_4026_a7a6_b75a3ff60531_1503940650948_11"},{"key":"?cn","val":"VO_e1e0803a_f366_4026_a7a6_b75a3ff60531_1503940650948_10"},{"key":"?beneficiaryFullName","val":"Don M. Thompson"}]},{"result":[{"key":"?v","val":"VO_e1e0803a_f366_4026_a7a6_b75a3ff60531_1503940650948_0"},{"key":"?b","val":"VO_e1e0803a_f366_4026_a7a6_b75a3ff60531_1503940650948_11"},{"key":"?cn","val":"NO_2d3e881d_7f0f_45bb_a8ad_47497ce9875f_1503940657972_0"},{"key":"?beneficiaryFullName","val":"Don M. Thompson"}]}]},{"query":"?- ?v:AE#VATravelVoucher, ?v[AE#hasVoucherBeneficiary->?b], ?b[AE#hasName->?cn], ?cn[AE#hasFirstName->?beneficiaryFirstName].","resultList":[{"result":[{"key":"?v","val":"VO_e1e0803a_f366_4026_a7a6_b75a3ff60531_1503940650948_0"},{"key":"?b","val":"VO_e1e0803a_f366_4026_a7a6_b75a3ff60531_1503940650948_11"},{"key":"?cn","val":"NO_2d3e881d_7f0f_45bb_a8ad_47497ce9875f_1503940657972_0"},{"key":"?beneficiaryFirstName","val":"don"}]}]},{"query":"?- ?v:AE#VATravelVoucher, ?v[AE#hasVoucherBeneficiary->?b], ?b[AE#hasName->?cn], ?cn[AE#hasLastName->?beneficiaryLastName].","resultList":[{"result":[{"key":"?v","val":"VO_e1e0803a_f366_4026_a7a6_b75a3ff60531_1503940650948_0"},{"key":"?b","val":"VO_e1e0803a_f366_4026_a7a6_b75a3ff60531_1503940650948_11"},{"key":"?cn","val":"NO_2d3e881d_7f0f_45bb_a8ad_47497ce9875f_1503940657972_0"},{"key":"?beneficiaryLastName","val":"thompson"}]}]},{"query":"?- ?v:AE#VATravelVoucher, ?v[AE#hasVoucherBeneficiary->?b], ?b[AE#hasSocialSecurityNumber->?s], ?s[label->?beneficiarySsn].","resultList":[{"result":[{"key":"?v","val":"VO_e1e0803a_f366_4026_a7a6_b75a3ff60531_1503940650948_0"},{"key":"?b","val":"VO_e1e0803a_f366_4026_a7a6_b75a3ff60531_1503940650948_11"},{"key":"?s","val":"VO_e1e0803a_f366_4026_a7a6_b75a3ff60531_1503940650948_9"},{"key":"?beneficiarySsn","val":"407-17-8210"}]}]},{"query":"?- ?v:AE#VATravelVoucher, ?v[AE#hasVoucherBeneficiary->?b], ?b[AE#hasLiens->?beneficiaryHasLiens].","resultList":[{"result":[{"key":"?v","val":"VO_e1e0803a_f366_4026_a7a6_b75a3ff60531_1503940650948_0"},{"key":"?b","val":"VO_e1e0803a_f366_4026_a7a6_b75a3ff60531_1503940650948_11"},{"key":"?beneficiaryHasLiens","val":"AE#UnknownLienReport"}]}]},{"query":"?- ?v:AE#VATravelVoucher, ?v[AE#hasVoucherBeneficiary->?b], ?b[AE#hasDeclaredBankruptcy->?beneficiaryHasDeclaredBankruptcy].","resultList":[{"result":[{"key":"?v","val":"VO_e1e0803a_f366_4026_a7a6_b75a3ff60531_1503940650948_0"},{"key":"?b","val":"VO_e1e0803a_f366_4026_a7a6_b75a3ff60531_1503940650948_11"},{"key":"?beneficiaryHasDeclaredBankruptcy","val":"AE#NoBankruptcyReport"}]}]},{"query":"?- ?v:AE#VATravelVoucher, ?v[AE#hasVoucherBeneficiary->?b], ?b[AE#hasArrestRecord->?beneficiaryHasArrestRecord].","resultList":[{"result":[{"key":"?v","val":"VO_e1e0803a_f366_4026_a7a6_b75a3ff60531_1503940650948_0"},{"key":"?b","val":"VO_e1e0803a_f366_4026_a7a6_b75a3ff60531_1503940650948_11"},{"key":"?beneficiaryHasArrestRecord","val":"AE#NoArrestRecord"}]}]},{"query":"?- ?v:AE#VATravelVoucher, ?v[AE#hasVoucherBeneficiary->?b], ?b[AE#hasCriminalRecord->?beneficiaryHasCriminalRecord].","resultList":[{"result":[{"key":"?v","val":"VO_e1e0803a_f366_4026_a7a6_b75a3ff60531_1503940650948_0"},{"key":"?b","val":"VO_e1e0803a_f366_4026_a7a6_b75a3ff60531_1503940650948_11"},{"key":"?beneficiaryHasCriminalRecord","val":"AE#NoCriminalRecord"}]}]},{"query":"?- ?t:AE#Travelling, ?t[AE#hasPath->?p], ?p[AE#hasDistance->?d], ?d[AE#numericValue->?expectedDistanceValue], ?d[AE#hasUnitOfMeasure->?unitOfDistanceMeasure].","resultList":[{"result":[{"key":"?t","val":"VO_e1e0803a_f366_4026_a7a6_b75a3ff60531_1503940650948_6"},{"key":"?p","val":"ES_1cb6a243_1b3d_4735_adc5_cb7f3cb8e80e_1503940679430_4"},{"key":"?d","val":"ES_1cb6a243_1b3d_4735_adc5_cb7f3cb8e80e_1503940679430_0"},{"key":"?expectedDistanceValue","val":"6961.9201414064955315552651882171630859375"},{"key":"?unitOfDistanceMeasure","val":"meters"}]}]},{"query":"?- ?t:AE#Travelling, ?t[AE#hasPath->?p], ?p[AE#hasExpectedTravelTime->?d], ?d[AE#numericValue->?expectedTimeValue], ?d[AE#hasUnitOfMeasure->?unitOfTimeMeasure].","resultList":[{"result":[{"key":"?t","val":"VO_e1e0803a_f366_4026_a7a6_b75a3ff60531_1503940650948_6"},{"key":"?p","val":"ES_1cb6a243_1b3d_4735_adc5_cb7f3cb8e80e_1503940679430_4"},{"key":"?d","val":"ES_1cb6a243_1b3d_4735_adc5_cb7f3cb8e80e_1503940679430_2"},{"key":"?expectedTimeValue","val":"8.3535168296657502651214599609375"},{"key":"?unitOfTimeMeasure","val":"minutes"}]}]},{"query":"?- ?t:AE#Travelling, ?t[AE#hasDestination->?d], ?d[label->?destinationFullAddress].","resultList":[{"result":[{"key":"?t","val":"VO_e1e0803a_f366_4026_a7a6_b75a3ff60531_1503940650948_7"},{"key":"?d","val":"VO_e1e0803a_f366_4026_a7a6_b75a3ff60531_1503940650948_8"},{"key":"?destinationFullAddress","val":"2790 Truxton Road, Suite 130, San Diego, CA 92106"}]},{"result":[{"key":"?t","val":"VO_e1e0803a_f366_4026_a7a6_b75a3ff60531_1503940650948_6"},{"key":"?d","val":"VO_e1e0803a_f366_4026_a7a6_b75a3ff60531_1503940650948_5"},{"key":"?destinationFullAddress","val":"3534 Yosemite St, San Diego, CA 92109"}]}]},{"query":"?- ?t:AE#Travelling, ?t[AE#hasDestination->?d], ?d[AE#hasStreet->?s], ?s[label->?destinationStreetName], ?d[AE#hasCity->?c], ?c[label->?destinationCity], ?d[AE#hasState->?st], ?st[label->?destinationState], ?d[AE#hasZipcode->?destinationZipCode].","resultList":[{"result":[{"key":"?t","val":"VO_e1e0803a_f366_4026_a7a6_b75a3ff60531_1503940650948_7"},{"key":"?d","val":"VO_e1e0803a_f366_4026_a7a6_b75a3ff60531_1503940650948_8"},{"key":"?s","val":"NO_215aad11_c2c9_4455_b7cb_25fd2cda8d56_1503940662360_id5"},{"key":"?destinationStreetName","val":"2790 Truxton Road"},{"key":"?c","val":"NO_215aad11_c2c9_4455_b7cb_25fd2cda8d56_1503940662360_id11"},{"key":"?destinationCity","val":"San Diego"},{"key":"?st","val":"NO_215aad11_c2c9_4455_b7cb_25fd2cda8d56_1503940662360_id13"},{"key":"?destinationState","val":"CA"},{"key":"?destinationZipCode","val":"92106"}]},{"result":[{"key":"?t","val":"VO_e1e0803a_f366_4026_a7a6_b75a3ff60531_1503940650948_6"},{"key":"?d","val":"VO_e1e0803a_f366_4026_a7a6_b75a3ff60531_1503940650948_5"},{"key":"?s","val":"NO_bb847a02_91ae_42d0_a969_d819909ce899_1503940664398_id3"},{"key":"?destinationStreetName","val":"3534 Yosemite St"},{"key":"?c","val":"NO_bb847a02_91ae_42d0_a969_d819909ce899_1503940664398_id9"},{"key":"?destinationCity","val":"San Diego"},{"key":"?st","val":"NO_bb847a02_91ae_42d0_a969_d819909ce899_1503940664398_id11"},{"key":"?destinationState","val":"CA"},{"key":"?destinationZipCode","val":"92109"}]}]},{"query":"?- ?t:AE#Travelling, ?t[AE#hasOrigin->?d], ?d[label->?originFullAddress].","resultList":[{"result":[{"key":"?t","val":"VO_e1e0803a_f366_4026_a7a6_b75a3ff60531_1503940650948_7"},{"key":"?d","val":"VO_e1e0803a_f366_4026_a7a6_b75a3ff60531_1503940650948_3"},{"key":"?originFullAddress","val":"3534 Yosemite St, San Diego, CA 92109"}]},{"result":[{"key":"?t","val":"VO_e1e0803a_f366_4026_a7a6_b75a3ff60531_1503940650948_6"},{"key":"?d","val":"VO_e1e0803a_f366_4026_a7a6_b75a3ff60531_1503940650948_8"},{"key":"?originFullAddress","val":"2790 Truxton Road, Suite 130, San Diego, CA 92106"}]}]},{"query":"?- ?t:AE#Travelling, ?t[AE#hasOrigin->?d], ?d[AE#hasStreet->?s], ?s[label->?originStreetName], ?d[AE#hasCity->?c], ?c[label->?originCity], ?d[AE#hasState->?st], ?st[label->?originState], ?d[AE#hasZipcode->?originZipCode].","resultList":[{"result":[{"key":"?t","val":"VO_e1e0803a_f366_4026_a7a6_b75a3ff60531_1503940650948_7"},{"key":"?d","val":"VO_e1e0803a_f366_4026_a7a6_b75a3ff60531_1503940650948_3"},{"key":"?s","val":"NO_6cc37eb9_7eee_4670_a560_4fd0668a2040_1503940666446_id3"},{"key":"?originStreetName","val":"3534 Yosemite St"},{"key":"?c","val":"NO_6cc37eb9_7eee_4670_a560_4fd0668a2040_1503940666446_id9"},{"key":"?originCity","val":"San Diego"},{"key":"?st","val":"NO_6cc37eb9_7eee_4670_a560_4fd0668a2040_1503940666446_id11"},{"key":"?originState","val":"CA"},{"key":"?originZipCode","val":"92109"}]},{"result":[{"key":"?t","val":"VO_e1e0803a_f366_4026_a7a6_b75a3ff60531_1503940650948_6"},{"key":"?d","val":"VO_e1e0803a_f366_4026_a7a6_b75a3ff60531_1503940650948_8"},{"key":"?s","val":"NO_215aad11_c2c9_4455_b7cb_25fd2cda8d56_1503940662360_id5"},{"key":"?originStreetName","val":"2790 Truxton Road"},{"key":"?c","val":"NO_215aad11_c2c9_4455_b7cb_25fd2cda8d56_1503940662360_id11"},{"key":"?originCity","val":"San Diego"},{"key":"?st","val":"NO_215aad11_c2c9_4455_b7cb_25fd2cda8d56_1503940662360_id13"},{"key":"?originState","val":"CA"},{"key":"?originZipCode","val":"92106"}]}]},{"query":"?- ?t:AE#Travelling, ?t[AE#hasPath->?p], ?p[AE#hasStartRegion->?s], ?s[AE#hasLatitude->?originLatitude], ?s[AE#hasLongitude->?originLongitude].","resultList":[{"result":[{"key":"?t","val":"VO_e1e0803a_f366_4026_a7a6_b75a3ff60531_1503940650948_6"},{"key":"?p","val":"ES_1cb6a243_1b3d_4735_adc5_cb7f3cb8e80e_1503940679430_4"},{"key":"?s","val":"ES_1cb6a243_1b3d_4735_adc5_cb7f3cb8e80e_1503940679430_3"},{"key":"?originLatitude","val":"32.74051839275188058309140615165233612060546875"},{"key":"?originLongitude","val":"-117.2130215001728856805129908025264739990234375"}]}]},{"query":"?- ?t:AE#Travelling, ?t[AE#hasPath->?p], ?p[AE#hasEndRegion->?e], ?e[AE#hasLatitude->?destinationLatitude], ?e[AE#hasLongitude->?destinationLongitude].","resultList":[{"result":[{"key":"?t","val":"VO_e1e0803a_f366_4026_a7a6_b75a3ff60531_1503940650948_6"},{"key":"?p","val":"ES_1cb6a243_1b3d_4735_adc5_cb7f3cb8e80e_1503940679430_4"},{"key":"?e","val":"ES_1cb6a243_1b3d_4735_adc5_cb7f3cb8e80e_1503940679430_1"},{"key":"?destinationLatitude","val":"32.78365480766343154073183541186153888702392578125"},{"key":"?destinationLongitude","val":"-117.235724158635690628216252662241458892822265625"}]}]}]}
