{"dataList":[{"query":"?- ?v:AE#VATravelVoucher, ?v[AE#hasVoucherClaimant->?c], ?c[AE#hasName->?cn], ?cn[label->?claimantFullName].","resultList":[{"result":[{"key":"?v","val":"VO_e6e5c7f6_eea4_4e0a_b772_cf5e6cc3d275_1503944228609_0"},{"key":"?c","val":"VO_e6e5c7f6_eea4_4e0a_b772_cf5e6cc3d275_1503944228609_2"},{"key":"?cn","val":"NO_89acd1a7_e0f0_478c_b934_a9e365818a2c_1503944236918_0"},{"key":"?claimantFullName","val":"Richard I. Myers"}]},{"result":[{"key":"?v","val":"VO_e6e5c7f6_eea4_4e0a_b772_cf5e6cc3d275_1503944228609_0"},{"key":"?c","val":"VO_e6e5c7f6_eea4_4e0a_b772_cf5e6cc3d275_1503944228609_2"},{"key":"?cn","val":"VO_e6e5c7f6_eea4_4e0a_b772_cf5e6cc3d275_1503944228609_1"},{"key":"?claimantFullName","val":"Richard I. Myers"}]}]},{"query":"?- ?v:AE#VATravelVoucher, ?v[AE#hasVoucherClaimant->?c], ?c[AE#hasName->?cn], ?cn[AE#hasFirstName->?claimantFirstName].","resultList":[{"result":[{"key":"?v","val":"VO_e6e5c7f6_eea4_4e0a_b772_cf5e6cc3d275_1503944228609_0"},{"key":"?c","val":"VO_e6e5c7f6_eea4_4e0a_b772_cf5e6cc3d275_1503944228609_2"},{"key":"?cn","val":"NO_89acd1a7_e0f0_478c_b934_a9e365818a2c_1503944236918_0"},{"key":"?claimantFirstName","val":"richard"}]}]},{"query":"?- ?v:AE#VATravelVoucher, ?v[AE#hasVoucherClaimant->?c], ?c[AE#hasName->?cn], ?cn[AE#hasLastName->?claimantLastName].","resultList":[{"result":[{"key":"?v","val":"VO_e6e5c7f6_eea4_4e0a_b772_cf5e6cc3d275_1503944228609_0"},{"key":"?c","val":"VO_e6e5c7f6_eea4_4e0a_b772_cf5e6cc3d275_1503944228609_2"},{"key":"?cn","val":"NO_89acd1a7_e0f0_478c_b934_a9e365818a2c_1503944236918_0"},{"key":"?claimantLastName","val":"myers"}]}]},{"query":"?- ?v:AE#VATravelVoucher, ?v[AE#hasVoucherClaimant->?c], ?c[AE#hasSocialSecurityNumber->?s], ?s[label->?claimantSsn].","resultList":[{"result":[{"key":"?v","val":"VO_e6e5c7f6_eea4_4e0a_b772_cf5e6cc3d275_1503944228609_0"},{"key":"?c","val":"VO_e6e5c7f6_eea4_4e0a_b772_cf5e6cc3d275_1503944228609_2"},{"key":"?s","val":"VO_e6e5c7f6_eea4_4e0a_b772_cf5e6cc3d275_1503944228609_12"},{"key":"?claimantSsn","val":"316-28-6972"}]}]},{"query":"?- ?v:AE#VATravelVoucher, ?v[AE#hasVoucherClaimant->?c], ?c[AE#hasLiens->?claimantHasLiens].","resultList":[{"result":[{"key":"?v","val":"VO_e6e5c7f6_eea4_4e0a_b772_cf5e6cc3d275_1503944228609_0"},{"key":"?c","val":"VO_e6e5c7f6_eea4_4e0a_b772_cf5e6cc3d275_1503944228609_2"},{"key":"?claimantHasLiens","val":"AE#NoLienReport"}]}]},{"query":"?- ?v:AE#VATravelVoucher, ?v[AE#hasVoucherClaimant->?c], ?c[AE#hasDeclaredBankruptcy->?claimantHasDeclaredBankruptcy].","resultList":[{"result":[{"key":"?v","val":"VO_e6e5c7f6_eea4_4e0a_b772_cf5e6cc3d275_1503944228609_0"},{"key":"?c","val":"VO_e6e5c7f6_eea4_4e0a_b772_cf5e6cc3d275_1503944228609_2"},{"key":"?claimantHasDeclaredBankruptcy","val":"AE#NoBankruptcyReport"}]}]},{"query":"?- ?v:AE#VATravelVoucher, ?v[AE#hasVoucherClaimant->?c], ?c[AE#hasArrestRecord->?claimantHasArrestRecord].","resultList":[{"result":[{"key":"?v","val":"VO_e6e5c7f6_eea4_4e0a_b772_cf5e6cc3d275_1503944228609_0"},{"key":"?c","val":"VO_e6e5c7f6_eea4_4e0a_b772_cf5e6cc3d275_1503944228609_2"},{"key":"?claimantHasArrestRecord","val":"AE#NoArrestRecord"}]}]},{"query":"?- ?v:AE#VATravelVoucher, ?v[AE#hasVoucherClaimant->?c], ?c[AE#hasCriminalRecord->?claimantHasCriminalRecord].","resultList":[{"result":[{"key":"?v","val":"VO_e6e5c7f6_eea4_4e0a_b772_cf5e6cc3d275_1503944228609_0"},{"key":"?c","val":"VO_e6e5c7f6_eea4_4e0a_b772_cf5e6cc3d275_1503944228609_2"},{"key":"?claimantHasCriminalRecord","val":"AE#NoCriminalRecord"}]}]},{"query":"?- ?v:AE#VATravelVoucher, ?v[AE#hasVoucherBeneficiary->?b], ?b[AE#hasName->?cn], ?cn[label->?beneficiaryFullName].","resultList":[{"result":[{"key":"?v","val":"VO_e6e5c7f6_eea4_4e0a_b772_cf5e6cc3d275_1503944228609_0"},{"key":"?b","val":"VO_e6e5c7f6_eea4_4e0a_b772_cf5e6cc3d275_1503944228609_11"},{"key":"?cn","val":"VO_e6e5c7f6_eea4_4e0a_b772_cf5e6cc3d275_1503944228609_10"},{"key":"?beneficiaryFullName","val":"Richard I. Myers"}]},{"result":[{"key":"?v","val":"VO_e6e5c7f6_eea4_4e0a_b772_cf5e6cc3d275_1503944228609_0"},{"key":"?b","val":"VO_e6e5c7f6_eea4_4e0a_b772_cf5e6cc3d275_1503944228609_11"},{"key":"?cn","val":"NO_6ad497eb_f63c_4e06_a3ac_949c7322c8b7_1503944234482_0"},{"key":"?beneficiaryFullName","val":"Richard I. Myers"}]}]},{"query":"?- ?v:AE#VATravelVoucher, ?v[AE#hasVoucherBeneficiary->?b], ?b[AE#hasName->?cn], ?cn[AE#hasFirstName->?beneficiaryFirstName].","resultList":[{"result":[{"key":"?v","val":"VO_e6e5c7f6_eea4_4e0a_b772_cf5e6cc3d275_1503944228609_0"},{"key":"?b","val":"VO_e6e5c7f6_eea4_4e0a_b772_cf5e6cc3d275_1503944228609_11"},{"key":"?cn","val":"NO_6ad497eb_f63c_4e06_a3ac_949c7322c8b7_1503944234482_0"},{"key":"?beneficiaryFirstName","val":"richard"}]}]},{"query":"?- ?v:AE#VATravelVoucher, ?v[AE#hasVoucherBeneficiary->?b], ?b[AE#hasName->?cn], ?cn[AE#hasLastName->?beneficiaryLastName].","resultList":[{"result":[{"key":"?v","val":"VO_e6e5c7f6_eea4_4e0a_b772_cf5e6cc3d275_1503944228609_0"},{"key":"?b","val":"VO_e6e5c7f6_eea4_4e0a_b772_cf5e6cc3d275_1503944228609_11"},{"key":"?cn","val":"NO_6ad497eb_f63c_4e06_a3ac_949c7322c8b7_1503944234482_0"},{"key":"?beneficiaryLastName","val":"myers"}]}]},{"query":"?- ?v:AE#VATravelVoucher, ?v[AE#hasVoucherBeneficiary->?b], ?b[AE#hasSocialSecurityNumber->?s], ?s[label->?beneficiarySsn].","resultList":[{"result":[{"key":"?v","val":"VO_e6e5c7f6_eea4_4e0a_b772_cf5e6cc3d275_1503944228609_0"},{"key":"?b","val":"VO_e6e5c7f6_eea4_4e0a_b772_cf5e6cc3d275_1503944228609_11"},{"key":"?s","val":"VO_e6e5c7f6_eea4_4e0a_b772_cf5e6cc3d275_1503944228609_9"},{"key":"?beneficiarySsn","val":"316-28-6972"}]}]},{"query":"?- ?v:AE#VATravelVoucher, ?v[AE#hasVoucherBeneficiary->?b], ?b[AE#hasLiens->?beneficiaryHasLiens].","resultList":[{"result":[{"key":"?v","val":"VO_e6e5c7f6_eea4_4e0a_b772_cf5e6cc3d275_1503944228609_0"},{"key":"?b","val":"VO_e6e5c7f6_eea4_4e0a_b772_cf5e6cc3d275_1503944228609_11"},{"key":"?beneficiaryHasLiens","val":"AE#NoLienReport"}]}]},{"query":"?- ?v:AE#VATravelVoucher, ?v[AE#hasVoucherBeneficiary->?b], ?b[AE#hasDeclaredBankruptcy->?beneficiaryHasDeclaredBankruptcy].","resultList":[{"result":[{"key":"?v","val":"VO_e6e5c7f6_eea4_4e0a_b772_cf5e6cc3d275_1503944228609_0"},{"key":"?b","val":"VO_e6e5c7f6_eea4_4e0a_b772_cf5e6cc3d275_1503944228609_11"},{"key":"?beneficiaryHasDeclaredBankruptcy","val":"AE#NoBankruptcyReport"}]}]},{"query":"?- ?v:AE#VATravelVoucher, ?v[AE#hasVoucherBeneficiary->?b], ?b[AE#hasArrestRecord->?beneficiaryHasArrestRecord].","resultList":[{"result":[{"key":"?v","val":"VO_e6e5c7f6_eea4_4e0a_b772_cf5e6cc3d275_1503944228609_0"},{"key":"?b","val":"VO_e6e5c7f6_eea4_4e0a_b772_cf5e6cc3d275_1503944228609_11"},{"key":"?beneficiaryHasArrestRecord","val":"AE#NoArrestRecord"}]}]},{"query":"?- ?v:AE#VATravelVoucher, ?v[AE#hasVoucherBeneficiary->?b], ?b[AE#hasCriminalRecord->?beneficiaryHasCriminalRecord].","resultList":[{"result":[{"key":"?v","val":"VO_e6e5c7f6_eea4_4e0a_b772_cf5e6cc3d275_1503944228609_0"},{"key":"?b","val":"VO_e6e5c7f6_eea4_4e0a_b772_cf5e6cc3d275_1503944228609_11"},{"key":"?beneficiaryHasCriminalRecord","val":"AE#NoCriminalRecord"}]}]},{"query":"?- ?t:AE#Travelling, ?t[AE#hasPath->?p], ?p[AE#hasDistance->?d], ?d[AE#numericValue->?expectedDistanceValue], ?d[AE#hasUnitOfMeasure->?unitOfDistanceMeasure].","resultList":[{"result":[{"key":"?t","val":"VO_e6e5c7f6_eea4_4e0a_b772_cf5e6cc3d275_1503944228609_6"},{"key":"?p","val":"ES_d2fd7541_48fe_416e_9ea1_b93f29aea7b7_1503944261239_4"},{"key":"?d","val":"ES_d2fd7541_48fe_416e_9ea1_b93f29aea7b7_1503944261239_0"},{"key":"?expectedDistanceValue","val":"6631.6613685407219236367382109165191650390625"},{"key":"?unitOfDistanceMeasure","val":"meters"}]}]},{"query":"?- ?t:AE#Travelling, ?t[AE#hasPath->?p], ?p[AE#hasExpectedTravelTime->?d], ?d[AE#numericValue->?expectedTimeValue], ?d[AE#hasUnitOfMeasure->?unitOfTimeMeasure].","resultList":[{"result":[{"key":"?t","val":"VO_e6e5c7f6_eea4_4e0a_b772_cf5e6cc3d275_1503944228609_6"},{"key":"?p","val":"ES_d2fd7541_48fe_416e_9ea1_b93f29aea7b7_1503944261239_4"},{"key":"?d","val":"ES_d2fd7541_48fe_416e_9ea1_b93f29aea7b7_1503944261239_2"},{"key":"?expectedTimeValue","val":"7.703017503954470157623291015625"},{"key":"?unitOfTimeMeasure","val":"minutes"}]}]},{"query":"?- ?t:AE#Travelling, ?t[AE#hasDestination->?d], ?d[label->?destinationFullAddress].","resultList":[{"result":[{"key":"?t","val":"VO_e6e5c7f6_eea4_4e0a_b772_cf5e6cc3d275_1503944228609_7"},{"key":"?d","val":"VO_e6e5c7f6_eea4_4e0a_b772_cf5e6cc3d275_1503944228609_8"},{"key":"?destinationFullAddress","val":"2790 Truxton Road, Suite 130, San Diego, CA 92106"}]},{"result":[{"key":"?t","val":"VO_e6e5c7f6_eea4_4e0a_b772_cf5e6cc3d275_1503944228609_6"},{"key":"?d","val":"VO_e6e5c7f6_eea4_4e0a_b772_cf5e6cc3d275_1503944228609_5"},{"key":"?destinationFullAddress","val":"3341 Riviera Dr, San Diego, CA 92109"}]}]},{"query":"?- ?t:AE#Travelling, ?t[AE#hasDestination->?d], ?d[AE#hasStreet->?s], ?s[label->?destinationStreetName], ?d[AE#hasCity->?c], ?c[label->?destinationCity], ?d[AE#hasState->?st], ?st[label->?destinationState], ?d[AE#hasZipcode->?destinationZipCode].","resultList":[{"result":[{"key":"?t","val":"VO_e6e5c7f6_eea4_4e0a_b772_cf5e6cc3d275_1503944228609_7"},{"key":"?d","val":"VO_e6e5c7f6_eea4_4e0a_b772_cf5e6cc3d275_1503944228609_8"},{"key":"?s","val":"NO_aa835ae1_d0d4_409e_8b03_3c38cebf1601_1503944239674_id5"},{"key":"?destinationStreetName","val":"2790 Truxton Road"},{"key":"?c","val":"NO_aa835ae1_d0d4_409e_8b03_3c38cebf1601_1503944239674_id11"},{"key":"?destinationCity","val":"San Diego"},{"key":"?st","val":"NO_aa835ae1_d0d4_409e_8b03_3c38cebf1601_1503944239674_id13"},{"key":"?destinationState","val":"CA"},{"key":"?destinationZipCode","val":"92106"}]},{"result":[{"key":"?t","val":"VO_e6e5c7f6_eea4_4e0a_b772_cf5e6cc3d275_1503944228609_6"},{"key":"?d","val":"VO_e6e5c7f6_eea4_4e0a_b772_cf5e6cc3d275_1503944228609_5"},{"key":"?s","val":"NO_77c37e67_5ce6_4a18_884e_e7d9bbcd7978_1503944242272_id3"},{"key":"?destinationStreetName","val":"3341 Riviera Dr"},{"key":"?c","val":"NO_77c37e67_5ce6_4a18_884e_e7d9bbcd7978_1503944242272_id9"},{"key":"?destinationCity","val":"San Diego"},{"key":"?st","val":"NO_77c37e67_5ce6_4a18_884e_e7d9bbcd7978_1503944242272_id11"},{"key":"?destinationState","val":"CA"},{"key":"?destinationZipCode","val":"92109"}]}]},{"query":"?- ?t:AE#Travelling, ?t[AE#hasOrigin->?d], ?d[label->?originFullAddress].","resultList":[{"result":[{"key":"?t","val":"VO_e6e5c7f6_eea4_4e0a_b772_cf5e6cc3d275_1503944228609_7"},{"key":"?d","val":"VO_e6e5c7f6_eea4_4e0a_b772_cf5e6cc3d275_1503944228609_3"},{"key":"?originFullAddress","val":"6927 Amherst Street San Diego, CA 92105"}]},{"result":[{"key":"?t","val":"VO_e6e5c7f6_eea4_4e0a_b772_cf5e6cc3d275_1503944228609_6"},{"key":"?d","val":"VO_e6e5c7f6_eea4_4e0a_b772_cf5e6cc3d275_1503944228609_8"},{"key":"?originFullAddress","val":"2790 Truxton Road, Suite 130, San Diego, CA 92106"}]}]},{"query":"?- ?t:AE#Travelling, ?t[AE#hasOrigin->?d], ?d[AE#hasStreet->?s], ?s[label->?originStreetName], ?d[AE#hasCity->?c], ?c[label->?originCity], ?d[AE#hasState->?st], ?st[label->?originState], ?d[AE#hasZipcode->?originZipCode].","resultList":[{"result":[{"key":"?t","val":"VO_e6e5c7f6_eea4_4e0a_b772_cf5e6cc3d275_1503944228609_7"},{"key":"?d","val":"VO_e6e5c7f6_eea4_4e0a_b772_cf5e6cc3d275_1503944228609_3"},{"key":"?s","val":"NO_4ec4f956_e302_4912_a4e3_42b32c172653_1503944245261_id3"},{"key":"?originStreetName","val":"6927 Amherst Street"},{"key":"?c","val":"NO_4ec4f956_e302_4912_a4e3_42b32c172653_1503944245261_id9"},{"key":"?originCity","val":"San Diego"},{"key":"?st","val":"NO_4ec4f956_e302_4912_a4e3_42b32c172653_1503944245261_id11"},{"key":"?originState","val":"CA"},{"key":"?originZipCode","val":"92105"}]},{"result":[{"key":"?t","val":"VO_e6e5c7f6_eea4_4e0a_b772_cf5e6cc3d275_1503944228609_6"},{"key":"?d","val":"VO_e6e5c7f6_eea4_4e0a_b772_cf5e6cc3d275_1503944228609_8"},{"key":"?s","val":"NO_aa835ae1_d0d4_409e_8b03_3c38cebf1601_1503944239674_id5"},{"key":"?originStreetName","val":"2790 Truxton Road"},{"key":"?c","val":"NO_aa835ae1_d0d4_409e_8b03_3c38cebf1601_1503944239674_id11"},{"key":"?originCity","val":"San Diego"},{"key":"?st","val":"NO_aa835ae1_d0d4_409e_8b03_3c38cebf1601_1503944239674_id13"},{"key":"?originState","val":"CA"},{"key":"?originZipCode","val":"92106"}]}]},{"query":"?- ?t:AE#Travelling, ?t[AE#hasPath->?p], ?p[AE#hasStartRegion->?s], ?s[AE#hasLatitude->?originLatitude], ?s[AE#hasLongitude->?originLongitude].","resultList":[{"result":[{"key":"?t","val":"VO_e6e5c7f6_eea4_4e0a_b772_cf5e6cc3d275_1503944228609_6"},{"key":"?p","val":"ES_d2fd7541_48fe_416e_9ea1_b93f29aea7b7_1503944261239_4"},{"key":"?s","val":"ES_d2fd7541_48fe_416e_9ea1_b93f29aea7b7_1503944261239_3"},{"key":"?originLatitude","val":"32.74051839275188058309140615165233612060546875"},{"key":"?originLongitude","val":"-117.2130215001728856805129908025264739990234375"}]}]},{"query":"?- ?t:AE#Travelling, ?t[AE#hasPath->?p], ?p[AE#hasEndRegion->?e], ?e[AE#hasLatitude->?destinationLatitude], ?e[AE#hasLongitude->?destinationLongitude].","resultList":[{"result":[{"key":"?t","val":"VO_e6e5c7f6_eea4_4e0a_b772_cf5e6cc3d275_1503944228609_6"},{"key":"?p","val":"ES_d2fd7541_48fe_416e_9ea1_b93f29aea7b7_1503944261239_4"},{"key":"?e","val":"ES_d2fd7541_48fe_416e_9ea1_b93f29aea7b7_1503944261239_1"},{"key":"?destinationLatitude","val":"32.7802570607939713909217971377074718475341796875"},{"key":"?destinationLongitude","val":"-117.2378314392060332238543196581304073333740234375"}]}]}]}
