{"dataList":[{"query":"?- ?v:AE#VATravelVoucher, ?v[AE#hasVoucherClaimant->?c], ?c[AE#hasName->?cn], ?cn[label->?claimantFullName].","resultList":[{"result":[{"key":"?v","val":"VO_e4898ea3_9cc7_4d7c_b5fe_28b452f283c8_1503944824468_0"},{"key":"?c","val":"VO_e4898ea3_9cc7_4d7c_b5fe_28b452f283c8_1503944824468_2"},{"key":"?cn","val":"VO_e4898ea3_9cc7_4d7c_b5fe_28b452f283c8_1503944824468_1"},{"key":"?claimantFullName","val":"Thomas Per Dehal"}]},{"result":[{"key":"?v","val":"VO_e4898ea3_9cc7_4d7c_b5fe_28b452f283c8_1503944824468_0"},{"key":"?c","val":"VO_e4898ea3_9cc7_4d7c_b5fe_28b452f283c8_1503944824468_2"},{"key":"?cn","val":"NO_6e2c3c8c_1ee4_4545_b59c_396566aca206_1503944832321_0"},{"key":"?claimantFullName","val":"Thomas"}]}]},{"query":"?- ?v:AE#VATravelVoucher, ?v[AE#hasVoucherClaimant->?c], ?c[AE#hasName->?cn], ?cn[AE#hasFirstName->?claimantFirstName].","resultList":[{"result":[{"key":"?v","val":"VO_e4898ea3_9cc7_4d7c_b5fe_28b452f283c8_1503944824468_0"},{"key":"?c","val":"VO_e4898ea3_9cc7_4d7c_b5fe_28b452f283c8_1503944824468_2"},{"key":"?cn","val":"NO_6e2c3c8c_1ee4_4545_b59c_396566aca206_1503944832321_0"},{"key":"?claimantFirstName","val":"thomas"}]}]},{"query":"?- ?v:AE#VATravelVoucher, ?v[AE#hasVoucherClaimant->?c], ?c[AE#hasName->?cn], ?cn[AE#hasLastName->?claimantLastName].","resultList":[]},{"query":"?- ?v:AE#VATravelVoucher, ?v[AE#hasVoucherClaimant->?c], ?c[AE#hasSocialSecurityNumber->?s], ?s[label->?claimantSsn].","resultList":[{"result":[{"key":"?v","val":"VO_e4898ea3_9cc7_4d7c_b5fe_28b452f283c8_1503944824468_0"},{"key":"?c","val":"VO_e4898ea3_9cc7_4d7c_b5fe_28b452f283c8_1503944824468_2"},{"key":"?s","val":"VO_e4898ea3_9cc7_4d7c_b5fe_28b452f283c8_1503944824468_12"},{"key":"?claimantSsn","val":"778-64-4903"}]}]},{"query":"?- ?v:AE#VATravelVoucher, ?v[AE#hasVoucherClaimant->?c], ?c[AE#hasLiens->?claimantHasLiens].","resultList":[{"result":[{"key":"?v","val":"VO_e4898ea3_9cc7_4d7c_b5fe_28b452f283c8_1503944824468_0"},{"key":"?c","val":"VO_e4898ea3_9cc7_4d7c_b5fe_28b452f283c8_1503944824468_2"},{"key":"?claimantHasLiens","val":"AE#NoLienReport"}]}]},{"query":"?- ?v:AE#VATravelVoucher, ?v[AE#hasVoucherClaimant->?c], ?c[AE#hasDeclaredBankruptcy->?claimantHasDeclaredBankruptcy].","resultList":[{"result":[{"key":"?v","val":"VO_e4898ea3_9cc7_4d7c_b5fe_28b452f283c8_1503944824468_0"},{"key":"?c","val":"VO_e4898ea3_9cc7_4d7c_b5fe_28b452f283c8_1503944824468_2"},{"key":"?claimantHasDeclaredBankruptcy","val":"AE#NoBankruptcyReport"}]}]},{"query":"?- ?v:AE#VATravelVoucher, ?v[AE#hasVoucherClaimant->?c], ?c[AE#hasArrestRecord->?claimantHasArrestRecord].","resultList":[{"result":[{"key":"?v","val":"VO_e4898ea3_9cc7_4d7c_b5fe_28b452f283c8_1503944824468_0"},{"key":"?c","val":"VO_e4898ea3_9cc7_4d7c_b5fe_28b452f283c8_1503944824468_2"},{"key":"?claimantHasArrestRecord","val":"AE#NoArrestRecord"}]}]},{"query":"?- ?v:AE#VATravelVoucher, ?v[AE#hasVoucherClaimant->?c], ?c[AE#hasCriminalRecord->?claimantHasCriminalRecord].","resultList":[{"result":[{"key":"?v","val":"VO_e4898ea3_9cc7_4d7c_b5fe_28b452f283c8_1503944824468_0"},{"key":"?c","val":"VO_e4898ea3_9cc7_4d7c_b5fe_28b452f283c8_1503944824468_2"},{"key":"?claimantHasCriminalRecord","val":"AE#NoCriminalRecord"}]}]},{"query":"?- ?v:AE#VATravelVoucher, ?v[AE#hasVoucherBeneficiary->?b], ?b[AE#hasName->?cn], ?cn[label->?beneficiaryFullName].","resultList":[{"result":[{"key":"?v","val":"VO_e4898ea3_9cc7_4d7c_b5fe_28b452f283c8_1503944824468_0"},{"key":"?b","val":"VO_e4898ea3_9cc7_4d7c_b5fe_28b452f283c8_1503944824468_11"},{"key":"?cn","val":"VO_e4898ea3_9cc7_4d7c_b5fe_28b452f283c8_1503944824468_10"},{"key":"?beneficiaryFullName","val":"Thomas Per Dehal"}]},{"result":[{"key":"?v","val":"VO_e4898ea3_9cc7_4d7c_b5fe_28b452f283c8_1503944824468_0"},{"key":"?b","val":"VO_e4898ea3_9cc7_4d7c_b5fe_28b452f283c8_1503944824468_11"},{"key":"?cn","val":"NO_e97145d8_49dc_421c_90d3_33fa7fc6838a_1503944830329_0"},{"key":"?beneficiaryFullName","val":"Thomas"}]}]},{"query":"?- ?v:AE#VATravelVoucher, ?v[AE#hasVoucherBeneficiary->?b], ?b[AE#hasName->?cn], ?cn[AE#hasFirstName->?beneficiaryFirstName].","resultList":[{"result":[{"key":"?v","val":"VO_e4898ea3_9cc7_4d7c_b5fe_28b452f283c8_1503944824468_0"},{"key":"?b","val":"VO_e4898ea3_9cc7_4d7c_b5fe_28b452f283c8_1503944824468_11"},{"key":"?cn","val":"NO_e97145d8_49dc_421c_90d3_33fa7fc6838a_1503944830329_0"},{"key":"?beneficiaryFirstName","val":"thomas"}]}]},{"query":"?- ?v:AE#VATravelVoucher, ?v[AE#hasVoucherBeneficiary->?b], ?b[AE#hasName->?cn], ?cn[AE#hasLastName->?beneficiaryLastName].","resultList":[]},{"query":"?- ?v:AE#VATravelVoucher, ?v[AE#hasVoucherBeneficiary->?b], ?b[AE#hasSocialSecurityNumber->?s], ?s[label->?beneficiarySsn].","resultList":[{"result":[{"key":"?v","val":"VO_e4898ea3_9cc7_4d7c_b5fe_28b452f283c8_1503944824468_0"},{"key":"?b","val":"VO_e4898ea3_9cc7_4d7c_b5fe_28b452f283c8_1503944824468_11"},{"key":"?s","val":"VO_e4898ea3_9cc7_4d7c_b5fe_28b452f283c8_1503944824468_9"},{"key":"?beneficiarySsn","val":"778-64-4903"}]}]},{"query":"?- ?v:AE#VATravelVoucher, ?v[AE#hasVoucherBeneficiary->?b], ?b[AE#hasLiens->?beneficiaryHasLiens].","resultList":[{"result":[{"key":"?v","val":"VO_e4898ea3_9cc7_4d7c_b5fe_28b452f283c8_1503944824468_0"},{"key":"?b","val":"VO_e4898ea3_9cc7_4d7c_b5fe_28b452f283c8_1503944824468_11"},{"key":"?beneficiaryHasLiens","val":"AE#NoLienReport"}]}]},{"query":"?- ?v:AE#VATravelVoucher, ?v[AE#hasVoucherBeneficiary->?b], ?b[AE#hasDeclaredBankruptcy->?beneficiaryHasDeclaredBankruptcy].","resultList":[{"result":[{"key":"?v","val":"VO_e4898ea3_9cc7_4d7c_b5fe_28b452f283c8_1503944824468_0"},{"key":"?b","val":"VO_e4898ea3_9cc7_4d7c_b5fe_28b452f283c8_1503944824468_11"},{"key":"?beneficiaryHasDeclaredBankruptcy","val":"AE#NoBankruptcyReport"}]}]},{"query":"?- ?v:AE#VATravelVoucher, ?v[AE#hasVoucherBeneficiary->?b], ?b[AE#hasArrestRecord->?beneficiaryHasArrestRecord].","resultList":[{"result":[{"key":"?v","val":"VO_e4898ea3_9cc7_4d7c_b5fe_28b452f283c8_1503944824468_0"},{"key":"?b","val":"VO_e4898ea3_9cc7_4d7c_b5fe_28b452f283c8_1503944824468_11"},{"key":"?beneficiaryHasArrestRecord","val":"AE#NoArrestRecord"}]}]},{"query":"?- ?v:AE#VATravelVoucher, ?v[AE#hasVoucherBeneficiary->?b], ?b[AE#hasCriminalRecord->?beneficiaryHasCriminalRecord].","resultList":[{"result":[{"key":"?v","val":"VO_e4898ea3_9cc7_4d7c_b5fe_28b452f283c8_1503944824468_0"},{"key":"?b","val":"VO_e4898ea3_9cc7_4d7c_b5fe_28b452f283c8_1503944824468_11"},{"key":"?beneficiaryHasCriminalRecord","val":"AE#NoCriminalRecord"}]}]},{"query":"?- ?t:AE#Travelling, ?t[AE#hasPath->?p], ?p[AE#hasDistance->?d], ?d[AE#numericValue->?expectedDistanceValue], ?d[AE#hasUnitOfMeasure->?unitOfDistanceMeasure].","resultList":[{"result":[{"key":"?t","val":"VO_e4898ea3_9cc7_4d7c_b5fe_28b452f283c8_1503944824468_6"},{"key":"?p","val":"ES_0dee5f57_97d4_4acf_aee1_37c3bec771b6_1503944852144_4"},{"key":"?d","val":"ES_0dee5f57_97d4_4acf_aee1_37c3bec771b6_1503944852144_0"},{"key":"?expectedDistanceValue","val":"19722.1923972085569403134286403656005859375"},{"key":"?unitOfDistanceMeasure","val":"meters"}]}]},{"query":"?- ?t:AE#Travelling, ?t[AE#hasPath->?p], ?p[AE#hasExpectedTravelTime->?d], ?d[AE#numericValue->?expectedTimeValue], ?d[AE#hasUnitOfMeasure->?unitOfTimeMeasure].","resultList":[{"result":[{"key":"?t","val":"VO_e4898ea3_9cc7_4d7c_b5fe_28b452f283c8_1503944824468_6"},{"key":"?p","val":"ES_0dee5f57_97d4_4acf_aee1_37c3bec771b6_1503944852144_4"},{"key":"?d","val":"ES_0dee5f57_97d4_4acf_aee1_37c3bec771b6_1503944852144_2"},{"key":"?expectedTimeValue","val":"15.1657873881049454212188720703125"},{"key":"?unitOfTimeMeasure","val":"minutes"}]}]},{"query":"?- ?t:AE#Travelling, ?t[AE#hasDestination->?d], ?d[label->?destinationFullAddress].","resultList":[{"result":[{"key":"?t","val":"VO_e4898ea3_9cc7_4d7c_b5fe_28b452f283c8_1503944824468_7"},{"key":"?d","val":"VO_e4898ea3_9cc7_4d7c_b5fe_28b452f283c8_1503944824468_8"},{"key":"?destinationFullAddress","val":"2790 Truxton Road, Suite 130, San Diego, CA 92106"}]},{"result":[{"key":"?t","val":"VO_e4898ea3_9cc7_4d7c_b5fe_28b452f283c8_1503944824468_6"},{"key":"?d","val":"VO_e4898ea3_9cc7_4d7c_b5fe_28b452f283c8_1503944824468_5"},{"key":"?destinationFullAddress","val":"6758 Rosefield Dr, San Diego, CA 92115"}]}]},{"query":"?- ?t:AE#Travelling, ?t[AE#hasDestination->?d], ?d[AE#hasStreet->?s], ?s[label->?destinationStreetName], ?d[AE#hasCity->?c], ?c[label->?destinationCity], ?d[AE#hasState->?st], ?st[label->?destinationState], ?d[AE#hasZipcode->?destinationZipCode].","resultList":[{"result":[{"key":"?t","val":"VO_e4898ea3_9cc7_4d7c_b5fe_28b452f283c8_1503944824468_7"},{"key":"?d","val":"VO_e4898ea3_9cc7_4d7c_b5fe_28b452f283c8_1503944824468_8"},{"key":"?s","val":"NO_504f7944_0391_407f_a3a6_2641d502c7ad_1503944834489_id5"},{"key":"?destinationStreetName","val":"2790 Truxton Road"},{"key":"?c","val":"NO_504f7944_0391_407f_a3a6_2641d502c7ad_1503944834489_id11"},{"key":"?destinationCity","val":"San Diego"},{"key":"?st","val":"NO_504f7944_0391_407f_a3a6_2641d502c7ad_1503944834489_id13"},{"key":"?destinationState","val":"CA"},{"key":"?destinationZipCode","val":"92106"}]},{"result":[{"key":"?t","val":"VO_e4898ea3_9cc7_4d7c_b5fe_28b452f283c8_1503944824468_6"},{"key":"?d","val":"VO_e4898ea3_9cc7_4d7c_b5fe_28b452f283c8_1503944824468_5"},{"key":"?s","val":"NO_faedc529_238d_471d_b664_cdff4467b643_1503944836715_id3"},{"key":"?destinationStreetName","val":"6758 Rosefield Dr"},{"key":"?c","val":"NO_faedc529_238d_471d_b664_cdff4467b643_1503944836715_id9"},{"key":"?destinationCity","val":"San Diego"},{"key":"?st","val":"NO_faedc529_238d_471d_b664_cdff4467b643_1503944836715_id11"},{"key":"?destinationState","val":"CA"},{"key":"?destinationZipCode","val":"92115"}]}]},{"query":"?- ?t:AE#Travelling, ?t[AE#hasOrigin->?d], ?d[label->?originFullAddress].","resultList":[{"result":[{"key":"?t","val":"VO_e4898ea3_9cc7_4d7c_b5fe_28b452f283c8_1503944824468_7"},{"key":"?d","val":"VO_e4898ea3_9cc7_4d7c_b5fe_28b452f283c8_1503944824468_3"},{"key":"?originFullAddress","val":"6758 Rosefield Dr, San Diego, CA 92115"}]},{"result":[{"key":"?t","val":"VO_e4898ea3_9cc7_4d7c_b5fe_28b452f283c8_1503944824468_6"},{"key":"?d","val":"VO_e4898ea3_9cc7_4d7c_b5fe_28b452f283c8_1503944824468_8"},{"key":"?originFullAddress","val":"2790 Truxton Road, Suite 130, San Diego, CA 92106"}]}]},{"query":"?- ?t:AE#Travelling, ?t[AE#hasOrigin->?d], ?d[AE#hasStreet->?s], ?s[label->?originStreetName], ?d[AE#hasCity->?c], ?c[label->?originCity], ?d[AE#hasState->?st], ?st[label->?originState], ?d[AE#hasZipcode->?originZipCode].","resultList":[{"result":[{"key":"?t","val":"VO_e4898ea3_9cc7_4d7c_b5fe_28b452f283c8_1503944824468_7"},{"key":"?d","val":"VO_e4898ea3_9cc7_4d7c_b5fe_28b452f283c8_1503944824468_3"},{"key":"?s","val":"NO_0328583c_91b7_44ac_906e_60f80649bfb2_1503944838933_id3"},{"key":"?originStreetName","val":"6758 Rosefield Dr"},{"key":"?c","val":"NO_0328583c_91b7_44ac_906e_60f80649bfb2_1503944838933_id9"},{"key":"?originCity","val":"San Diego"},{"key":"?st","val":"NO_0328583c_91b7_44ac_906e_60f80649bfb2_1503944838933_id11"},{"key":"?originState","val":"CA"},{"key":"?originZipCode","val":"92115"}]},{"result":[{"key":"?t","val":"VO_e4898ea3_9cc7_4d7c_b5fe_28b452f283c8_1503944824468_6"},{"key":"?d","val":"VO_e4898ea3_9cc7_4d7c_b5fe_28b452f283c8_1503944824468_8"},{"key":"?s","val":"NO_504f7944_0391_407f_a3a6_2641d502c7ad_1503944834489_id5"},{"key":"?originStreetName","val":"2790 Truxton Road"},{"key":"?c","val":"NO_504f7944_0391_407f_a3a6_2641d502c7ad_1503944834489_id11"},{"key":"?originCity","val":"San Diego"},{"key":"?st","val":"NO_504f7944_0391_407f_a3a6_2641d502c7ad_1503944834489_id13"},{"key":"?originState","val":"CA"},{"key":"?originZipCode","val":"92106"}]}]},{"query":"?- ?t:AE#Travelling, ?t[AE#hasPath->?p], ?p[AE#hasStartRegion->?s], ?s[AE#hasLatitude->?originLatitude], ?s[AE#hasLongitude->?originLongitude].","resultList":[{"result":[{"key":"?t","val":"VO_e4898ea3_9cc7_4d7c_b5fe_28b452f283c8_1503944824468_6"},{"key":"?p","val":"ES_0dee5f57_97d4_4acf_aee1_37c3bec771b6_1503944852144_4"},{"key":"?s","val":"ES_0dee5f57_97d4_4acf_aee1_37c3bec771b6_1503944852144_3"},{"key":"?originLatitude","val":"32.74051839275188058309140615165233612060546875"},{"key":"?originLongitude","val":"-117.2130215001728856805129908025264739990234375"}]}]},{"query":"?- ?t:AE#Travelling, ?t[AE#hasPath->?p], ?p[AE#hasEndRegion->?e], ?e[AE#hasLatitude->?destinationLatitude], ?e[AE#hasLongitude->?destinationLongitude].","resultList":[{"result":[{"key":"?t","val":"VO_e4898ea3_9cc7_4d7c_b5fe_28b452f283c8_1503944824468_6"},{"key":"?p","val":"ES_0dee5f57_97d4_4acf_aee1_37c3bec771b6_1503944852144_4"},{"key":"?e","val":"ES_0dee5f57_97d4_4acf_aee1_37c3bec771b6_1503944852144_1"},{"key":"?destinationLatitude","val":"32.765581486005970646147034130990505218505859375"},{"key":"?destinationLongitude","val":"-117.052020419095157421907060779631137847900390625"}]}]}]}
