{"dataList":[{"query":"?- ?v:AE#VATravelVoucher, ?v[AE#hasVoucherClaimant->?c], ?c[AE#hasName->?cn], ?cn[label->?claimantFullName].","resultList":[{"result":[{"key":"?v","val":"VO_e476e09e_901f_4443_9cb8_805a627ecc55_1503939489104_0"},{"key":"?c","val":"VO_e476e09e_901f_4443_9cb8_805a627ecc55_1503939489104_2"},{"key":"?cn","val":"NO_fb2e6c96_5080_4d9d_9f3a_5c81e5781ef1_1503939497394_0"},{"key":"?claimantFullName","val":"Joe Stephen Hultgren"}]},{"result":[{"key":"?v","val":"VO_e476e09e_901f_4443_9cb8_805a627ecc55_1503939489104_0"},{"key":"?c","val":"VO_e476e09e_901f_4443_9cb8_805a627ecc55_1503939489104_2"},{"key":"?cn","val":"VO_e476e09e_901f_4443_9cb8_805a627ecc55_1503939489104_1"},{"key":"?claimantFullName","val":"Joe Stephen Hultgren"}]}]},{"query":"?- ?v:AE#VATravelVoucher, ?v[AE#hasVoucherClaimant->?c], ?c[AE#hasName->?cn], ?cn[AE#hasFirstName->?claimantFirstName].","resultList":[{"result":[{"key":"?v","val":"VO_e476e09e_901f_4443_9cb8_805a627ecc55_1503939489104_0"},{"key":"?c","val":"VO_e476e09e_901f_4443_9cb8_805a627ecc55_1503939489104_2"},{"key":"?cn","val":"NO_fb2e6c96_5080_4d9d_9f3a_5c81e5781ef1_1503939497394_0"},{"key":"?claimantFirstName","val":"joe"}]}]},{"query":"?- ?v:AE#VATravelVoucher, ?v[AE#hasVoucherClaimant->?c], ?c[AE#hasName->?cn], ?cn[AE#hasLastName->?claimantLastName].","resultList":[{"result":[{"key":"?v","val":"VO_e476e09e_901f_4443_9cb8_805a627ecc55_1503939489104_0"},{"key":"?c","val":"VO_e476e09e_901f_4443_9cb8_805a627ecc55_1503939489104_2"},{"key":"?cn","val":"NO_fb2e6c96_5080_4d9d_9f3a_5c81e5781ef1_1503939497394_0"},{"key":"?claimantLastName","val":"hultgren"}]}]},{"query":"?- ?v:AE#VATravelVoucher, ?v[AE#hasVoucherClaimant->?c], ?c[AE#hasSocialSecurityNumber->?s], ?s[label->?claimantSsn].","resultList":[{"result":[{"key":"?v","val":"VO_e476e09e_901f_4443_9cb8_805a627ecc55_1503939489104_0"},{"key":"?c","val":"VO_e476e09e_901f_4443_9cb8_805a627ecc55_1503939489104_2"},{"key":"?s","val":"VO_e476e09e_901f_4443_9cb8_805a627ecc55_1503939489104_12"},{"key":"?claimantSsn","val":"779-84-8589"}]}]},{"query":"?- ?v:AE#VATravelVoucher, ?v[AE#hasVoucherClaimant->?c], ?c[AE#hasLiens->?claimantHasLiens].","resultList":[{"result":[{"key":"?v","val":"VO_e476e09e_901f_4443_9cb8_805a627ecc55_1503939489104_0"},{"key":"?c","val":"VO_e476e09e_901f_4443_9cb8_805a627ecc55_1503939489104_2"},{"key":"?claimantHasLiens","val":"AE#NoLienReport"}]}]},{"query":"?- ?v:AE#VATravelVoucher, ?v[AE#hasVoucherClaimant->?c], ?c[AE#hasDeclaredBankruptcy->?claimantHasDeclaredBankruptcy].","resultList":[{"result":[{"key":"?v","val":"VO_e476e09e_901f_4443_9cb8_805a627ecc55_1503939489104_0"},{"key":"?c","val":"VO_e476e09e_901f_4443_9cb8_805a627ecc55_1503939489104_2"},{"key":"?claimantHasDeclaredBankruptcy","val":"AE#NoBankruptcyReport"}]}]},{"query":"?- ?v:AE#VATravelVoucher, ?v[AE#hasVoucherClaimant->?c], ?c[AE#hasArrestRecord->?claimantHasArrestRecord].","resultList":[{"result":[{"key":"?v","val":"VO_e476e09e_901f_4443_9cb8_805a627ecc55_1503939489104_0"},{"key":"?c","val":"VO_e476e09e_901f_4443_9cb8_805a627ecc55_1503939489104_2"},{"key":"?claimantHasArrestRecord","val":"AE#NoArrestRecord"}]}]},{"query":"?- ?v:AE#VATravelVoucher, ?v[AE#hasVoucherClaimant->?c], ?c[AE#hasCriminalRecord->?claimantHasCriminalRecord].","resultList":[{"result":[{"key":"?v","val":"VO_e476e09e_901f_4443_9cb8_805a627ecc55_1503939489104_0"},{"key":"?c","val":"VO_e476e09e_901f_4443_9cb8_805a627ecc55_1503939489104_2"},{"key":"?claimantHasCriminalRecord","val":"AE#NoCriminalRecord"}]}]},{"query":"?- ?v:AE#VATravelVoucher, ?v[AE#hasVoucherBeneficiary->?b], ?b[AE#hasName->?cn], ?cn[label->?beneficiaryFullName].","resultList":[{"result":[{"key":"?v","val":"VO_e476e09e_901f_4443_9cb8_805a627ecc55_1503939489104_0"},{"key":"?b","val":"VO_e476e09e_901f_4443_9cb8_805a627ecc55_1503939489104_11"},{"key":"?cn","val":"VO_e476e09e_901f_4443_9cb8_805a627ecc55_1503939489104_10"},{"key":"?beneficiaryFullName","val":"Joe Stephen Hultgren"}]},{"result":[{"key":"?v","val":"VO_e476e09e_901f_4443_9cb8_805a627ecc55_1503939489104_0"},{"key":"?b","val":"VO_e476e09e_901f_4443_9cb8_805a627ecc55_1503939489104_11"},{"key":"?cn","val":"NO_6c71ee0a_216d_4808_a360_899b1b7093eb_1503939495408_0"},{"key":"?beneficiaryFullName","val":"Joe Stephen Hultgren"}]}]},{"query":"?- ?v:AE#VATravelVoucher, ?v[AE#hasVoucherBeneficiary->?b], ?b[AE#hasName->?cn], ?cn[AE#hasFirstName->?beneficiaryFirstName].","resultList":[{"result":[{"key":"?v","val":"VO_e476e09e_901f_4443_9cb8_805a627ecc55_1503939489104_0"},{"key":"?b","val":"VO_e476e09e_901f_4443_9cb8_805a627ecc55_1503939489104_11"},{"key":"?cn","val":"NO_6c71ee0a_216d_4808_a360_899b1b7093eb_1503939495408_0"},{"key":"?beneficiaryFirstName","val":"joe"}]}]},{"query":"?- ?v:AE#VATravelVoucher, ?v[AE#hasVoucherBeneficiary->?b], ?b[AE#hasName->?cn], ?cn[AE#hasLastName->?beneficiaryLastName].","resultList":[{"result":[{"key":"?v","val":"VO_e476e09e_901f_4443_9cb8_805a627ecc55_1503939489104_0"},{"key":"?b","val":"VO_e476e09e_901f_4443_9cb8_805a627ecc55_1503939489104_11"},{"key":"?cn","val":"NO_6c71ee0a_216d_4808_a360_899b1b7093eb_1503939495408_0"},{"key":"?beneficiaryLastName","val":"hultgren"}]}]},{"query":"?- ?v:AE#VATravelVoucher, ?v[AE#hasVoucherBeneficiary->?b], ?b[AE#hasSocialSecurityNumber->?s], ?s[label->?beneficiarySsn].","resultList":[{"result":[{"key":"?v","val":"VO_e476e09e_901f_4443_9cb8_805a627ecc55_1503939489104_0"},{"key":"?b","val":"VO_e476e09e_901f_4443_9cb8_805a627ecc55_1503939489104_11"},{"key":"?s","val":"VO_e476e09e_901f_4443_9cb8_805a627ecc55_1503939489104_9"},{"key":"?beneficiarySsn","val":"779-84-8589"}]}]},{"query":"?- ?v:AE#VATravelVoucher, ?v[AE#hasVoucherBeneficiary->?b], ?b[AE#hasLiens->?beneficiaryHasLiens].","resultList":[{"result":[{"key":"?v","val":"VO_e476e09e_901f_4443_9cb8_805a627ecc55_1503939489104_0"},{"key":"?b","val":"VO_e476e09e_901f_4443_9cb8_805a627ecc55_1503939489104_11"},{"key":"?beneficiaryHasLiens","val":"AE#NoLienReport"}]}]},{"query":"?- ?v:AE#VATravelVoucher, ?v[AE#hasVoucherBeneficiary->?b], ?b[AE#hasDeclaredBankruptcy->?beneficiaryHasDeclaredBankruptcy].","resultList":[{"result":[{"key":"?v","val":"VO_e476e09e_901f_4443_9cb8_805a627ecc55_1503939489104_0"},{"key":"?b","val":"VO_e476e09e_901f_4443_9cb8_805a627ecc55_1503939489104_11"},{"key":"?beneficiaryHasDeclaredBankruptcy","val":"AE#NoBankruptcyReport"}]}]},{"query":"?- ?v:AE#VATravelVoucher, ?v[AE#hasVoucherBeneficiary->?b], ?b[AE#hasArrestRecord->?beneficiaryHasArrestRecord].","resultList":[{"result":[{"key":"?v","val":"VO_e476e09e_901f_4443_9cb8_805a627ecc55_1503939489104_0"},{"key":"?b","val":"VO_e476e09e_901f_4443_9cb8_805a627ecc55_1503939489104_11"},{"key":"?beneficiaryHasArrestRecord","val":"AE#NoArrestRecord"}]}]},{"query":"?- ?v:AE#VATravelVoucher, ?v[AE#hasVoucherBeneficiary->?b], ?b[AE#hasCriminalRecord->?beneficiaryHasCriminalRecord].","resultList":[{"result":[{"key":"?v","val":"VO_e476e09e_901f_4443_9cb8_805a627ecc55_1503939489104_0"},{"key":"?b","val":"VO_e476e09e_901f_4443_9cb8_805a627ecc55_1503939489104_11"},{"key":"?beneficiaryHasCriminalRecord","val":"AE#NoCriminalRecord"}]}]},{"query":"?- ?t:AE#Travelling, ?t[AE#hasPath->?p], ?p[AE#hasDistance->?d], ?d[AE#numericValue->?expectedDistanceValue], ?d[AE#hasUnitOfMeasure->?unitOfDistanceMeasure].","resultList":[{"result":[{"key":"?t","val":"VO_e476e09e_901f_4443_9cb8_805a627ecc55_1503939489104_6"},{"key":"?p","val":"ES_b521da70_d14b_4b95_9965_5d8a13c87fad_1503939522631_4"},{"key":"?d","val":"ES_b521da70_d14b_4b95_9965_5d8a13c87fad_1503939522631_0"},{"key":"?expectedDistanceValue","val":"29335.9879693504262831993401050567626953125"},{"key":"?unitOfDistanceMeasure","val":"meters"}]}]},{"query":"?- ?t:AE#Travelling, ?t[AE#hasPath->?p], ?p[AE#hasExpectedTravelTime->?d], ?d[AE#numericValue->?expectedTimeValue], ?d[AE#hasUnitOfMeasure->?unitOfTimeMeasure].","resultList":[{"result":[{"key":"?t","val":"VO_e476e09e_901f_4443_9cb8_805a627ecc55_1503939489104_6"},{"key":"?p","val":"ES_b521da70_d14b_4b95_9965_5d8a13c87fad_1503939522631_4"},{"key":"?d","val":"ES_b521da70_d14b_4b95_9965_5d8a13c87fad_1503939522631_2"},{"key":"?expectedTimeValue","val":"22.3095411364920437335968017578125"},{"key":"?unitOfTimeMeasure","val":"minutes"}]}]},{"query":"?- ?t:AE#Travelling, ?t[AE#hasDestination->?d], ?d[label->?destinationFullAddress].","resultList":[{"result":[{"key":"?t","val":"VO_e476e09e_901f_4443_9cb8_805a627ecc55_1503939489104_7"},{"key":"?d","val":"VO_e476e09e_901f_4443_9cb8_805a627ecc55_1503939489104_8"},{"key":"?destinationFullAddress","val":"2790 Truxton Road, Suite 130, San Diego, CA 92106"}]},{"result":[{"key":"?t","val":"VO_e476e09e_901f_4443_9cb8_805a627ecc55_1503939489104_6"},{"key":"?d","val":"VO_e476e09e_901f_4443_9cb8_805a627ecc55_1503939489104_5"},{"key":"?destinationFullAddress","val":"936 Harvard Street, Chula Vista, San Diego, CA 91913"}]},{"result":[{"key":"?t","val":"VO_e476e09e_901f_4443_9cb8_805a627ecc55_1503939489104_6"},{"key":"?d","val":"VO_e476e09e_901f_4443_9cb8_805a627ecc55_1503939489104_5"},{"key":"?destinationFullAddress","val":"936 Harvard Street, Chula Vista"}]}]},{"query":"?- ?t:AE#Travelling, ?t[AE#hasDestination->?d], ?d[AE#hasStreet->?s], ?s[label->?destinationStreetName], ?d[AE#hasCity->?c], ?c[label->?destinationCity], ?d[AE#hasState->?st], ?st[label->?destinationState], ?d[AE#hasZipcode->?destinationZipCode].","resultList":[{"result":[{"key":"?t","val":"VO_e476e09e_901f_4443_9cb8_805a627ecc55_1503939489104_7"},{"key":"?d","val":"VO_e476e09e_901f_4443_9cb8_805a627ecc55_1503939489104_8"},{"key":"?s","val":"NO_56adfbe2_27ae_4e41_8564_d1069f72d66e_1503939499457_id5"},{"key":"?destinationStreetName","val":"2790 Truxton Road"},{"key":"?c","val":"NO_56adfbe2_27ae_4e41_8564_d1069f72d66e_1503939499457_id11"},{"key":"?destinationCity","val":"San Diego"},{"key":"?st","val":"NO_56adfbe2_27ae_4e41_8564_d1069f72d66e_1503939499457_id13"},{"key":"?destinationState","val":"CA"},{"key":"?destinationZipCode","val":"92106"}]}]},{"query":"?- ?t:AE#Travelling, ?t[AE#hasOrigin->?d], ?d[label->?originFullAddress].","resultList":[{"result":[{"key":"?t","val":"VO_e476e09e_901f_4443_9cb8_805a627ecc55_1503939489104_7"},{"key":"?d","val":"VO_e476e09e_901f_4443_9cb8_805a627ecc55_1503939489104_3"},{"key":"?originFullAddress","val":"936 Harvard Street, Chula Vista, San Diego, CA 91913"}]},{"result":[{"key":"?t","val":"VO_e476e09e_901f_4443_9cb8_805a627ecc55_1503939489104_7"},{"key":"?d","val":"VO_e476e09e_901f_4443_9cb8_805a627ecc55_1503939489104_3"},{"key":"?originFullAddress","val":"936 Harvard Street, Chula Vista"}]},{"result":[{"key":"?t","val":"VO_e476e09e_901f_4443_9cb8_805a627ecc55_1503939489104_6"},{"key":"?d","val":"VO_e476e09e_901f_4443_9cb8_805a627ecc55_1503939489104_8"},{"key":"?originFullAddress","val":"2790 Truxton Road, Suite 130, San Diego, CA 92106"}]}]},{"query":"?- ?t:AE#Travelling, ?t[AE#hasOrigin->?d], ?d[AE#hasStreet->?s], ?s[label->?originStreetName], ?d[AE#hasCity->?c], ?c[label->?originCity], ?d[AE#hasState->?st], ?st[label->?originState], ?d[AE#hasZipcode->?originZipCode].","resultList":[{"result":[{"key":"?t","val":"VO_e476e09e_901f_4443_9cb8_805a627ecc55_1503939489104_6"},{"key":"?d","val":"VO_e476e09e_901f_4443_9cb8_805a627ecc55_1503939489104_8"},{"key":"?s","val":"NO_56adfbe2_27ae_4e41_8564_d1069f72d66e_1503939499457_id5"},{"key":"?originStreetName","val":"2790 Truxton Road"},{"key":"?c","val":"NO_56adfbe2_27ae_4e41_8564_d1069f72d66e_1503939499457_id11"},{"key":"?originCity","val":"San Diego"},{"key":"?st","val":"NO_56adfbe2_27ae_4e41_8564_d1069f72d66e_1503939499457_id13"},{"key":"?originState","val":"CA"},{"key":"?originZipCode","val":"92106"}]}]},{"query":"?- ?t:AE#Travelling, ?t[AE#hasPath->?p], ?p[AE#hasStartRegion->?s], ?s[AE#hasLatitude->?originLatitude], ?s[AE#hasLongitude->?originLongitude].","resultList":[{"result":[{"key":"?t","val":"VO_e476e09e_901f_4443_9cb8_805a627ecc55_1503939489104_6"},{"key":"?p","val":"ES_b521da70_d14b_4b95_9965_5d8a13c87fad_1503939522631_4"},{"key":"?s","val":"ES_b521da70_d14b_4b95_9965_5d8a13c87fad_1503939522631_3"},{"key":"?originLatitude","val":"32.74051839275188058309140615165233612060546875"},{"key":"?originLongitude","val":"-117.2130215001728856805129908025264739990234375"}]}]},{"query":"?- ?t:AE#Travelling, ?t[AE#hasPath->?p], ?p[AE#hasEndRegion->?e], ?e[AE#hasLatitude->?destinationLatitude], ?e[AE#hasLongitude->?destinationLongitude].","resultList":[{"result":[{"key":"?t","val":"VO_e476e09e_901f_4443_9cb8_805a627ecc55_1503939489104_6"},{"key":"?p","val":"ES_b521da70_d14b_4b95_9965_5d8a13c87fad_1503939522631_4"},{"key":"?e","val":"ES_b521da70_d14b_4b95_9965_5d8a13c87fad_1503939522631_1"},{"key":"?destinationLatitude","val":"32.6429767442355824869082425720989704132080078125"},{"key":"?destinationLongitude","val":"-116.98926830948465749315801076591014862060546875"}]}]}]}
