{"dataList":[{"query":"?- ?v:AE#VATravelVoucher, ?v[AE#hasVoucherClaimant->?c], ?c[AE#hasName->?cn], ?cn[label->?claimantFullName].","resultList":[{"result":[{"key":"?v","val":"VO_ecde3a7d_0660_4f36_b953_bb7268cfa817_1503944567408_0"},{"key":"?c","val":"VO_ecde3a7d_0660_4f36_b953_bb7268cfa817_1503944567408_2"},{"key":"?cn","val":"VO_ecde3a7d_0660_4f36_b953_bb7268cfa817_1503944567408_1"},{"key":"?claimantFullName","val":"Roy Matthew Murillo"}]},{"result":[{"key":"?v","val":"VO_ecde3a7d_0660_4f36_b953_bb7268cfa817_1503944567408_0"},{"key":"?c","val":"VO_ecde3a7d_0660_4f36_b953_bb7268cfa817_1503944567408_2"},{"key":"?cn","val":"NO_f633ce33_7d6f_4ce2_a30c_e2fb489ca903_1503944575080_0"},{"key":"?claimantFullName","val":"Roy Matthew Murillo"}]}]},{"query":"?- ?v:AE#VATravelVoucher, ?v[AE#hasVoucherClaimant->?c], ?c[AE#hasName->?cn], ?cn[AE#hasFirstName->?claimantFirstName].","resultList":[{"result":[{"key":"?v","val":"VO_ecde3a7d_0660_4f36_b953_bb7268cfa817_1503944567408_0"},{"key":"?c","val":"VO_ecde3a7d_0660_4f36_b953_bb7268cfa817_1503944567408_2"},{"key":"?cn","val":"NO_f633ce33_7d6f_4ce2_a30c_e2fb489ca903_1503944575080_0"},{"key":"?claimantFirstName","val":"roy"}]}]},{"query":"?- ?v:AE#VATravelVoucher, ?v[AE#hasVoucherClaimant->?c], ?c[AE#hasName->?cn], ?cn[AE#hasLastName->?claimantLastName].","resultList":[{"result":[{"key":"?v","val":"VO_ecde3a7d_0660_4f36_b953_bb7268cfa817_1503944567408_0"},{"key":"?c","val":"VO_ecde3a7d_0660_4f36_b953_bb7268cfa817_1503944567408_2"},{"key":"?cn","val":"NO_f633ce33_7d6f_4ce2_a30c_e2fb489ca903_1503944575080_0"},{"key":"?claimantLastName","val":"murillo"}]}]},{"query":"?- ?v:AE#VATravelVoucher, ?v[AE#hasVoucherClaimant->?c], ?c[AE#hasSocialSecurityNumber->?s], ?s[label->?claimantSsn].","resultList":[{"result":[{"key":"?v","val":"VO_ecde3a7d_0660_4f36_b953_bb7268cfa817_1503944567408_0"},{"key":"?c","val":"VO_ecde3a7d_0660_4f36_b953_bb7268cfa817_1503944567408_2"},{"key":"?s","val":"VO_ecde3a7d_0660_4f36_b953_bb7268cfa817_1503944567408_12"},{"key":"?claimantSsn","val":"136-87-1475"}]}]},{"query":"?- ?v:AE#VATravelVoucher, ?v[AE#hasVoucherClaimant->?c], ?c[AE#hasLiens->?claimantHasLiens].","resultList":[{"result":[{"key":"?v","val":"VO_ecde3a7d_0660_4f36_b953_bb7268cfa817_1503944567408_0"},{"key":"?c","val":"VO_ecde3a7d_0660_4f36_b953_bb7268cfa817_1503944567408_2"},{"key":"?claimantHasLiens","val":"AE#NoLienReport"}]}]},{"query":"?- ?v:AE#VATravelVoucher, ?v[AE#hasVoucherClaimant->?c], ?c[AE#hasDeclaredBankruptcy->?claimantHasDeclaredBankruptcy].","resultList":[{"result":[{"key":"?v","val":"VO_ecde3a7d_0660_4f36_b953_bb7268cfa817_1503944567408_0"},{"key":"?c","val":"VO_ecde3a7d_0660_4f36_b953_bb7268cfa817_1503944567408_2"},{"key":"?claimantHasDeclaredBankruptcy","val":"AE#NoBankruptcyReport"}]}]},{"query":"?- ?v:AE#VATravelVoucher, ?v[AE#hasVoucherClaimant->?c], ?c[AE#hasArrestRecord->?claimantHasArrestRecord].","resultList":[{"result":[{"key":"?v","val":"VO_ecde3a7d_0660_4f36_b953_bb7268cfa817_1503944567408_0"},{"key":"?c","val":"VO_ecde3a7d_0660_4f36_b953_bb7268cfa817_1503944567408_2"},{"key":"?claimantHasArrestRecord","val":"AE#NoArrestRecord"}]}]},{"query":"?- ?v:AE#VATravelVoucher, ?v[AE#hasVoucherClaimant->?c], ?c[AE#hasCriminalRecord->?claimantHasCriminalRecord].","resultList":[{"result":[{"key":"?v","val":"VO_ecde3a7d_0660_4f36_b953_bb7268cfa817_1503944567408_0"},{"key":"?c","val":"VO_ecde3a7d_0660_4f36_b953_bb7268cfa817_1503944567408_2"},{"key":"?claimantHasCriminalRecord","val":"AE#NoCriminalRecord"}]}]},{"query":"?- ?v:AE#VATravelVoucher, ?v[AE#hasVoucherBeneficiary->?b], ?b[AE#hasName->?cn], ?cn[label->?beneficiaryFullName].","resultList":[{"result":[{"key":"?v","val":"VO_ecde3a7d_0660_4f36_b953_bb7268cfa817_1503944567408_0"},{"key":"?b","val":"VO_ecde3a7d_0660_4f36_b953_bb7268cfa817_1503944567408_11"},{"key":"?cn","val":"VO_ecde3a7d_0660_4f36_b953_bb7268cfa817_1503944567408_10"},{"key":"?beneficiaryFullName","val":"Michael M. Shapter"}]},{"result":[{"key":"?v","val":"VO_ecde3a7d_0660_4f36_b953_bb7268cfa817_1503944567408_0"},{"key":"?b","val":"VO_ecde3a7d_0660_4f36_b953_bb7268cfa817_1503944567408_11"},{"key":"?cn","val":"NO_dd1c5cb0_b067_478f_95e8_8dbea399ec3e_1503944573068_0"},{"key":"?beneficiaryFullName","val":"Michael M. Shapter"}]}]},{"query":"?- ?v:AE#VATravelVoucher, ?v[AE#hasVoucherBeneficiary->?b], ?b[AE#hasName->?cn], ?cn[AE#hasFirstName->?beneficiaryFirstName].","resultList":[{"result":[{"key":"?v","val":"VO_ecde3a7d_0660_4f36_b953_bb7268cfa817_1503944567408_0"},{"key":"?b","val":"VO_ecde3a7d_0660_4f36_b953_bb7268cfa817_1503944567408_11"},{"key":"?cn","val":"NO_dd1c5cb0_b067_478f_95e8_8dbea399ec3e_1503944573068_0"},{"key":"?beneficiaryFirstName","val":"michael"}]}]},{"query":"?- ?v:AE#VATravelVoucher, ?v[AE#hasVoucherBeneficiary->?b], ?b[AE#hasName->?cn], ?cn[AE#hasLastName->?beneficiaryLastName].","resultList":[{"result":[{"key":"?v","val":"VO_ecde3a7d_0660_4f36_b953_bb7268cfa817_1503944567408_0"},{"key":"?b","val":"VO_ecde3a7d_0660_4f36_b953_bb7268cfa817_1503944567408_11"},{"key":"?cn","val":"NO_dd1c5cb0_b067_478f_95e8_8dbea399ec3e_1503944573068_0"},{"key":"?beneficiaryLastName","val":"shapter"}]}]},{"query":"?- ?v:AE#VATravelVoucher, ?v[AE#hasVoucherBeneficiary->?b], ?b[AE#hasSocialSecurityNumber->?s], ?s[label->?beneficiarySsn].","resultList":[{"result":[{"key":"?v","val":"VO_ecde3a7d_0660_4f36_b953_bb7268cfa817_1503944567408_0"},{"key":"?b","val":"VO_ecde3a7d_0660_4f36_b953_bb7268cfa817_1503944567408_11"},{"key":"?s","val":"VO_ecde3a7d_0660_4f36_b953_bb7268cfa817_1503944567408_9"},{"key":"?beneficiarySsn","val":"616-45-0192"}]}]},{"query":"?- ?v:AE#VATravelVoucher, ?v[AE#hasVoucherBeneficiary->?b], ?b[AE#hasLiens->?beneficiaryHasLiens].","resultList":[{"result":[{"key":"?v","val":"VO_ecde3a7d_0660_4f36_b953_bb7268cfa817_1503944567408_0"},{"key":"?b","val":"VO_ecde3a7d_0660_4f36_b953_bb7268cfa817_1503944567408_11"},{"key":"?beneficiaryHasLiens","val":"AE#NoLienReport"}]}]},{"query":"?- ?v:AE#VATravelVoucher, ?v[AE#hasVoucherBeneficiary->?b], ?b[AE#hasDeclaredBankruptcy->?beneficiaryHasDeclaredBankruptcy].","resultList":[{"result":[{"key":"?v","val":"VO_ecde3a7d_0660_4f36_b953_bb7268cfa817_1503944567408_0"},{"key":"?b","val":"VO_ecde3a7d_0660_4f36_b953_bb7268cfa817_1503944567408_11"},{"key":"?beneficiaryHasDeclaredBankruptcy","val":"AE#NoBankruptcyReport"}]}]},{"query":"?- ?v:AE#VATravelVoucher, ?v[AE#hasVoucherBeneficiary->?b], ?b[AE#hasArrestRecord->?beneficiaryHasArrestRecord].","resultList":[{"result":[{"key":"?v","val":"VO_ecde3a7d_0660_4f36_b953_bb7268cfa817_1503944567408_0"},{"key":"?b","val":"VO_ecde3a7d_0660_4f36_b953_bb7268cfa817_1503944567408_11"},{"key":"?beneficiaryHasArrestRecord","val":"AE#NoArrestRecord"}]}]},{"query":"?- ?v:AE#VATravelVoucher, ?v[AE#hasVoucherBeneficiary->?b], ?b[AE#hasCriminalRecord->?beneficiaryHasCriminalRecord].","resultList":[{"result":[{"key":"?v","val":"VO_ecde3a7d_0660_4f36_b953_bb7268cfa817_1503944567408_0"},{"key":"?b","val":"VO_ecde3a7d_0660_4f36_b953_bb7268cfa817_1503944567408_11"},{"key":"?beneficiaryHasCriminalRecord","val":"AE#NoCriminalRecord"}]}]},{"query":"?- ?t:AE#Travelling, ?t[AE#hasPath->?p], ?p[AE#hasDistance->?d], ?d[AE#numericValue->?expectedDistanceValue], ?d[AE#hasUnitOfMeasure->?unitOfDistanceMeasure].","resultList":[{"result":[{"key":"?t","val":"VO_ecde3a7d_0660_4f36_b953_bb7268cfa817_1503944567408_6"},{"key":"?p","val":"ES_7d6652dd_eafc_42d6_be97_cccae0b2dd6a_1503944594984_4"},{"key":"?d","val":"ES_7d6652dd_eafc_42d6_be97_cccae0b2dd6a_1503944594984_0"},{"key":"?expectedDistanceValue","val":"14705.263033579010880202986299991607666015625"},{"key":"?unitOfDistanceMeasure","val":"meters"}]}]},{"query":"?- ?t:AE#Travelling, ?t[AE#hasPath->?p], ?p[AE#hasExpectedTravelTime->?d], ?d[AE#numericValue->?expectedTimeValue], ?d[AE#hasUnitOfMeasure->?unitOfTimeMeasure].","resultList":[{"result":[{"key":"?t","val":"VO_ecde3a7d_0660_4f36_b953_bb7268cfa817_1503944567408_6"},{"key":"?p","val":"ES_7d6652dd_eafc_42d6_be97_cccae0b2dd6a_1503944594984_4"},{"key":"?d","val":"ES_7d6652dd_eafc_42d6_be97_cccae0b2dd6a_1503944594984_2"},{"key":"?expectedTimeValue","val":"12.16110569774173200130462646484375"},{"key":"?unitOfTimeMeasure","val":"minutes"}]}]},{"query":"?- ?t:AE#Travelling, ?t[AE#hasDestination->?d], ?d[label->?destinationFullAddress].","resultList":[{"result":[{"key":"?t","val":"VO_ecde3a7d_0660_4f36_b953_bb7268cfa817_1503944567408_7"},{"key":"?d","val":"VO_ecde3a7d_0660_4f36_b953_bb7268cfa817_1503944567408_8"},{"key":"?destinationFullAddress","val":"2790 Truxton Road, Suite 130, San Diego, CA 92106"}]},{"result":[{"key":"?t","val":"VO_ecde3a7d_0660_4f36_b953_bb7268cfa817_1503944567408_6"},{"key":"?d","val":"VO_ecde3a7d_0660_4f36_b953_bb7268cfa817_1503944567408_5"},{"key":"?destinationFullAddress","val":"3343 43rd St, San Diego, CA 92105"}]}]},{"query":"?- ?t:AE#Travelling, ?t[AE#hasDestination->?d], ?d[AE#hasStreet->?s], ?s[label->?destinationStreetName], ?d[AE#hasCity->?c], ?c[label->?destinationCity], ?d[AE#hasState->?st], ?st[label->?destinationState], ?d[AE#hasZipcode->?destinationZipCode].","resultList":[{"result":[{"key":"?t","val":"VO_ecde3a7d_0660_4f36_b953_bb7268cfa817_1503944567408_7"},{"key":"?d","val":"VO_ecde3a7d_0660_4f36_b953_bb7268cfa817_1503944567408_8"},{"key":"?s","val":"NO_8f038036_b3d1_4bf7_9eae_07f17e44fb5d_1503944577120_id5"},{"key":"?destinationStreetName","val":"2790 Truxton Road"},{"key":"?c","val":"NO_8f038036_b3d1_4bf7_9eae_07f17e44fb5d_1503944577120_id11"},{"key":"?destinationCity","val":"San Diego"},{"key":"?st","val":"NO_8f038036_b3d1_4bf7_9eae_07f17e44fb5d_1503944577120_id13"},{"key":"?destinationState","val":"CA"},{"key":"?destinationZipCode","val":"92106"}]},{"result":[{"key":"?t","val":"VO_ecde3a7d_0660_4f36_b953_bb7268cfa817_1503944567408_6"},{"key":"?d","val":"VO_ecde3a7d_0660_4f36_b953_bb7268cfa817_1503944567408_5"},{"key":"?s","val":"NO_74594ec1_6ef4_450b_8df6_7fc1cad31627_1503944579289_id3"},{"key":"?destinationStreetName","val":"3343 43rd St"},{"key":"?c","val":"NO_74594ec1_6ef4_450b_8df6_7fc1cad31627_1503944579289_id9"},{"key":"?destinationCity","val":"San Diego"},{"key":"?st","val":"NO_74594ec1_6ef4_450b_8df6_7fc1cad31627_1503944579289_id11"},{"key":"?destinationState","val":"CA"},{"key":"?destinationZipCode","val":"92105"}]}]},{"query":"?- ?t:AE#Travelling, ?t[AE#hasOrigin->?d], ?d[label->?originFullAddress].","resultList":[{"result":[{"key":"?t","val":"VO_ecde3a7d_0660_4f36_b953_bb7268cfa817_1503944567408_7"},{"key":"?d","val":"VO_ecde3a7d_0660_4f36_b953_bb7268cfa817_1503944567408_3"},{"key":"?originFullAddress","val":"278 Mountainview Drive San Diego, CA 92126"}]},{"result":[{"key":"?t","val":"VO_ecde3a7d_0660_4f36_b953_bb7268cfa817_1503944567408_6"},{"key":"?d","val":"VO_ecde3a7d_0660_4f36_b953_bb7268cfa817_1503944567408_8"},{"key":"?originFullAddress","val":"2790 Truxton Road, Suite 130, San Diego, CA 92106"}]}]},{"query":"?- ?t:AE#Travelling, ?t[AE#hasOrigin->?d], ?d[AE#hasStreet->?s], ?s[label->?originStreetName], ?d[AE#hasCity->?c], ?c[label->?originCity], ?d[AE#hasState->?st], ?st[label->?originState], ?d[AE#hasZipcode->?originZipCode].","resultList":[{"result":[{"key":"?t","val":"VO_ecde3a7d_0660_4f36_b953_bb7268cfa817_1503944567408_7"},{"key":"?d","val":"VO_ecde3a7d_0660_4f36_b953_bb7268cfa817_1503944567408_3"},{"key":"?s","val":"NO_efaa79de_1393_4ba7_b6b1_7352a556caaa_1503944581679_id3"},{"key":"?originStreetName","val":"278 Mountainview Drive"},{"key":"?c","val":"NO_efaa79de_1393_4ba7_b6b1_7352a556caaa_1503944581679_id9"},{"key":"?originCity","val":"San Diego"},{"key":"?st","val":"NO_efaa79de_1393_4ba7_b6b1_7352a556caaa_1503944581679_id11"},{"key":"?originState","val":"CA"},{"key":"?originZipCode","val":"92126"}]},{"result":[{"key":"?t","val":"VO_ecde3a7d_0660_4f36_b953_bb7268cfa817_1503944567408_6"},{"key":"?d","val":"VO_ecde3a7d_0660_4f36_b953_bb7268cfa817_1503944567408_8"},{"key":"?s","val":"NO_8f038036_b3d1_4bf7_9eae_07f17e44fb5d_1503944577120_id5"},{"key":"?originStreetName","val":"2790 Truxton Road"},{"key":"?c","val":"NO_8f038036_b3d1_4bf7_9eae_07f17e44fb5d_1503944577120_id11"},{"key":"?originCity","val":"San Diego"},{"key":"?st","val":"NO_8f038036_b3d1_4bf7_9eae_07f17e44fb5d_1503944577120_id13"},{"key":"?originState","val":"CA"},{"key":"?originZipCode","val":"92106"}]}]},{"query":"?- ?t:AE#Travelling, ?t[AE#hasPath->?p], ?p[AE#hasStartRegion->?s], ?s[AE#hasLatitude->?originLatitude], ?s[AE#hasLongitude->?originLongitude].","resultList":[{"result":[{"key":"?t","val":"VO_ecde3a7d_0660_4f36_b953_bb7268cfa817_1503944567408_6"},{"key":"?p","val":"ES_7d6652dd_eafc_42d6_be97_cccae0b2dd6a_1503944594984_4"},{"key":"?s","val":"ES_7d6652dd_eafc_42d6_be97_cccae0b2dd6a_1503944594984_3"},{"key":"?originLatitude","val":"32.74051839275188058309140615165233612060546875"},{"key":"?originLongitude","val":"-117.2130215001728856805129908025264739990234375"}]}]},{"query":"?- ?t:AE#Travelling, ?t[AE#hasPath->?p], ?p[AE#hasEndRegion->?e], ?e[AE#hasLatitude->?destinationLatitude], ?e[AE#hasLongitude->?destinationLongitude].","resultList":[{"result":[{"key":"?t","val":"VO_ecde3a7d_0660_4f36_b953_bb7268cfa817_1503944567408_6"},{"key":"?p","val":"ES_7d6652dd_eafc_42d6_be97_cccae0b2dd6a_1503944594984_4"},{"key":"?e","val":"ES_7d6652dd_eafc_42d6_be97_cccae0b2dd6a_1503944594984_1"},{"key":"?destinationLatitude","val":"32.74111840827512054374892613850533962249755859375"},{"key":"?destinationLongitude","val":"-117.10203096944445633198483847081661224365234375"}]}]}]}
