{"dataList":[{"query":"?- ?v:AE#VATravelVoucher, ?v[AE#hasVoucherClaimant->?c], ?c[AE#hasName->?cn], ?cn[label->?claimantFullName].","resultList":[{"result":[{"key":"?v","val":"VO_e7b61ea7_8201_40e3_b961_c53e9540dc7a_1503938915457_0"},{"key":"?c","val":"VO_e7b61ea7_8201_40e3_b961_c53e9540dc7a_1503938915457_2"},{"key":"?cn","val":"NO_97373973_d229_4a73_b546_debb30e8d4b5_1503938923432_0"},{"key":"?claimantFullName","val":"Brandon W. Jacob"}]},{"result":[{"key":"?v","val":"VO_e7b61ea7_8201_40e3_b961_c53e9540dc7a_1503938915457_0"},{"key":"?c","val":"VO_e7b61ea7_8201_40e3_b961_c53e9540dc7a_1503938915457_2"},{"key":"?cn","val":"VO_e7b61ea7_8201_40e3_b961_c53e9540dc7a_1503938915457_1"},{"key":"?claimantFullName","val":"Brandon W. Jacob"}]}]},{"query":"?- ?v:AE#VATravelVoucher, ?v[AE#hasVoucherClaimant->?c], ?c[AE#hasName->?cn], ?cn[AE#hasFirstName->?claimantFirstName].","resultList":[{"result":[{"key":"?v","val":"VO_e7b61ea7_8201_40e3_b961_c53e9540dc7a_1503938915457_0"},{"key":"?c","val":"VO_e7b61ea7_8201_40e3_b961_c53e9540dc7a_1503938915457_2"},{"key":"?cn","val":"NO_97373973_d229_4a73_b546_debb30e8d4b5_1503938923432_0"},{"key":"?claimantFirstName","val":"brandon"}]}]},{"query":"?- ?v:AE#VATravelVoucher, ?v[AE#hasVoucherClaimant->?c], ?c[AE#hasName->?cn], ?cn[AE#hasLastName->?claimantLastName].","resultList":[{"result":[{"key":"?v","val":"VO_e7b61ea7_8201_40e3_b961_c53e9540dc7a_1503938915457_0"},{"key":"?c","val":"VO_e7b61ea7_8201_40e3_b961_c53e9540dc7a_1503938915457_2"},{"key":"?cn","val":"NO_97373973_d229_4a73_b546_debb30e8d4b5_1503938923432_0"},{"key":"?claimantLastName","val":"jacob"}]}]},{"query":"?- ?v:AE#VATravelVoucher, ?v[AE#hasVoucherClaimant->?c], ?c[AE#hasSocialSecurityNumber->?s], ?s[label->?claimantSsn].","resultList":[{"result":[{"key":"?v","val":"VO_e7b61ea7_8201_40e3_b961_c53e9540dc7a_1503938915457_0"},{"key":"?c","val":"VO_e7b61ea7_8201_40e3_b961_c53e9540dc7a_1503938915457_2"},{"key":"?s","val":"VO_e7b61ea7_8201_40e3_b961_c53e9540dc7a_1503938915457_12"},{"key":"?claimantSsn","val":"849-40-6621"}]}]},{"query":"?- ?v:AE#VATravelVoucher, ?v[AE#hasVoucherClaimant->?c], ?c[AE#hasLiens->?claimantHasLiens].","resultList":[{"result":[{"key":"?v","val":"VO_e7b61ea7_8201_40e3_b961_c53e9540dc7a_1503938915457_0"},{"key":"?c","val":"VO_e7b61ea7_8201_40e3_b961_c53e9540dc7a_1503938915457_2"},{"key":"?claimantHasLiens","val":"AE#UnknownLienReport"}]}]},{"query":"?- ?v:AE#VATravelVoucher, ?v[AE#hasVoucherClaimant->?c], ?c[AE#hasDeclaredBankruptcy->?claimantHasDeclaredBankruptcy].","resultList":[{"result":[{"key":"?v","val":"VO_e7b61ea7_8201_40e3_b961_c53e9540dc7a_1503938915457_0"},{"key":"?c","val":"VO_e7b61ea7_8201_40e3_b961_c53e9540dc7a_1503938915457_2"},{"key":"?claimantHasDeclaredBankruptcy","val":"AE#NoBankruptcyReport"}]}]},{"query":"?- ?v:AE#VATravelVoucher, ?v[AE#hasVoucherClaimant->?c], ?c[AE#hasArrestRecord->?claimantHasArrestRecord].","resultList":[{"result":[{"key":"?v","val":"VO_e7b61ea7_8201_40e3_b961_c53e9540dc7a_1503938915457_0"},{"key":"?c","val":"VO_e7b61ea7_8201_40e3_b961_c53e9540dc7a_1503938915457_2"},{"key":"?claimantHasArrestRecord","val":"AE#NoArrestRecord"}]}]},{"query":"?- ?v:AE#VATravelVoucher, ?v[AE#hasVoucherClaimant->?c], ?c[AE#hasCriminalRecord->?claimantHasCriminalRecord].","resultList":[{"result":[{"key":"?v","val":"VO_e7b61ea7_8201_40e3_b961_c53e9540dc7a_1503938915457_0"},{"key":"?c","val":"VO_e7b61ea7_8201_40e3_b961_c53e9540dc7a_1503938915457_2"},{"key":"?claimantHasCriminalRecord","val":"AE#NoCriminalRecord"}]}]},{"query":"?- ?v:AE#VATravelVoucher, ?v[AE#hasVoucherBeneficiary->?b], ?b[AE#hasName->?cn], ?cn[label->?beneficiaryFullName].","resultList":[{"result":[{"key":"?v","val":"VO_e7b61ea7_8201_40e3_b961_c53e9540dc7a_1503938915457_0"},{"key":"?b","val":"VO_e7b61ea7_8201_40e3_b961_c53e9540dc7a_1503938915457_11"},{"key":"?cn","val":"VO_e7b61ea7_8201_40e3_b961_c53e9540dc7a_1503938915457_10"},{"key":"?beneficiaryFullName","val":"Brandon W. Jacob"}]},{"result":[{"key":"?v","val":"VO_e7b61ea7_8201_40e3_b961_c53e9540dc7a_1503938915457_0"},{"key":"?b","val":"VO_e7b61ea7_8201_40e3_b961_c53e9540dc7a_1503938915457_11"},{"key":"?cn","val":"NO_19447185_a2ca_45f6_9e32_ce27835115a8_1503938921386_0"},{"key":"?beneficiaryFullName","val":"Brandon W. Jacob"}]}]},{"query":"?- ?v:AE#VATravelVoucher, ?v[AE#hasVoucherBeneficiary->?b], ?b[AE#hasName->?cn], ?cn[AE#hasFirstName->?beneficiaryFirstName].","resultList":[{"result":[{"key":"?v","val":"VO_e7b61ea7_8201_40e3_b961_c53e9540dc7a_1503938915457_0"},{"key":"?b","val":"VO_e7b61ea7_8201_40e3_b961_c53e9540dc7a_1503938915457_11"},{"key":"?cn","val":"NO_19447185_a2ca_45f6_9e32_ce27835115a8_1503938921386_0"},{"key":"?beneficiaryFirstName","val":"brandon"}]}]},{"query":"?- ?v:AE#VATravelVoucher, ?v[AE#hasVoucherBeneficiary->?b], ?b[AE#hasName->?cn], ?cn[AE#hasLastName->?beneficiaryLastName].","resultList":[{"result":[{"key":"?v","val":"VO_e7b61ea7_8201_40e3_b961_c53e9540dc7a_1503938915457_0"},{"key":"?b","val":"VO_e7b61ea7_8201_40e3_b961_c53e9540dc7a_1503938915457_11"},{"key":"?cn","val":"NO_19447185_a2ca_45f6_9e32_ce27835115a8_1503938921386_0"},{"key":"?beneficiaryLastName","val":"jacob"}]}]},{"query":"?- ?v:AE#VATravelVoucher, ?v[AE#hasVoucherBeneficiary->?b], ?b[AE#hasSocialSecurityNumber->?s], ?s[label->?beneficiarySsn].","resultList":[{"result":[{"key":"?v","val":"VO_e7b61ea7_8201_40e3_b961_c53e9540dc7a_1503938915457_0"},{"key":"?b","val":"VO_e7b61ea7_8201_40e3_b961_c53e9540dc7a_1503938915457_11"},{"key":"?s","val":"VO_e7b61ea7_8201_40e3_b961_c53e9540dc7a_1503938915457_9"},{"key":"?beneficiarySsn","val":"849-40-6621"}]}]},{"query":"?- ?v:AE#VATravelVoucher, ?v[AE#hasVoucherBeneficiary->?b], ?b[AE#hasLiens->?beneficiaryHasLiens].","resultList":[{"result":[{"key":"?v","val":"VO_e7b61ea7_8201_40e3_b961_c53e9540dc7a_1503938915457_0"},{"key":"?b","val":"VO_e7b61ea7_8201_40e3_b961_c53e9540dc7a_1503938915457_11"},{"key":"?beneficiaryHasLiens","val":"AE#UnknownLienReport"}]}]},{"query":"?- ?v:AE#VATravelVoucher, ?v[AE#hasVoucherBeneficiary->?b], ?b[AE#hasDeclaredBankruptcy->?beneficiaryHasDeclaredBankruptcy].","resultList":[{"result":[{"key":"?v","val":"VO_e7b61ea7_8201_40e3_b961_c53e9540dc7a_1503938915457_0"},{"key":"?b","val":"VO_e7b61ea7_8201_40e3_b961_c53e9540dc7a_1503938915457_11"},{"key":"?beneficiaryHasDeclaredBankruptcy","val":"AE#NoBankruptcyReport"}]}]},{"query":"?- ?v:AE#VATravelVoucher, ?v[AE#hasVoucherBeneficiary->?b], ?b[AE#hasArrestRecord->?beneficiaryHasArrestRecord].","resultList":[{"result":[{"key":"?v","val":"VO_e7b61ea7_8201_40e3_b961_c53e9540dc7a_1503938915457_0"},{"key":"?b","val":"VO_e7b61ea7_8201_40e3_b961_c53e9540dc7a_1503938915457_11"},{"key":"?beneficiaryHasArrestRecord","val":"AE#NoArrestRecord"}]}]},{"query":"?- ?v:AE#VATravelVoucher, ?v[AE#hasVoucherBeneficiary->?b], ?b[AE#hasCriminalRecord->?beneficiaryHasCriminalRecord].","resultList":[{"result":[{"key":"?v","val":"VO_e7b61ea7_8201_40e3_b961_c53e9540dc7a_1503938915457_0"},{"key":"?b","val":"VO_e7b61ea7_8201_40e3_b961_c53e9540dc7a_1503938915457_11"},{"key":"?beneficiaryHasCriminalRecord","val":"AE#NoCriminalRecord"}]}]},{"query":"?- ?t:AE#Travelling, ?t[AE#hasPath->?p], ?p[AE#hasDistance->?d], ?d[AE#numericValue->?expectedDistanceValue], ?d[AE#hasUnitOfMeasure->?unitOfDistanceMeasure].","resultList":[{"result":[{"key":"?t","val":"VO_e7b61ea7_8201_40e3_b961_c53e9540dc7a_1503938915457_6"},{"key":"?p","val":"ES_55cce23d_8b48_4d92_94c6_9b3482db1e24_1503938943002_4"},{"key":"?d","val":"ES_55cce23d_8b48_4d92_94c6_9b3482db1e24_1503938943002_0"},{"key":"?expectedDistanceValue","val":"8771.6112570495461113750934600830078125"},{"key":"?unitOfDistanceMeasure","val":"meters"}]}]},{"query":"?- ?t:AE#Travelling, ?t[AE#hasPath->?p], ?p[AE#hasExpectedTravelTime->?d], ?d[AE#numericValue->?expectedTimeValue], ?d[AE#hasUnitOfMeasure->?unitOfTimeMeasure].","resultList":[{"result":[{"key":"?t","val":"VO_e7b61ea7_8201_40e3_b961_c53e9540dc7a_1503938915457_6"},{"key":"?p","val":"ES_55cce23d_8b48_4d92_94c6_9b3482db1e24_1503938943002_4"},{"key":"?d","val":"ES_55cce23d_8b48_4d92_94c6_9b3482db1e24_1503938943002_2"},{"key":"?expectedTimeValue","val":"9.606476986664347350597381591796875"},{"key":"?unitOfTimeMeasure","val":"minutes"}]}]},{"query":"?- ?t:AE#Travelling, ?t[AE#hasDestination->?d], ?d[label->?destinationFullAddress].","resultList":[{"result":[{"key":"?t","val":"VO_e7b61ea7_8201_40e3_b961_c53e9540dc7a_1503938915457_7"},{"key":"?d","val":"VO_e7b61ea7_8201_40e3_b961_c53e9540dc7a_1503938915457_8"},{"key":"?destinationFullAddress","val":"2790 Truxton Road, Suite 130, San Diego, CA 92106"}]},{"result":[{"key":"?t","val":"VO_e7b61ea7_8201_40e3_b961_c53e9540dc7a_1503938915457_6"},{"key":"?d","val":"VO_e7b61ea7_8201_40e3_b961_c53e9540dc7a_1503938915457_5"},{"key":"?destinationFullAddress","val":"714 Riverside Rd. San Diego, CA 92117"}]}]},{"query":"?- ?t:AE#Travelling, ?t[AE#hasDestination->?d], ?d[AE#hasStreet->?s], ?s[label->?destinationStreetName], ?d[AE#hasCity->?c], ?c[label->?destinationCity], ?d[AE#hasState->?st], ?st[label->?destinationState], ?d[AE#hasZipcode->?destinationZipCode].","resultList":[{"result":[{"key":"?t","val":"VO_e7b61ea7_8201_40e3_b961_c53e9540dc7a_1503938915457_7"},{"key":"?d","val":"VO_e7b61ea7_8201_40e3_b961_c53e9540dc7a_1503938915457_8"},{"key":"?s","val":"NO_72558ac3_a67f_4381_a629_af87d3aad35b_1503938925835_id5"},{"key":"?destinationStreetName","val":"2790 Truxton Road"},{"key":"?c","val":"NO_72558ac3_a67f_4381_a629_af87d3aad35b_1503938925835_id11"},{"key":"?destinationCity","val":"San Diego"},{"key":"?st","val":"NO_72558ac3_a67f_4381_a629_af87d3aad35b_1503938925835_id13"},{"key":"?destinationState","val":"CA"},{"key":"?destinationZipCode","val":"92106"}]},{"result":[{"key":"?t","val":"VO_e7b61ea7_8201_40e3_b961_c53e9540dc7a_1503938915457_6"},{"key":"?d","val":"VO_e7b61ea7_8201_40e3_b961_c53e9540dc7a_1503938915457_5"},{"key":"?s","val":"NO_b69fc21a_33cb_49fa_bd94_5513c40a5dbe_1503938927934_id3"},{"key":"?destinationStreetName","val":"714 Riverside Rd."},{"key":"?c","val":"NO_b69fc21a_33cb_49fa_bd94_5513c40a5dbe_1503938927934_id9"},{"key":"?destinationCity","val":"San Diego"},{"key":"?st","val":"NO_b69fc21a_33cb_49fa_bd94_5513c40a5dbe_1503938927934_id11"},{"key":"?destinationState","val":"CA"},{"key":"?destinationZipCode","val":"92117"}]}]},{"query":"?- ?t:AE#Travelling, ?t[AE#hasOrigin->?d], ?d[label->?originFullAddress].","resultList":[{"result":[{"key":"?t","val":"VO_e7b61ea7_8201_40e3_b961_c53e9540dc7a_1503938915457_7"},{"key":"?d","val":"VO_e7b61ea7_8201_40e3_b961_c53e9540dc7a_1503938915457_3"},{"key":"?originFullAddress","val":"714 Riverside Rd. San Diego, CA 92117"}]},{"result":[{"key":"?t","val":"VO_e7b61ea7_8201_40e3_b961_c53e9540dc7a_1503938915457_6"},{"key":"?d","val":"VO_e7b61ea7_8201_40e3_b961_c53e9540dc7a_1503938915457_8"},{"key":"?originFullAddress","val":"2790 Truxton Road, Suite 130, San Diego, CA 92106"}]}]},{"query":"?- ?t:AE#Travelling, ?t[AE#hasOrigin->?d], ?d[AE#hasStreet->?s], ?s[label->?originStreetName], ?d[AE#hasCity->?c], ?c[label->?originCity], ?d[AE#hasState->?st], ?st[label->?originState], ?d[AE#hasZipcode->?originZipCode].","resultList":[{"result":[{"key":"?t","val":"VO_e7b61ea7_8201_40e3_b961_c53e9540dc7a_1503938915457_7"},{"key":"?d","val":"VO_e7b61ea7_8201_40e3_b961_c53e9540dc7a_1503938915457_3"},{"key":"?s","val":"NO_ff88c500_1871_4d2f_b4f7_09117934abb6_1503938930289_id3"},{"key":"?originStreetName","val":"714 Riverside Rd."},{"key":"?c","val":"NO_ff88c500_1871_4d2f_b4f7_09117934abb6_1503938930289_id9"},{"key":"?originCity","val":"San Diego"},{"key":"?st","val":"NO_ff88c500_1871_4d2f_b4f7_09117934abb6_1503938930289_id11"},{"key":"?originState","val":"CA"},{"key":"?originZipCode","val":"92117"}]},{"result":[{"key":"?t","val":"VO_e7b61ea7_8201_40e3_b961_c53e9540dc7a_1503938915457_6"},{"key":"?d","val":"VO_e7b61ea7_8201_40e3_b961_c53e9540dc7a_1503938915457_8"},{"key":"?s","val":"NO_72558ac3_a67f_4381_a629_af87d3aad35b_1503938925835_id5"},{"key":"?originStreetName","val":"2790 Truxton Road"},{"key":"?c","val":"NO_72558ac3_a67f_4381_a629_af87d3aad35b_1503938925835_id11"},{"key":"?originCity","val":"San Diego"},{"key":"?st","val":"NO_72558ac3_a67f_4381_a629_af87d3aad35b_1503938925835_id13"},{"key":"?originState","val":"CA"},{"key":"?originZipCode","val":"92106"}]}]},{"query":"?- ?t:AE#Travelling, ?t[AE#hasPath->?p], ?p[AE#hasStartRegion->?s], ?s[AE#hasLatitude->?originLatitude], ?s[AE#hasLongitude->?originLongitude].","resultList":[{"result":[{"key":"?t","val":"VO_e7b61ea7_8201_40e3_b961_c53e9540dc7a_1503938915457_6"},{"key":"?p","val":"ES_55cce23d_8b48_4d92_94c6_9b3482db1e24_1503938943002_4"},{"key":"?s","val":"ES_55cce23d_8b48_4d92_94c6_9b3482db1e24_1503938943002_3"},{"key":"?originLatitude","val":"32.74051839275188058309140615165233612060546875"},{"key":"?originLongitude","val":"-117.2130215001728856805129908025264739990234375"}]}]},{"query":"?- ?t:AE#Travelling, ?t[AE#hasPath->?p], ?p[AE#hasEndRegion->?e], ?e[AE#hasLatitude->?destinationLatitude], ?e[AE#hasLongitude->?destinationLongitude].","resultList":[{"result":[{"key":"?t","val":"VO_e7b61ea7_8201_40e3_b961_c53e9540dc7a_1503938915457_6"},{"key":"?p","val":"ES_55cce23d_8b48_4d92_94c6_9b3482db1e24_1503938943002_4"},{"key":"?e","val":"ES_55cce23d_8b48_4d92_94c6_9b3482db1e24_1503938943002_1"},{"key":"?destinationLatitude","val":"32.79662300000001096123014576733112335205078125"},{"key":"?destinationLongitude","val":"-117.197813600000017686397768557071685791015625"}]}]}]}
