{"dataList":[{"query":"?- ?v:AE#VATravelVoucher, ?v[AE#hasVoucherClaimant->?c], ?c[AE#hasName->?cn], ?cn[label->?claimantFullName].","resultList":[{"result":[{"key":"?v","val":"VO_ed7b565a_0ec2_41ac_b327_2741e6940b18_1503939257492_0"},{"key":"?c","val":"VO_ed7b565a_0ec2_41ac_b327_2741e6940b18_1503939257492_2"},{"key":"?cn","val":"VO_ed7b565a_0ec2_41ac_b327_2741e6940b18_1503939257492_1"},{"key":"?claimantFullName","val":"Dean K. Grew"}]},{"result":[{"key":"?v","val":"VO_ed7b565a_0ec2_41ac_b327_2741e6940b18_1503939257492_0"},{"key":"?c","val":"VO_ed7b565a_0ec2_41ac_b327_2741e6940b18_1503939257492_2"},{"key":"?cn","val":"NO_c375a796_6737_40dc_9a66_0bbd4db41226_1503939265318_0"},{"key":"?claimantFullName","val":"Dean K."}]}]},{"query":"?- ?v:AE#VATravelVoucher, ?v[AE#hasVoucherClaimant->?c], ?c[AE#hasName->?cn], ?cn[AE#hasFirstName->?claimantFirstName].","resultList":[{"result":[{"key":"?v","val":"VO_ed7b565a_0ec2_41ac_b327_2741e6940b18_1503939257492_0"},{"key":"?c","val":"VO_ed7b565a_0ec2_41ac_b327_2741e6940b18_1503939257492_2"},{"key":"?cn","val":"NO_c375a796_6737_40dc_9a66_0bbd4db41226_1503939265318_0"},{"key":"?claimantFirstName","val":"dean"}]}]},{"query":"?- ?v:AE#VATravelVoucher, ?v[AE#hasVoucherClaimant->?c], ?c[AE#hasName->?cn], ?cn[AE#hasLastName->?claimantLastName].","resultList":[{"result":[{"key":"?v","val":"VO_ed7b565a_0ec2_41ac_b327_2741e6940b18_1503939257492_0"},{"key":"?c","val":"VO_ed7b565a_0ec2_41ac_b327_2741e6940b18_1503939257492_2"},{"key":"?cn","val":"NO_c375a796_6737_40dc_9a66_0bbd4db41226_1503939265318_0"},{"key":"?claimantLastName","val":"k_."}]}]},{"query":"?- ?v:AE#VATravelVoucher, ?v[AE#hasVoucherClaimant->?c], ?c[AE#hasSocialSecurityNumber->?s], ?s[label->?claimantSsn].","resultList":[{"result":[{"key":"?v","val":"VO_ed7b565a_0ec2_41ac_b327_2741e6940b18_1503939257492_0"},{"key":"?c","val":"VO_ed7b565a_0ec2_41ac_b327_2741e6940b18_1503939257492_2"},{"key":"?s","val":"VO_ed7b565a_0ec2_41ac_b327_2741e6940b18_1503939257492_12"},{"key":"?claimantSsn","val":"874-94-7437"}]}]},{"query":"?- ?v:AE#VATravelVoucher, ?v[AE#hasVoucherClaimant->?c], ?c[AE#hasLiens->?claimantHasLiens].","resultList":[{"result":[{"key":"?v","val":"VO_ed7b565a_0ec2_41ac_b327_2741e6940b18_1503939257492_0"},{"key":"?c","val":"VO_ed7b565a_0ec2_41ac_b327_2741e6940b18_1503939257492_2"},{"key":"?claimantHasLiens","val":"AE#NoLienReport"}]}]},{"query":"?- ?v:AE#VATravelVoucher, ?v[AE#hasVoucherClaimant->?c], ?c[AE#hasDeclaredBankruptcy->?claimantHasDeclaredBankruptcy].","resultList":[{"result":[{"key":"?v","val":"VO_ed7b565a_0ec2_41ac_b327_2741e6940b18_1503939257492_0"},{"key":"?c","val":"VO_ed7b565a_0ec2_41ac_b327_2741e6940b18_1503939257492_2"},{"key":"?claimantHasDeclaredBankruptcy","val":"AE#NoBankruptcyReport"}]}]},{"query":"?- ?v:AE#VATravelVoucher, ?v[AE#hasVoucherClaimant->?c], ?c[AE#hasArrestRecord->?claimantHasArrestRecord].","resultList":[{"result":[{"key":"?v","val":"VO_ed7b565a_0ec2_41ac_b327_2741e6940b18_1503939257492_0"},{"key":"?c","val":"VO_ed7b565a_0ec2_41ac_b327_2741e6940b18_1503939257492_2"},{"key":"?claimantHasArrestRecord","val":"AE#NoArrestRecord"}]}]},{"query":"?- ?v:AE#VATravelVoucher, ?v[AE#hasVoucherClaimant->?c], ?c[AE#hasCriminalRecord->?claimantHasCriminalRecord].","resultList":[{"result":[{"key":"?v","val":"VO_ed7b565a_0ec2_41ac_b327_2741e6940b18_1503939257492_0"},{"key":"?c","val":"VO_ed7b565a_0ec2_41ac_b327_2741e6940b18_1503939257492_2"},{"key":"?claimantHasCriminalRecord","val":"AE#NoCriminalRecord"}]}]},{"query":"?- ?v:AE#VATravelVoucher, ?v[AE#hasVoucherBeneficiary->?b], ?b[AE#hasName->?cn], ?cn[label->?beneficiaryFullName].","resultList":[{"result":[{"key":"?v","val":"VO_ed7b565a_0ec2_41ac_b327_2741e6940b18_1503939257492_0"},{"key":"?b","val":"VO_ed7b565a_0ec2_41ac_b327_2741e6940b18_1503939257492_11"},{"key":"?cn","val":"VO_ed7b565a_0ec2_41ac_b327_2741e6940b18_1503939257492_10"},{"key":"?beneficiaryFullName","val":"Dean K. Grew"}]},{"result":[{"key":"?v","val":"VO_ed7b565a_0ec2_41ac_b327_2741e6940b18_1503939257492_0"},{"key":"?b","val":"VO_ed7b565a_0ec2_41ac_b327_2741e6940b18_1503939257492_11"},{"key":"?cn","val":"NO_a0ea0234_b24b_41ce_b12e_c6f371219f5c_1503939263292_0"},{"key":"?beneficiaryFullName","val":"Dean K."}]}]},{"query":"?- ?v:AE#VATravelVoucher, ?v[AE#hasVoucherBeneficiary->?b], ?b[AE#hasName->?cn], ?cn[AE#hasFirstName->?beneficiaryFirstName].","resultList":[{"result":[{"key":"?v","val":"VO_ed7b565a_0ec2_41ac_b327_2741e6940b18_1503939257492_0"},{"key":"?b","val":"VO_ed7b565a_0ec2_41ac_b327_2741e6940b18_1503939257492_11"},{"key":"?cn","val":"NO_a0ea0234_b24b_41ce_b12e_c6f371219f5c_1503939263292_0"},{"key":"?beneficiaryFirstName","val":"dean"}]}]},{"query":"?- ?v:AE#VATravelVoucher, ?v[AE#hasVoucherBeneficiary->?b], ?b[AE#hasName->?cn], ?cn[AE#hasLastName->?beneficiaryLastName].","resultList":[{"result":[{"key":"?v","val":"VO_ed7b565a_0ec2_41ac_b327_2741e6940b18_1503939257492_0"},{"key":"?b","val":"VO_ed7b565a_0ec2_41ac_b327_2741e6940b18_1503939257492_11"},{"key":"?cn","val":"NO_a0ea0234_b24b_41ce_b12e_c6f371219f5c_1503939263292_0"},{"key":"?beneficiaryLastName","val":"k_."}]}]},{"query":"?- ?v:AE#VATravelVoucher, ?v[AE#hasVoucherBeneficiary->?b], ?b[AE#hasSocialSecurityNumber->?s], ?s[label->?beneficiarySsn].","resultList":[{"result":[{"key":"?v","val":"VO_ed7b565a_0ec2_41ac_b327_2741e6940b18_1503939257492_0"},{"key":"?b","val":"VO_ed7b565a_0ec2_41ac_b327_2741e6940b18_1503939257492_11"},{"key":"?s","val":"VO_ed7b565a_0ec2_41ac_b327_2741e6940b18_1503939257492_9"},{"key":"?beneficiarySsn","val":"874-94-7437"}]}]},{"query":"?- ?v:AE#VATravelVoucher, ?v[AE#hasVoucherBeneficiary->?b], ?b[AE#hasLiens->?beneficiaryHasLiens].","resultList":[{"result":[{"key":"?v","val":"VO_ed7b565a_0ec2_41ac_b327_2741e6940b18_1503939257492_0"},{"key":"?b","val":"VO_ed7b565a_0ec2_41ac_b327_2741e6940b18_1503939257492_11"},{"key":"?beneficiaryHasLiens","val":"AE#NoLienReport"}]}]},{"query":"?- ?v:AE#VATravelVoucher, ?v[AE#hasVoucherBeneficiary->?b], ?b[AE#hasDeclaredBankruptcy->?beneficiaryHasDeclaredBankruptcy].","resultList":[{"result":[{"key":"?v","val":"VO_ed7b565a_0ec2_41ac_b327_2741e6940b18_1503939257492_0"},{"key":"?b","val":"VO_ed7b565a_0ec2_41ac_b327_2741e6940b18_1503939257492_11"},{"key":"?beneficiaryHasDeclaredBankruptcy","val":"AE#NoBankruptcyReport"}]}]},{"query":"?- ?v:AE#VATravelVoucher, ?v[AE#hasVoucherBeneficiary->?b], ?b[AE#hasArrestRecord->?beneficiaryHasArrestRecord].","resultList":[{"result":[{"key":"?v","val":"VO_ed7b565a_0ec2_41ac_b327_2741e6940b18_1503939257492_0"},{"key":"?b","val":"VO_ed7b565a_0ec2_41ac_b327_2741e6940b18_1503939257492_11"},{"key":"?beneficiaryHasArrestRecord","val":"AE#NoArrestRecord"}]}]},{"query":"?- ?v:AE#VATravelVoucher, ?v[AE#hasVoucherBeneficiary->?b], ?b[AE#hasCriminalRecord->?beneficiaryHasCriminalRecord].","resultList":[{"result":[{"key":"?v","val":"VO_ed7b565a_0ec2_41ac_b327_2741e6940b18_1503939257492_0"},{"key":"?b","val":"VO_ed7b565a_0ec2_41ac_b327_2741e6940b18_1503939257492_11"},{"key":"?beneficiaryHasCriminalRecord","val":"AE#NoCriminalRecord"}]}]},{"query":"?- ?t:AE#Travelling, ?t[AE#hasPath->?p], ?p[AE#hasDistance->?d], ?d[AE#numericValue->?expectedDistanceValue], ?d[AE#hasUnitOfMeasure->?unitOfDistanceMeasure].","resultList":[{"result":[{"key":"?t","val":"VO_ed7b565a_0ec2_41ac_b327_2741e6940b18_1503939257492_6"},{"key":"?p","val":"ES_006f2bde_3d04_410f_8b08_fb8458e2b78d_1503939285822_4"},{"key":"?d","val":"ES_006f2bde_3d04_410f_8b08_fb8458e2b78d_1503939285822_0"},{"key":"?expectedDistanceValue","val":"15330.856803731336185592226684093475341796875"},{"key":"?unitOfDistanceMeasure","val":"meters"}]}]},{"query":"?- ?t:AE#Travelling, ?t[AE#hasPath->?p], ?p[AE#hasExpectedTravelTime->?d], ?d[AE#numericValue->?expectedTimeValue], ?d[AE#hasUnitOfMeasure->?unitOfTimeMeasure].","resultList":[{"result":[{"key":"?t","val":"VO_ed7b565a_0ec2_41ac_b327_2741e6940b18_1503939257492_6"},{"key":"?p","val":"ES_006f2bde_3d04_410f_8b08_fb8458e2b78d_1503939285822_4"},{"key":"?d","val":"ES_006f2bde_3d04_410f_8b08_fb8458e2b78d_1503939285822_2"},{"key":"?expectedTimeValue","val":"11.192439333535730838775634765625"},{"key":"?unitOfTimeMeasure","val":"minutes"}]}]},{"query":"?- ?t:AE#Travelling, ?t[AE#hasDestination->?d], ?d[label->?destinationFullAddress].","resultList":[{"result":[{"key":"?t","val":"VO_ed7b565a_0ec2_41ac_b327_2741e6940b18_1503939257492_7"},{"key":"?d","val":"VO_ed7b565a_0ec2_41ac_b327_2741e6940b18_1503939257492_8"},{"key":"?destinationFullAddress","val":"2790 Truxton Road, Suite 130, San Diego, CA 92106"}]},{"result":[{"key":"?t","val":"VO_ed7b565a_0ec2_41ac_b327_2741e6940b18_1503939257492_6"},{"key":"?d","val":"VO_ed7b565a_0ec2_41ac_b327_2741e6940b18_1503939257492_5"},{"key":"?destinationFullAddress","val":"7401 W. Clay Street San Diego, CA 92105"}]}]},{"query":"?- ?t:AE#Travelling, ?t[AE#hasDestination->?d], ?d[AE#hasStreet->?s], ?s[label->?destinationStreetName], ?d[AE#hasCity->?c], ?c[label->?destinationCity], ?d[AE#hasState->?st], ?st[label->?destinationState], ?d[AE#hasZipcode->?destinationZipCode].","resultList":[{"result":[{"key":"?t","val":"VO_ed7b565a_0ec2_41ac_b327_2741e6940b18_1503939257492_7"},{"key":"?d","val":"VO_ed7b565a_0ec2_41ac_b327_2741e6940b18_1503939257492_8"},{"key":"?s","val":"NO_8ce4ab71_a1bb_4f01_821d_153d91f23afa_1503939267500_id5"},{"key":"?destinationStreetName","val":"2790 Truxton Road"},{"key":"?c","val":"NO_8ce4ab71_a1bb_4f01_821d_153d91f23afa_1503939267500_id11"},{"key":"?destinationCity","val":"San Diego"},{"key":"?st","val":"NO_8ce4ab71_a1bb_4f01_821d_153d91f23afa_1503939267500_id13"},{"key":"?destinationState","val":"CA"},{"key":"?destinationZipCode","val":"92106"}]},{"result":[{"key":"?t","val":"VO_ed7b565a_0ec2_41ac_b327_2741e6940b18_1503939257492_6"},{"key":"?d","val":"VO_ed7b565a_0ec2_41ac_b327_2741e6940b18_1503939257492_5"},{"key":"?s","val":"NO_5236a1db_d6af_451f_89a1_b2d8cbc9653b_1503939269726_id3"},{"key":"?destinationStreetName","val":"7401 W. Clay Street"},{"key":"?c","val":"NO_5236a1db_d6af_451f_89a1_b2d8cbc9653b_1503939269726_id9"},{"key":"?destinationCity","val":"San Diego"},{"key":"?st","val":"NO_5236a1db_d6af_451f_89a1_b2d8cbc9653b_1503939269726_id11"},{"key":"?destinationState","val":"CA"},{"key":"?destinationZipCode","val":"92105"}]}]},{"query":"?- ?t:AE#Travelling, ?t[AE#hasOrigin->?d], ?d[label->?originFullAddress].","resultList":[{"result":[{"key":"?t","val":"VO_ed7b565a_0ec2_41ac_b327_2741e6940b18_1503939257492_7"},{"key":"?d","val":"VO_ed7b565a_0ec2_41ac_b327_2741e6940b18_1503939257492_3"},{"key":"?originFullAddress","val":"7401 W. Clay Street San Diego, CA 92105"}]},{"result":[{"key":"?t","val":"VO_ed7b565a_0ec2_41ac_b327_2741e6940b18_1503939257492_6"},{"key":"?d","val":"VO_ed7b565a_0ec2_41ac_b327_2741e6940b18_1503939257492_8"},{"key":"?originFullAddress","val":"2790 Truxton Road, Suite 130, San Diego, CA 92106"}]}]},{"query":"?- ?t:AE#Travelling, ?t[AE#hasOrigin->?d], ?d[AE#hasStreet->?s], ?s[label->?originStreetName], ?d[AE#hasCity->?c], ?c[label->?originCity], ?d[AE#hasState->?st], ?st[label->?originState], ?d[AE#hasZipcode->?originZipCode].","resultList":[{"result":[{"key":"?t","val":"VO_ed7b565a_0ec2_41ac_b327_2741e6940b18_1503939257492_7"},{"key":"?d","val":"VO_ed7b565a_0ec2_41ac_b327_2741e6940b18_1503939257492_3"},{"key":"?s","val":"NO_4d7382ff_664d_45ad_a2f4_1228aabf83d7_1503939272001_id3"},{"key":"?originStreetName","val":"7401 W. Clay Street"},{"key":"?c","val":"NO_4d7382ff_664d_45ad_a2f4_1228aabf83d7_1503939272001_id9"},{"key":"?originCity","val":"San Diego"},{"key":"?st","val":"NO_4d7382ff_664d_45ad_a2f4_1228aabf83d7_1503939272001_id11"},{"key":"?originState","val":"CA"},{"key":"?originZipCode","val":"92105"}]},{"result":[{"key":"?t","val":"VO_ed7b565a_0ec2_41ac_b327_2741e6940b18_1503939257492_6"},{"key":"?d","val":"VO_ed7b565a_0ec2_41ac_b327_2741e6940b18_1503939257492_8"},{"key":"?s","val":"NO_8ce4ab71_a1bb_4f01_821d_153d91f23afa_1503939267500_id5"},{"key":"?originStreetName","val":"2790 Truxton Road"},{"key":"?c","val":"NO_8ce4ab71_a1bb_4f01_821d_153d91f23afa_1503939267500_id11"},{"key":"?originCity","val":"San Diego"},{"key":"?st","val":"NO_8ce4ab71_a1bb_4f01_821d_153d91f23afa_1503939267500_id13"},{"key":"?originState","val":"CA"},{"key":"?originZipCode","val":"92106"}]}]},{"query":"?- ?t:AE#Travelling, ?t[AE#hasPath->?p], ?p[AE#hasStartRegion->?s], ?s[AE#hasLatitude->?originLatitude], ?s[AE#hasLongitude->?originLongitude].","resultList":[{"result":[{"key":"?t","val":"VO_ed7b565a_0ec2_41ac_b327_2741e6940b18_1503939257492_6"},{"key":"?p","val":"ES_006f2bde_3d04_410f_8b08_fb8458e2b78d_1503939285822_4"},{"key":"?s","val":"ES_006f2bde_3d04_410f_8b08_fb8458e2b78d_1503939285822_3"},{"key":"?originLatitude","val":"32.74051839275188058309140615165233612060546875"},{"key":"?originLongitude","val":"-117.2130215001728856805129908025264739990234375"}]}]},{"query":"?- ?t:AE#Travelling, ?t[AE#hasPath->?p], ?p[AE#hasEndRegion->?e], ?e[AE#hasLatitude->?destinationLatitude], ?e[AE#hasLongitude->?destinationLongitude].","resultList":[{"result":[{"key":"?t","val":"VO_ed7b565a_0ec2_41ac_b327_2741e6940b18_1503939257492_6"},{"key":"?p","val":"ES_006f2bde_3d04_410f_8b08_fb8458e2b78d_1503939285822_4"},{"key":"?e","val":"ES_006f2bde_3d04_410f_8b08_fb8458e2b78d_1503939285822_1"},{"key":"?destinationLatitude","val":"32.7494972000000643674866296350955963134765625"},{"key":"?destinationLongitude","val":"-117.1046149000000013984390534460544586181640625"}]}]}]}
