{"dataList":[{"query":"?- ?v:AE#VATravelVoucher, ?v[AE#hasVoucherClaimant->?c], ?c[AE#hasName->?cn], ?cn[label->?claimantFullName].","resultList":[{"result":[{"key":"?v","val":"VO_e5d1ccd2_b177_4c2b_b2aa_dcd868c4093a_1503939969735_0"},{"key":"?c","val":"VO_e5d1ccd2_b177_4c2b_b2aa_dcd868c4093a_1503939969735_2"},{"key":"?cn","val":"NO_991cb74c_56d0_4057_bd66_a2e44ddc87b3_1503939977873_0"},{"key":"?claimantFullName","val":"Ronald Dominic Bargas"}]},{"result":[{"key":"?v","val":"VO_e5d1ccd2_b177_4c2b_b2aa_dcd868c4093a_1503939969735_0"},{"key":"?c","val":"VO_e5d1ccd2_b177_4c2b_b2aa_dcd868c4093a_1503939969735_2"},{"key":"?cn","val":"VO_e5d1ccd2_b177_4c2b_b2aa_dcd868c4093a_1503939969735_1"},{"key":"?claimantFullName","val":"Ronald Dominic Bargas"}]}]},{"query":"?- ?v:AE#VATravelVoucher, ?v[AE#hasVoucherClaimant->?c], ?c[AE#hasName->?cn], ?cn[AE#hasFirstName->?claimantFirstName].","resultList":[{"result":[{"key":"?v","val":"VO_e5d1ccd2_b177_4c2b_b2aa_dcd868c4093a_1503939969735_0"},{"key":"?c","val":"VO_e5d1ccd2_b177_4c2b_b2aa_dcd868c4093a_1503939969735_2"},{"key":"?cn","val":"NO_991cb74c_56d0_4057_bd66_a2e44ddc87b3_1503939977873_0"},{"key":"?claimantFirstName","val":"ronald"}]}]},{"query":"?- ?v:AE#VATravelVoucher, ?v[AE#hasVoucherClaimant->?c], ?c[AE#hasName->?cn], ?cn[AE#hasLastName->?claimantLastName].","resultList":[{"result":[{"key":"?v","val":"VO_e5d1ccd2_b177_4c2b_b2aa_dcd868c4093a_1503939969735_0"},{"key":"?c","val":"VO_e5d1ccd2_b177_4c2b_b2aa_dcd868c4093a_1503939969735_2"},{"key":"?cn","val":"NO_991cb74c_56d0_4057_bd66_a2e44ddc87b3_1503939977873_0"},{"key":"?claimantLastName","val":"bargas"}]}]},{"query":"?- ?v:AE#VATravelVoucher, ?v[AE#hasVoucherClaimant->?c], ?c[AE#hasSocialSecurityNumber->?s], ?s[label->?claimantSsn].","resultList":[{"result":[{"key":"?v","val":"VO_e5d1ccd2_b177_4c2b_b2aa_dcd868c4093a_1503939969735_0"},{"key":"?c","val":"VO_e5d1ccd2_b177_4c2b_b2aa_dcd868c4093a_1503939969735_2"},{"key":"?s","val":"VO_e5d1ccd2_b177_4c2b_b2aa_dcd868c4093a_1503939969735_12"},{"key":"?claimantSsn","val":"645-48-1416"}]}]},{"query":"?- ?v:AE#VATravelVoucher, ?v[AE#hasVoucherClaimant->?c], ?c[AE#hasLiens->?claimantHasLiens].","resultList":[{"result":[{"key":"?v","val":"VO_e5d1ccd2_b177_4c2b_b2aa_dcd868c4093a_1503939969735_0"},{"key":"?c","val":"VO_e5d1ccd2_b177_4c2b_b2aa_dcd868c4093a_1503939969735_2"},{"key":"?claimantHasLiens","val":"AE#UnknownLienReport"}]}]},{"query":"?- ?v:AE#VATravelVoucher, ?v[AE#hasVoucherClaimant->?c], ?c[AE#hasDeclaredBankruptcy->?claimantHasDeclaredBankruptcy].","resultList":[{"result":[{"key":"?v","val":"VO_e5d1ccd2_b177_4c2b_b2aa_dcd868c4093a_1503939969735_0"},{"key":"?c","val":"VO_e5d1ccd2_b177_4c2b_b2aa_dcd868c4093a_1503939969735_2"},{"key":"?claimantHasDeclaredBankruptcy","val":"AE#NoBankruptcyReport"}]}]},{"query":"?- ?v:AE#VATravelVoucher, ?v[AE#hasVoucherClaimant->?c], ?c[AE#hasArrestRecord->?claimantHasArrestRecord].","resultList":[{"result":[{"key":"?v","val":"VO_e5d1ccd2_b177_4c2b_b2aa_dcd868c4093a_1503939969735_0"},{"key":"?c","val":"VO_e5d1ccd2_b177_4c2b_b2aa_dcd868c4093a_1503939969735_2"},{"key":"?claimantHasArrestRecord","val":"AE#NoArrestRecord"}]}]},{"query":"?- ?v:AE#VATravelVoucher, ?v[AE#hasVoucherClaimant->?c], ?c[AE#hasCriminalRecord->?claimantHasCriminalRecord].","resultList":[{"result":[{"key":"?v","val":"VO_e5d1ccd2_b177_4c2b_b2aa_dcd868c4093a_1503939969735_0"},{"key":"?c","val":"VO_e5d1ccd2_b177_4c2b_b2aa_dcd868c4093a_1503939969735_2"},{"key":"?claimantHasCriminalRecord","val":"AE#NoCriminalRecord"}]}]},{"query":"?- ?v:AE#VATravelVoucher, ?v[AE#hasVoucherBeneficiary->?b], ?b[AE#hasName->?cn], ?cn[label->?beneficiaryFullName].","resultList":[{"result":[{"key":"?v","val":"VO_e5d1ccd2_b177_4c2b_b2aa_dcd868c4093a_1503939969735_0"},{"key":"?b","val":"VO_e5d1ccd2_b177_4c2b_b2aa_dcd868c4093a_1503939969735_11"},{"key":"?cn","val":"VO_e5d1ccd2_b177_4c2b_b2aa_dcd868c4093a_1503939969735_10"},{"key":"?beneficiaryFullName","val":"Scott J. Grew"}]},{"result":[{"key":"?v","val":"VO_e5d1ccd2_b177_4c2b_b2aa_dcd868c4093a_1503939969735_0"},{"key":"?b","val":"VO_e5d1ccd2_b177_4c2b_b2aa_dcd868c4093a_1503939969735_11"},{"key":"?cn","val":"NO_488bd2b1_2106_4e7e_a7e1_1e47ddd53b9d_1503939975974_0"},{"key":"?beneficiaryFullName","val":"Scott J."}]}]},{"query":"?- ?v:AE#VATravelVoucher, ?v[AE#hasVoucherBeneficiary->?b], ?b[AE#hasName->?cn], ?cn[AE#hasFirstName->?beneficiaryFirstName].","resultList":[{"result":[{"key":"?v","val":"VO_e5d1ccd2_b177_4c2b_b2aa_dcd868c4093a_1503939969735_0"},{"key":"?b","val":"VO_e5d1ccd2_b177_4c2b_b2aa_dcd868c4093a_1503939969735_11"},{"key":"?cn","val":"NO_488bd2b1_2106_4e7e_a7e1_1e47ddd53b9d_1503939975974_0"},{"key":"?beneficiaryFirstName","val":"scott"}]}]},{"query":"?- ?v:AE#VATravelVoucher, ?v[AE#hasVoucherBeneficiary->?b], ?b[AE#hasName->?cn], ?cn[AE#hasLastName->?beneficiaryLastName].","resultList":[{"result":[{"key":"?v","val":"VO_e5d1ccd2_b177_4c2b_b2aa_dcd868c4093a_1503939969735_0"},{"key":"?b","val":"VO_e5d1ccd2_b177_4c2b_b2aa_dcd868c4093a_1503939969735_11"},{"key":"?cn","val":"NO_488bd2b1_2106_4e7e_a7e1_1e47ddd53b9d_1503939975974_0"},{"key":"?beneficiaryLastName","val":"j_."}]}]},{"query":"?- ?v:AE#VATravelVoucher, ?v[AE#hasVoucherBeneficiary->?b], ?b[AE#hasSocialSecurityNumber->?s], ?s[label->?beneficiarySsn].","resultList":[{"result":[{"key":"?v","val":"VO_e5d1ccd2_b177_4c2b_b2aa_dcd868c4093a_1503939969735_0"},{"key":"?b","val":"VO_e5d1ccd2_b177_4c2b_b2aa_dcd868c4093a_1503939969735_11"},{"key":"?s","val":"VO_e5d1ccd2_b177_4c2b_b2aa_dcd868c4093a_1503939969735_9"},{"key":"?beneficiarySsn","val":"770-38-7864"}]}]},{"query":"?- ?v:AE#VATravelVoucher, ?v[AE#hasVoucherBeneficiary->?b], ?b[AE#hasLiens->?beneficiaryHasLiens].","resultList":[{"result":[{"key":"?v","val":"VO_e5d1ccd2_b177_4c2b_b2aa_dcd868c4093a_1503939969735_0"},{"key":"?b","val":"VO_e5d1ccd2_b177_4c2b_b2aa_dcd868c4093a_1503939969735_11"},{"key":"?beneficiaryHasLiens","val":"AE#NoLienReport"}]}]},{"query":"?- ?v:AE#VATravelVoucher, ?v[AE#hasVoucherBeneficiary->?b], ?b[AE#hasDeclaredBankruptcy->?beneficiaryHasDeclaredBankruptcy].","resultList":[{"result":[{"key":"?v","val":"VO_e5d1ccd2_b177_4c2b_b2aa_dcd868c4093a_1503939969735_0"},{"key":"?b","val":"VO_e5d1ccd2_b177_4c2b_b2aa_dcd868c4093a_1503939969735_11"},{"key":"?beneficiaryHasDeclaredBankruptcy","val":"AE#NoBankruptcyReport"}]}]},{"query":"?- ?v:AE#VATravelVoucher, ?v[AE#hasVoucherBeneficiary->?b], ?b[AE#hasArrestRecord->?beneficiaryHasArrestRecord].","resultList":[{"result":[{"key":"?v","val":"VO_e5d1ccd2_b177_4c2b_b2aa_dcd868c4093a_1503939969735_0"},{"key":"?b","val":"VO_e5d1ccd2_b177_4c2b_b2aa_dcd868c4093a_1503939969735_11"},{"key":"?beneficiaryHasArrestRecord","val":"AE#NoArrestRecord"}]}]},{"query":"?- ?v:AE#VATravelVoucher, ?v[AE#hasVoucherBeneficiary->?b], ?b[AE#hasCriminalRecord->?beneficiaryHasCriminalRecord].","resultList":[{"result":[{"key":"?v","val":"VO_e5d1ccd2_b177_4c2b_b2aa_dcd868c4093a_1503939969735_0"},{"key":"?b","val":"VO_e5d1ccd2_b177_4c2b_b2aa_dcd868c4093a_1503939969735_11"},{"key":"?beneficiaryHasCriminalRecord","val":"AE#NoCriminalRecord"}]}]},{"query":"?- ?t:AE#Travelling, ?t[AE#hasPath->?p], ?p[AE#hasDistance->?d], ?d[AE#numericValue->?expectedDistanceValue], ?d[AE#hasUnitOfMeasure->?unitOfDistanceMeasure].","resultList":[{"result":[{"key":"?t","val":"VO_e5d1ccd2_b177_4c2b_b2aa_dcd868c4093a_1503939969735_6"},{"key":"?p","val":"ES_19491253_5405_47da_9d0b_6a220e26e9b0_1503940000410_4"},{"key":"?d","val":"ES_19491253_5405_47da_9d0b_6a220e26e9b0_1503940000410_0"},{"key":"?expectedDistanceValue","val":"15327.5277994302959996275603771209716796875"},{"key":"?unitOfDistanceMeasure","val":"meters"}]}]},{"query":"?- ?t:AE#Travelling, ?t[AE#hasPath->?p], ?p[AE#hasExpectedTravelTime->?d], ?d[AE#numericValue->?expectedTimeValue], ?d[AE#hasUnitOfMeasure->?unitOfTimeMeasure].","resultList":[{"result":[{"key":"?t","val":"VO_e5d1ccd2_b177_4c2b_b2aa_dcd868c4093a_1503939969735_6"},{"key":"?p","val":"ES_19491253_5405_47da_9d0b_6a220e26e9b0_1503940000410_4"},{"key":"?d","val":"ES_19491253_5405_47da_9d0b_6a220e26e9b0_1503940000410_2"},{"key":"?expectedTimeValue","val":"14.11142564029432833194732666015625"},{"key":"?unitOfTimeMeasure","val":"minutes"}]}]},{"query":"?- ?t:AE#Travelling, ?t[AE#hasDestination->?d], ?d[label->?destinationFullAddress].","resultList":[{"result":[{"key":"?t","val":"VO_e5d1ccd2_b177_4c2b_b2aa_dcd868c4093a_1503939969735_7"},{"key":"?d","val":"VO_e5d1ccd2_b177_4c2b_b2aa_dcd868c4093a_1503939969735_8"},{"key":"?destinationFullAddress","val":"2790 Truxton Road, Suite 130, San Diego, CA 92106"}]},{"result":[{"key":"?t","val":"VO_e5d1ccd2_b177_4c2b_b2aa_dcd868c4093a_1503939969735_6"},{"key":"?d","val":"VO_e5d1ccd2_b177_4c2b_b2aa_dcd868c4093a_1503939969735_5"},{"key":"?destinationFullAddress","val":"9470 N. Third Ave. San Diego, CA 92115"}]}]},{"query":"?- ?t:AE#Travelling, ?t[AE#hasDestination->?d], ?d[AE#hasStreet->?s], ?s[label->?destinationStreetName], ?d[AE#hasCity->?c], ?c[label->?destinationCity], ?d[AE#hasState->?st], ?st[label->?destinationState], ?d[AE#hasZipcode->?destinationZipCode].","resultList":[{"result":[{"key":"?t","val":"VO_e5d1ccd2_b177_4c2b_b2aa_dcd868c4093a_1503939969735_7"},{"key":"?d","val":"VO_e5d1ccd2_b177_4c2b_b2aa_dcd868c4093a_1503939969735_8"},{"key":"?s","val":"NO_e0ab4af3_c7f1_4cc7_b3bb_d6c381c45012_1503939979908_id5"},{"key":"?destinationStreetName","val":"2790 Truxton Road"},{"key":"?c","val":"NO_e0ab4af3_c7f1_4cc7_b3bb_d6c381c45012_1503939979908_id11"},{"key":"?destinationCity","val":"San Diego"},{"key":"?st","val":"NO_e0ab4af3_c7f1_4cc7_b3bb_d6c381c45012_1503939979908_id13"},{"key":"?destinationState","val":"CA"},{"key":"?destinationZipCode","val":"92106"}]},{"result":[{"key":"?t","val":"VO_e5d1ccd2_b177_4c2b_b2aa_dcd868c4093a_1503939969735_6"},{"key":"?d","val":"VO_e5d1ccd2_b177_4c2b_b2aa_dcd868c4093a_1503939969735_5"},{"key":"?s","val":"NO_f3941c85_1573_4f8f_aa44_2750ed741c27_1503939981931_id3"},{"key":"?destinationStreetName","val":"9470 N. Third Ave."},{"key":"?c","val":"NO_f3941c85_1573_4f8f_aa44_2750ed741c27_1503939981931_id9"},{"key":"?destinationCity","val":"San Diego"},{"key":"?st","val":"NO_f3941c85_1573_4f8f_aa44_2750ed741c27_1503939981931_id11"},{"key":"?destinationState","val":"CA"},{"key":"?destinationZipCode","val":"92115"}]}]},{"query":"?- ?t:AE#Travelling, ?t[AE#hasOrigin->?d], ?d[label->?originFullAddress].","resultList":[{"result":[{"key":"?t","val":"VO_e5d1ccd2_b177_4c2b_b2aa_dcd868c4093a_1503939969735_7"},{"key":"?d","val":"VO_e5d1ccd2_b177_4c2b_b2aa_dcd868c4093a_1503939969735_3"},{"key":"?originFullAddress","val":"3343 43rd St, San Diego, CA 92105"}]},{"result":[{"key":"?t","val":"VO_e5d1ccd2_b177_4c2b_b2aa_dcd868c4093a_1503939969735_6"},{"key":"?d","val":"VO_e5d1ccd2_b177_4c2b_b2aa_dcd868c4093a_1503939969735_8"},{"key":"?originFullAddress","val":"2790 Truxton Road, Suite 130, San Diego, CA 92106"}]}]},{"query":"?- ?t:AE#Travelling, ?t[AE#hasOrigin->?d], ?d[AE#hasStreet->?s], ?s[label->?originStreetName], ?d[AE#hasCity->?c], ?c[label->?originCity], ?d[AE#hasState->?st], ?st[label->?originState], ?d[AE#hasZipcode->?originZipCode].","resultList":[{"result":[{"key":"?t","val":"VO_e5d1ccd2_b177_4c2b_b2aa_dcd868c4093a_1503939969735_7"},{"key":"?d","val":"VO_e5d1ccd2_b177_4c2b_b2aa_dcd868c4093a_1503939969735_3"},{"key":"?s","val":"NO_b4d86632_1c6c_4897_9c37_9ea8bbdb6553_1503939983890_id3"},{"key":"?originStreetName","val":"3343 43rd St"},{"key":"?c","val":"NO_b4d86632_1c6c_4897_9c37_9ea8bbdb6553_1503939983890_id9"},{"key":"?originCity","val":"San Diego"},{"key":"?st","val":"NO_b4d86632_1c6c_4897_9c37_9ea8bbdb6553_1503939983890_id11"},{"key":"?originState","val":"CA"},{"key":"?originZipCode","val":"92105"}]},{"result":[{"key":"?t","val":"VO_e5d1ccd2_b177_4c2b_b2aa_dcd868c4093a_1503939969735_6"},{"key":"?d","val":"VO_e5d1ccd2_b177_4c2b_b2aa_dcd868c4093a_1503939969735_8"},{"key":"?s","val":"NO_e0ab4af3_c7f1_4cc7_b3bb_d6c381c45012_1503939979908_id5"},{"key":"?originStreetName","val":"2790 Truxton Road"},{"key":"?c","val":"NO_e0ab4af3_c7f1_4cc7_b3bb_d6c381c45012_1503939979908_id11"},{"key":"?originCity","val":"San Diego"},{"key":"?st","val":"NO_e0ab4af3_c7f1_4cc7_b3bb_d6c381c45012_1503939979908_id13"},{"key":"?originState","val":"CA"},{"key":"?originZipCode","val":"92106"}]}]},{"query":"?- ?t:AE#Travelling, ?t[AE#hasPath->?p], ?p[AE#hasStartRegion->?s], ?s[AE#hasLatitude->?originLatitude], ?s[AE#hasLongitude->?originLongitude].","resultList":[{"result":[{"key":"?t","val":"VO_e5d1ccd2_b177_4c2b_b2aa_dcd868c4093a_1503939969735_6"},{"key":"?p","val":"ES_19491253_5405_47da_9d0b_6a220e26e9b0_1503940000410_4"},{"key":"?s","val":"ES_19491253_5405_47da_9d0b_6a220e26e9b0_1503940000410_3"},{"key":"?originLatitude","val":"32.74051839275188058309140615165233612060546875"},{"key":"?originLongitude","val":"-117.2130215001728856805129908025264739990234375"}]}]},{"query":"?- ?t:AE#Travelling, ?t[AE#hasPath->?p], ?p[AE#hasEndRegion->?e], ?e[AE#hasLatitude->?destinationLatitude], ?e[AE#hasLongitude->?destinationLongitude].","resultList":[{"result":[{"key":"?t","val":"VO_e5d1ccd2_b177_4c2b_b2aa_dcd868c4093a_1503939969735_6"},{"key":"?p","val":"ES_19491253_5405_47da_9d0b_6a220e26e9b0_1503940000410_4"},{"key":"?e","val":"ES_19491253_5405_47da_9d0b_6a220e26e9b0_1503940000410_1"},{"key":"?destinationLatitude","val":"32.758559999999988576746545732021331787109375"},{"key":"?destinationLongitude","val":"-117.08818999999999732608557678759098052978515625"}]}]}]}
