{"dataList":[{"query":"?- ?v:AE#VATravelVoucher, ?v[AE#hasVoucherClaimant->?c], ?c[AE#hasName->?cn], ?cn[label->?claimantFullName].","resultList":[{"result":[{"key":"?v","val":"VO_eeccae76_9d6f_4ac9_a820_21d57f451ac4_1503939591395_0"},{"key":"?c","val":"VO_eeccae76_9d6f_4ac9_a820_21d57f451ac4_1503939591395_2"},{"key":"?cn","val":"VO_eeccae76_9d6f_4ac9_a820_21d57f451ac4_1503939591395_1"},{"key":"?claimantFullName","val":"Lawrence J. O'Brien"}]},{"result":[{"key":"?v","val":"VO_eeccae76_9d6f_4ac9_a820_21d57f451ac4_1503939591395_0"},{"key":"?c","val":"VO_eeccae76_9d6f_4ac9_a820_21d57f451ac4_1503939591395_2"},{"key":"?cn","val":"NO_0ea4056a_444e_4636_bbd8_fc42f8d276c3_1503939599173_0"},{"key":"?claimantFullName","val":"Lawrence J. O'Brien"}]}]},{"query":"?- ?v:AE#VATravelVoucher, ?v[AE#hasVoucherClaimant->?c], ?c[AE#hasName->?cn], ?cn[AE#hasFirstName->?claimantFirstName].","resultList":[{"result":[{"key":"?v","val":"VO_eeccae76_9d6f_4ac9_a820_21d57f451ac4_1503939591395_0"},{"key":"?c","val":"VO_eeccae76_9d6f_4ac9_a820_21d57f451ac4_1503939591395_2"},{"key":"?cn","val":"NO_0ea4056a_444e_4636_bbd8_fc42f8d276c3_1503939599173_0"},{"key":"?claimantFirstName","val":"lawrence"}]}]},{"query":"?- ?v:AE#VATravelVoucher, ?v[AE#hasVoucherClaimant->?c], ?c[AE#hasName->?cn], ?cn[AE#hasLastName->?claimantLastName].","resultList":[{"result":[{"key":"?v","val":"VO_eeccae76_9d6f_4ac9_a820_21d57f451ac4_1503939591395_0"},{"key":"?c","val":"VO_eeccae76_9d6f_4ac9_a820_21d57f451ac4_1503939591395_2"},{"key":"?cn","val":"NO_0ea4056a_444e_4636_bbd8_fc42f8d276c3_1503939599173_0"},{"key":"?claimantLastName","val":"o_'_brien"}]}]},{"query":"?- ?v:AE#VATravelVoucher, ?v[AE#hasVoucherClaimant->?c], ?c[AE#hasSocialSecurityNumber->?s], ?s[label->?claimantSsn].","resultList":[{"result":[{"key":"?v","val":"VO_eeccae76_9d6f_4ac9_a820_21d57f451ac4_1503939591395_0"},{"key":"?c","val":"VO_eeccae76_9d6f_4ac9_a820_21d57f451ac4_1503939591395_2"},{"key":"?s","val":"VO_eeccae76_9d6f_4ac9_a820_21d57f451ac4_1503939591395_12"},{"key":"?claimantSsn","val":"507-73-1623"}]}]},{"query":"?- ?v:AE#VATravelVoucher, ?v[AE#hasVoucherClaimant->?c], ?c[AE#hasLiens->?claimantHasLiens].","resultList":[{"result":[{"key":"?v","val":"VO_eeccae76_9d6f_4ac9_a820_21d57f451ac4_1503939591395_0"},{"key":"?c","val":"VO_eeccae76_9d6f_4ac9_a820_21d57f451ac4_1503939591395_2"},{"key":"?claimantHasLiens","val":"AE#NoLienReport"}]}]},{"query":"?- ?v:AE#VATravelVoucher, ?v[AE#hasVoucherClaimant->?c], ?c[AE#hasDeclaredBankruptcy->?claimantHasDeclaredBankruptcy].","resultList":[{"result":[{"key":"?v","val":"VO_eeccae76_9d6f_4ac9_a820_21d57f451ac4_1503939591395_0"},{"key":"?c","val":"VO_eeccae76_9d6f_4ac9_a820_21d57f451ac4_1503939591395_2"},{"key":"?claimantHasDeclaredBankruptcy","val":"AE#NoBankruptcyReport"}]}]},{"query":"?- ?v:AE#VATravelVoucher, ?v[AE#hasVoucherClaimant->?c], ?c[AE#hasArrestRecord->?claimantHasArrestRecord].","resultList":[{"result":[{"key":"?v","val":"VO_eeccae76_9d6f_4ac9_a820_21d57f451ac4_1503939591395_0"},{"key":"?c","val":"VO_eeccae76_9d6f_4ac9_a820_21d57f451ac4_1503939591395_2"},{"key":"?claimantHasArrestRecord","val":"AE#NoArrestRecord"}]}]},{"query":"?- ?v:AE#VATravelVoucher, ?v[AE#hasVoucherClaimant->?c], ?c[AE#hasCriminalRecord->?claimantHasCriminalRecord].","resultList":[{"result":[{"key":"?v","val":"VO_eeccae76_9d6f_4ac9_a820_21d57f451ac4_1503939591395_0"},{"key":"?c","val":"VO_eeccae76_9d6f_4ac9_a820_21d57f451ac4_1503939591395_2"},{"key":"?claimantHasCriminalRecord","val":"AE#NoCriminalRecord"}]}]},{"query":"?- ?v:AE#VATravelVoucher, ?v[AE#hasVoucherBeneficiary->?b], ?b[AE#hasName->?cn], ?cn[label->?beneficiaryFullName].","resultList":[{"result":[{"key":"?v","val":"VO_eeccae76_9d6f_4ac9_a820_21d57f451ac4_1503939591395_0"},{"key":"?b","val":"VO_eeccae76_9d6f_4ac9_a820_21d57f451ac4_1503939591395_11"},{"key":"?cn","val":"NO_ec4b36c1_be4c_44a4_b701_523f80e5e9f6_1503939597205_0"},{"key":"?beneficiaryFullName","val":"Kyle P. Watson"}]},{"result":[{"key":"?v","val":"VO_eeccae76_9d6f_4ac9_a820_21d57f451ac4_1503939591395_0"},{"key":"?b","val":"VO_eeccae76_9d6f_4ac9_a820_21d57f451ac4_1503939591395_11"},{"key":"?cn","val":"VO_eeccae76_9d6f_4ac9_a820_21d57f451ac4_1503939591395_10"},{"key":"?beneficiaryFullName","val":"Kyle P. Watson"}]}]},{"query":"?- ?v:AE#VATravelVoucher, ?v[AE#hasVoucherBeneficiary->?b], ?b[AE#hasName->?cn], ?cn[AE#hasFirstName->?beneficiaryFirstName].","resultList":[{"result":[{"key":"?v","val":"VO_eeccae76_9d6f_4ac9_a820_21d57f451ac4_1503939591395_0"},{"key":"?b","val":"VO_eeccae76_9d6f_4ac9_a820_21d57f451ac4_1503939591395_11"},{"key":"?cn","val":"NO_ec4b36c1_be4c_44a4_b701_523f80e5e9f6_1503939597205_0"},{"key":"?beneficiaryFirstName","val":"kyle"}]}]},{"query":"?- ?v:AE#VATravelVoucher, ?v[AE#hasVoucherBeneficiary->?b], ?b[AE#hasName->?cn], ?cn[AE#hasLastName->?beneficiaryLastName].","resultList":[{"result":[{"key":"?v","val":"VO_eeccae76_9d6f_4ac9_a820_21d57f451ac4_1503939591395_0"},{"key":"?b","val":"VO_eeccae76_9d6f_4ac9_a820_21d57f451ac4_1503939591395_11"},{"key":"?cn","val":"NO_ec4b36c1_be4c_44a4_b701_523f80e5e9f6_1503939597205_0"},{"key":"?beneficiaryLastName","val":"watson"}]}]},{"query":"?- ?v:AE#VATravelVoucher, ?v[AE#hasVoucherBeneficiary->?b], ?b[AE#hasSocialSecurityNumber->?s], ?s[label->?beneficiarySsn].","resultList":[{"result":[{"key":"?v","val":"VO_eeccae76_9d6f_4ac9_a820_21d57f451ac4_1503939591395_0"},{"key":"?b","val":"VO_eeccae76_9d6f_4ac9_a820_21d57f451ac4_1503939591395_11"},{"key":"?s","val":"VO_eeccae76_9d6f_4ac9_a820_21d57f451ac4_1503939591395_9"},{"key":"?beneficiarySsn","val":"701-65-9566"}]}]},{"query":"?- ?v:AE#VATravelVoucher, ?v[AE#hasVoucherBeneficiary->?b], ?b[AE#hasLiens->?beneficiaryHasLiens].","resultList":[{"result":[{"key":"?v","val":"VO_eeccae76_9d6f_4ac9_a820_21d57f451ac4_1503939591395_0"},{"key":"?b","val":"VO_eeccae76_9d6f_4ac9_a820_21d57f451ac4_1503939591395_11"},{"key":"?beneficiaryHasLiens","val":"AE#NoLienReport"}]}]},{"query":"?- ?v:AE#VATravelVoucher, ?v[AE#hasVoucherBeneficiary->?b], ?b[AE#hasDeclaredBankruptcy->?beneficiaryHasDeclaredBankruptcy].","resultList":[{"result":[{"key":"?v","val":"VO_eeccae76_9d6f_4ac9_a820_21d57f451ac4_1503939591395_0"},{"key":"?b","val":"VO_eeccae76_9d6f_4ac9_a820_21d57f451ac4_1503939591395_11"},{"key":"?beneficiaryHasDeclaredBankruptcy","val":"AE#NoBankruptcyReport"}]}]},{"query":"?- ?v:AE#VATravelVoucher, ?v[AE#hasVoucherBeneficiary->?b], ?b[AE#hasArrestRecord->?beneficiaryHasArrestRecord].","resultList":[{"result":[{"key":"?v","val":"VO_eeccae76_9d6f_4ac9_a820_21d57f451ac4_1503939591395_0"},{"key":"?b","val":"VO_eeccae76_9d6f_4ac9_a820_21d57f451ac4_1503939591395_11"},{"key":"?beneficiaryHasArrestRecord","val":"AE#NoArrestRecord"}]}]},{"query":"?- ?v:AE#VATravelVoucher, ?v[AE#hasVoucherBeneficiary->?b], ?b[AE#hasCriminalRecord->?beneficiaryHasCriminalRecord].","resultList":[{"result":[{"key":"?v","val":"VO_eeccae76_9d6f_4ac9_a820_21d57f451ac4_1503939591395_0"},{"key":"?b","val":"VO_eeccae76_9d6f_4ac9_a820_21d57f451ac4_1503939591395_11"},{"key":"?beneficiaryHasCriminalRecord","val":"AE#NoCriminalRecord"}]}]},{"query":"?- ?t:AE#Travelling, ?t[AE#hasPath->?p], ?p[AE#hasDistance->?d], ?d[AE#numericValue->?expectedDistanceValue], ?d[AE#hasUnitOfMeasure->?unitOfDistanceMeasure].","resultList":[{"result":[{"key":"?t","val":"VO_eeccae76_9d6f_4ac9_a820_21d57f451ac4_1503939591395_6"},{"key":"?p","val":"ES_c7177835_12cf_4288_ba22_63f406885af2_1503939622148_4"},{"key":"?d","val":"ES_c7177835_12cf_4288_ba22_63f406885af2_1503939622148_0"},{"key":"?expectedDistanceValue","val":"8771.6112570495461113750934600830078125"},{"key":"?unitOfDistanceMeasure","val":"meters"}]}]},{"query":"?- ?t:AE#Travelling, ?t[AE#hasPath->?p], ?p[AE#hasExpectedTravelTime->?d], ?d[AE#numericValue->?expectedTimeValue], ?d[AE#hasUnitOfMeasure->?unitOfTimeMeasure].","resultList":[{"result":[{"key":"?t","val":"VO_eeccae76_9d6f_4ac9_a820_21d57f451ac4_1503939591395_6"},{"key":"?p","val":"ES_c7177835_12cf_4288_ba22_63f406885af2_1503939622148_4"},{"key":"?d","val":"ES_c7177835_12cf_4288_ba22_63f406885af2_1503939622148_2"},{"key":"?expectedTimeValue","val":"9.606476986664347350597381591796875"},{"key":"?unitOfTimeMeasure","val":"minutes"}]}]},{"query":"?- ?t:AE#Travelling, ?t[AE#hasDestination->?d], ?d[label->?destinationFullAddress].","resultList":[{"result":[{"key":"?t","val":"VO_eeccae76_9d6f_4ac9_a820_21d57f451ac4_1503939591395_7"},{"key":"?d","val":"VO_eeccae76_9d6f_4ac9_a820_21d57f451ac4_1503939591395_8"},{"key":"?destinationFullAddress","val":"2790 Truxton Road, Suite 130, San Diego, CA 92106"}]},{"result":[{"key":"?t","val":"VO_eeccae76_9d6f_4ac9_a820_21d57f451ac4_1503939591395_6"},{"key":"?d","val":"VO_eeccae76_9d6f_4ac9_a820_21d57f451ac4_1503939591395_5"},{"key":"?destinationFullAddress","val":"714 Riverside Rd. San Diego, CA 92117"}]}]},{"query":"?- ?t:AE#Travelling, ?t[AE#hasDestination->?d], ?d[AE#hasStreet->?s], ?s[label->?destinationStreetName], ?d[AE#hasCity->?c], ?c[label->?destinationCity], ?d[AE#hasState->?st], ?st[label->?destinationState], ?d[AE#hasZipcode->?destinationZipCode].","resultList":[{"result":[{"key":"?t","val":"VO_eeccae76_9d6f_4ac9_a820_21d57f451ac4_1503939591395_7"},{"key":"?d","val":"VO_eeccae76_9d6f_4ac9_a820_21d57f451ac4_1503939591395_8"},{"key":"?s","val":"NO_6bebe993_c597_4254_a15f_4897f3b5ba1f_1503939602961_id5"},{"key":"?destinationStreetName","val":"2790 Truxton Road"},{"key":"?c","val":"NO_6bebe993_c597_4254_a15f_4897f3b5ba1f_1503939602961_id11"},{"key":"?destinationCity","val":"San Diego"},{"key":"?st","val":"NO_6bebe993_c597_4254_a15f_4897f3b5ba1f_1503939602961_id13"},{"key":"?destinationState","val":"CA"},{"key":"?destinationZipCode","val":"92106"}]},{"result":[{"key":"?t","val":"VO_eeccae76_9d6f_4ac9_a820_21d57f451ac4_1503939591395_6"},{"key":"?d","val":"VO_eeccae76_9d6f_4ac9_a820_21d57f451ac4_1503939591395_5"},{"key":"?s","val":"NO_cde0905a_3886_42f4_bfed_c241a9be0b8c_1503939605469_id3"},{"key":"?destinationStreetName","val":"714 Riverside Rd."},{"key":"?c","val":"NO_cde0905a_3886_42f4_bfed_c241a9be0b8c_1503939605469_id9"},{"key":"?destinationCity","val":"San Diego"},{"key":"?st","val":"NO_cde0905a_3886_42f4_bfed_c241a9be0b8c_1503939605469_id11"},{"key":"?destinationState","val":"CA"},{"key":"?destinationZipCode","val":"92117"}]}]},{"query":"?- ?t:AE#Travelling, ?t[AE#hasOrigin->?d], ?d[label->?originFullAddress].","resultList":[{"result":[{"key":"?t","val":"VO_eeccae76_9d6f_4ac9_a820_21d57f451ac4_1503939591395_7"},{"key":"?d","val":"VO_eeccae76_9d6f_4ac9_a820_21d57f451ac4_1503939591395_3"},{"key":"?originFullAddress","val":"3534 Yosemite St, San Diego, CA 92109"}]},{"result":[{"key":"?t","val":"VO_eeccae76_9d6f_4ac9_a820_21d57f451ac4_1503939591395_6"},{"key":"?d","val":"VO_eeccae76_9d6f_4ac9_a820_21d57f451ac4_1503939591395_8"},{"key":"?originFullAddress","val":"2790 Truxton Road, Suite 130, San Diego, CA 92106"}]}]},{"query":"?- ?t:AE#Travelling, ?t[AE#hasOrigin->?d], ?d[AE#hasStreet->?s], ?s[label->?originStreetName], ?d[AE#hasCity->?c], ?c[label->?originCity], ?d[AE#hasState->?st], ?st[label->?originState], ?d[AE#hasZipcode->?originZipCode].","resultList":[{"result":[{"key":"?t","val":"VO_eeccae76_9d6f_4ac9_a820_21d57f451ac4_1503939591395_7"},{"key":"?d","val":"VO_eeccae76_9d6f_4ac9_a820_21d57f451ac4_1503939591395_3"},{"key":"?s","val":"NO_d1550943_94ca_4fbf_9e09_767e3051cd8c_1503939607515_id3"},{"key":"?originStreetName","val":"3534 Yosemite St"},{"key":"?c","val":"NO_d1550943_94ca_4fbf_9e09_767e3051cd8c_1503939607515_id9"},{"key":"?originCity","val":"San Diego"},{"key":"?st","val":"NO_d1550943_94ca_4fbf_9e09_767e3051cd8c_1503939607515_id11"},{"key":"?originState","val":"CA"},{"key":"?originZipCode","val":"92109"}]},{"result":[{"key":"?t","val":"VO_eeccae76_9d6f_4ac9_a820_21d57f451ac4_1503939591395_6"},{"key":"?d","val":"VO_eeccae76_9d6f_4ac9_a820_21d57f451ac4_1503939591395_8"},{"key":"?s","val":"NO_6bebe993_c597_4254_a15f_4897f3b5ba1f_1503939602961_id5"},{"key":"?originStreetName","val":"2790 Truxton Road"},{"key":"?c","val":"NO_6bebe993_c597_4254_a15f_4897f3b5ba1f_1503939602961_id11"},{"key":"?originCity","val":"San Diego"},{"key":"?st","val":"NO_6bebe993_c597_4254_a15f_4897f3b5ba1f_1503939602961_id13"},{"key":"?originState","val":"CA"},{"key":"?originZipCode","val":"92106"}]}]},{"query":"?- ?t:AE#Travelling, ?t[AE#hasPath->?p], ?p[AE#hasStartRegion->?s], ?s[AE#hasLatitude->?originLatitude], ?s[AE#hasLongitude->?originLongitude].","resultList":[{"result":[{"key":"?t","val":"VO_eeccae76_9d6f_4ac9_a820_21d57f451ac4_1503939591395_6"},{"key":"?p","val":"ES_c7177835_12cf_4288_ba22_63f406885af2_1503939622148_4"},{"key":"?s","val":"ES_c7177835_12cf_4288_ba22_63f406885af2_1503939622148_3"},{"key":"?originLatitude","val":"32.74051839275188058309140615165233612060546875"},{"key":"?originLongitude","val":"-117.2130215001728856805129908025264739990234375"}]}]},{"query":"?- ?t:AE#Travelling, ?t[AE#hasPath->?p], ?p[AE#hasEndRegion->?e], ?e[AE#hasLatitude->?destinationLatitude], ?e[AE#hasLongitude->?destinationLongitude].","resultList":[{"result":[{"key":"?t","val":"VO_eeccae76_9d6f_4ac9_a820_21d57f451ac4_1503939591395_6"},{"key":"?p","val":"ES_c7177835_12cf_4288_ba22_63f406885af2_1503939622148_4"},{"key":"?e","val":"ES_c7177835_12cf_4288_ba22_63f406885af2_1503939622148_1"},{"key":"?destinationLatitude","val":"32.79662300000001096123014576733112335205078125"},{"key":"?destinationLongitude","val":"-117.197813600000017686397768557071685791015625"}]}]}]}
