{"dataList":[{"query":"?- ?v:AE#VATravelVoucher, ?v[AE#hasVoucherClaimant->?c], ?c[AE#hasName->?cn], ?cn[label->?claimantFullName].","resultList":[{"result":[{"key":"?v","val":"VO_ee8dcf1e_2dd7_460e_8689_0a85cfdbe317_1503940870802_0"},{"key":"?c","val":"VO_ee8dcf1e_2dd7_460e_8689_0a85cfdbe317_1503940870802_2"},{"key":"?cn","val":"NO_1601c1f1_2c3d_4393_a5ec_fe5c8280e3d2_1503940878597_0"},{"key":"?claimantFullName","val":"Lowell R. Hollis"}]},{"result":[{"key":"?v","val":"VO_ee8dcf1e_2dd7_460e_8689_0a85cfdbe317_1503940870802_0"},{"key":"?c","val":"VO_ee8dcf1e_2dd7_460e_8689_0a85cfdbe317_1503940870802_2"},{"key":"?cn","val":"VO_ee8dcf1e_2dd7_460e_8689_0a85cfdbe317_1503940870802_1"},{"key":"?claimantFullName","val":"Lowell R. Hollis"}]}]},{"query":"?- ?v:AE#VATravelVoucher, ?v[AE#hasVoucherClaimant->?c], ?c[AE#hasName->?cn], ?cn[AE#hasFirstName->?claimantFirstName].","resultList":[{"result":[{"key":"?v","val":"VO_ee8dcf1e_2dd7_460e_8689_0a85cfdbe317_1503940870802_0"},{"key":"?c","val":"VO_ee8dcf1e_2dd7_460e_8689_0a85cfdbe317_1503940870802_2"},{"key":"?cn","val":"NO_1601c1f1_2c3d_4393_a5ec_fe5c8280e3d2_1503940878597_0"},{"key":"?claimantFirstName","val":"lowell"}]}]},{"query":"?- ?v:AE#VATravelVoucher, ?v[AE#hasVoucherClaimant->?c], ?c[AE#hasName->?cn], ?cn[AE#hasLastName->?claimantLastName].","resultList":[{"result":[{"key":"?v","val":"VO_ee8dcf1e_2dd7_460e_8689_0a85cfdbe317_1503940870802_0"},{"key":"?c","val":"VO_ee8dcf1e_2dd7_460e_8689_0a85cfdbe317_1503940870802_2"},{"key":"?cn","val":"NO_1601c1f1_2c3d_4393_a5ec_fe5c8280e3d2_1503940878597_0"},{"key":"?claimantLastName","val":"hollis"}]}]},{"query":"?- ?v:AE#VATravelVoucher, ?v[AE#hasVoucherClaimant->?c], ?c[AE#hasSocialSecurityNumber->?s], ?s[label->?claimantSsn].","resultList":[{"result":[{"key":"?v","val":"VO_ee8dcf1e_2dd7_460e_8689_0a85cfdbe317_1503940870802_0"},{"key":"?c","val":"VO_ee8dcf1e_2dd7_460e_8689_0a85cfdbe317_1503940870802_2"},{"key":"?s","val":"VO_ee8dcf1e_2dd7_460e_8689_0a85cfdbe317_1503940870802_12"},{"key":"?claimantSsn","val":"573-84-3374"}]}]},{"query":"?- ?v:AE#VATravelVoucher, ?v[AE#hasVoucherClaimant->?c], ?c[AE#hasLiens->?claimantHasLiens].","resultList":[{"result":[{"key":"?v","val":"VO_ee8dcf1e_2dd7_460e_8689_0a85cfdbe317_1503940870802_0"},{"key":"?c","val":"VO_ee8dcf1e_2dd7_460e_8689_0a85cfdbe317_1503940870802_2"},{"key":"?claimantHasLiens","val":"AE#NoLienReport"}]}]},{"query":"?- ?v:AE#VATravelVoucher, ?v[AE#hasVoucherClaimant->?c], ?c[AE#hasDeclaredBankruptcy->?claimantHasDeclaredBankruptcy].","resultList":[{"result":[{"key":"?v","val":"VO_ee8dcf1e_2dd7_460e_8689_0a85cfdbe317_1503940870802_0"},{"key":"?c","val":"VO_ee8dcf1e_2dd7_460e_8689_0a85cfdbe317_1503940870802_2"},{"key":"?claimantHasDeclaredBankruptcy","val":"AE#NoBankruptcyReport"}]}]},{"query":"?- ?v:AE#VATravelVoucher, ?v[AE#hasVoucherClaimant->?c], ?c[AE#hasArrestRecord->?claimantHasArrestRecord].","resultList":[{"result":[{"key":"?v","val":"VO_ee8dcf1e_2dd7_460e_8689_0a85cfdbe317_1503940870802_0"},{"key":"?c","val":"VO_ee8dcf1e_2dd7_460e_8689_0a85cfdbe317_1503940870802_2"},{"key":"?claimantHasArrestRecord","val":"AE#NoArrestRecord"}]}]},{"query":"?- ?v:AE#VATravelVoucher, ?v[AE#hasVoucherClaimant->?c], ?c[AE#hasCriminalRecord->?claimantHasCriminalRecord].","resultList":[{"result":[{"key":"?v","val":"VO_ee8dcf1e_2dd7_460e_8689_0a85cfdbe317_1503940870802_0"},{"key":"?c","val":"VO_ee8dcf1e_2dd7_460e_8689_0a85cfdbe317_1503940870802_2"},{"key":"?claimantHasCriminalRecord","val":"AE#NoCriminalRecord"}]}]},{"query":"?- ?v:AE#VATravelVoucher, ?v[AE#hasVoucherBeneficiary->?b], ?b[AE#hasName->?cn], ?cn[label->?beneficiaryFullName].","resultList":[{"result":[{"key":"?v","val":"VO_ee8dcf1e_2dd7_460e_8689_0a85cfdbe317_1503940870802_0"},{"key":"?b","val":"VO_ee8dcf1e_2dd7_460e_8689_0a85cfdbe317_1503940870802_11"},{"key":"?cn","val":"VO_ee8dcf1e_2dd7_460e_8689_0a85cfdbe317_1503940870802_10"},{"key":"?beneficiaryFullName","val":"Jon M. Oscar"}]},{"result":[{"key":"?v","val":"VO_ee8dcf1e_2dd7_460e_8689_0a85cfdbe317_1503940870802_0"},{"key":"?b","val":"VO_ee8dcf1e_2dd7_460e_8689_0a85cfdbe317_1503940870802_11"},{"key":"?cn","val":"NO_d8b6c68d_ccb0_4586_9570_11bfe025ea69_1503940876553_0"},{"key":"?beneficiaryFullName","val":"Jon M. Oscar"}]}]},{"query":"?- ?v:AE#VATravelVoucher, ?v[AE#hasVoucherBeneficiary->?b], ?b[AE#hasName->?cn], ?cn[AE#hasFirstName->?beneficiaryFirstName].","resultList":[{"result":[{"key":"?v","val":"VO_ee8dcf1e_2dd7_460e_8689_0a85cfdbe317_1503940870802_0"},{"key":"?b","val":"VO_ee8dcf1e_2dd7_460e_8689_0a85cfdbe317_1503940870802_11"},{"key":"?cn","val":"NO_d8b6c68d_ccb0_4586_9570_11bfe025ea69_1503940876553_0"},{"key":"?beneficiaryFirstName","val":"jon"}]}]},{"query":"?- ?v:AE#VATravelVoucher, ?v[AE#hasVoucherBeneficiary->?b], ?b[AE#hasName->?cn], ?cn[AE#hasLastName->?beneficiaryLastName].","resultList":[{"result":[{"key":"?v","val":"VO_ee8dcf1e_2dd7_460e_8689_0a85cfdbe317_1503940870802_0"},{"key":"?b","val":"VO_ee8dcf1e_2dd7_460e_8689_0a85cfdbe317_1503940870802_11"},{"key":"?cn","val":"NO_d8b6c68d_ccb0_4586_9570_11bfe025ea69_1503940876553_0"},{"key":"?beneficiaryLastName","val":"oscar"}]}]},{"query":"?- ?v:AE#VATravelVoucher, ?v[AE#hasVoucherBeneficiary->?b], ?b[AE#hasSocialSecurityNumber->?s], ?s[label->?beneficiarySsn].","resultList":[{"result":[{"key":"?v","val":"VO_ee8dcf1e_2dd7_460e_8689_0a85cfdbe317_1503940870802_0"},{"key":"?b","val":"VO_ee8dcf1e_2dd7_460e_8689_0a85cfdbe317_1503940870802_11"},{"key":"?s","val":"VO_ee8dcf1e_2dd7_460e_8689_0a85cfdbe317_1503940870802_9"},{"key":"?beneficiarySsn","val":"708-55-8273"}]}]},{"query":"?- ?v:AE#VATravelVoucher, ?v[AE#hasVoucherBeneficiary->?b], ?b[AE#hasLiens->?beneficiaryHasLiens].","resultList":[{"result":[{"key":"?v","val":"VO_ee8dcf1e_2dd7_460e_8689_0a85cfdbe317_1503940870802_0"},{"key":"?b","val":"VO_ee8dcf1e_2dd7_460e_8689_0a85cfdbe317_1503940870802_11"},{"key":"?beneficiaryHasLiens","val":"AE#UnknownLienReport"}]}]},{"query":"?- ?v:AE#VATravelVoucher, ?v[AE#hasVoucherBeneficiary->?b], ?b[AE#hasDeclaredBankruptcy->?beneficiaryHasDeclaredBankruptcy].","resultList":[{"result":[{"key":"?v","val":"VO_ee8dcf1e_2dd7_460e_8689_0a85cfdbe317_1503940870802_0"},{"key":"?b","val":"VO_ee8dcf1e_2dd7_460e_8689_0a85cfdbe317_1503940870802_11"},{"key":"?beneficiaryHasDeclaredBankruptcy","val":"AE#NoBankruptcyReport"}]}]},{"query":"?- ?v:AE#VATravelVoucher, ?v[AE#hasVoucherBeneficiary->?b], ?b[AE#hasArrestRecord->?beneficiaryHasArrestRecord].","resultList":[{"result":[{"key":"?v","val":"VO_ee8dcf1e_2dd7_460e_8689_0a85cfdbe317_1503940870802_0"},{"key":"?b","val":"VO_ee8dcf1e_2dd7_460e_8689_0a85cfdbe317_1503940870802_11"},{"key":"?beneficiaryHasArrestRecord","val":"AE#NoArrestRecord"}]}]},{"query":"?- ?v:AE#VATravelVoucher, ?v[AE#hasVoucherBeneficiary->?b], ?b[AE#hasCriminalRecord->?beneficiaryHasCriminalRecord].","resultList":[{"result":[{"key":"?v","val":"VO_ee8dcf1e_2dd7_460e_8689_0a85cfdbe317_1503940870802_0"},{"key":"?b","val":"VO_ee8dcf1e_2dd7_460e_8689_0a85cfdbe317_1503940870802_11"},{"key":"?beneficiaryHasCriminalRecord","val":"AE#NoCriminalRecord"}]}]},{"query":"?- ?t:AE#Travelling, ?t[AE#hasPath->?p], ?p[AE#hasDistance->?d], ?d[AE#numericValue->?expectedDistanceValue], ?d[AE#hasUnitOfMeasure->?unitOfDistanceMeasure].","resultList":[{"result":[{"key":"?t","val":"VO_ee8dcf1e_2dd7_460e_8689_0a85cfdbe317_1503940870802_6"},{"key":"?p","val":"ES_7aaca944_d030_4803_ab38_48749fbd1fd2_1503940899312_4"},{"key":"?d","val":"ES_7aaca944_d030_4803_ab38_48749fbd1fd2_1503940899312_0"},{"key":"?expectedDistanceValue","val":"14237.9477895423842710442841053009033203125"},{"key":"?unitOfDistanceMeasure","val":"meters"}]}]},{"query":"?- ?t:AE#Travelling, ?t[AE#hasPath->?p], ?p[AE#hasExpectedTravelTime->?d], ?d[AE#numericValue->?expectedTimeValue], ?d[AE#hasUnitOfMeasure->?unitOfTimeMeasure].","resultList":[{"result":[{"key":"?t","val":"VO_ee8dcf1e_2dd7_460e_8689_0a85cfdbe317_1503940870802_6"},{"key":"?p","val":"ES_7aaca944_d030_4803_ab38_48749fbd1fd2_1503940899312_4"},{"key":"?d","val":"ES_7aaca944_d030_4803_ab38_48749fbd1fd2_1503940899312_2"},{"key":"?expectedTimeValue","val":"12.157048107474111020565032958984375"},{"key":"?unitOfTimeMeasure","val":"minutes"}]}]},{"query":"?- ?t:AE#Travelling, ?t[AE#hasDestination->?d], ?d[label->?destinationFullAddress].","resultList":[{"result":[{"key":"?t","val":"VO_ee8dcf1e_2dd7_460e_8689_0a85cfdbe317_1503940870802_7"},{"key":"?d","val":"VO_ee8dcf1e_2dd7_460e_8689_0a85cfdbe317_1503940870802_8"},{"key":"?destinationFullAddress","val":"2790 Truxton Road, Suite 130, San Diego, CA 92106"}]},{"result":[{"key":"?t","val":"VO_ee8dcf1e_2dd7_460e_8689_0a85cfdbe317_1503940870802_6"},{"key":"?d","val":"VO_ee8dcf1e_2dd7_460e_8689_0a85cfdbe317_1503940870802_5"},{"key":"?destinationFullAddress","val":"8658 Marlborough Dr. San Diego, CA 92115"}]}]},{"query":"?- ?t:AE#Travelling, ?t[AE#hasDestination->?d], ?d[AE#hasStreet->?s], ?s[label->?destinationStreetName], ?d[AE#hasCity->?c], ?c[label->?destinationCity], ?d[AE#hasState->?st], ?st[label->?destinationState], ?d[AE#hasZipcode->?destinationZipCode].","resultList":[{"result":[{"key":"?t","val":"VO_ee8dcf1e_2dd7_460e_8689_0a85cfdbe317_1503940870802_7"},{"key":"?d","val":"VO_ee8dcf1e_2dd7_460e_8689_0a85cfdbe317_1503940870802_8"},{"key":"?s","val":"NO_e861bb55_cb47_470c_a67a_99c02dccf151_1503940880611_id5"},{"key":"?destinationStreetName","val":"2790 Truxton Road"},{"key":"?c","val":"NO_e861bb55_cb47_470c_a67a_99c02dccf151_1503940880611_id11"},{"key":"?destinationCity","val":"San Diego"},{"key":"?st","val":"NO_e861bb55_cb47_470c_a67a_99c02dccf151_1503940880611_id13"},{"key":"?destinationState","val":"CA"},{"key":"?destinationZipCode","val":"92106"}]},{"result":[{"key":"?t","val":"VO_ee8dcf1e_2dd7_460e_8689_0a85cfdbe317_1503940870802_6"},{"key":"?d","val":"VO_ee8dcf1e_2dd7_460e_8689_0a85cfdbe317_1503940870802_5"},{"key":"?s","val":"NO_63fe8448_bd45_4105_9650_d2c2144bb2bf_1503940882741_id3"},{"key":"?destinationStreetName","val":"8658 Marlborough Dr."},{"key":"?c","val":"NO_63fe8448_bd45_4105_9650_d2c2144bb2bf_1503940882741_id9"},{"key":"?destinationCity","val":"San Diego"},{"key":"?st","val":"NO_63fe8448_bd45_4105_9650_d2c2144bb2bf_1503940882741_id11"},{"key":"?destinationState","val":"CA"},{"key":"?destinationZipCode","val":"92115"}]}]},{"query":"?- ?t:AE#Travelling, ?t[AE#hasOrigin->?d], ?d[label->?originFullAddress].","resultList":[{"result":[{"key":"?t","val":"VO_ee8dcf1e_2dd7_460e_8689_0a85cfdbe317_1503940870802_7"},{"key":"?d","val":"VO_ee8dcf1e_2dd7_460e_8689_0a85cfdbe317_1503940870802_3"},{"key":"?originFullAddress","val":"3224 N Mountain View Dr, San Diego, CA 92116"}]},{"result":[{"key":"?t","val":"VO_ee8dcf1e_2dd7_460e_8689_0a85cfdbe317_1503940870802_6"},{"key":"?d","val":"VO_ee8dcf1e_2dd7_460e_8689_0a85cfdbe317_1503940870802_8"},{"key":"?originFullAddress","val":"2790 Truxton Road, Suite 130, San Diego, CA 92106"}]}]},{"query":"?- ?t:AE#Travelling, ?t[AE#hasOrigin->?d], ?d[AE#hasStreet->?s], ?s[label->?originStreetName], ?d[AE#hasCity->?c], ?c[label->?originCity], ?d[AE#hasState->?st], ?st[label->?originState], ?d[AE#hasZipcode->?originZipCode].","resultList":[{"result":[{"key":"?t","val":"VO_ee8dcf1e_2dd7_460e_8689_0a85cfdbe317_1503940870802_7"},{"key":"?d","val":"VO_ee8dcf1e_2dd7_460e_8689_0a85cfdbe317_1503940870802_3"},{"key":"?s","val":"NO_5c5a56ee_2d77_422f_a364_c9532338f433_1503940885152_id3"},{"key":"?originStreetName","val":"3224 N Mountain View Dr"},{"key":"?c","val":"NO_5c5a56ee_2d77_422f_a364_c9532338f433_1503940885152_id9"},{"key":"?originCity","val":"San Diego"},{"key":"?st","val":"NO_5c5a56ee_2d77_422f_a364_c9532338f433_1503940885152_id11"},{"key":"?originState","val":"CA"},{"key":"?originZipCode","val":"92116"}]},{"result":[{"key":"?t","val":"VO_ee8dcf1e_2dd7_460e_8689_0a85cfdbe317_1503940870802_6"},{"key":"?d","val":"VO_ee8dcf1e_2dd7_460e_8689_0a85cfdbe317_1503940870802_8"},{"key":"?s","val":"NO_e861bb55_cb47_470c_a67a_99c02dccf151_1503940880611_id5"},{"key":"?originStreetName","val":"2790 Truxton Road"},{"key":"?c","val":"NO_e861bb55_cb47_470c_a67a_99c02dccf151_1503940880611_id11"},{"key":"?originCity","val":"San Diego"},{"key":"?st","val":"NO_e861bb55_cb47_470c_a67a_99c02dccf151_1503940880611_id13"},{"key":"?originState","val":"CA"},{"key":"?originZipCode","val":"92106"}]}]},{"query":"?- ?t:AE#Travelling, ?t[AE#hasPath->?p], ?p[AE#hasStartRegion->?s], ?s[AE#hasLatitude->?originLatitude], ?s[AE#hasLongitude->?originLongitude].","resultList":[{"result":[{"key":"?t","val":"VO_ee8dcf1e_2dd7_460e_8689_0a85cfdbe317_1503940870802_6"},{"key":"?p","val":"ES_7aaca944_d030_4803_ab38_48749fbd1fd2_1503940899312_4"},{"key":"?s","val":"ES_7aaca944_d030_4803_ab38_48749fbd1fd2_1503940899312_3"},{"key":"?originLatitude","val":"32.74051839275188058309140615165233612060546875"},{"key":"?originLongitude","val":"-117.2130215001728856805129908025264739990234375"}]}]},{"query":"?- ?t:AE#Travelling, ?t[AE#hasPath->?p], ?p[AE#hasEndRegion->?e], ?e[AE#hasLatitude->?destinationLatitude], ?e[AE#hasLongitude->?destinationLongitude].","resultList":[{"result":[{"key":"?t","val":"VO_ee8dcf1e_2dd7_460e_8689_0a85cfdbe317_1503940870802_6"},{"key":"?p","val":"ES_7aaca944_d030_4803_ab38_48749fbd1fd2_1503940899312_4"},{"key":"?e","val":"ES_7aaca944_d030_4803_ab38_48749fbd1fd2_1503940899312_1"},{"key":"?destinationLatitude","val":"32.76700644473731216521628084592521190643310546875"},{"key":"?destinationLongitude","val":"-117.1062721265350745625255513004958629608154296875"}]}]}]}
