{"dataList":[{"query":"?- ?v:AE#VATravelVoucher, ?v[AE#hasVoucherClaimant->?c], ?c[AE#hasName->?cn], ?cn[label->?claimantFullName].","resultList":[{"result":[{"key":"?v","val":"VO_e803ba76_24d1_4a3f_91b5_779114762a2c_1503940557652_0"},{"key":"?c","val":"VO_e803ba76_24d1_4a3f_91b5_779114762a2c_1503940557652_2"},{"key":"?cn","val":"NO_bce7b716_eb87_4d96_bc49_e65045f51265_1503940565423_0"},{"key":"?claimantFullName","val":"Mary Shelli Terry"}]},{"result":[{"key":"?v","val":"VO_e803ba76_24d1_4a3f_91b5_779114762a2c_1503940557652_0"},{"key":"?c","val":"VO_e803ba76_24d1_4a3f_91b5_779114762a2c_1503940557652_2"},{"key":"?cn","val":"VO_e803ba76_24d1_4a3f_91b5_779114762a2c_1503940557652_1"},{"key":"?claimantFullName","val":"Mary Shelli Terry"}]}]},{"query":"?- ?v:AE#VATravelVoucher, ?v[AE#hasVoucherClaimant->?c], ?c[AE#hasName->?cn], ?cn[AE#hasFirstName->?claimantFirstName].","resultList":[{"result":[{"key":"?v","val":"VO_e803ba76_24d1_4a3f_91b5_779114762a2c_1503940557652_0"},{"key":"?c","val":"VO_e803ba76_24d1_4a3f_91b5_779114762a2c_1503940557652_2"},{"key":"?cn","val":"NO_bce7b716_eb87_4d96_bc49_e65045f51265_1503940565423_0"},{"key":"?claimantFirstName","val":"mary"}]}]},{"query":"?- ?v:AE#VATravelVoucher, ?v[AE#hasVoucherClaimant->?c], ?c[AE#hasName->?cn], ?cn[AE#hasLastName->?claimantLastName].","resultList":[{"result":[{"key":"?v","val":"VO_e803ba76_24d1_4a3f_91b5_779114762a2c_1503940557652_0"},{"key":"?c","val":"VO_e803ba76_24d1_4a3f_91b5_779114762a2c_1503940557652_2"},{"key":"?cn","val":"NO_bce7b716_eb87_4d96_bc49_e65045f51265_1503940565423_0"},{"key":"?claimantLastName","val":"terry"}]}]},{"query":"?- ?v:AE#VATravelVoucher, ?v[AE#hasVoucherClaimant->?c], ?c[AE#hasSocialSecurityNumber->?s], ?s[label->?claimantSsn].","resultList":[{"result":[{"key":"?v","val":"VO_e803ba76_24d1_4a3f_91b5_779114762a2c_1503940557652_0"},{"key":"?c","val":"VO_e803ba76_24d1_4a3f_91b5_779114762a2c_1503940557652_2"},{"key":"?s","val":"VO_e803ba76_24d1_4a3f_91b5_779114762a2c_1503940557652_12"},{"key":"?claimantSsn","val":"937-15-2555"}]}]},{"query":"?- ?v:AE#VATravelVoucher, ?v[AE#hasVoucherClaimant->?c], ?c[AE#hasLiens->?claimantHasLiens].","resultList":[{"result":[{"key":"?v","val":"VO_e803ba76_24d1_4a3f_91b5_779114762a2c_1503940557652_0"},{"key":"?c","val":"VO_e803ba76_24d1_4a3f_91b5_779114762a2c_1503940557652_2"},{"key":"?claimantHasLiens","val":"AE#NoLienReport"}]}]},{"query":"?- ?v:AE#VATravelVoucher, ?v[AE#hasVoucherClaimant->?c], ?c[AE#hasDeclaredBankruptcy->?claimantHasDeclaredBankruptcy].","resultList":[{"result":[{"key":"?v","val":"VO_e803ba76_24d1_4a3f_91b5_779114762a2c_1503940557652_0"},{"key":"?c","val":"VO_e803ba76_24d1_4a3f_91b5_779114762a2c_1503940557652_2"},{"key":"?claimantHasDeclaredBankruptcy","val":"AE#NoBankruptcyReport"}]}]},{"query":"?- ?v:AE#VATravelVoucher, ?v[AE#hasVoucherClaimant->?c], ?c[AE#hasArrestRecord->?claimantHasArrestRecord].","resultList":[{"result":[{"key":"?v","val":"VO_e803ba76_24d1_4a3f_91b5_779114762a2c_1503940557652_0"},{"key":"?c","val":"VO_e803ba76_24d1_4a3f_91b5_779114762a2c_1503940557652_2"},{"key":"?claimantHasArrestRecord","val":"AE#NoArrestRecord"}]}]},{"query":"?- ?v:AE#VATravelVoucher, ?v[AE#hasVoucherClaimant->?c], ?c[AE#hasCriminalRecord->?claimantHasCriminalRecord].","resultList":[{"result":[{"key":"?v","val":"VO_e803ba76_24d1_4a3f_91b5_779114762a2c_1503940557652_0"},{"key":"?c","val":"VO_e803ba76_24d1_4a3f_91b5_779114762a2c_1503940557652_2"},{"key":"?claimantHasCriminalRecord","val":"AE#NoCriminalRecord"}]}]},{"query":"?- ?v:AE#VATravelVoucher, ?v[AE#hasVoucherBeneficiary->?b], ?b[AE#hasName->?cn], ?cn[label->?beneficiaryFullName].","resultList":[{"result":[{"key":"?v","val":"VO_e803ba76_24d1_4a3f_91b5_779114762a2c_1503940557652_0"},{"key":"?b","val":"VO_e803ba76_24d1_4a3f_91b5_779114762a2c_1503940557652_11"},{"key":"?cn","val":"VO_e803ba76_24d1_4a3f_91b5_779114762a2c_1503940557652_10"},{"key":"?beneficiaryFullName","val":"Harry T. Bowles"}]},{"result":[{"key":"?v","val":"VO_e803ba76_24d1_4a3f_91b5_779114762a2c_1503940557652_0"},{"key":"?b","val":"VO_e803ba76_24d1_4a3f_91b5_779114762a2c_1503940557652_11"},{"key":"?cn","val":"NO_44576f3e_c530_49bd_8696_eea46943275a_1503940563348_0"},{"key":"?beneficiaryFullName","val":"Harry T. Bowles"}]}]},{"query":"?- ?v:AE#VATravelVoucher, ?v[AE#hasVoucherBeneficiary->?b], ?b[AE#hasName->?cn], ?cn[AE#hasFirstName->?beneficiaryFirstName].","resultList":[{"result":[{"key":"?v","val":"VO_e803ba76_24d1_4a3f_91b5_779114762a2c_1503940557652_0"},{"key":"?b","val":"VO_e803ba76_24d1_4a3f_91b5_779114762a2c_1503940557652_11"},{"key":"?cn","val":"NO_44576f3e_c530_49bd_8696_eea46943275a_1503940563348_0"},{"key":"?beneficiaryFirstName","val":"harry"}]}]},{"query":"?- ?v:AE#VATravelVoucher, ?v[AE#hasVoucherBeneficiary->?b], ?b[AE#hasName->?cn], ?cn[AE#hasLastName->?beneficiaryLastName].","resultList":[{"result":[{"key":"?v","val":"VO_e803ba76_24d1_4a3f_91b5_779114762a2c_1503940557652_0"},{"key":"?b","val":"VO_e803ba76_24d1_4a3f_91b5_779114762a2c_1503940557652_11"},{"key":"?cn","val":"NO_44576f3e_c530_49bd_8696_eea46943275a_1503940563348_0"},{"key":"?beneficiaryLastName","val":"bowles"}]}]},{"query":"?- ?v:AE#VATravelVoucher, ?v[AE#hasVoucherBeneficiary->?b], ?b[AE#hasSocialSecurityNumber->?s], ?s[label->?beneficiarySsn].","resultList":[{"result":[{"key":"?v","val":"VO_e803ba76_24d1_4a3f_91b5_779114762a2c_1503940557652_0"},{"key":"?b","val":"VO_e803ba76_24d1_4a3f_91b5_779114762a2c_1503940557652_11"},{"key":"?s","val":"VO_e803ba76_24d1_4a3f_91b5_779114762a2c_1503940557652_9"},{"key":"?beneficiarySsn","val":"624-09-7591"}]}]},{"query":"?- ?v:AE#VATravelVoucher, ?v[AE#hasVoucherBeneficiary->?b], ?b[AE#hasLiens->?beneficiaryHasLiens].","resultList":[{"result":[{"key":"?v","val":"VO_e803ba76_24d1_4a3f_91b5_779114762a2c_1503940557652_0"},{"key":"?b","val":"VO_e803ba76_24d1_4a3f_91b5_779114762a2c_1503940557652_11"},{"key":"?beneficiaryHasLiens","val":"AE#NoLienReport"}]}]},{"query":"?- ?v:AE#VATravelVoucher, ?v[AE#hasVoucherBeneficiary->?b], ?b[AE#hasDeclaredBankruptcy->?beneficiaryHasDeclaredBankruptcy].","resultList":[{"result":[{"key":"?v","val":"VO_e803ba76_24d1_4a3f_91b5_779114762a2c_1503940557652_0"},{"key":"?b","val":"VO_e803ba76_24d1_4a3f_91b5_779114762a2c_1503940557652_11"},{"key":"?beneficiaryHasDeclaredBankruptcy","val":"AE#NoBankruptcyReport"}]}]},{"query":"?- ?v:AE#VATravelVoucher, ?v[AE#hasVoucherBeneficiary->?b], ?b[AE#hasArrestRecord->?beneficiaryHasArrestRecord].","resultList":[{"result":[{"key":"?v","val":"VO_e803ba76_24d1_4a3f_91b5_779114762a2c_1503940557652_0"},{"key":"?b","val":"VO_e803ba76_24d1_4a3f_91b5_779114762a2c_1503940557652_11"},{"key":"?beneficiaryHasArrestRecord","val":"AE#NoArrestRecord"}]}]},{"query":"?- ?v:AE#VATravelVoucher, ?v[AE#hasVoucherBeneficiary->?b], ?b[AE#hasCriminalRecord->?beneficiaryHasCriminalRecord].","resultList":[{"result":[{"key":"?v","val":"VO_e803ba76_24d1_4a3f_91b5_779114762a2c_1503940557652_0"},{"key":"?b","val":"VO_e803ba76_24d1_4a3f_91b5_779114762a2c_1503940557652_11"},{"key":"?beneficiaryHasCriminalRecord","val":"AE#NoCriminalRecord"}]}]},{"query":"?- ?t:AE#Travelling, ?t[AE#hasPath->?p], ?p[AE#hasDistance->?d], ?d[AE#numericValue->?expectedDistanceValue], ?d[AE#hasUnitOfMeasure->?unitOfDistanceMeasure].","resultList":[{"result":[{"key":"?t","val":"VO_e803ba76_24d1_4a3f_91b5_779114762a2c_1503940557652_6"},{"key":"?p","val":"ES_ad675c73_37e1_4196_821f_2ab795b66149_1503940584419_4"},{"key":"?d","val":"ES_ad675c73_37e1_4196_821f_2ab795b66149_1503940584419_0"},{"key":"?expectedDistanceValue","val":"26874.50896420309800305403769016265869140625"},{"key":"?unitOfDistanceMeasure","val":"meters"}]}]},{"query":"?- ?t:AE#Travelling, ?t[AE#hasPath->?p], ?p[AE#hasExpectedTravelTime->?d], ?d[AE#numericValue->?expectedTimeValue], ?d[AE#hasUnitOfMeasure->?unitOfTimeMeasure].","resultList":[{"result":[{"key":"?t","val":"VO_e803ba76_24d1_4a3f_91b5_779114762a2c_1503940557652_6"},{"key":"?p","val":"ES_ad675c73_37e1_4196_821f_2ab795b66149_1503940584419_4"},{"key":"?d","val":"ES_ad675c73_37e1_4196_821f_2ab795b66149_1503940584419_2"},{"key":"?expectedTimeValue","val":"18.524449710384942591190338134765625"},{"key":"?unitOfTimeMeasure","val":"minutes"}]}]},{"query":"?- ?t:AE#Travelling, ?t[AE#hasDestination->?d], ?d[label->?destinationFullAddress].","resultList":[{"result":[{"key":"?t","val":"VO_e803ba76_24d1_4a3f_91b5_779114762a2c_1503940557652_7"},{"key":"?d","val":"VO_e803ba76_24d1_4a3f_91b5_779114762a2c_1503940557652_8"},{"key":"?destinationFullAddress","val":"2790 Truxton Road, Suite 130, San Diego, CA 92106"}]},{"result":[{"key":"?t","val":"VO_e803ba76_24d1_4a3f_91b5_779114762a2c_1503940557652_6"},{"key":"?d","val":"VO_e803ba76_24d1_4a3f_91b5_779114762a2c_1503940557652_5"},{"key":"?destinationFullAddress","val":"236 Richardson Ave San Diego, CA 92115"}]}]},{"query":"?- ?t:AE#Travelling, ?t[AE#hasDestination->?d], ?d[AE#hasStreet->?s], ?s[label->?destinationStreetName], ?d[AE#hasCity->?c], ?c[label->?destinationCity], ?d[AE#hasState->?st], ?st[label->?destinationState], ?d[AE#hasZipcode->?destinationZipCode].","resultList":[{"result":[{"key":"?t","val":"VO_e803ba76_24d1_4a3f_91b5_779114762a2c_1503940557652_7"},{"key":"?d","val":"VO_e803ba76_24d1_4a3f_91b5_779114762a2c_1503940557652_8"},{"key":"?s","val":"NO_53d38dbe_9f08_4efa_8f23_5ea997d40d8d_1503940567600_id5"},{"key":"?destinationStreetName","val":"2790 Truxton Road"},{"key":"?c","val":"NO_53d38dbe_9f08_4efa_8f23_5ea997d40d8d_1503940567600_id11"},{"key":"?destinationCity","val":"San Diego"},{"key":"?st","val":"NO_53d38dbe_9f08_4efa_8f23_5ea997d40d8d_1503940567600_id13"},{"key":"?destinationState","val":"CA"},{"key":"?destinationZipCode","val":"92106"}]},{"result":[{"key":"?t","val":"VO_e803ba76_24d1_4a3f_91b5_779114762a2c_1503940557652_6"},{"key":"?d","val":"VO_e803ba76_24d1_4a3f_91b5_779114762a2c_1503940557652_5"},{"key":"?s","val":"NO_9552079f_a51d_4f9a_863e_9106f9c10b73_1503940569687_id3"},{"key":"?destinationStreetName","val":"236 Richardson Ave"},{"key":"?c","val":"NO_9552079f_a51d_4f9a_863e_9106f9c10b73_1503940569687_id9"},{"key":"?destinationCity","val":"San Diego"},{"key":"?st","val":"NO_9552079f_a51d_4f9a_863e_9106f9c10b73_1503940569687_id11"},{"key":"?destinationState","val":"CA"},{"key":"?destinationZipCode","val":"92115"}]}]},{"query":"?- ?t:AE#Travelling, ?t[AE#hasOrigin->?d], ?d[label->?originFullAddress].","resultList":[{"result":[{"key":"?t","val":"VO_e803ba76_24d1_4a3f_91b5_779114762a2c_1503940557652_7"},{"key":"?d","val":"VO_e803ba76_24d1_4a3f_91b5_779114762a2c_1503940557652_3"},{"key":"?originFullAddress","val":"57 Pennsylvania St. San Diego, CA 92126"}]},{"result":[{"key":"?t","val":"VO_e803ba76_24d1_4a3f_91b5_779114762a2c_1503940557652_6"},{"key":"?d","val":"VO_e803ba76_24d1_4a3f_91b5_779114762a2c_1503940557652_8"},{"key":"?originFullAddress","val":"2790 Truxton Road, Suite 130, San Diego, CA 92106"}]}]},{"query":"?- ?t:AE#Travelling, ?t[AE#hasOrigin->?d], ?d[AE#hasStreet->?s], ?s[label->?originStreetName], ?d[AE#hasCity->?c], ?c[label->?originCity], ?d[AE#hasState->?st], ?st[label->?originState], ?d[AE#hasZipcode->?originZipCode].","resultList":[{"result":[{"key":"?t","val":"VO_e803ba76_24d1_4a3f_91b5_779114762a2c_1503940557652_7"},{"key":"?d","val":"VO_e803ba76_24d1_4a3f_91b5_779114762a2c_1503940557652_3"},{"key":"?s","val":"NO_f039d748_87a3_4d1a_bf9e_24e3985b1dd3_1503940571766_id3"},{"key":"?originStreetName","val":"57 Pennsylvania St."},{"key":"?c","val":"NO_f039d748_87a3_4d1a_bf9e_24e3985b1dd3_1503940571766_id9"},{"key":"?originCity","val":"San Diego"},{"key":"?st","val":"NO_f039d748_87a3_4d1a_bf9e_24e3985b1dd3_1503940571766_id11"},{"key":"?originState","val":"CA"},{"key":"?originZipCode","val":"92126"}]},{"result":[{"key":"?t","val":"VO_e803ba76_24d1_4a3f_91b5_779114762a2c_1503940557652_6"},{"key":"?d","val":"VO_e803ba76_24d1_4a3f_91b5_779114762a2c_1503940557652_8"},{"key":"?s","val":"NO_53d38dbe_9f08_4efa_8f23_5ea997d40d8d_1503940567600_id5"},{"key":"?originStreetName","val":"2790 Truxton Road"},{"key":"?c","val":"NO_53d38dbe_9f08_4efa_8f23_5ea997d40d8d_1503940567600_id11"},{"key":"?originCity","val":"San Diego"},{"key":"?st","val":"NO_53d38dbe_9f08_4efa_8f23_5ea997d40d8d_1503940567600_id13"},{"key":"?originState","val":"CA"},{"key":"?originZipCode","val":"92106"}]}]},{"query":"?- ?t:AE#Travelling, ?t[AE#hasPath->?p], ?p[AE#hasStartRegion->?s], ?s[AE#hasLatitude->?originLatitude], ?s[AE#hasLongitude->?originLongitude].","resultList":[{"result":[{"key":"?t","val":"VO_e803ba76_24d1_4a3f_91b5_779114762a2c_1503940557652_6"},{"key":"?p","val":"ES_ad675c73_37e1_4196_821f_2ab795b66149_1503940584419_4"},{"key":"?s","val":"ES_ad675c73_37e1_4196_821f_2ab795b66149_1503940584419_3"},{"key":"?originLatitude","val":"32.74051839275188058309140615165233612060546875"},{"key":"?originLongitude","val":"-117.2130215001728856805129908025264739990234375"}]}]},{"query":"?- ?t:AE#Travelling, ?t[AE#hasPath->?p], ?p[AE#hasEndRegion->?e], ?e[AE#hasLatitude->?destinationLatitude], ?e[AE#hasLongitude->?destinationLongitude].","resultList":[{"result":[{"key":"?t","val":"VO_e803ba76_24d1_4a3f_91b5_779114762a2c_1503940557652_6"},{"key":"?p","val":"ES_ad675c73_37e1_4196_821f_2ab795b66149_1503940584419_4"},{"key":"?e","val":"ES_ad675c73_37e1_4196_821f_2ab795b66149_1503940584419_1"},{"key":"?destinationLatitude","val":"32.7931478068267097114585340023040771484375"},{"key":"?destinationLongitude","val":"-116.9722131683592039053110056556761264801025390625"}]}]}]}
