{"dataList":[{"query":"?- ?v:AE#VATravelVoucher, ?v[AE#hasVoucherClaimant->?c], ?c[AE#hasName->?cn], ?cn[label->?claimantFullName].","resultList":[{"result":[{"key":"?v","val":"VO_e925f90b_c2b1_4680_98ea_001cc12e78db_1503943316606_0"},{"key":"?c","val":"VO_e925f90b_c2b1_4680_98ea_001cc12e78db_1503943316606_2"},{"key":"?cn","val":"NO_8b7f1725_7f07_4371_b8d8_8c27e8f1246e_1503943323938_0"},{"key":"?claimantFullName","val":"Huseyin S. Willsey"}]},{"result":[{"key":"?v","val":"VO_e925f90b_c2b1_4680_98ea_001cc12e78db_1503943316606_0"},{"key":"?c","val":"VO_e925f90b_c2b1_4680_98ea_001cc12e78db_1503943316606_2"},{"key":"?cn","val":"VO_e925f90b_c2b1_4680_98ea_001cc12e78db_1503943316606_1"},{"key":"?claimantFullName","val":"Huseyin S. Willsey"}]}]},{"query":"?- ?v:AE#VATravelVoucher, ?v[AE#hasVoucherClaimant->?c], ?c[AE#hasName->?cn], ?cn[AE#hasFirstName->?claimantFirstName].","resultList":[{"result":[{"key":"?v","val":"VO_e925f90b_c2b1_4680_98ea_001cc12e78db_1503943316606_0"},{"key":"?c","val":"VO_e925f90b_c2b1_4680_98ea_001cc12e78db_1503943316606_2"},{"key":"?cn","val":"NO_8b7f1725_7f07_4371_b8d8_8c27e8f1246e_1503943323938_0"},{"key":"?claimantFirstName","val":"huseyin"}]}]},{"query":"?- ?v:AE#VATravelVoucher, ?v[AE#hasVoucherClaimant->?c], ?c[AE#hasName->?cn], ?cn[AE#hasLastName->?claimantLastName].","resultList":[{"result":[{"key":"?v","val":"VO_e925f90b_c2b1_4680_98ea_001cc12e78db_1503943316606_0"},{"key":"?c","val":"VO_e925f90b_c2b1_4680_98ea_001cc12e78db_1503943316606_2"},{"key":"?cn","val":"NO_8b7f1725_7f07_4371_b8d8_8c27e8f1246e_1503943323938_0"},{"key":"?claimantLastName","val":"willsey"}]}]},{"query":"?- ?v:AE#VATravelVoucher, ?v[AE#hasVoucherClaimant->?c], ?c[AE#hasSocialSecurityNumber->?s], ?s[label->?claimantSsn].","resultList":[{"result":[{"key":"?v","val":"VO_e925f90b_c2b1_4680_98ea_001cc12e78db_1503943316606_0"},{"key":"?c","val":"VO_e925f90b_c2b1_4680_98ea_001cc12e78db_1503943316606_2"},{"key":"?s","val":"VO_e925f90b_c2b1_4680_98ea_001cc12e78db_1503943316606_12"},{"key":"?claimantSsn","val":"844-64-0051"}]}]},{"query":"?- ?v:AE#VATravelVoucher, ?v[AE#hasVoucherClaimant->?c], ?c[AE#hasLiens->?claimantHasLiens].","resultList":[{"result":[{"key":"?v","val":"VO_e925f90b_c2b1_4680_98ea_001cc12e78db_1503943316606_0"},{"key":"?c","val":"VO_e925f90b_c2b1_4680_98ea_001cc12e78db_1503943316606_2"},{"key":"?claimantHasLiens","val":"AE#NoLienReport"}]}]},{"query":"?- ?v:AE#VATravelVoucher, ?v[AE#hasVoucherClaimant->?c], ?c[AE#hasDeclaredBankruptcy->?claimantHasDeclaredBankruptcy].","resultList":[{"result":[{"key":"?v","val":"VO_e925f90b_c2b1_4680_98ea_001cc12e78db_1503943316606_0"},{"key":"?c","val":"VO_e925f90b_c2b1_4680_98ea_001cc12e78db_1503943316606_2"},{"key":"?claimantHasDeclaredBankruptcy","val":"AE#NoBankruptcyReport"}]}]},{"query":"?- ?v:AE#VATravelVoucher, ?v[AE#hasVoucherClaimant->?c], ?c[AE#hasArrestRecord->?claimantHasArrestRecord].","resultList":[{"result":[{"key":"?v","val":"VO_e925f90b_c2b1_4680_98ea_001cc12e78db_1503943316606_0"},{"key":"?c","val":"VO_e925f90b_c2b1_4680_98ea_001cc12e78db_1503943316606_2"},{"key":"?claimantHasArrestRecord","val":"AE#NoArrestRecord"}]}]},{"query":"?- ?v:AE#VATravelVoucher, ?v[AE#hasVoucherClaimant->?c], ?c[AE#hasCriminalRecord->?claimantHasCriminalRecord].","resultList":[{"result":[{"key":"?v","val":"VO_e925f90b_c2b1_4680_98ea_001cc12e78db_1503943316606_0"},{"key":"?c","val":"VO_e925f90b_c2b1_4680_98ea_001cc12e78db_1503943316606_2"},{"key":"?claimantHasCriminalRecord","val":"AE#NoCriminalRecord"}]}]},{"query":"?- ?v:AE#VATravelVoucher, ?v[AE#hasVoucherBeneficiary->?b], ?b[AE#hasName->?cn], ?cn[label->?beneficiaryFullName].","resultList":[{"result":[{"key":"?v","val":"VO_e925f90b_c2b1_4680_98ea_001cc12e78db_1503943316606_0"},{"key":"?b","val":"VO_e925f90b_c2b1_4680_98ea_001cc12e78db_1503943316606_11"},{"key":"?cn","val":"VO_e925f90b_c2b1_4680_98ea_001cc12e78db_1503943316606_10"},{"key":"?beneficiaryFullName","val":"Huseyin S. Willsey"}]},{"result":[{"key":"?v","val":"VO_e925f90b_c2b1_4680_98ea_001cc12e78db_1503943316606_0"},{"key":"?b","val":"VO_e925f90b_c2b1_4680_98ea_001cc12e78db_1503943316606_11"},{"key":"?cn","val":"NO_df4405f2_e30d_4fc5_ab44_c2e14edc80d6_1503943322143_0"},{"key":"?beneficiaryFullName","val":"Huseyin S. Willsey"}]}]},{"query":"?- ?v:AE#VATravelVoucher, ?v[AE#hasVoucherBeneficiary->?b], ?b[AE#hasName->?cn], ?cn[AE#hasFirstName->?beneficiaryFirstName].","resultList":[{"result":[{"key":"?v","val":"VO_e925f90b_c2b1_4680_98ea_001cc12e78db_1503943316606_0"},{"key":"?b","val":"VO_e925f90b_c2b1_4680_98ea_001cc12e78db_1503943316606_11"},{"key":"?cn","val":"NO_df4405f2_e30d_4fc5_ab44_c2e14edc80d6_1503943322143_0"},{"key":"?beneficiaryFirstName","val":"huseyin"}]}]},{"query":"?- ?v:AE#VATravelVoucher, ?v[AE#hasVoucherBeneficiary->?b], ?b[AE#hasName->?cn], ?cn[AE#hasLastName->?beneficiaryLastName].","resultList":[{"result":[{"key":"?v","val":"VO_e925f90b_c2b1_4680_98ea_001cc12e78db_1503943316606_0"},{"key":"?b","val":"VO_e925f90b_c2b1_4680_98ea_001cc12e78db_1503943316606_11"},{"key":"?cn","val":"NO_df4405f2_e30d_4fc5_ab44_c2e14edc80d6_1503943322143_0"},{"key":"?beneficiaryLastName","val":"willsey"}]}]},{"query":"?- ?v:AE#VATravelVoucher, ?v[AE#hasVoucherBeneficiary->?b], ?b[AE#hasSocialSecurityNumber->?s], ?s[label->?beneficiarySsn].","resultList":[{"result":[{"key":"?v","val":"VO_e925f90b_c2b1_4680_98ea_001cc12e78db_1503943316606_0"},{"key":"?b","val":"VO_e925f90b_c2b1_4680_98ea_001cc12e78db_1503943316606_11"},{"key":"?s","val":"VO_e925f90b_c2b1_4680_98ea_001cc12e78db_1503943316606_9"},{"key":"?beneficiarySsn","val":"844-64-0051"}]}]},{"query":"?- ?v:AE#VATravelVoucher, ?v[AE#hasVoucherBeneficiary->?b], ?b[AE#hasLiens->?beneficiaryHasLiens].","resultList":[{"result":[{"key":"?v","val":"VO_e925f90b_c2b1_4680_98ea_001cc12e78db_1503943316606_0"},{"key":"?b","val":"VO_e925f90b_c2b1_4680_98ea_001cc12e78db_1503943316606_11"},{"key":"?beneficiaryHasLiens","val":"AE#NoLienReport"}]}]},{"query":"?- ?v:AE#VATravelVoucher, ?v[AE#hasVoucherBeneficiary->?b], ?b[AE#hasDeclaredBankruptcy->?beneficiaryHasDeclaredBankruptcy].","resultList":[{"result":[{"key":"?v","val":"VO_e925f90b_c2b1_4680_98ea_001cc12e78db_1503943316606_0"},{"key":"?b","val":"VO_e925f90b_c2b1_4680_98ea_001cc12e78db_1503943316606_11"},{"key":"?beneficiaryHasDeclaredBankruptcy","val":"AE#NoBankruptcyReport"}]}]},{"query":"?- ?v:AE#VATravelVoucher, ?v[AE#hasVoucherBeneficiary->?b], ?b[AE#hasArrestRecord->?beneficiaryHasArrestRecord].","resultList":[{"result":[{"key":"?v","val":"VO_e925f90b_c2b1_4680_98ea_001cc12e78db_1503943316606_0"},{"key":"?b","val":"VO_e925f90b_c2b1_4680_98ea_001cc12e78db_1503943316606_11"},{"key":"?beneficiaryHasArrestRecord","val":"AE#NoArrestRecord"}]}]},{"query":"?- ?v:AE#VATravelVoucher, ?v[AE#hasVoucherBeneficiary->?b], ?b[AE#hasCriminalRecord->?beneficiaryHasCriminalRecord].","resultList":[{"result":[{"key":"?v","val":"VO_e925f90b_c2b1_4680_98ea_001cc12e78db_1503943316606_0"},{"key":"?b","val":"VO_e925f90b_c2b1_4680_98ea_001cc12e78db_1503943316606_11"},{"key":"?beneficiaryHasCriminalRecord","val":"AE#NoCriminalRecord"}]}]},{"query":"?- ?t:AE#Travelling, ?t[AE#hasPath->?p], ?p[AE#hasDistance->?d], ?d[AE#numericValue->?expectedDistanceValue], ?d[AE#hasUnitOfMeasure->?unitOfDistanceMeasure].","resultList":[{"result":[{"key":"?t","val":"VO_e925f90b_c2b1_4680_98ea_001cc12e78db_1503943316606_6"},{"key":"?p","val":"ES_9a3716c9_760f_4aa4_8d80_f577b1e208fb_1503943341743_4"},{"key":"?d","val":"ES_9a3716c9_760f_4aa4_8d80_f577b1e208fb_1503943341743_0"},{"key":"?expectedDistanceValue","val":"14705.263033579010880202986299991607666015625"},{"key":"?unitOfDistanceMeasure","val":"meters"}]}]},{"query":"?- ?t:AE#Travelling, ?t[AE#hasPath->?p], ?p[AE#hasExpectedTravelTime->?d], ?d[AE#numericValue->?expectedTimeValue], ?d[AE#hasUnitOfMeasure->?unitOfTimeMeasure].","resultList":[{"result":[{"key":"?t","val":"VO_e925f90b_c2b1_4680_98ea_001cc12e78db_1503943316606_6"},{"key":"?p","val":"ES_9a3716c9_760f_4aa4_8d80_f577b1e208fb_1503943341743_4"},{"key":"?d","val":"ES_9a3716c9_760f_4aa4_8d80_f577b1e208fb_1503943341743_2"},{"key":"?expectedTimeValue","val":"12.16110569774173200130462646484375"},{"key":"?unitOfTimeMeasure","val":"minutes"}]}]},{"query":"?- ?t:AE#Travelling, ?t[AE#hasDestination->?d], ?d[label->?destinationFullAddress].","resultList":[{"result":[{"key":"?t","val":"VO_e925f90b_c2b1_4680_98ea_001cc12e78db_1503943316606_7"},{"key":"?d","val":"VO_e925f90b_c2b1_4680_98ea_001cc12e78db_1503943316606_8"},{"key":"?destinationFullAddress","val":"2790 Truxton Road, Suite 130, San Diego, CA 92106"}]},{"result":[{"key":"?t","val":"VO_e925f90b_c2b1_4680_98ea_001cc12e78db_1503943316606_6"},{"key":"?d","val":"VO_e925f90b_c2b1_4680_98ea_001cc12e78db_1503943316606_5"},{"key":"?destinationFullAddress","val":"3343 43rd St, San Diego, CA 92105"}]}]},{"query":"?- ?t:AE#Travelling, ?t[AE#hasDestination->?d], ?d[AE#hasStreet->?s], ?s[label->?destinationStreetName], ?d[AE#hasCity->?c], ?c[label->?destinationCity], ?d[AE#hasState->?st], ?st[label->?destinationState], ?d[AE#hasZipcode->?destinationZipCode].","resultList":[{"result":[{"key":"?t","val":"VO_e925f90b_c2b1_4680_98ea_001cc12e78db_1503943316606_7"},{"key":"?d","val":"VO_e925f90b_c2b1_4680_98ea_001cc12e78db_1503943316606_8"},{"key":"?s","val":"NO_faedece4_e52a_4cbd_93f3_c89c85075b14_1503943325698_id5"},{"key":"?destinationStreetName","val":"2790 Truxton Road"},{"key":"?c","val":"NO_faedece4_e52a_4cbd_93f3_c89c85075b14_1503943325698_id11"},{"key":"?destinationCity","val":"San Diego"},{"key":"?st","val":"NO_faedece4_e52a_4cbd_93f3_c89c85075b14_1503943325698_id13"},{"key":"?destinationState","val":"CA"},{"key":"?destinationZipCode","val":"92106"}]},{"result":[{"key":"?t","val":"VO_e925f90b_c2b1_4680_98ea_001cc12e78db_1503943316606_6"},{"key":"?d","val":"VO_e925f90b_c2b1_4680_98ea_001cc12e78db_1503943316606_5"},{"key":"?s","val":"NO_bb769e98_fcc2_42be_9c92_7bd6911d1bee_1503943327620_id3"},{"key":"?destinationStreetName","val":"3343 43rd St"},{"key":"?c","val":"NO_bb769e98_fcc2_42be_9c92_7bd6911d1bee_1503943327620_id9"},{"key":"?destinationCity","val":"San Diego"},{"key":"?st","val":"NO_bb769e98_fcc2_42be_9c92_7bd6911d1bee_1503943327620_id11"},{"key":"?destinationState","val":"CA"},{"key":"?destinationZipCode","val":"92105"}]}]},{"query":"?- ?t:AE#Travelling, ?t[AE#hasOrigin->?d], ?d[label->?originFullAddress].","resultList":[{"result":[{"key":"?t","val":"VO_e925f90b_c2b1_4680_98ea_001cc12e78db_1503943316606_7"},{"key":"?d","val":"VO_e925f90b_c2b1_4680_98ea_001cc12e78db_1503943316606_3"},{"key":"?originFullAddress","val":"3343 43rd St, San Diego, CA 92105"}]},{"result":[{"key":"?t","val":"VO_e925f90b_c2b1_4680_98ea_001cc12e78db_1503943316606_6"},{"key":"?d","val":"VO_e925f90b_c2b1_4680_98ea_001cc12e78db_1503943316606_8"},{"key":"?originFullAddress","val":"2790 Truxton Road, Suite 130, San Diego, CA 92106"}]}]},{"query":"?- ?t:AE#Travelling, ?t[AE#hasOrigin->?d], ?d[AE#hasStreet->?s], ?s[label->?originStreetName], ?d[AE#hasCity->?c], ?c[label->?originCity], ?d[AE#hasState->?st], ?st[label->?originState], ?d[AE#hasZipcode->?originZipCode].","resultList":[{"result":[{"key":"?t","val":"VO_e925f90b_c2b1_4680_98ea_001cc12e78db_1503943316606_7"},{"key":"?d","val":"VO_e925f90b_c2b1_4680_98ea_001cc12e78db_1503943316606_3"},{"key":"?s","val":"NO_3bf1cb88_5d1b_47b0_b2fd_1aa2c5dd22d4_1503943329637_id3"},{"key":"?originStreetName","val":"3343 43rd St"},{"key":"?c","val":"NO_3bf1cb88_5d1b_47b0_b2fd_1aa2c5dd22d4_1503943329637_id9"},{"key":"?originCity","val":"San Diego"},{"key":"?st","val":"NO_3bf1cb88_5d1b_47b0_b2fd_1aa2c5dd22d4_1503943329637_id11"},{"key":"?originState","val":"CA"},{"key":"?originZipCode","val":"92105"}]},{"result":[{"key":"?t","val":"VO_e925f90b_c2b1_4680_98ea_001cc12e78db_1503943316606_6"},{"key":"?d","val":"VO_e925f90b_c2b1_4680_98ea_001cc12e78db_1503943316606_8"},{"key":"?s","val":"NO_faedece4_e52a_4cbd_93f3_c89c85075b14_1503943325698_id5"},{"key":"?originStreetName","val":"2790 Truxton Road"},{"key":"?c","val":"NO_faedece4_e52a_4cbd_93f3_c89c85075b14_1503943325698_id11"},{"key":"?originCity","val":"San Diego"},{"key":"?st","val":"NO_faedece4_e52a_4cbd_93f3_c89c85075b14_1503943325698_id13"},{"key":"?originState","val":"CA"},{"key":"?originZipCode","val":"92106"}]}]},{"query":"?- ?t:AE#Travelling, ?t[AE#hasPath->?p], ?p[AE#hasStartRegion->?s], ?s[AE#hasLatitude->?originLatitude], ?s[AE#hasLongitude->?originLongitude].","resultList":[{"result":[{"key":"?t","val":"VO_e925f90b_c2b1_4680_98ea_001cc12e78db_1503943316606_6"},{"key":"?p","val":"ES_9a3716c9_760f_4aa4_8d80_f577b1e208fb_1503943341743_4"},{"key":"?s","val":"ES_9a3716c9_760f_4aa4_8d80_f577b1e208fb_1503943341743_3"},{"key":"?originLatitude","val":"32.74051839275188058309140615165233612060546875"},{"key":"?originLongitude","val":"-117.2130215001728856805129908025264739990234375"}]}]},{"query":"?- ?t:AE#Travelling, ?t[AE#hasPath->?p], ?p[AE#hasEndRegion->?e], ?e[AE#hasLatitude->?destinationLatitude], ?e[AE#hasLongitude->?destinationLongitude].","resultList":[{"result":[{"key":"?t","val":"VO_e925f90b_c2b1_4680_98ea_001cc12e78db_1503943316606_6"},{"key":"?p","val":"ES_9a3716c9_760f_4aa4_8d80_f577b1e208fb_1503943341743_4"},{"key":"?e","val":"ES_9a3716c9_760f_4aa4_8d80_f577b1e208fb_1503943341743_1"},{"key":"?destinationLatitude","val":"32.74111840827512054374892613850533962249755859375"},{"key":"?destinationLongitude","val":"-117.10203096944445633198483847081661224365234375"}]}]}]}
