{"dataList":[{"query":"?- ?v:AE#VATravelVoucher, ?v[AE#hasVoucherClaimant->?c], ?c[AE#hasName->?cn], ?cn[label->?claimantFullName].","resultList":[{"result":[{"key":"?v","val":"VO_fbd4efe2_03cb_45ca_8c59_d0bb40014d16_1503944003216_0"},{"key":"?c","val":"VO_fbd4efe2_03cb_45ca_8c59_d0bb40014d16_1503944003216_2"},{"key":"?cn","val":"VO_fbd4efe2_03cb_45ca_8c59_d0bb40014d16_1503944003216_1"},{"key":"?claimantFullName","val":"Nuala Flora Bomford"}]},{"result":[{"key":"?v","val":"VO_fbd4efe2_03cb_45ca_8c59_d0bb40014d16_1503944003216_0"},{"key":"?c","val":"VO_fbd4efe2_03cb_45ca_8c59_d0bb40014d16_1503944003216_2"},{"key":"?cn","val":"NO_1bc52258_c9d5_427a_b399_04bac814c1b3_1503944011259_0"},{"key":"?claimantFullName","val":"Nuala Flora Bomford"}]}]},{"query":"?- ?v:AE#VATravelVoucher, ?v[AE#hasVoucherClaimant->?c], ?c[AE#hasName->?cn], ?cn[AE#hasFirstName->?claimantFirstName].","resultList":[{"result":[{"key":"?v","val":"VO_fbd4efe2_03cb_45ca_8c59_d0bb40014d16_1503944003216_0"},{"key":"?c","val":"VO_fbd4efe2_03cb_45ca_8c59_d0bb40014d16_1503944003216_2"},{"key":"?cn","val":"NO_1bc52258_c9d5_427a_b399_04bac814c1b3_1503944011259_0"},{"key":"?claimantFirstName","val":"nuala_flora"}]}]},{"query":"?- ?v:AE#VATravelVoucher, ?v[AE#hasVoucherClaimant->?c], ?c[AE#hasName->?cn], ?cn[AE#hasLastName->?claimantLastName].","resultList":[{"result":[{"key":"?v","val":"VO_fbd4efe2_03cb_45ca_8c59_d0bb40014d16_1503944003216_0"},{"key":"?c","val":"VO_fbd4efe2_03cb_45ca_8c59_d0bb40014d16_1503944003216_2"},{"key":"?cn","val":"NO_1bc52258_c9d5_427a_b399_04bac814c1b3_1503944011259_0"},{"key":"?claimantLastName","val":"bomford"}]}]},{"query":"?- ?v:AE#VATravelVoucher, ?v[AE#hasVoucherClaimant->?c], ?c[AE#hasSocialSecurityNumber->?s], ?s[label->?claimantSsn].","resultList":[{"result":[{"key":"?v","val":"VO_fbd4efe2_03cb_45ca_8c59_d0bb40014d16_1503944003216_0"},{"key":"?c","val":"VO_fbd4efe2_03cb_45ca_8c59_d0bb40014d16_1503944003216_2"},{"key":"?s","val":"VO_fbd4efe2_03cb_45ca_8c59_d0bb40014d16_1503944003216_12"},{"key":"?claimantSsn","val":"382-02-4697"}]}]},{"query":"?- ?v:AE#VATravelVoucher, ?v[AE#hasVoucherClaimant->?c], ?c[AE#hasLiens->?claimantHasLiens].","resultList":[{"result":[{"key":"?v","val":"VO_fbd4efe2_03cb_45ca_8c59_d0bb40014d16_1503944003216_0"},{"key":"?c","val":"VO_fbd4efe2_03cb_45ca_8c59_d0bb40014d16_1503944003216_2"},{"key":"?claimantHasLiens","val":"AE#NoLienReport"}]}]},{"query":"?- ?v:AE#VATravelVoucher, ?v[AE#hasVoucherClaimant->?c], ?c[AE#hasDeclaredBankruptcy->?claimantHasDeclaredBankruptcy].","resultList":[{"result":[{"key":"?v","val":"VO_fbd4efe2_03cb_45ca_8c59_d0bb40014d16_1503944003216_0"},{"key":"?c","val":"VO_fbd4efe2_03cb_45ca_8c59_d0bb40014d16_1503944003216_2"},{"key":"?claimantHasDeclaredBankruptcy","val":"AE#NoBankruptcyReport"}]}]},{"query":"?- ?v:AE#VATravelVoucher, ?v[AE#hasVoucherClaimant->?c], ?c[AE#hasArrestRecord->?claimantHasArrestRecord].","resultList":[{"result":[{"key":"?v","val":"VO_fbd4efe2_03cb_45ca_8c59_d0bb40014d16_1503944003216_0"},{"key":"?c","val":"VO_fbd4efe2_03cb_45ca_8c59_d0bb40014d16_1503944003216_2"},{"key":"?claimantHasArrestRecord","val":"AE#NoArrestRecord"}]}]},{"query":"?- ?v:AE#VATravelVoucher, ?v[AE#hasVoucherClaimant->?c], ?c[AE#hasCriminalRecord->?claimantHasCriminalRecord].","resultList":[{"result":[{"key":"?v","val":"VO_fbd4efe2_03cb_45ca_8c59_d0bb40014d16_1503944003216_0"},{"key":"?c","val":"VO_fbd4efe2_03cb_45ca_8c59_d0bb40014d16_1503944003216_2"},{"key":"?claimantHasCriminalRecord","val":"AE#NoCriminalRecord"}]}]},{"query":"?- ?v:AE#VATravelVoucher, ?v[AE#hasVoucherBeneficiary->?b], ?b[AE#hasName->?cn], ?cn[label->?beneficiaryFullName].","resultList":[{"result":[{"key":"?v","val":"VO_fbd4efe2_03cb_45ca_8c59_d0bb40014d16_1503944003216_0"},{"key":"?b","val":"VO_fbd4efe2_03cb_45ca_8c59_d0bb40014d16_1503944003216_11"},{"key":"?cn","val":"VO_fbd4efe2_03cb_45ca_8c59_d0bb40014d16_1503944003216_10"},{"key":"?beneficiaryFullName","val":"Philip K. Mistry"}]},{"result":[{"key":"?v","val":"VO_fbd4efe2_03cb_45ca_8c59_d0bb40014d16_1503944003216_0"},{"key":"?b","val":"VO_fbd4efe2_03cb_45ca_8c59_d0bb40014d16_1503944003216_11"},{"key":"?cn","val":"NO_ff12d0c6_3102_40c1_ba7b_c27056a479dd_1503944009196_0"},{"key":"?beneficiaryFullName","val":"Philip K. Mistry"}]}]},{"query":"?- ?v:AE#VATravelVoucher, ?v[AE#hasVoucherBeneficiary->?b], ?b[AE#hasName->?cn], ?cn[AE#hasFirstName->?beneficiaryFirstName].","resultList":[{"result":[{"key":"?v","val":"VO_fbd4efe2_03cb_45ca_8c59_d0bb40014d16_1503944003216_0"},{"key":"?b","val":"VO_fbd4efe2_03cb_45ca_8c59_d0bb40014d16_1503944003216_11"},{"key":"?cn","val":"NO_ff12d0c6_3102_40c1_ba7b_c27056a479dd_1503944009196_0"},{"key":"?beneficiaryFirstName","val":"philip"}]}]},{"query":"?- ?v:AE#VATravelVoucher, ?v[AE#hasVoucherBeneficiary->?b], ?b[AE#hasName->?cn], ?cn[AE#hasLastName->?beneficiaryLastName].","resultList":[{"result":[{"key":"?v","val":"VO_fbd4efe2_03cb_45ca_8c59_d0bb40014d16_1503944003216_0"},{"key":"?b","val":"VO_fbd4efe2_03cb_45ca_8c59_d0bb40014d16_1503944003216_11"},{"key":"?cn","val":"NO_ff12d0c6_3102_40c1_ba7b_c27056a479dd_1503944009196_0"},{"key":"?beneficiaryLastName","val":"mistry"}]}]},{"query":"?- ?v:AE#VATravelVoucher, ?v[AE#hasVoucherBeneficiary->?b], ?b[AE#hasSocialSecurityNumber->?s], ?s[label->?beneficiarySsn].","resultList":[{"result":[{"key":"?v","val":"VO_fbd4efe2_03cb_45ca_8c59_d0bb40014d16_1503944003216_0"},{"key":"?b","val":"VO_fbd4efe2_03cb_45ca_8c59_d0bb40014d16_1503944003216_11"},{"key":"?s","val":"VO_fbd4efe2_03cb_45ca_8c59_d0bb40014d16_1503944003216_9"},{"key":"?beneficiarySsn","val":"430-90-7376"}]}]},{"query":"?- ?v:AE#VATravelVoucher, ?v[AE#hasVoucherBeneficiary->?b], ?b[AE#hasLiens->?beneficiaryHasLiens].","resultList":[{"result":[{"key":"?v","val":"VO_fbd4efe2_03cb_45ca_8c59_d0bb40014d16_1503944003216_0"},{"key":"?b","val":"VO_fbd4efe2_03cb_45ca_8c59_d0bb40014d16_1503944003216_11"},{"key":"?beneficiaryHasLiens","val":"AE#NoLienReport"}]}]},{"query":"?- ?v:AE#VATravelVoucher, ?v[AE#hasVoucherBeneficiary->?b], ?b[AE#hasDeclaredBankruptcy->?beneficiaryHasDeclaredBankruptcy].","resultList":[{"result":[{"key":"?v","val":"VO_fbd4efe2_03cb_45ca_8c59_d0bb40014d16_1503944003216_0"},{"key":"?b","val":"VO_fbd4efe2_03cb_45ca_8c59_d0bb40014d16_1503944003216_11"},{"key":"?beneficiaryHasDeclaredBankruptcy","val":"AE#NoBankruptcyReport"}]}]},{"query":"?- ?v:AE#VATravelVoucher, ?v[AE#hasVoucherBeneficiary->?b], ?b[AE#hasArrestRecord->?beneficiaryHasArrestRecord].","resultList":[{"result":[{"key":"?v","val":"VO_fbd4efe2_03cb_45ca_8c59_d0bb40014d16_1503944003216_0"},{"key":"?b","val":"VO_fbd4efe2_03cb_45ca_8c59_d0bb40014d16_1503944003216_11"},{"key":"?beneficiaryHasArrestRecord","val":"AE#NoArrestRecord"}]}]},{"query":"?- ?v:AE#VATravelVoucher, ?v[AE#hasVoucherBeneficiary->?b], ?b[AE#hasCriminalRecord->?beneficiaryHasCriminalRecord].","resultList":[{"result":[{"key":"?v","val":"VO_fbd4efe2_03cb_45ca_8c59_d0bb40014d16_1503944003216_0"},{"key":"?b","val":"VO_fbd4efe2_03cb_45ca_8c59_d0bb40014d16_1503944003216_11"},{"key":"?beneficiaryHasCriminalRecord","val":"AE#NoCriminalRecord"}]}]},{"query":"?- ?t:AE#Travelling, ?t[AE#hasPath->?p], ?p[AE#hasDistance->?d], ?d[AE#numericValue->?expectedDistanceValue], ?d[AE#hasUnitOfMeasure->?unitOfDistanceMeasure].","resultList":[{"result":[{"key":"?t","val":"VO_fbd4efe2_03cb_45ca_8c59_d0bb40014d16_1503944003216_6"},{"key":"?p","val":"ES_3b943859_6f74_4914_a2f2_f3dc319ca4ba_1503944030973_4"},{"key":"?d","val":"ES_3b943859_6f74_4914_a2f2_f3dc319ca4ba_1503944030973_0"},{"key":"?expectedDistanceValue","val":"5881.5403559848409713595174252986907958984375"},{"key":"?unitOfDistanceMeasure","val":"meters"}]}]},{"query":"?- ?t:AE#Travelling, ?t[AE#hasPath->?p], ?p[AE#hasExpectedTravelTime->?d], ?d[AE#numericValue->?expectedTimeValue], ?d[AE#hasUnitOfMeasure->?unitOfTimeMeasure].","resultList":[{"result":[{"key":"?t","val":"VO_fbd4efe2_03cb_45ca_8c59_d0bb40014d16_1503944003216_6"},{"key":"?p","val":"ES_3b943859_6f74_4914_a2f2_f3dc319ca4ba_1503944030973_4"},{"key":"?d","val":"ES_3b943859_6f74_4914_a2f2_f3dc319ca4ba_1503944030973_2"},{"key":"?expectedTimeValue","val":"8.221113945473916828632354736328125"},{"key":"?unitOfTimeMeasure","val":"minutes"}]}]},{"query":"?- ?t:AE#Travelling, ?t[AE#hasDestination->?d], ?d[label->?destinationFullAddress].","resultList":[{"result":[{"key":"?t","val":"VO_fbd4efe2_03cb_45ca_8c59_d0bb40014d16_1503944003216_7"},{"key":"?d","val":"VO_fbd4efe2_03cb_45ca_8c59_d0bb40014d16_1503944003216_8"},{"key":"?destinationFullAddress","val":"2790 Truxton Road, Suite 130, San Diego, CA 92106"}]},{"result":[{"key":"?t","val":"VO_fbd4efe2_03cb_45ca_8c59_d0bb40014d16_1503944003216_6"},{"key":"?d","val":"VO_fbd4efe2_03cb_45ca_8c59_d0bb40014d16_1503944003216_5"},{"key":"?destinationFullAddress","val":"5061 Gardena Ave, San Diego, CA 92110"}]}]},{"query":"?- ?t:AE#Travelling, ?t[AE#hasDestination->?d], ?d[AE#hasStreet->?s], ?s[label->?destinationStreetName], ?d[AE#hasCity->?c], ?c[label->?destinationCity], ?d[AE#hasState->?st], ?st[label->?destinationState], ?d[AE#hasZipcode->?destinationZipCode].","resultList":[{"result":[{"key":"?t","val":"VO_fbd4efe2_03cb_45ca_8c59_d0bb40014d16_1503944003216_7"},{"key":"?d","val":"VO_fbd4efe2_03cb_45ca_8c59_d0bb40014d16_1503944003216_8"},{"key":"?s","val":"NO_285eb573_070a_46a8_ad37_1b4ef3b34c92_1503944013357_id5"},{"key":"?destinationStreetName","val":"2790 Truxton Road"},{"key":"?c","val":"NO_285eb573_070a_46a8_ad37_1b4ef3b34c92_1503944013357_id11"},{"key":"?destinationCity","val":"San Diego"},{"key":"?st","val":"NO_285eb573_070a_46a8_ad37_1b4ef3b34c92_1503944013357_id13"},{"key":"?destinationState","val":"CA"},{"key":"?destinationZipCode","val":"92106"}]},{"result":[{"key":"?t","val":"VO_fbd4efe2_03cb_45ca_8c59_d0bb40014d16_1503944003216_6"},{"key":"?d","val":"VO_fbd4efe2_03cb_45ca_8c59_d0bb40014d16_1503944003216_5"},{"key":"?s","val":"NO_92b64f91_ce23_4c8e_8468_348f98a9ca57_1503944015360_id3"},{"key":"?destinationStreetName","val":"5061 Gardena Ave"},{"key":"?c","val":"NO_92b64f91_ce23_4c8e_8468_348f98a9ca57_1503944015360_id9"},{"key":"?destinationCity","val":"San Diego"},{"key":"?st","val":"NO_92b64f91_ce23_4c8e_8468_348f98a9ca57_1503944015360_id11"},{"key":"?destinationState","val":"CA"},{"key":"?destinationZipCode","val":"92110"}]}]},{"query":"?- ?t:AE#Travelling, ?t[AE#hasOrigin->?d], ?d[label->?originFullAddress].","resultList":[{"result":[{"key":"?t","val":"VO_fbd4efe2_03cb_45ca_8c59_d0bb40014d16_1503944003216_7"},{"key":"?d","val":"VO_fbd4efe2_03cb_45ca_8c59_d0bb40014d16_1503944003216_3"},{"key":"?originFullAddress","val":"93 Birchwood Street San Diego, CA 92114"}]},{"result":[{"key":"?t","val":"VO_fbd4efe2_03cb_45ca_8c59_d0bb40014d16_1503944003216_6"},{"key":"?d","val":"VO_fbd4efe2_03cb_45ca_8c59_d0bb40014d16_1503944003216_8"},{"key":"?originFullAddress","val":"2790 Truxton Road, Suite 130, San Diego, CA 92106"}]}]},{"query":"?- ?t:AE#Travelling, ?t[AE#hasOrigin->?d], ?d[AE#hasStreet->?s], ?s[label->?originStreetName], ?d[AE#hasCity->?c], ?c[label->?originCity], ?d[AE#hasState->?st], ?st[label->?originState], ?d[AE#hasZipcode->?originZipCode].","resultList":[{"result":[{"key":"?t","val":"VO_fbd4efe2_03cb_45ca_8c59_d0bb40014d16_1503944003216_7"},{"key":"?d","val":"VO_fbd4efe2_03cb_45ca_8c59_d0bb40014d16_1503944003216_3"},{"key":"?s","val":"NO_6a690843_069b_4f1f_bde3_4ebc62265eef_1503944017600_id3"},{"key":"?originStreetName","val":"93 Birchwood Street"},{"key":"?c","val":"NO_6a690843_069b_4f1f_bde3_4ebc62265eef_1503944017600_id9"},{"key":"?originCity","val":"San Diego"},{"key":"?st","val":"NO_6a690843_069b_4f1f_bde3_4ebc62265eef_1503944017600_id11"},{"key":"?originState","val":"CA"},{"key":"?originZipCode","val":"92114"}]},{"result":[{"key":"?t","val":"VO_fbd4efe2_03cb_45ca_8c59_d0bb40014d16_1503944003216_6"},{"key":"?d","val":"VO_fbd4efe2_03cb_45ca_8c59_d0bb40014d16_1503944003216_8"},{"key":"?s","val":"NO_285eb573_070a_46a8_ad37_1b4ef3b34c92_1503944013357_id5"},{"key":"?originStreetName","val":"2790 Truxton Road"},{"key":"?c","val":"NO_285eb573_070a_46a8_ad37_1b4ef3b34c92_1503944013357_id11"},{"key":"?originCity","val":"San Diego"},{"key":"?st","val":"NO_285eb573_070a_46a8_ad37_1b4ef3b34c92_1503944013357_id13"},{"key":"?originState","val":"CA"},{"key":"?originZipCode","val":"92106"}]}]},{"query":"?- ?t:AE#Travelling, ?t[AE#hasPath->?p], ?p[AE#hasStartRegion->?s], ?s[AE#hasLatitude->?originLatitude], ?s[AE#hasLongitude->?originLongitude].","resultList":[{"result":[{"key":"?t","val":"VO_fbd4efe2_03cb_45ca_8c59_d0bb40014d16_1503944003216_6"},{"key":"?p","val":"ES_3b943859_6f74_4914_a2f2_f3dc319ca4ba_1503944030973_4"},{"key":"?s","val":"ES_3b943859_6f74_4914_a2f2_f3dc319ca4ba_1503944030973_3"},{"key":"?originLatitude","val":"32.74051839275188058309140615165233612060546875"},{"key":"?originLongitude","val":"-117.2130215001728856805129908025264739990234375"}]}]},{"query":"?- ?t:AE#Travelling, ?t[AE#hasPath->?p], ?p[AE#hasEndRegion->?e], ?e[AE#hasLatitude->?destinationLatitude], ?e[AE#hasLongitude->?destinationLongitude].","resultList":[{"result":[{"key":"?t","val":"VO_fbd4efe2_03cb_45ca_8c59_d0bb40014d16_1503944003216_6"},{"key":"?p","val":"ES_3b943859_6f74_4914_a2f2_f3dc319ca4ba_1503944030973_4"},{"key":"?e","val":"ES_3b943859_6f74_4914_a2f2_f3dc319ca4ba_1503944030973_1"},{"key":"?destinationLatitude","val":"32.77549189312725275158300064504146575927734375"},{"key":"?destinationLongitude","val":"-117.19369849209414269353146664798259735107421875"}]}]}]}
