{"dataList":[{"query":"?- ?v:AE#VATravelVoucher, ?v[AE#hasVoucherClaimant->?c], ?c[AE#hasName->?cn], ?cn[label->?claimantFullName].","resultList":[{"result":[{"key":"?v","val":"VO_f6d8b077_768e_4f89_8a31_e8db131f020c_1503943565506_0"},{"key":"?c","val":"VO_f6d8b077_768e_4f89_8a31_e8db131f020c_1503943565506_2"},{"key":"?cn","val":"NO_aec63b92_2edf_461f_9147_394b9259c332_1503943574132_0"},{"key":"?claimantFullName","val":"Esther Minnie Price"}]},{"result":[{"key":"?v","val":"VO_f6d8b077_768e_4f89_8a31_e8db131f020c_1503943565506_0"},{"key":"?c","val":"VO_f6d8b077_768e_4f89_8a31_e8db131f020c_1503943565506_2"},{"key":"?cn","val":"VO_f6d8b077_768e_4f89_8a31_e8db131f020c_1503943565506_1"},{"key":"?claimantFullName","val":"Esther Minnie Price"}]}]},{"query":"?- ?v:AE#VATravelVoucher, ?v[AE#hasVoucherClaimant->?c], ?c[AE#hasName->?cn], ?cn[AE#hasFirstName->?claimantFirstName].","resultList":[{"result":[{"key":"?v","val":"VO_f6d8b077_768e_4f89_8a31_e8db131f020c_1503943565506_0"},{"key":"?c","val":"VO_f6d8b077_768e_4f89_8a31_e8db131f020c_1503943565506_2"},{"key":"?cn","val":"NO_aec63b92_2edf_461f_9147_394b9259c332_1503943574132_0"},{"key":"?claimantFirstName","val":"esther"}]}]},{"query":"?- ?v:AE#VATravelVoucher, ?v[AE#hasVoucherClaimant->?c], ?c[AE#hasName->?cn], ?cn[AE#hasLastName->?claimantLastName].","resultList":[{"result":[{"key":"?v","val":"VO_f6d8b077_768e_4f89_8a31_e8db131f020c_1503943565506_0"},{"key":"?c","val":"VO_f6d8b077_768e_4f89_8a31_e8db131f020c_1503943565506_2"},{"key":"?cn","val":"NO_aec63b92_2edf_461f_9147_394b9259c332_1503943574132_0"},{"key":"?claimantLastName","val":"price"}]}]},{"query":"?- ?v:AE#VATravelVoucher, ?v[AE#hasVoucherClaimant->?c], ?c[AE#hasSocialSecurityNumber->?s], ?s[label->?claimantSsn].","resultList":[{"result":[{"key":"?v","val":"VO_f6d8b077_768e_4f89_8a31_e8db131f020c_1503943565506_0"},{"key":"?c","val":"VO_f6d8b077_768e_4f89_8a31_e8db131f020c_1503943565506_2"},{"key":"?s","val":"VO_f6d8b077_768e_4f89_8a31_e8db131f020c_1503943565506_12"},{"key":"?claimantSsn","val":"658-62-3590"}]}]},{"query":"?- ?v:AE#VATravelVoucher, ?v[AE#hasVoucherClaimant->?c], ?c[AE#hasLiens->?claimantHasLiens].","resultList":[{"result":[{"key":"?v","val":"VO_f6d8b077_768e_4f89_8a31_e8db131f020c_1503943565506_0"},{"key":"?c","val":"VO_f6d8b077_768e_4f89_8a31_e8db131f020c_1503943565506_2"},{"key":"?claimantHasLiens","val":"AE#NoLienReport"}]}]},{"query":"?- ?v:AE#VATravelVoucher, ?v[AE#hasVoucherClaimant->?c], ?c[AE#hasDeclaredBankruptcy->?claimantHasDeclaredBankruptcy].","resultList":[{"result":[{"key":"?v","val":"VO_f6d8b077_768e_4f89_8a31_e8db131f020c_1503943565506_0"},{"key":"?c","val":"VO_f6d8b077_768e_4f89_8a31_e8db131f020c_1503943565506_2"},{"key":"?claimantHasDeclaredBankruptcy","val":"AE#NoBankruptcyReport"}]}]},{"query":"?- ?v:AE#VATravelVoucher, ?v[AE#hasVoucherClaimant->?c], ?c[AE#hasArrestRecord->?claimantHasArrestRecord].","resultList":[{"result":[{"key":"?v","val":"VO_f6d8b077_768e_4f89_8a31_e8db131f020c_1503943565506_0"},{"key":"?c","val":"VO_f6d8b077_768e_4f89_8a31_e8db131f020c_1503943565506_2"},{"key":"?claimantHasArrestRecord","val":"AE#NoArrestRecord"}]}]},{"query":"?- ?v:AE#VATravelVoucher, ?v[AE#hasVoucherClaimant->?c], ?c[AE#hasCriminalRecord->?claimantHasCriminalRecord].","resultList":[{"result":[{"key":"?v","val":"VO_f6d8b077_768e_4f89_8a31_e8db131f020c_1503943565506_0"},{"key":"?c","val":"VO_f6d8b077_768e_4f89_8a31_e8db131f020c_1503943565506_2"},{"key":"?claimantHasCriminalRecord","val":"AE#NoCriminalRecord"}]}]},{"query":"?- ?v:AE#VATravelVoucher, ?v[AE#hasVoucherBeneficiary->?b], ?b[AE#hasName->?cn], ?cn[label->?beneficiaryFullName].","resultList":[{"result":[{"key":"?v","val":"VO_f6d8b077_768e_4f89_8a31_e8db131f020c_1503943565506_0"},{"key":"?b","val":"VO_f6d8b077_768e_4f89_8a31_e8db131f020c_1503943565506_11"},{"key":"?cn","val":"VO_f6d8b077_768e_4f89_8a31_e8db131f020c_1503943565506_10"},{"key":"?beneficiaryFullName","val":"Keith N. Blowers"}]},{"result":[{"key":"?v","val":"VO_f6d8b077_768e_4f89_8a31_e8db131f020c_1503943565506_0"},{"key":"?b","val":"VO_f6d8b077_768e_4f89_8a31_e8db131f020c_1503943565506_11"},{"key":"?cn","val":"NO_21bfd859_4b2b_4006_9b0f_f53414243c1e_1503943572089_0"},{"key":"?beneficiaryFullName","val":"Keith N."}]}]},{"query":"?- ?v:AE#VATravelVoucher, ?v[AE#hasVoucherBeneficiary->?b], ?b[AE#hasName->?cn], ?cn[AE#hasFirstName->?beneficiaryFirstName].","resultList":[{"result":[{"key":"?v","val":"VO_f6d8b077_768e_4f89_8a31_e8db131f020c_1503943565506_0"},{"key":"?b","val":"VO_f6d8b077_768e_4f89_8a31_e8db131f020c_1503943565506_11"},{"key":"?cn","val":"NO_21bfd859_4b2b_4006_9b0f_f53414243c1e_1503943572089_0"},{"key":"?beneficiaryFirstName","val":"keith"}]}]},{"query":"?- ?v:AE#VATravelVoucher, ?v[AE#hasVoucherBeneficiary->?b], ?b[AE#hasName->?cn], ?cn[AE#hasLastName->?beneficiaryLastName].","resultList":[{"result":[{"key":"?v","val":"VO_f6d8b077_768e_4f89_8a31_e8db131f020c_1503943565506_0"},{"key":"?b","val":"VO_f6d8b077_768e_4f89_8a31_e8db131f020c_1503943565506_11"},{"key":"?cn","val":"NO_21bfd859_4b2b_4006_9b0f_f53414243c1e_1503943572089_0"},{"key":"?beneficiaryLastName","val":"n_."}]}]},{"query":"?- ?v:AE#VATravelVoucher, ?v[AE#hasVoucherBeneficiary->?b], ?b[AE#hasSocialSecurityNumber->?s], ?s[label->?beneficiarySsn].","resultList":[{"result":[{"key":"?v","val":"VO_f6d8b077_768e_4f89_8a31_e8db131f020c_1503943565506_0"},{"key":"?b","val":"VO_f6d8b077_768e_4f89_8a31_e8db131f020c_1503943565506_11"},{"key":"?s","val":"VO_f6d8b077_768e_4f89_8a31_e8db131f020c_1503943565506_9"},{"key":"?beneficiarySsn","val":"274-27-4388"}]}]},{"query":"?- ?v:AE#VATravelVoucher, ?v[AE#hasVoucherBeneficiary->?b], ?b[AE#hasLiens->?beneficiaryHasLiens].","resultList":[{"result":[{"key":"?v","val":"VO_f6d8b077_768e_4f89_8a31_e8db131f020c_1503943565506_0"},{"key":"?b","val":"VO_f6d8b077_768e_4f89_8a31_e8db131f020c_1503943565506_11"},{"key":"?beneficiaryHasLiens","val":"AE#NoLienReport"}]}]},{"query":"?- ?v:AE#VATravelVoucher, ?v[AE#hasVoucherBeneficiary->?b], ?b[AE#hasDeclaredBankruptcy->?beneficiaryHasDeclaredBankruptcy].","resultList":[{"result":[{"key":"?v","val":"VO_f6d8b077_768e_4f89_8a31_e8db131f020c_1503943565506_0"},{"key":"?b","val":"VO_f6d8b077_768e_4f89_8a31_e8db131f020c_1503943565506_11"},{"key":"?beneficiaryHasDeclaredBankruptcy","val":"AE#NoBankruptcyReport"}]}]},{"query":"?- ?v:AE#VATravelVoucher, ?v[AE#hasVoucherBeneficiary->?b], ?b[AE#hasArrestRecord->?beneficiaryHasArrestRecord].","resultList":[{"result":[{"key":"?v","val":"VO_f6d8b077_768e_4f89_8a31_e8db131f020c_1503943565506_0"},{"key":"?b","val":"VO_f6d8b077_768e_4f89_8a31_e8db131f020c_1503943565506_11"},{"key":"?beneficiaryHasArrestRecord","val":"AE#NoArrestRecord"}]}]},{"query":"?- ?v:AE#VATravelVoucher, ?v[AE#hasVoucherBeneficiary->?b], ?b[AE#hasCriminalRecord->?beneficiaryHasCriminalRecord].","resultList":[{"result":[{"key":"?v","val":"VO_f6d8b077_768e_4f89_8a31_e8db131f020c_1503943565506_0"},{"key":"?b","val":"VO_f6d8b077_768e_4f89_8a31_e8db131f020c_1503943565506_11"},{"key":"?beneficiaryHasCriminalRecord","val":"AE#NoCriminalRecord"}]}]},{"query":"?- ?t:AE#Travelling, ?t[AE#hasPath->?p], ?p[AE#hasDistance->?d], ?d[AE#numericValue->?expectedDistanceValue], ?d[AE#hasUnitOfMeasure->?unitOfDistanceMeasure].","resultList":[{"result":[{"key":"?t","val":"VO_f6d8b077_768e_4f89_8a31_e8db131f020c_1503943565506_6"},{"key":"?p","val":"ES_6213a547_76c7_4a9b_a8cd_ceb947025ebf_1503943594159_4"},{"key":"?d","val":"ES_6213a547_76c7_4a9b_a8cd_ceb947025ebf_1503943594159_0"},{"key":"?expectedDistanceValue","val":"5309.4818764981746426201425492763519287109375"},{"key":"?unitOfDistanceMeasure","val":"meters"}]}]},{"query":"?- ?t:AE#Travelling, ?t[AE#hasPath->?p], ?p[AE#hasExpectedTravelTime->?d], ?d[AE#numericValue->?expectedTimeValue], ?d[AE#hasUnitOfMeasure->?unitOfTimeMeasure].","resultList":[{"result":[{"key":"?t","val":"VO_f6d8b077_768e_4f89_8a31_e8db131f020c_1503943565506_6"},{"key":"?p","val":"ES_6213a547_76c7_4a9b_a8cd_ceb947025ebf_1503943594159_4"},{"key":"?d","val":"ES_6213a547_76c7_4a9b_a8cd_ceb947025ebf_1503943594159_2"},{"key":"?expectedTimeValue","val":"7.153311365400440990924835205078125"},{"key":"?unitOfTimeMeasure","val":"minutes"}]}]},{"query":"?- ?t:AE#Travelling, ?t[AE#hasDestination->?d], ?d[label->?destinationFullAddress].","resultList":[{"result":[{"key":"?t","val":"VO_f6d8b077_768e_4f89_8a31_e8db131f020c_1503943565506_7"},{"key":"?d","val":"VO_f6d8b077_768e_4f89_8a31_e8db131f020c_1503943565506_8"},{"key":"?destinationFullAddress","val":"2790 Truxton Road, Suite 130, San Diego, CA 92106"}]},{"result":[{"key":"?t","val":"VO_f6d8b077_768e_4f89_8a31_e8db131f020c_1503943565506_6"},{"key":"?d","val":"VO_f6d8b077_768e_4f89_8a31_e8db131f020c_1503943565506_5"},{"key":"?destinationFullAddress","val":"5998 Alcala Park San Diego, CA 92110"}]}]},{"query":"?- ?t:AE#Travelling, ?t[AE#hasDestination->?d], ?d[AE#hasStreet->?s], ?s[label->?destinationStreetName], ?d[AE#hasCity->?c], ?c[label->?destinationCity], ?d[AE#hasState->?st], ?st[label->?destinationState], ?d[AE#hasZipcode->?destinationZipCode].","resultList":[{"result":[{"key":"?t","val":"VO_f6d8b077_768e_4f89_8a31_e8db131f020c_1503943565506_7"},{"key":"?d","val":"VO_f6d8b077_768e_4f89_8a31_e8db131f020c_1503943565506_8"},{"key":"?s","val":"NO_ce21fb4d_5cde_43c6_8d76_1593ff442c25_1503943576094_id5"},{"key":"?destinationStreetName","val":"2790 Truxton Road"},{"key":"?c","val":"NO_ce21fb4d_5cde_43c6_8d76_1593ff442c25_1503943576094_id11"},{"key":"?destinationCity","val":"San Diego"},{"key":"?st","val":"NO_ce21fb4d_5cde_43c6_8d76_1593ff442c25_1503943576094_id13"},{"key":"?destinationState","val":"CA"},{"key":"?destinationZipCode","val":"92106"}]}]},{"query":"?- ?t:AE#Travelling, ?t[AE#hasOrigin->?d], ?d[label->?originFullAddress].","resultList":[{"result":[{"key":"?t","val":"VO_f6d8b077_768e_4f89_8a31_e8db131f020c_1503943565506_7"},{"key":"?d","val":"VO_f6d8b077_768e_4f89_8a31_e8db131f020c_1503943565506_3"},{"key":"?originFullAddress","val":"57 Pennsylvania St. San Diego, CA 92126"}]},{"result":[{"key":"?t","val":"VO_f6d8b077_768e_4f89_8a31_e8db131f020c_1503943565506_6"},{"key":"?d","val":"VO_f6d8b077_768e_4f89_8a31_e8db131f020c_1503943565506_8"},{"key":"?originFullAddress","val":"2790 Truxton Road, Suite 130, San Diego, CA 92106"}]}]},{"query":"?- ?t:AE#Travelling, ?t[AE#hasOrigin->?d], ?d[AE#hasStreet->?s], ?s[label->?originStreetName], ?d[AE#hasCity->?c], ?c[label->?originCity], ?d[AE#hasState->?st], ?st[label->?originState], ?d[AE#hasZipcode->?originZipCode].","resultList":[{"result":[{"key":"?t","val":"VO_f6d8b077_768e_4f89_8a31_e8db131f020c_1503943565506_7"},{"key":"?d","val":"VO_f6d8b077_768e_4f89_8a31_e8db131f020c_1503943565506_3"},{"key":"?s","val":"NO_c0596e39_37e4_46d0_a23d_ffb794bc8fa7_1503943580572_id3"},{"key":"?originStreetName","val":"57 Pennsylvania St."},{"key":"?c","val":"NO_c0596e39_37e4_46d0_a23d_ffb794bc8fa7_1503943580572_id9"},{"key":"?originCity","val":"San Diego"},{"key":"?st","val":"NO_c0596e39_37e4_46d0_a23d_ffb794bc8fa7_1503943580572_id11"},{"key":"?originState","val":"CA"},{"key":"?originZipCode","val":"92126"}]},{"result":[{"key":"?t","val":"VO_f6d8b077_768e_4f89_8a31_e8db131f020c_1503943565506_6"},{"key":"?d","val":"VO_f6d8b077_768e_4f89_8a31_e8db131f020c_1503943565506_8"},{"key":"?s","val":"NO_ce21fb4d_5cde_43c6_8d76_1593ff442c25_1503943576094_id5"},{"key":"?originStreetName","val":"2790 Truxton Road"},{"key":"?c","val":"NO_ce21fb4d_5cde_43c6_8d76_1593ff442c25_1503943576094_id11"},{"key":"?originCity","val":"San Diego"},{"key":"?st","val":"NO_ce21fb4d_5cde_43c6_8d76_1593ff442c25_1503943576094_id13"},{"key":"?originState","val":"CA"},{"key":"?originZipCode","val":"92106"}]}]},{"query":"?- ?t:AE#Travelling, ?t[AE#hasPath->?p], ?p[AE#hasStartRegion->?s], ?s[AE#hasLatitude->?originLatitude], ?s[AE#hasLongitude->?originLongitude].","resultList":[{"result":[{"key":"?t","val":"VO_f6d8b077_768e_4f89_8a31_e8db131f020c_1503943565506_6"},{"key":"?p","val":"ES_6213a547_76c7_4a9b_a8cd_ceb947025ebf_1503943594159_4"},{"key":"?s","val":"ES_6213a547_76c7_4a9b_a8cd_ceb947025ebf_1503943594159_3"},{"key":"?originLatitude","val":"32.74051839275188058309140615165233612060546875"},{"key":"?originLongitude","val":"-117.2130215001728856805129908025264739990234375"}]}]},{"query":"?- ?t:AE#Travelling, ?t[AE#hasPath->?p], ?p[AE#hasEndRegion->?e], ?e[AE#hasLatitude->?destinationLatitude], ?e[AE#hasLongitude->?destinationLongitude].","resultList":[{"result":[{"key":"?t","val":"VO_f6d8b077_768e_4f89_8a31_e8db131f020c_1503943565506_6"},{"key":"?p","val":"ES_6213a547_76c7_4a9b_a8cd_ceb947025ebf_1503943594159_4"},{"key":"?e","val":"ES_6213a547_76c7_4a9b_a8cd_ceb947025ebf_1503943594159_1"},{"key":"?destinationLatitude","val":"32.7730220289298159741520066745579242706298828125"},{"key":"?destinationLongitude","val":"-117.1875026012543372644358896650373935699462890625"}]}]}]}
