{"dataList":[{"query":"?- ?v:AE#VATravelVoucher, ?v[AE#hasVoucherClaimant->?c], ?c[AE#hasName->?cn], ?cn[label->?claimantFullName].","resultList":[{"result":[{"key":"?v","val":"VO_f5804e2f_26c6_4a5b_8566_9cf044ca72b4_1503943101734_0"},{"key":"?c","val":"VO_f5804e2f_26c6_4a5b_8566_9cf044ca72b4_1503943101734_2"},{"key":"?cn","val":"NO_4de16d57_c921_4859_a67d_fafc11bde6bb_1503943109424_0"},{"key":"?claimantFullName","val":"Martin Eddie Walsh"}]},{"result":[{"key":"?v","val":"VO_f5804e2f_26c6_4a5b_8566_9cf044ca72b4_1503943101734_0"},{"key":"?c","val":"VO_f5804e2f_26c6_4a5b_8566_9cf044ca72b4_1503943101734_2"},{"key":"?cn","val":"VO_f5804e2f_26c6_4a5b_8566_9cf044ca72b4_1503943101734_1"},{"key":"?claimantFullName","val":"Martin Eddie Walsh"}]}]},{"query":"?- ?v:AE#VATravelVoucher, ?v[AE#hasVoucherClaimant->?c], ?c[AE#hasName->?cn], ?cn[AE#hasFirstName->?claimantFirstName].","resultList":[{"result":[{"key":"?v","val":"VO_f5804e2f_26c6_4a5b_8566_9cf044ca72b4_1503943101734_0"},{"key":"?c","val":"VO_f5804e2f_26c6_4a5b_8566_9cf044ca72b4_1503943101734_2"},{"key":"?cn","val":"NO_4de16d57_c921_4859_a67d_fafc11bde6bb_1503943109424_0"},{"key":"?claimantFirstName","val":"martin"}]}]},{"query":"?- ?v:AE#VATravelVoucher, ?v[AE#hasVoucherClaimant->?c], ?c[AE#hasName->?cn], ?cn[AE#hasLastName->?claimantLastName].","resultList":[{"result":[{"key":"?v","val":"VO_f5804e2f_26c6_4a5b_8566_9cf044ca72b4_1503943101734_0"},{"key":"?c","val":"VO_f5804e2f_26c6_4a5b_8566_9cf044ca72b4_1503943101734_2"},{"key":"?cn","val":"NO_4de16d57_c921_4859_a67d_fafc11bde6bb_1503943109424_0"},{"key":"?claimantLastName","val":"walsh"}]}]},{"query":"?- ?v:AE#VATravelVoucher, ?v[AE#hasVoucherClaimant->?c], ?c[AE#hasSocialSecurityNumber->?s], ?s[label->?claimantSsn].","resultList":[{"result":[{"key":"?v","val":"VO_f5804e2f_26c6_4a5b_8566_9cf044ca72b4_1503943101734_0"},{"key":"?c","val":"VO_f5804e2f_26c6_4a5b_8566_9cf044ca72b4_1503943101734_2"},{"key":"?s","val":"VO_f5804e2f_26c6_4a5b_8566_9cf044ca72b4_1503943101734_12"},{"key":"?claimantSsn","val":"274-57-0041"}]}]},{"query":"?- ?v:AE#VATravelVoucher, ?v[AE#hasVoucherClaimant->?c], ?c[AE#hasLiens->?claimantHasLiens].","resultList":[{"result":[{"key":"?v","val":"VO_f5804e2f_26c6_4a5b_8566_9cf044ca72b4_1503943101734_0"},{"key":"?c","val":"VO_f5804e2f_26c6_4a5b_8566_9cf044ca72b4_1503943101734_2"},{"key":"?claimantHasLiens","val":"AE#NoLienReport"}]}]},{"query":"?- ?v:AE#VATravelVoucher, ?v[AE#hasVoucherClaimant->?c], ?c[AE#hasDeclaredBankruptcy->?claimantHasDeclaredBankruptcy].","resultList":[{"result":[{"key":"?v","val":"VO_f5804e2f_26c6_4a5b_8566_9cf044ca72b4_1503943101734_0"},{"key":"?c","val":"VO_f5804e2f_26c6_4a5b_8566_9cf044ca72b4_1503943101734_2"},{"key":"?claimantHasDeclaredBankruptcy","val":"AE#NoBankruptcyReport"}]}]},{"query":"?- ?v:AE#VATravelVoucher, ?v[AE#hasVoucherClaimant->?c], ?c[AE#hasArrestRecord->?claimantHasArrestRecord].","resultList":[{"result":[{"key":"?v","val":"VO_f5804e2f_26c6_4a5b_8566_9cf044ca72b4_1503943101734_0"},{"key":"?c","val":"VO_f5804e2f_26c6_4a5b_8566_9cf044ca72b4_1503943101734_2"},{"key":"?claimantHasArrestRecord","val":"AE#NoArrestRecord"}]}]},{"query":"?- ?v:AE#VATravelVoucher, ?v[AE#hasVoucherClaimant->?c], ?c[AE#hasCriminalRecord->?claimantHasCriminalRecord].","resultList":[{"result":[{"key":"?v","val":"VO_f5804e2f_26c6_4a5b_8566_9cf044ca72b4_1503943101734_0"},{"key":"?c","val":"VO_f5804e2f_26c6_4a5b_8566_9cf044ca72b4_1503943101734_2"},{"key":"?claimantHasCriminalRecord","val":"AE#NoCriminalRecord"}]}]},{"query":"?- ?v:AE#VATravelVoucher, ?v[AE#hasVoucherBeneficiary->?b], ?b[AE#hasName->?cn], ?cn[label->?beneficiaryFullName].","resultList":[{"result":[{"key":"?v","val":"VO_f5804e2f_26c6_4a5b_8566_9cf044ca72b4_1503943101734_0"},{"key":"?b","val":"VO_f5804e2f_26c6_4a5b_8566_9cf044ca72b4_1503943101734_11"},{"key":"?cn","val":"VO_f5804e2f_26c6_4a5b_8566_9cf044ca72b4_1503943101734_10"},{"key":"?beneficiaryFullName","val":"Charles J. Wilkins"}]},{"result":[{"key":"?v","val":"VO_f5804e2f_26c6_4a5b_8566_9cf044ca72b4_1503943101734_0"},{"key":"?b","val":"VO_f5804e2f_26c6_4a5b_8566_9cf044ca72b4_1503943101734_11"},{"key":"?cn","val":"NO_a39edb39_231e_4d32_82c3_6ad927424f74_1503943107453_0"},{"key":"?beneficiaryFullName","val":"Charles J. Wilkins"}]}]},{"query":"?- ?v:AE#VATravelVoucher, ?v[AE#hasVoucherBeneficiary->?b], ?b[AE#hasName->?cn], ?cn[AE#hasFirstName->?beneficiaryFirstName].","resultList":[{"result":[{"key":"?v","val":"VO_f5804e2f_26c6_4a5b_8566_9cf044ca72b4_1503943101734_0"},{"key":"?b","val":"VO_f5804e2f_26c6_4a5b_8566_9cf044ca72b4_1503943101734_11"},{"key":"?cn","val":"NO_a39edb39_231e_4d32_82c3_6ad927424f74_1503943107453_0"},{"key":"?beneficiaryFirstName","val":"charles"}]}]},{"query":"?- ?v:AE#VATravelVoucher, ?v[AE#hasVoucherBeneficiary->?b], ?b[AE#hasName->?cn], ?cn[AE#hasLastName->?beneficiaryLastName].","resultList":[{"result":[{"key":"?v","val":"VO_f5804e2f_26c6_4a5b_8566_9cf044ca72b4_1503943101734_0"},{"key":"?b","val":"VO_f5804e2f_26c6_4a5b_8566_9cf044ca72b4_1503943101734_11"},{"key":"?cn","val":"NO_a39edb39_231e_4d32_82c3_6ad927424f74_1503943107453_0"},{"key":"?beneficiaryLastName","val":"wilkins"}]}]},{"query":"?- ?v:AE#VATravelVoucher, ?v[AE#hasVoucherBeneficiary->?b], ?b[AE#hasSocialSecurityNumber->?s], ?s[label->?beneficiarySsn].","resultList":[{"result":[{"key":"?v","val":"VO_f5804e2f_26c6_4a5b_8566_9cf044ca72b4_1503943101734_0"},{"key":"?b","val":"VO_f5804e2f_26c6_4a5b_8566_9cf044ca72b4_1503943101734_11"},{"key":"?s","val":"VO_f5804e2f_26c6_4a5b_8566_9cf044ca72b4_1503943101734_9"},{"key":"?beneficiarySsn","val":"260-47-2853"}]}]},{"query":"?- ?v:AE#VATravelVoucher, ?v[AE#hasVoucherBeneficiary->?b], ?b[AE#hasLiens->?beneficiaryHasLiens].","resultList":[{"result":[{"key":"?v","val":"VO_f5804e2f_26c6_4a5b_8566_9cf044ca72b4_1503943101734_0"},{"key":"?b","val":"VO_f5804e2f_26c6_4a5b_8566_9cf044ca72b4_1503943101734_11"},{"key":"?beneficiaryHasLiens","val":"AE#NoLienReport"}]}]},{"query":"?- ?v:AE#VATravelVoucher, ?v[AE#hasVoucherBeneficiary->?b], ?b[AE#hasDeclaredBankruptcy->?beneficiaryHasDeclaredBankruptcy].","resultList":[{"result":[{"key":"?v","val":"VO_f5804e2f_26c6_4a5b_8566_9cf044ca72b4_1503943101734_0"},{"key":"?b","val":"VO_f5804e2f_26c6_4a5b_8566_9cf044ca72b4_1503943101734_11"},{"key":"?beneficiaryHasDeclaredBankruptcy","val":"AE#NoBankruptcyReport"}]}]},{"query":"?- ?v:AE#VATravelVoucher, ?v[AE#hasVoucherBeneficiary->?b], ?b[AE#hasArrestRecord->?beneficiaryHasArrestRecord].","resultList":[{"result":[{"key":"?v","val":"VO_f5804e2f_26c6_4a5b_8566_9cf044ca72b4_1503943101734_0"},{"key":"?b","val":"VO_f5804e2f_26c6_4a5b_8566_9cf044ca72b4_1503943101734_11"},{"key":"?beneficiaryHasArrestRecord","val":"AE#NoArrestRecord"}]}]},{"query":"?- ?v:AE#VATravelVoucher, ?v[AE#hasVoucherBeneficiary->?b], ?b[AE#hasCriminalRecord->?beneficiaryHasCriminalRecord].","resultList":[{"result":[{"key":"?v","val":"VO_f5804e2f_26c6_4a5b_8566_9cf044ca72b4_1503943101734_0"},{"key":"?b","val":"VO_f5804e2f_26c6_4a5b_8566_9cf044ca72b4_1503943101734_11"},{"key":"?beneficiaryHasCriminalRecord","val":"AE#NoCriminalRecord"}]}]},{"query":"?- ?t:AE#Travelling, ?t[AE#hasPath->?p], ?p[AE#hasDistance->?d], ?d[AE#numericValue->?expectedDistanceValue], ?d[AE#hasUnitOfMeasure->?unitOfDistanceMeasure].","resultList":[{"result":[{"key":"?t","val":"VO_f5804e2f_26c6_4a5b_8566_9cf044ca72b4_1503943101734_6"},{"key":"?p","val":"ES_02007cb2_1e31_41ed_b8ef_758abe58cfd0_1503943128299_4"},{"key":"?d","val":"ES_02007cb2_1e31_41ed_b8ef_758abe58cfd0_1503943128299_0"},{"key":"?expectedDistanceValue","val":"19648.002742562312050722539424896240234375"},{"key":"?unitOfDistanceMeasure","val":"meters"}]}]},{"query":"?- ?t:AE#Travelling, ?t[AE#hasPath->?p], ?p[AE#hasExpectedTravelTime->?d], ?d[AE#numericValue->?expectedTimeValue], ?d[AE#hasUnitOfMeasure->?unitOfTimeMeasure].","resultList":[{"result":[{"key":"?t","val":"VO_f5804e2f_26c6_4a5b_8566_9cf044ca72b4_1503943101734_6"},{"key":"?p","val":"ES_02007cb2_1e31_41ed_b8ef_758abe58cfd0_1503943128299_4"},{"key":"?d","val":"ES_02007cb2_1e31_41ed_b8ef_758abe58cfd0_1503943128299_2"},{"key":"?expectedTimeValue","val":"14.758639647625386714935302734375"},{"key":"?unitOfTimeMeasure","val":"minutes"}]}]},{"query":"?- ?t:AE#Travelling, ?t[AE#hasDestination->?d], ?d[label->?destinationFullAddress].","resultList":[{"result":[{"key":"?t","val":"VO_f5804e2f_26c6_4a5b_8566_9cf044ca72b4_1503943101734_7"},{"key":"?d","val":"VO_f5804e2f_26c6_4a5b_8566_9cf044ca72b4_1503943101734_8"},{"key":"?destinationFullAddress","val":"2790 Truxton Road, Suite 130, San Diego, CA 92106"}]},{"result":[{"key":"?t","val":"VO_f5804e2f_26c6_4a5b_8566_9cf044ca72b4_1503943101734_6"},{"key":"?d","val":"VO_f5804e2f_26c6_4a5b_8566_9cf044ca72b4_1503943101734_5"},{"key":"?destinationFullAddress","val":"5830 Pawnee Dr La Mesa, CA 91942"}]}]},{"query":"?- ?t:AE#Travelling, ?t[AE#hasDestination->?d], ?d[AE#hasStreet->?s], ?s[label->?destinationStreetName], ?d[AE#hasCity->?c], ?c[label->?destinationCity], ?d[AE#hasState->?st], ?st[label->?destinationState], ?d[AE#hasZipcode->?destinationZipCode].","resultList":[{"result":[{"key":"?t","val":"VO_f5804e2f_26c6_4a5b_8566_9cf044ca72b4_1503943101734_7"},{"key":"?d","val":"VO_f5804e2f_26c6_4a5b_8566_9cf044ca72b4_1503943101734_8"},{"key":"?s","val":"NO_d924ea3a_224a_4edc_ab88_644235b3933f_1503943111270_id5"},{"key":"?destinationStreetName","val":"2790 Truxton Road"},{"key":"?c","val":"NO_d924ea3a_224a_4edc_ab88_644235b3933f_1503943111270_id11"},{"key":"?destinationCity","val":"San Diego"},{"key":"?st","val":"NO_d924ea3a_224a_4edc_ab88_644235b3933f_1503943111270_id13"},{"key":"?destinationState","val":"CA"},{"key":"?destinationZipCode","val":"92106"}]}]},{"query":"?- ?t:AE#Travelling, ?t[AE#hasOrigin->?d], ?d[label->?originFullAddress].","resultList":[{"result":[{"key":"?t","val":"VO_f5804e2f_26c6_4a5b_8566_9cf044ca72b4_1503943101734_7"},{"key":"?d","val":"VO_f5804e2f_26c6_4a5b_8566_9cf044ca72b4_1503943101734_3"},{"key":"?originFullAddress","val":"3343 43rd St, San Diego, CA 92105"}]},{"result":[{"key":"?t","val":"VO_f5804e2f_26c6_4a5b_8566_9cf044ca72b4_1503943101734_6"},{"key":"?d","val":"VO_f5804e2f_26c6_4a5b_8566_9cf044ca72b4_1503943101734_8"},{"key":"?originFullAddress","val":"2790 Truxton Road, Suite 130, San Diego, CA 92106"}]}]},{"query":"?- ?t:AE#Travelling, ?t[AE#hasOrigin->?d], ?d[AE#hasStreet->?s], ?s[label->?originStreetName], ?d[AE#hasCity->?c], ?c[label->?originCity], ?d[AE#hasState->?st], ?st[label->?originState], ?d[AE#hasZipcode->?originZipCode].","resultList":[{"result":[{"key":"?t","val":"VO_f5804e2f_26c6_4a5b_8566_9cf044ca72b4_1503943101734_7"},{"key":"?d","val":"VO_f5804e2f_26c6_4a5b_8566_9cf044ca72b4_1503943101734_3"},{"key":"?s","val":"NO_888984da_7865_4a3c_9fe6_71752128cc83_1503943115201_id3"},{"key":"?originStreetName","val":"3343 43rd St"},{"key":"?c","val":"NO_888984da_7865_4a3c_9fe6_71752128cc83_1503943115201_id9"},{"key":"?originCity","val":"San Diego"},{"key":"?st","val":"NO_888984da_7865_4a3c_9fe6_71752128cc83_1503943115201_id11"},{"key":"?originState","val":"CA"},{"key":"?originZipCode","val":"92105"}]},{"result":[{"key":"?t","val":"VO_f5804e2f_26c6_4a5b_8566_9cf044ca72b4_1503943101734_6"},{"key":"?d","val":"VO_f5804e2f_26c6_4a5b_8566_9cf044ca72b4_1503943101734_8"},{"key":"?s","val":"NO_d924ea3a_224a_4edc_ab88_644235b3933f_1503943111270_id5"},{"key":"?originStreetName","val":"2790 Truxton Road"},{"key":"?c","val":"NO_d924ea3a_224a_4edc_ab88_644235b3933f_1503943111270_id11"},{"key":"?originCity","val":"San Diego"},{"key":"?st","val":"NO_d924ea3a_224a_4edc_ab88_644235b3933f_1503943111270_id13"},{"key":"?originState","val":"CA"},{"key":"?originZipCode","val":"92106"}]}]},{"query":"?- ?t:AE#Travelling, ?t[AE#hasPath->?p], ?p[AE#hasStartRegion->?s], ?s[AE#hasLatitude->?originLatitude], ?s[AE#hasLongitude->?originLongitude].","resultList":[{"result":[{"key":"?t","val":"VO_f5804e2f_26c6_4a5b_8566_9cf044ca72b4_1503943101734_6"},{"key":"?p","val":"ES_02007cb2_1e31_41ed_b8ef_758abe58cfd0_1503943128299_4"},{"key":"?s","val":"ES_02007cb2_1e31_41ed_b8ef_758abe58cfd0_1503943128299_3"},{"key":"?originLatitude","val":"32.74051839275188058309140615165233612060546875"},{"key":"?originLongitude","val":"-117.2130215001728856805129908025264739990234375"}]}]},{"query":"?- ?t:AE#Travelling, ?t[AE#hasPath->?p], ?p[AE#hasEndRegion->?e], ?e[AE#hasLatitude->?destinationLatitude], ?e[AE#hasLongitude->?destinationLongitude].","resultList":[{"result":[{"key":"?t","val":"VO_f5804e2f_26c6_4a5b_8566_9cf044ca72b4_1503943101734_6"},{"key":"?p","val":"ES_02007cb2_1e31_41ed_b8ef_758abe58cfd0_1503943128299_4"},{"key":"?e","val":"ES_02007cb2_1e31_41ed_b8ef_758abe58cfd0_1503943128299_1"},{"key":"?destinationLatitude","val":"32.7824545495412422724257339723408222198486328125"},{"key":"?destinationLongitude","val":"-117.0354966899993058859763550572097301483154296875"}]}]}]}
