{"dataList":[{"query":"?- ?v:AE#VATravelVoucher, ?v[AE#hasVoucherClaimant->?c], ?c[AE#hasName->?cn], ?cn[label->?claimantFullName].","resultList":[{"result":[{"key":"?v","val":"VO_f4aa780b_07c3_4b53_873f_761dbc6e91cd_1503940400246_0"},{"key":"?c","val":"VO_f4aa780b_07c3_4b53_873f_761dbc6e91cd_1503940400246_2"},{"key":"?cn","val":"NO_f5a93ecb_8423_44d8_a8d7_65ddd9739c27_1503940408059_0"},{"key":"?claimantFullName","val":"Leroy Habib Morgan"}]},{"result":[{"key":"?v","val":"VO_f4aa780b_07c3_4b53_873f_761dbc6e91cd_1503940400246_0"},{"key":"?c","val":"VO_f4aa780b_07c3_4b53_873f_761dbc6e91cd_1503940400246_2"},{"key":"?cn","val":"VO_f4aa780b_07c3_4b53_873f_761dbc6e91cd_1503940400246_1"},{"key":"?claimantFullName","val":"Leroy Habib Morgan"}]}]},{"query":"?- ?v:AE#VATravelVoucher, ?v[AE#hasVoucherClaimant->?c], ?c[AE#hasName->?cn], ?cn[AE#hasFirstName->?claimantFirstName].","resultList":[{"result":[{"key":"?v","val":"VO_f4aa780b_07c3_4b53_873f_761dbc6e91cd_1503940400246_0"},{"key":"?c","val":"VO_f4aa780b_07c3_4b53_873f_761dbc6e91cd_1503940400246_2"},{"key":"?cn","val":"NO_f5a93ecb_8423_44d8_a8d7_65ddd9739c27_1503940408059_0"},{"key":"?claimantFirstName","val":"leroy_habib"}]}]},{"query":"?- ?v:AE#VATravelVoucher, ?v[AE#hasVoucherClaimant->?c], ?c[AE#hasName->?cn], ?cn[AE#hasLastName->?claimantLastName].","resultList":[{"result":[{"key":"?v","val":"VO_f4aa780b_07c3_4b53_873f_761dbc6e91cd_1503940400246_0"},{"key":"?c","val":"VO_f4aa780b_07c3_4b53_873f_761dbc6e91cd_1503940400246_2"},{"key":"?cn","val":"NO_f5a93ecb_8423_44d8_a8d7_65ddd9739c27_1503940408059_0"},{"key":"?claimantLastName","val":"morgan"}]}]},{"query":"?- ?v:AE#VATravelVoucher, ?v[AE#hasVoucherClaimant->?c], ?c[AE#hasSocialSecurityNumber->?s], ?s[label->?claimantSsn].","resultList":[{"result":[{"key":"?v","val":"VO_f4aa780b_07c3_4b53_873f_761dbc6e91cd_1503940400246_0"},{"key":"?c","val":"VO_f4aa780b_07c3_4b53_873f_761dbc6e91cd_1503940400246_2"},{"key":"?s","val":"VO_f4aa780b_07c3_4b53_873f_761dbc6e91cd_1503940400246_12"},{"key":"?claimantSsn","val":"454-91-4911"}]}]},{"query":"?- ?v:AE#VATravelVoucher, ?v[AE#hasVoucherClaimant->?c], ?c[AE#hasLiens->?claimantHasLiens].","resultList":[{"result":[{"key":"?v","val":"VO_f4aa780b_07c3_4b53_873f_761dbc6e91cd_1503940400246_0"},{"key":"?c","val":"VO_f4aa780b_07c3_4b53_873f_761dbc6e91cd_1503940400246_2"},{"key":"?claimantHasLiens","val":"AE#NoLienReport"}]}]},{"query":"?- ?v:AE#VATravelVoucher, ?v[AE#hasVoucherClaimant->?c], ?c[AE#hasDeclaredBankruptcy->?claimantHasDeclaredBankruptcy].","resultList":[{"result":[{"key":"?v","val":"VO_f4aa780b_07c3_4b53_873f_761dbc6e91cd_1503940400246_0"},{"key":"?c","val":"VO_f4aa780b_07c3_4b53_873f_761dbc6e91cd_1503940400246_2"},{"key":"?claimantHasDeclaredBankruptcy","val":"AE#NoBankruptcyReport"}]}]},{"query":"?- ?v:AE#VATravelVoucher, ?v[AE#hasVoucherClaimant->?c], ?c[AE#hasArrestRecord->?claimantHasArrestRecord].","resultList":[{"result":[{"key":"?v","val":"VO_f4aa780b_07c3_4b53_873f_761dbc6e91cd_1503940400246_0"},{"key":"?c","val":"VO_f4aa780b_07c3_4b53_873f_761dbc6e91cd_1503940400246_2"},{"key":"?claimantHasArrestRecord","val":"AE#NoArrestRecord"}]}]},{"query":"?- ?v:AE#VATravelVoucher, ?v[AE#hasVoucherClaimant->?c], ?c[AE#hasCriminalRecord->?claimantHasCriminalRecord].","resultList":[{"result":[{"key":"?v","val":"VO_f4aa780b_07c3_4b53_873f_761dbc6e91cd_1503940400246_0"},{"key":"?c","val":"VO_f4aa780b_07c3_4b53_873f_761dbc6e91cd_1503940400246_2"},{"key":"?claimantHasCriminalRecord","val":"AE#NoCriminalRecord"}]}]},{"query":"?- ?v:AE#VATravelVoucher, ?v[AE#hasVoucherBeneficiary->?b], ?b[AE#hasName->?cn], ?cn[label->?beneficiaryFullName].","resultList":[{"result":[{"key":"?v","val":"VO_f4aa780b_07c3_4b53_873f_761dbc6e91cd_1503940400246_0"},{"key":"?b","val":"VO_f4aa780b_07c3_4b53_873f_761dbc6e91cd_1503940400246_11"},{"key":"?cn","val":"VO_f4aa780b_07c3_4b53_873f_761dbc6e91cd_1503940400246_10"},{"key":"?beneficiaryFullName","val":"Leroy Habib Morgan"}]},{"result":[{"key":"?v","val":"VO_f4aa780b_07c3_4b53_873f_761dbc6e91cd_1503940400246_0"},{"key":"?b","val":"VO_f4aa780b_07c3_4b53_873f_761dbc6e91cd_1503940400246_11"},{"key":"?cn","val":"NO_71818854_e05f_4779_89a6_17d0dbe425b9_1503940406050_0"},{"key":"?beneficiaryFullName","val":"Leroy Habib Morgan"}]}]},{"query":"?- ?v:AE#VATravelVoucher, ?v[AE#hasVoucherBeneficiary->?b], ?b[AE#hasName->?cn], ?cn[AE#hasFirstName->?beneficiaryFirstName].","resultList":[{"result":[{"key":"?v","val":"VO_f4aa780b_07c3_4b53_873f_761dbc6e91cd_1503940400246_0"},{"key":"?b","val":"VO_f4aa780b_07c3_4b53_873f_761dbc6e91cd_1503940400246_11"},{"key":"?cn","val":"NO_71818854_e05f_4779_89a6_17d0dbe425b9_1503940406050_0"},{"key":"?beneficiaryFirstName","val":"leroy_habib"}]}]},{"query":"?- ?v:AE#VATravelVoucher, ?v[AE#hasVoucherBeneficiary->?b], ?b[AE#hasName->?cn], ?cn[AE#hasLastName->?beneficiaryLastName].","resultList":[{"result":[{"key":"?v","val":"VO_f4aa780b_07c3_4b53_873f_761dbc6e91cd_1503940400246_0"},{"key":"?b","val":"VO_f4aa780b_07c3_4b53_873f_761dbc6e91cd_1503940400246_11"},{"key":"?cn","val":"NO_71818854_e05f_4779_89a6_17d0dbe425b9_1503940406050_0"},{"key":"?beneficiaryLastName","val":"morgan"}]}]},{"query":"?- ?v:AE#VATravelVoucher, ?v[AE#hasVoucherBeneficiary->?b], ?b[AE#hasSocialSecurityNumber->?s], ?s[label->?beneficiarySsn].","resultList":[{"result":[{"key":"?v","val":"VO_f4aa780b_07c3_4b53_873f_761dbc6e91cd_1503940400246_0"},{"key":"?b","val":"VO_f4aa780b_07c3_4b53_873f_761dbc6e91cd_1503940400246_11"},{"key":"?s","val":"VO_f4aa780b_07c3_4b53_873f_761dbc6e91cd_1503940400246_9"},{"key":"?beneficiarySsn","val":"454-91-4911"}]}]},{"query":"?- ?v:AE#VATravelVoucher, ?v[AE#hasVoucherBeneficiary->?b], ?b[AE#hasLiens->?beneficiaryHasLiens].","resultList":[{"result":[{"key":"?v","val":"VO_f4aa780b_07c3_4b53_873f_761dbc6e91cd_1503940400246_0"},{"key":"?b","val":"VO_f4aa780b_07c3_4b53_873f_761dbc6e91cd_1503940400246_11"},{"key":"?beneficiaryHasLiens","val":"AE#NoLienReport"}]}]},{"query":"?- ?v:AE#VATravelVoucher, ?v[AE#hasVoucherBeneficiary->?b], ?b[AE#hasDeclaredBankruptcy->?beneficiaryHasDeclaredBankruptcy].","resultList":[{"result":[{"key":"?v","val":"VO_f4aa780b_07c3_4b53_873f_761dbc6e91cd_1503940400246_0"},{"key":"?b","val":"VO_f4aa780b_07c3_4b53_873f_761dbc6e91cd_1503940400246_11"},{"key":"?beneficiaryHasDeclaredBankruptcy","val":"AE#NoBankruptcyReport"}]}]},{"query":"?- ?v:AE#VATravelVoucher, ?v[AE#hasVoucherBeneficiary->?b], ?b[AE#hasArrestRecord->?beneficiaryHasArrestRecord].","resultList":[{"result":[{"key":"?v","val":"VO_f4aa780b_07c3_4b53_873f_761dbc6e91cd_1503940400246_0"},{"key":"?b","val":"VO_f4aa780b_07c3_4b53_873f_761dbc6e91cd_1503940400246_11"},{"key":"?beneficiaryHasArrestRecord","val":"AE#NoArrestRecord"}]}]},{"query":"?- ?v:AE#VATravelVoucher, ?v[AE#hasVoucherBeneficiary->?b], ?b[AE#hasCriminalRecord->?beneficiaryHasCriminalRecord].","resultList":[{"result":[{"key":"?v","val":"VO_f4aa780b_07c3_4b53_873f_761dbc6e91cd_1503940400246_0"},{"key":"?b","val":"VO_f4aa780b_07c3_4b53_873f_761dbc6e91cd_1503940400246_11"},{"key":"?beneficiaryHasCriminalRecord","val":"AE#NoCriminalRecord"}]}]},{"query":"?- ?t:AE#Travelling, ?t[AE#hasPath->?p], ?p[AE#hasDistance->?d], ?d[AE#numericValue->?expectedDistanceValue], ?d[AE#hasUnitOfMeasure->?unitOfDistanceMeasure].","resultList":[{"result":[{"key":"?t","val":"VO_f4aa780b_07c3_4b53_873f_761dbc6e91cd_1503940400246_6"},{"key":"?p","val":"ES_8d41dc50_5cd0_4aab_ac27_1291bf4e91b3_1503940427084_4"},{"key":"?d","val":"ES_8d41dc50_5cd0_4aab_ac27_1291bf4e91b3_1503940427084_0"},{"key":"?expectedDistanceValue","val":"26439.03819823846060899086296558380126953125"},{"key":"?unitOfDistanceMeasure","val":"meters"}]}]},{"query":"?- ?t:AE#Travelling, ?t[AE#hasPath->?p], ?p[AE#hasExpectedTravelTime->?d], ?d[AE#numericValue->?expectedTimeValue], ?d[AE#hasUnitOfMeasure->?unitOfTimeMeasure].","resultList":[{"result":[{"key":"?t","val":"VO_f4aa780b_07c3_4b53_873f_761dbc6e91cd_1503940400246_6"},{"key":"?p","val":"ES_8d41dc50_5cd0_4aab_ac27_1291bf4e91b3_1503940427084_4"},{"key":"?d","val":"ES_8d41dc50_5cd0_4aab_ac27_1291bf4e91b3_1503940427084_2"},{"key":"?expectedTimeValue","val":"19.40749978995881974697113037109375"},{"key":"?unitOfTimeMeasure","val":"minutes"}]}]},{"query":"?- ?t:AE#Travelling, ?t[AE#hasDestination->?d], ?d[label->?destinationFullAddress].","resultList":[{"result":[{"key":"?t","val":"VO_f4aa780b_07c3_4b53_873f_761dbc6e91cd_1503940400246_7"},{"key":"?d","val":"VO_f4aa780b_07c3_4b53_873f_761dbc6e91cd_1503940400246_8"},{"key":"?destinationFullAddress","val":"2790 Truxton Road, Suite 130, San Diego, CA 92106"}]},{"result":[{"key":"?t","val":"VO_f4aa780b_07c3_4b53_873f_761dbc6e91cd_1503940400246_6"},{"key":"?d","val":"VO_f4aa780b_07c3_4b53_873f_761dbc6e91cd_1503940400246_5"},{"key":"?destinationFullAddress","val":"566 Nantucket Dr Chula Vista, CA 91911"}]}]},{"query":"?- ?t:AE#Travelling, ?t[AE#hasDestination->?d], ?d[AE#hasStreet->?s], ?s[label->?destinationStreetName], ?d[AE#hasCity->?c], ?c[label->?destinationCity], ?d[AE#hasState->?st], ?st[label->?destinationState], ?d[AE#hasZipcode->?destinationZipCode].","resultList":[{"result":[{"key":"?t","val":"VO_f4aa780b_07c3_4b53_873f_761dbc6e91cd_1503940400246_7"},{"key":"?d","val":"VO_f4aa780b_07c3_4b53_873f_761dbc6e91cd_1503940400246_8"},{"key":"?s","val":"NO_f863184f_691e_4d69_8c26_d48080b94c4f_1503940410065_id5"},{"key":"?destinationStreetName","val":"2790 Truxton Road"},{"key":"?c","val":"NO_f863184f_691e_4d69_8c26_d48080b94c4f_1503940410065_id11"},{"key":"?destinationCity","val":"San Diego"},{"key":"?st","val":"NO_f863184f_691e_4d69_8c26_d48080b94c4f_1503940410065_id13"},{"key":"?destinationState","val":"CA"},{"key":"?destinationZipCode","val":"92106"}]},{"result":[{"key":"?t","val":"VO_f4aa780b_07c3_4b53_873f_761dbc6e91cd_1503940400246_6"},{"key":"?d","val":"VO_f4aa780b_07c3_4b53_873f_761dbc6e91cd_1503940400246_5"},{"key":"?s","val":"NO_58c007ec_a63f_4a19_970b_b9df4a1a4a51_1503940412037_id3"},{"key":"?destinationStreetName","val":"566 Nantucket Dr"},{"key":"?c","val":"NO_58c007ec_a63f_4a19_970b_b9df4a1a4a51_1503940412037_id9"},{"key":"?destinationCity","val":"Chula Vista"},{"key":"?st","val":"NO_58c007ec_a63f_4a19_970b_b9df4a1a4a51_1503940412037_id11"},{"key":"?destinationState","val":"CA"},{"key":"?destinationZipCode","val":"91911"}]}]},{"query":"?- ?t:AE#Travelling, ?t[AE#hasOrigin->?d], ?d[label->?originFullAddress].","resultList":[{"result":[{"key":"?t","val":"VO_f4aa780b_07c3_4b53_873f_761dbc6e91cd_1503940400246_7"},{"key":"?d","val":"VO_f4aa780b_07c3_4b53_873f_761dbc6e91cd_1503940400246_3"},{"key":"?originFullAddress","val":"566 Nantucket Dr Chula Vista, CA 91911"}]},{"result":[{"key":"?t","val":"VO_f4aa780b_07c3_4b53_873f_761dbc6e91cd_1503940400246_6"},{"key":"?d","val":"VO_f4aa780b_07c3_4b53_873f_761dbc6e91cd_1503940400246_8"},{"key":"?originFullAddress","val":"2790 Truxton Road, Suite 130, San Diego, CA 92106"}]}]},{"query":"?- ?t:AE#Travelling, ?t[AE#hasOrigin->?d], ?d[AE#hasStreet->?s], ?s[label->?originStreetName], ?d[AE#hasCity->?c], ?c[label->?originCity], ?d[AE#hasState->?st], ?st[label->?originState], ?d[AE#hasZipcode->?originZipCode].","resultList":[{"result":[{"key":"?t","val":"VO_f4aa780b_07c3_4b53_873f_761dbc6e91cd_1503940400246_7"},{"key":"?d","val":"VO_f4aa780b_07c3_4b53_873f_761dbc6e91cd_1503940400246_3"},{"key":"?s","val":"NO_6f2172b0_dd76_4220_b6b7_38729d7101b1_1503940414141_id3"},{"key":"?originStreetName","val":"566 Nantucket Dr"},{"key":"?c","val":"NO_6f2172b0_dd76_4220_b6b7_38729d7101b1_1503940414141_id9"},{"key":"?originCity","val":"Chula Vista"},{"key":"?st","val":"NO_6f2172b0_dd76_4220_b6b7_38729d7101b1_1503940414141_id11"},{"key":"?originState","val":"CA"},{"key":"?originZipCode","val":"91911"}]},{"result":[{"key":"?t","val":"VO_f4aa780b_07c3_4b53_873f_761dbc6e91cd_1503940400246_6"},{"key":"?d","val":"VO_f4aa780b_07c3_4b53_873f_761dbc6e91cd_1503940400246_8"},{"key":"?s","val":"NO_f863184f_691e_4d69_8c26_d48080b94c4f_1503940410065_id5"},{"key":"?originStreetName","val":"2790 Truxton Road"},{"key":"?c","val":"NO_f863184f_691e_4d69_8c26_d48080b94c4f_1503940410065_id11"},{"key":"?originCity","val":"San Diego"},{"key":"?st","val":"NO_f863184f_691e_4d69_8c26_d48080b94c4f_1503940410065_id13"},{"key":"?originState","val":"CA"},{"key":"?originZipCode","val":"92106"}]}]},{"query":"?- ?t:AE#Travelling, ?t[AE#hasPath->?p], ?p[AE#hasStartRegion->?s], ?s[AE#hasLatitude->?originLatitude], ?s[AE#hasLongitude->?originLongitude].","resultList":[{"result":[{"key":"?t","val":"VO_f4aa780b_07c3_4b53_873f_761dbc6e91cd_1503940400246_6"},{"key":"?p","val":"ES_8d41dc50_5cd0_4aab_ac27_1291bf4e91b3_1503940427084_4"},{"key":"?s","val":"ES_8d41dc50_5cd0_4aab_ac27_1291bf4e91b3_1503940427084_3"},{"key":"?originLatitude","val":"32.74051839275188058309140615165233612060546875"},{"key":"?originLongitude","val":"-117.2130215001728856805129908025264739990234375"}]}]},{"query":"?- ?t:AE#Travelling, ?t[AE#hasPath->?p], ?p[AE#hasEndRegion->?e], ?e[AE#hasLatitude->?destinationLatitude], ?e[AE#hasLongitude->?destinationLongitude].","resultList":[{"result":[{"key":"?t","val":"VO_f4aa780b_07c3_4b53_873f_761dbc6e91cd_1503940400246_6"},{"key":"?p","val":"ES_8d41dc50_5cd0_4aab_ac27_1291bf4e91b3_1503940427084_4"},{"key":"?e","val":"ES_8d41dc50_5cd0_4aab_ac27_1291bf4e91b3_1503940427084_1"},{"key":"?destinationLatitude","val":"32.6189256305616481768083758652210235595703125"},{"key":"?destinationLongitude","val":"-117.031743733279455454976414330303668975830078125"}]}]}]}
