{"dataList":[{"query":"?- ?v:AE#VATravelVoucher, ?v[AE#hasVoucherClaimant->?c], ?c[AE#hasName->?cn], ?cn[label->?claimantFullName].","resultList":[{"result":[{"key":"?v","val":"VO_fc69db75_aa92_499f_9340_06e06b998477_1503941768412_0"},{"key":"?c","val":"VO_fc69db75_aa92_499f_9340_06e06b998477_1503941768412_2"},{"key":"?cn","val":"NO_92762289_624d_480f_b13a_b1dddde4d16f_1503941775770_0"},{"key":"?claimantFullName","val":"C. Waldron"}]},{"result":[{"key":"?v","val":"VO_fc69db75_aa92_499f_9340_06e06b998477_1503941768412_0"},{"key":"?c","val":"VO_fc69db75_aa92_499f_9340_06e06b998477_1503941768412_2"},{"key":"?cn","val":"VO_fc69db75_aa92_499f_9340_06e06b998477_1503941768412_1"},{"key":"?claimantFullName","val":"Smith C. Waldron"}]}]},{"query":"?- ?v:AE#VATravelVoucher, ?v[AE#hasVoucherClaimant->?c], ?c[AE#hasName->?cn], ?cn[AE#hasFirstName->?claimantFirstName].","resultList":[{"result":[{"key":"?v","val":"VO_fc69db75_aa92_499f_9340_06e06b998477_1503941768412_0"},{"key":"?c","val":"VO_fc69db75_aa92_499f_9340_06e06b998477_1503941768412_2"},{"key":"?cn","val":"NO_92762289_624d_480f_b13a_b1dddde4d16f_1503941775770_0"},{"key":"?claimantFirstName","val":"c_."}]}]},{"query":"?- ?v:AE#VATravelVoucher, ?v[AE#hasVoucherClaimant->?c], ?c[AE#hasName->?cn], ?cn[AE#hasLastName->?claimantLastName].","resultList":[{"result":[{"key":"?v","val":"VO_fc69db75_aa92_499f_9340_06e06b998477_1503941768412_0"},{"key":"?c","val":"VO_fc69db75_aa92_499f_9340_06e06b998477_1503941768412_2"},{"key":"?cn","val":"NO_92762289_624d_480f_b13a_b1dddde4d16f_1503941775770_0"},{"key":"?claimantLastName","val":"waldron"}]}]},{"query":"?- ?v:AE#VATravelVoucher, ?v[AE#hasVoucherClaimant->?c], ?c[AE#hasSocialSecurityNumber->?s], ?s[label->?claimantSsn].","resultList":[{"result":[{"key":"?v","val":"VO_fc69db75_aa92_499f_9340_06e06b998477_1503941768412_0"},{"key":"?c","val":"VO_fc69db75_aa92_499f_9340_06e06b998477_1503941768412_2"},{"key":"?s","val":"VO_fc69db75_aa92_499f_9340_06e06b998477_1503941768412_12"},{"key":"?claimantSsn","val":"112-92-1770"}]}]},{"query":"?- ?v:AE#VATravelVoucher, ?v[AE#hasVoucherClaimant->?c], ?c[AE#hasLiens->?claimantHasLiens].","resultList":[{"result":[{"key":"?v","val":"VO_fc69db75_aa92_499f_9340_06e06b998477_1503941768412_0"},{"key":"?c","val":"VO_fc69db75_aa92_499f_9340_06e06b998477_1503941768412_2"},{"key":"?claimantHasLiens","val":"AE#NoLienReport"}]}]},{"query":"?- ?v:AE#VATravelVoucher, ?v[AE#hasVoucherClaimant->?c], ?c[AE#hasDeclaredBankruptcy->?claimantHasDeclaredBankruptcy].","resultList":[{"result":[{"key":"?v","val":"VO_fc69db75_aa92_499f_9340_06e06b998477_1503941768412_0"},{"key":"?c","val":"VO_fc69db75_aa92_499f_9340_06e06b998477_1503941768412_2"},{"key":"?claimantHasDeclaredBankruptcy","val":"AE#NoBankruptcyReport"}]}]},{"query":"?- ?v:AE#VATravelVoucher, ?v[AE#hasVoucherClaimant->?c], ?c[AE#hasArrestRecord->?claimantHasArrestRecord].","resultList":[{"result":[{"key":"?v","val":"VO_fc69db75_aa92_499f_9340_06e06b998477_1503941768412_0"},{"key":"?c","val":"VO_fc69db75_aa92_499f_9340_06e06b998477_1503941768412_2"},{"key":"?claimantHasArrestRecord","val":"AE#NoArrestRecord"}]}]},{"query":"?- ?v:AE#VATravelVoucher, ?v[AE#hasVoucherClaimant->?c], ?c[AE#hasCriminalRecord->?claimantHasCriminalRecord].","resultList":[{"result":[{"key":"?v","val":"VO_fc69db75_aa92_499f_9340_06e06b998477_1503941768412_0"},{"key":"?c","val":"VO_fc69db75_aa92_499f_9340_06e06b998477_1503941768412_2"},{"key":"?claimantHasCriminalRecord","val":"AE#NoCriminalRecord"}]}]},{"query":"?- ?v:AE#VATravelVoucher, ?v[AE#hasVoucherBeneficiary->?b], ?b[AE#hasName->?cn], ?cn[label->?beneficiaryFullName].","resultList":[{"result":[{"key":"?v","val":"VO_fc69db75_aa92_499f_9340_06e06b998477_1503941768412_0"},{"key":"?b","val":"VO_fc69db75_aa92_499f_9340_06e06b998477_1503941768412_11"},{"key":"?cn","val":"VO_fc69db75_aa92_499f_9340_06e06b998477_1503941768412_10"},{"key":"?beneficiaryFullName","val":"Alan R. White"}]},{"result":[{"key":"?v","val":"VO_fc69db75_aa92_499f_9340_06e06b998477_1503941768412_0"},{"key":"?b","val":"VO_fc69db75_aa92_499f_9340_06e06b998477_1503941768412_11"},{"key":"?cn","val":"NO_488ebc0c_aee2_471c_a6b6_4e280a0b3d8e_1503941773997_0"},{"key":"?beneficiaryFullName","val":"Alan R. White"}]}]},{"query":"?- ?v:AE#VATravelVoucher, ?v[AE#hasVoucherBeneficiary->?b], ?b[AE#hasName->?cn], ?cn[AE#hasFirstName->?beneficiaryFirstName].","resultList":[{"result":[{"key":"?v","val":"VO_fc69db75_aa92_499f_9340_06e06b998477_1503941768412_0"},{"key":"?b","val":"VO_fc69db75_aa92_499f_9340_06e06b998477_1503941768412_11"},{"key":"?cn","val":"NO_488ebc0c_aee2_471c_a6b6_4e280a0b3d8e_1503941773997_0"},{"key":"?beneficiaryFirstName","val":"alan"}]}]},{"query":"?- ?v:AE#VATravelVoucher, ?v[AE#hasVoucherBeneficiary->?b], ?b[AE#hasName->?cn], ?cn[AE#hasLastName->?beneficiaryLastName].","resultList":[{"result":[{"key":"?v","val":"VO_fc69db75_aa92_499f_9340_06e06b998477_1503941768412_0"},{"key":"?b","val":"VO_fc69db75_aa92_499f_9340_06e06b998477_1503941768412_11"},{"key":"?cn","val":"NO_488ebc0c_aee2_471c_a6b6_4e280a0b3d8e_1503941773997_0"},{"key":"?beneficiaryLastName","val":"white"}]}]},{"query":"?- ?v:AE#VATravelVoucher, ?v[AE#hasVoucherBeneficiary->?b], ?b[AE#hasSocialSecurityNumber->?s], ?s[label->?beneficiarySsn].","resultList":[{"result":[{"key":"?v","val":"VO_fc69db75_aa92_499f_9340_06e06b998477_1503941768412_0"},{"key":"?b","val":"VO_fc69db75_aa92_499f_9340_06e06b998477_1503941768412_11"},{"key":"?s","val":"VO_fc69db75_aa92_499f_9340_06e06b998477_1503941768412_9"},{"key":"?beneficiarySsn","val":"040-88-8640"}]}]},{"query":"?- ?v:AE#VATravelVoucher, ?v[AE#hasVoucherBeneficiary->?b], ?b[AE#hasLiens->?beneficiaryHasLiens].","resultList":[{"result":[{"key":"?v","val":"VO_fc69db75_aa92_499f_9340_06e06b998477_1503941768412_0"},{"key":"?b","val":"VO_fc69db75_aa92_499f_9340_06e06b998477_1503941768412_11"},{"key":"?beneficiaryHasLiens","val":"AE#NoLienReport"}]}]},{"query":"?- ?v:AE#VATravelVoucher, ?v[AE#hasVoucherBeneficiary->?b], ?b[AE#hasDeclaredBankruptcy->?beneficiaryHasDeclaredBankruptcy].","resultList":[{"result":[{"key":"?v","val":"VO_fc69db75_aa92_499f_9340_06e06b998477_1503941768412_0"},{"key":"?b","val":"VO_fc69db75_aa92_499f_9340_06e06b998477_1503941768412_11"},{"key":"?beneficiaryHasDeclaredBankruptcy","val":"AE#NoBankruptcyReport"}]}]},{"query":"?- ?v:AE#VATravelVoucher, ?v[AE#hasVoucherBeneficiary->?b], ?b[AE#hasArrestRecord->?beneficiaryHasArrestRecord].","resultList":[{"result":[{"key":"?v","val":"VO_fc69db75_aa92_499f_9340_06e06b998477_1503941768412_0"},{"key":"?b","val":"VO_fc69db75_aa92_499f_9340_06e06b998477_1503941768412_11"},{"key":"?beneficiaryHasArrestRecord","val":"AE#NoArrestRecord"}]}]},{"query":"?- ?v:AE#VATravelVoucher, ?v[AE#hasVoucherBeneficiary->?b], ?b[AE#hasCriminalRecord->?beneficiaryHasCriminalRecord].","resultList":[{"result":[{"key":"?v","val":"VO_fc69db75_aa92_499f_9340_06e06b998477_1503941768412_0"},{"key":"?b","val":"VO_fc69db75_aa92_499f_9340_06e06b998477_1503941768412_11"},{"key":"?beneficiaryHasCriminalRecord","val":"AE#NoCriminalRecord"}]}]},{"query":"?- ?t:AE#Travelling, ?t[AE#hasPath->?p], ?p[AE#hasDistance->?d], ?d[AE#numericValue->?expectedDistanceValue], ?d[AE#hasUnitOfMeasure->?unitOfDistanceMeasure].","resultList":[{"result":[{"key":"?t","val":"VO_fc69db75_aa92_499f_9340_06e06b998477_1503941768412_6"},{"key":"?p","val":"ES_5a8fd8e0_a91f_4502_a87f_8e78be11d221_1503941794558_4"},{"key":"?d","val":"ES_5a8fd8e0_a91f_4502_a87f_8e78be11d221_1503941794558_0"},{"key":"?expectedDistanceValue","val":"35041.3137944550180691294372081756591796875"},{"key":"?unitOfDistanceMeasure","val":"meters"}]}]},{"query":"?- ?t:AE#Travelling, ?t[AE#hasPath->?p], ?p[AE#hasExpectedTravelTime->?d], ?d[AE#numericValue->?expectedTimeValue], ?d[AE#hasUnitOfMeasure->?unitOfTimeMeasure].","resultList":[{"result":[{"key":"?t","val":"VO_fc69db75_aa92_499f_9340_06e06b998477_1503941768412_6"},{"key":"?p","val":"ES_5a8fd8e0_a91f_4502_a87f_8e78be11d221_1503941794558_4"},{"key":"?d","val":"ES_5a8fd8e0_a91f_4502_a87f_8e78be11d221_1503941794558_2"},{"key":"?expectedTimeValue","val":"24.530829762225039303302764892578125"},{"key":"?unitOfTimeMeasure","val":"minutes"}]}]},{"query":"?- ?t:AE#Travelling, ?t[AE#hasDestination->?d], ?d[label->?destinationFullAddress].","resultList":[{"result":[{"key":"?t","val":"VO_fc69db75_aa92_499f_9340_06e06b998477_1503941768412_7"},{"key":"?d","val":"VO_fc69db75_aa92_499f_9340_06e06b998477_1503941768412_8"},{"key":"?destinationFullAddress","val":"2790 Truxton Road, Suite 130, San Diego, CA 92106"}]},{"result":[{"key":"?t","val":"VO_fc69db75_aa92_499f_9340_06e06b998477_1503941768412_6"},{"key":"?d","val":"VO_fc69db75_aa92_499f_9340_06e06b998477_1503941768412_5"},{"key":"?destinationFullAddress","val":"878 N Valley View Dr Chula Vista, CA 91914"}]}]},{"query":"?- ?t:AE#Travelling, ?t[AE#hasDestination->?d], ?d[AE#hasStreet->?s], ?s[label->?destinationStreetName], ?d[AE#hasCity->?c], ?c[label->?destinationCity], ?d[AE#hasState->?st], ?st[label->?destinationState], ?d[AE#hasZipcode->?destinationZipCode].","resultList":[{"result":[{"key":"?t","val":"VO_fc69db75_aa92_499f_9340_06e06b998477_1503941768412_7"},{"key":"?d","val":"VO_fc69db75_aa92_499f_9340_06e06b998477_1503941768412_8"},{"key":"?s","val":"NO_6314bb34_0bf7_418d_8ca2_2b2905761be4_1503941777800_id5"},{"key":"?destinationStreetName","val":"2790 Truxton Road"},{"key":"?c","val":"NO_6314bb34_0bf7_418d_8ca2_2b2905761be4_1503941777800_id11"},{"key":"?destinationCity","val":"San Diego"},{"key":"?st","val":"NO_6314bb34_0bf7_418d_8ca2_2b2905761be4_1503941777800_id13"},{"key":"?destinationState","val":"CA"},{"key":"?destinationZipCode","val":"92106"}]},{"result":[{"key":"?t","val":"VO_fc69db75_aa92_499f_9340_06e06b998477_1503941768412_6"},{"key":"?d","val":"VO_fc69db75_aa92_499f_9340_06e06b998477_1503941768412_5"},{"key":"?s","val":"NO_cc21df41_9dd9_4a67_a08f_5a9f2cd75a00_1503941779728_id3"},{"key":"?destinationStreetName","val":"878 N Valley View Dr"},{"key":"?c","val":"NO_cc21df41_9dd9_4a67_a08f_5a9f2cd75a00_1503941779728_id9"},{"key":"?destinationCity","val":"Chula Vista"},{"key":"?st","val":"NO_cc21df41_9dd9_4a67_a08f_5a9f2cd75a00_1503941779728_id11"},{"key":"?destinationState","val":"CA"},{"key":"?destinationZipCode","val":"91914"}]}]},{"query":"?- ?t:AE#Travelling, ?t[AE#hasOrigin->?d], ?d[label->?originFullAddress].","resultList":[{"result":[{"key":"?t","val":"VO_fc69db75_aa92_499f_9340_06e06b998477_1503941768412_7"},{"key":"?d","val":"VO_fc69db75_aa92_499f_9340_06e06b998477_1503941768412_3"},{"key":"?originFullAddress","val":"3534 Yosemite St, San Diego, CA 92109"}]},{"result":[{"key":"?t","val":"VO_fc69db75_aa92_499f_9340_06e06b998477_1503941768412_6"},{"key":"?d","val":"VO_fc69db75_aa92_499f_9340_06e06b998477_1503941768412_8"},{"key":"?originFullAddress","val":"2790 Truxton Road, Suite 130, San Diego, CA 92106"}]}]},{"query":"?- ?t:AE#Travelling, ?t[AE#hasOrigin->?d], ?d[AE#hasStreet->?s], ?s[label->?originStreetName], ?d[AE#hasCity->?c], ?c[label->?originCity], ?d[AE#hasState->?st], ?st[label->?originState], ?d[AE#hasZipcode->?originZipCode].","resultList":[{"result":[{"key":"?t","val":"VO_fc69db75_aa92_499f_9340_06e06b998477_1503941768412_7"},{"key":"?d","val":"VO_fc69db75_aa92_499f_9340_06e06b998477_1503941768412_3"},{"key":"?s","val":"NO_4f6b00d1_6339_4d0f_9f88_b1beb47ee8e2_1503941781752_id3"},{"key":"?originStreetName","val":"3534 Yosemite St"},{"key":"?c","val":"NO_4f6b00d1_6339_4d0f_9f88_b1beb47ee8e2_1503941781752_id9"},{"key":"?originCity","val":"San Diego"},{"key":"?st","val":"NO_4f6b00d1_6339_4d0f_9f88_b1beb47ee8e2_1503941781752_id11"},{"key":"?originState","val":"CA"},{"key":"?originZipCode","val":"92109"}]},{"result":[{"key":"?t","val":"VO_fc69db75_aa92_499f_9340_06e06b998477_1503941768412_6"},{"key":"?d","val":"VO_fc69db75_aa92_499f_9340_06e06b998477_1503941768412_8"},{"key":"?s","val":"NO_6314bb34_0bf7_418d_8ca2_2b2905761be4_1503941777800_id5"},{"key":"?originStreetName","val":"2790 Truxton Road"},{"key":"?c","val":"NO_6314bb34_0bf7_418d_8ca2_2b2905761be4_1503941777800_id11"},{"key":"?originCity","val":"San Diego"},{"key":"?st","val":"NO_6314bb34_0bf7_418d_8ca2_2b2905761be4_1503941777800_id13"},{"key":"?originState","val":"CA"},{"key":"?originZipCode","val":"92106"}]}]},{"query":"?- ?t:AE#Travelling, ?t[AE#hasPath->?p], ?p[AE#hasStartRegion->?s], ?s[AE#hasLatitude->?originLatitude], ?s[AE#hasLongitude->?originLongitude].","resultList":[{"result":[{"key":"?t","val":"VO_fc69db75_aa92_499f_9340_06e06b998477_1503941768412_6"},{"key":"?p","val":"ES_5a8fd8e0_a91f_4502_a87f_8e78be11d221_1503941794558_4"},{"key":"?s","val":"ES_5a8fd8e0_a91f_4502_a87f_8e78be11d221_1503941794558_3"},{"key":"?originLatitude","val":"32.74051839275188058309140615165233612060546875"},{"key":"?originLongitude","val":"-117.2130215001728856805129908025264739990234375"}]}]},{"query":"?- ?t:AE#Travelling, ?t[AE#hasPath->?p], ?p[AE#hasEndRegion->?e], ?e[AE#hasLatitude->?destinationLatitude], ?e[AE#hasLongitude->?destinationLongitude].","resultList":[{"result":[{"key":"?t","val":"VO_fc69db75_aa92_499f_9340_06e06b998477_1503941768412_6"},{"key":"?p","val":"ES_5a8fd8e0_a91f_4502_a87f_8e78be11d221_1503941794558_4"},{"key":"?e","val":"ES_5a8fd8e0_a91f_4502_a87f_8e78be11d221_1503941794558_1"},{"key":"?destinationLatitude","val":"32.6578040771723721036323695443570613861083984375"},{"key":"?destinationLongitude","val":"-116.9569459559046862295872415415942668914794921875"}]}]}]}
