{"dataList":[{"query":"?- ?v:AE#VATravelVoucher, ?v[AE#hasVoucherClaimant->?c], ?c[AE#hasName->?cn], ?cn[label->?claimantFullName].","resultList":[{"result":[{"key":"?v","val":"VO_fbb07490_3681_4cf4_bb6b_7ff649e665a8_1503944409361_0"},{"key":"?c","val":"VO_fbb07490_3681_4cf4_bb6b_7ff649e665a8_1503944409361_2"},{"key":"?cn","val":"VO_fbb07490_3681_4cf4_bb6b_7ff649e665a8_1503944409361_1"},{"key":"?claimantFullName","val":"James Daniel Santiago"}]},{"result":[{"key":"?v","val":"VO_fbb07490_3681_4cf4_bb6b_7ff649e665a8_1503944409361_0"},{"key":"?c","val":"VO_fbb07490_3681_4cf4_bb6b_7ff649e665a8_1503944409361_2"},{"key":"?cn","val":"NO_26a6c41b_fe58_49c7_b8b2_344fb6f410a1_1503944417471_0"},{"key":"?claimantFullName","val":"James Daniel Santiago"}]}]},{"query":"?- ?v:AE#VATravelVoucher, ?v[AE#hasVoucherClaimant->?c], ?c[AE#hasName->?cn], ?cn[AE#hasFirstName->?claimantFirstName].","resultList":[{"result":[{"key":"?v","val":"VO_fbb07490_3681_4cf4_bb6b_7ff649e665a8_1503944409361_0"},{"key":"?c","val":"VO_fbb07490_3681_4cf4_bb6b_7ff649e665a8_1503944409361_2"},{"key":"?cn","val":"NO_26a6c41b_fe58_49c7_b8b2_344fb6f410a1_1503944417471_0"},{"key":"?claimantFirstName","val":"james_daniel"}]}]},{"query":"?- ?v:AE#VATravelVoucher, ?v[AE#hasVoucherClaimant->?c], ?c[AE#hasName->?cn], ?cn[AE#hasLastName->?claimantLastName].","resultList":[{"result":[{"key":"?v","val":"VO_fbb07490_3681_4cf4_bb6b_7ff649e665a8_1503944409361_0"},{"key":"?c","val":"VO_fbb07490_3681_4cf4_bb6b_7ff649e665a8_1503944409361_2"},{"key":"?cn","val":"NO_26a6c41b_fe58_49c7_b8b2_344fb6f410a1_1503944417471_0"},{"key":"?claimantLastName","val":"santiago"}]}]},{"query":"?- ?v:AE#VATravelVoucher, ?v[AE#hasVoucherClaimant->?c], ?c[AE#hasSocialSecurityNumber->?s], ?s[label->?claimantSsn].","resultList":[{"result":[{"key":"?v","val":"VO_fbb07490_3681_4cf4_bb6b_7ff649e665a8_1503944409361_0"},{"key":"?c","val":"VO_fbb07490_3681_4cf4_bb6b_7ff649e665a8_1503944409361_2"},{"key":"?s","val":"VO_fbb07490_3681_4cf4_bb6b_7ff649e665a8_1503944409361_12"},{"key":"?claimantSsn","val":"457-74-8958"}]}]},{"query":"?- ?v:AE#VATravelVoucher, ?v[AE#hasVoucherClaimant->?c], ?c[AE#hasLiens->?claimantHasLiens].","resultList":[{"result":[{"key":"?v","val":"VO_fbb07490_3681_4cf4_bb6b_7ff649e665a8_1503944409361_0"},{"key":"?c","val":"VO_fbb07490_3681_4cf4_bb6b_7ff649e665a8_1503944409361_2"},{"key":"?claimantHasLiens","val":"AE#NoLienReport"}]}]},{"query":"?- ?v:AE#VATravelVoucher, ?v[AE#hasVoucherClaimant->?c], ?c[AE#hasDeclaredBankruptcy->?claimantHasDeclaredBankruptcy].","resultList":[{"result":[{"key":"?v","val":"VO_fbb07490_3681_4cf4_bb6b_7ff649e665a8_1503944409361_0"},{"key":"?c","val":"VO_fbb07490_3681_4cf4_bb6b_7ff649e665a8_1503944409361_2"},{"key":"?claimantHasDeclaredBankruptcy","val":"AE#NoBankruptcyReport"}]}]},{"query":"?- ?v:AE#VATravelVoucher, ?v[AE#hasVoucherClaimant->?c], ?c[AE#hasArrestRecord->?claimantHasArrestRecord].","resultList":[{"result":[{"key":"?v","val":"VO_fbb07490_3681_4cf4_bb6b_7ff649e665a8_1503944409361_0"},{"key":"?c","val":"VO_fbb07490_3681_4cf4_bb6b_7ff649e665a8_1503944409361_2"},{"key":"?claimantHasArrestRecord","val":"AE#NoArrestRecord"}]}]},{"query":"?- ?v:AE#VATravelVoucher, ?v[AE#hasVoucherClaimant->?c], ?c[AE#hasCriminalRecord->?claimantHasCriminalRecord].","resultList":[{"result":[{"key":"?v","val":"VO_fbb07490_3681_4cf4_bb6b_7ff649e665a8_1503944409361_0"},{"key":"?c","val":"VO_fbb07490_3681_4cf4_bb6b_7ff649e665a8_1503944409361_2"},{"key":"?claimantHasCriminalRecord","val":"AE#NoCriminalRecord"}]}]},{"query":"?- ?v:AE#VATravelVoucher, ?v[AE#hasVoucherBeneficiary->?b], ?b[AE#hasName->?cn], ?cn[label->?beneficiaryFullName].","resultList":[{"result":[{"key":"?v","val":"VO_fbb07490_3681_4cf4_bb6b_7ff649e665a8_1503944409361_0"},{"key":"?b","val":"VO_fbb07490_3681_4cf4_bb6b_7ff649e665a8_1503944409361_11"},{"key":"?cn","val":"VO_fbb07490_3681_4cf4_bb6b_7ff649e665a8_1503944409361_10"},{"key":"?beneficiaryFullName","val":"James Daniel Santiago"}]},{"result":[{"key":"?v","val":"VO_fbb07490_3681_4cf4_bb6b_7ff649e665a8_1503944409361_0"},{"key":"?b","val":"VO_fbb07490_3681_4cf4_bb6b_7ff649e665a8_1503944409361_11"},{"key":"?cn","val":"NO_262a50ce_bd2a_4719_bfda_1b43c691a4f3_1503944415457_0"},{"key":"?beneficiaryFullName","val":"James Daniel Santiago"}]}]},{"query":"?- ?v:AE#VATravelVoucher, ?v[AE#hasVoucherBeneficiary->?b], ?b[AE#hasName->?cn], ?cn[AE#hasFirstName->?beneficiaryFirstName].","resultList":[{"result":[{"key":"?v","val":"VO_fbb07490_3681_4cf4_bb6b_7ff649e665a8_1503944409361_0"},{"key":"?b","val":"VO_fbb07490_3681_4cf4_bb6b_7ff649e665a8_1503944409361_11"},{"key":"?cn","val":"NO_262a50ce_bd2a_4719_bfda_1b43c691a4f3_1503944415457_0"},{"key":"?beneficiaryFirstName","val":"james_daniel"}]}]},{"query":"?- ?v:AE#VATravelVoucher, ?v[AE#hasVoucherBeneficiary->?b], ?b[AE#hasName->?cn], ?cn[AE#hasLastName->?beneficiaryLastName].","resultList":[{"result":[{"key":"?v","val":"VO_fbb07490_3681_4cf4_bb6b_7ff649e665a8_1503944409361_0"},{"key":"?b","val":"VO_fbb07490_3681_4cf4_bb6b_7ff649e665a8_1503944409361_11"},{"key":"?cn","val":"NO_262a50ce_bd2a_4719_bfda_1b43c691a4f3_1503944415457_0"},{"key":"?beneficiaryLastName","val":"santiago"}]}]},{"query":"?- ?v:AE#VATravelVoucher, ?v[AE#hasVoucherBeneficiary->?b], ?b[AE#hasSocialSecurityNumber->?s], ?s[label->?beneficiarySsn].","resultList":[{"result":[{"key":"?v","val":"VO_fbb07490_3681_4cf4_bb6b_7ff649e665a8_1503944409361_0"},{"key":"?b","val":"VO_fbb07490_3681_4cf4_bb6b_7ff649e665a8_1503944409361_11"},{"key":"?s","val":"VO_fbb07490_3681_4cf4_bb6b_7ff649e665a8_1503944409361_9"},{"key":"?beneficiarySsn","val":"457-74-8958"}]}]},{"query":"?- ?v:AE#VATravelVoucher, ?v[AE#hasVoucherBeneficiary->?b], ?b[AE#hasLiens->?beneficiaryHasLiens].","resultList":[{"result":[{"key":"?v","val":"VO_fbb07490_3681_4cf4_bb6b_7ff649e665a8_1503944409361_0"},{"key":"?b","val":"VO_fbb07490_3681_4cf4_bb6b_7ff649e665a8_1503944409361_11"},{"key":"?beneficiaryHasLiens","val":"AE#NoLienReport"}]}]},{"query":"?- ?v:AE#VATravelVoucher, ?v[AE#hasVoucherBeneficiary->?b], ?b[AE#hasDeclaredBankruptcy->?beneficiaryHasDeclaredBankruptcy].","resultList":[{"result":[{"key":"?v","val":"VO_fbb07490_3681_4cf4_bb6b_7ff649e665a8_1503944409361_0"},{"key":"?b","val":"VO_fbb07490_3681_4cf4_bb6b_7ff649e665a8_1503944409361_11"},{"key":"?beneficiaryHasDeclaredBankruptcy","val":"AE#NoBankruptcyReport"}]}]},{"query":"?- ?v:AE#VATravelVoucher, ?v[AE#hasVoucherBeneficiary->?b], ?b[AE#hasArrestRecord->?beneficiaryHasArrestRecord].","resultList":[{"result":[{"key":"?v","val":"VO_fbb07490_3681_4cf4_bb6b_7ff649e665a8_1503944409361_0"},{"key":"?b","val":"VO_fbb07490_3681_4cf4_bb6b_7ff649e665a8_1503944409361_11"},{"key":"?beneficiaryHasArrestRecord","val":"AE#NoArrestRecord"}]}]},{"query":"?- ?v:AE#VATravelVoucher, ?v[AE#hasVoucherBeneficiary->?b], ?b[AE#hasCriminalRecord->?beneficiaryHasCriminalRecord].","resultList":[{"result":[{"key":"?v","val":"VO_fbb07490_3681_4cf4_bb6b_7ff649e665a8_1503944409361_0"},{"key":"?b","val":"VO_fbb07490_3681_4cf4_bb6b_7ff649e665a8_1503944409361_11"},{"key":"?beneficiaryHasCriminalRecord","val":"AE#NoCriminalRecord"}]}]},{"query":"?- ?t:AE#Travelling, ?t[AE#hasPath->?p], ?p[AE#hasDistance->?d], ?d[AE#numericValue->?expectedDistanceValue], ?d[AE#hasUnitOfMeasure->?unitOfDistanceMeasure].","resultList":[{"result":[{"key":"?t","val":"VO_fbb07490_3681_4cf4_bb6b_7ff649e665a8_1503944409361_6"},{"key":"?p","val":"ES_9199f409_44a0_42ad_be2b_fe2ac8888050_1503944436985_4"},{"key":"?d","val":"ES_9199f409_44a0_42ad_be2b_fe2ac8888050_1503944436985_0"},{"key":"?expectedDistanceValue","val":"16686.09040338462727959267795085906982421875"},{"key":"?unitOfDistanceMeasure","val":"meters"}]}]},{"query":"?- ?t:AE#Travelling, ?t[AE#hasPath->?p], ?p[AE#hasExpectedTravelTime->?d], ?d[AE#numericValue->?expectedTimeValue], ?d[AE#hasUnitOfMeasure->?unitOfTimeMeasure].","resultList":[{"result":[{"key":"?t","val":"VO_fbb07490_3681_4cf4_bb6b_7ff649e665a8_1503944409361_6"},{"key":"?p","val":"ES_9199f409_44a0_42ad_be2b_fe2ac8888050_1503944436985_4"},{"key":"?d","val":"ES_9199f409_44a0_42ad_be2b_fe2ac8888050_1503944436985_2"},{"key":"?expectedTimeValue","val":"13.28188974293880164623260498046875"},{"key":"?unitOfTimeMeasure","val":"minutes"}]}]},{"query":"?- ?t:AE#Travelling, ?t[AE#hasDestination->?d], ?d[label->?destinationFullAddress].","resultList":[{"result":[{"key":"?t","val":"VO_fbb07490_3681_4cf4_bb6b_7ff649e665a8_1503944409361_7"},{"key":"?d","val":"VO_fbb07490_3681_4cf4_bb6b_7ff649e665a8_1503944409361_8"},{"key":"?destinationFullAddress","val":"2790 Truxton Road, Suite 130, San Diego, CA 92106"}]},{"result":[{"key":"?t","val":"VO_fbb07490_3681_4cf4_bb6b_7ff649e665a8_1503944409361_6"},{"key":"?d","val":"VO_fbb07490_3681_4cf4_bb6b_7ff649e665a8_1503944409361_5"},{"key":"?destinationFullAddress","val":"332 Birchwood Street San Diego, CA 92120"}]}]},{"query":"?- ?t:AE#Travelling, ?t[AE#hasDestination->?d], ?d[AE#hasStreet->?s], ?s[label->?destinationStreetName], ?d[AE#hasCity->?c], ?c[label->?destinationCity], ?d[AE#hasState->?st], ?st[label->?destinationState], ?d[AE#hasZipcode->?destinationZipCode].","resultList":[{"result":[{"key":"?t","val":"VO_fbb07490_3681_4cf4_bb6b_7ff649e665a8_1503944409361_7"},{"key":"?d","val":"VO_fbb07490_3681_4cf4_bb6b_7ff649e665a8_1503944409361_8"},{"key":"?s","val":"NO_22f8a8bc_47ef_40f1_9439_9bea119d5d9b_1503944419369_id5"},{"key":"?destinationStreetName","val":"2790 Truxton Road"},{"key":"?c","val":"NO_22f8a8bc_47ef_40f1_9439_9bea119d5d9b_1503944419369_id11"},{"key":"?destinationCity","val":"San Diego"},{"key":"?st","val":"NO_22f8a8bc_47ef_40f1_9439_9bea119d5d9b_1503944419369_id13"},{"key":"?destinationState","val":"CA"},{"key":"?destinationZipCode","val":"92106"}]},{"result":[{"key":"?t","val":"VO_fbb07490_3681_4cf4_bb6b_7ff649e665a8_1503944409361_6"},{"key":"?d","val":"VO_fbb07490_3681_4cf4_bb6b_7ff649e665a8_1503944409361_5"},{"key":"?s","val":"NO_2fad132e_534d_4ae9_ab45_87db4ccf6bff_1503944421450_id3"},{"key":"?destinationStreetName","val":"332 Birchwood Street"},{"key":"?c","val":"NO_2fad132e_534d_4ae9_ab45_87db4ccf6bff_1503944421450_id9"},{"key":"?destinationCity","val":"San Diego"},{"key":"?st","val":"NO_2fad132e_534d_4ae9_ab45_87db4ccf6bff_1503944421450_id11"},{"key":"?destinationState","val":"CA"},{"key":"?destinationZipCode","val":"92120"}]}]},{"query":"?- ?t:AE#Travelling, ?t[AE#hasOrigin->?d], ?d[label->?originFullAddress].","resultList":[{"result":[{"key":"?t","val":"VO_fbb07490_3681_4cf4_bb6b_7ff649e665a8_1503944409361_7"},{"key":"?d","val":"VO_fbb07490_3681_4cf4_bb6b_7ff649e665a8_1503944409361_3"},{"key":"?originFullAddress","val":"332 Birchwood Street San Diego, CA 92120"}]},{"result":[{"key":"?t","val":"VO_fbb07490_3681_4cf4_bb6b_7ff649e665a8_1503944409361_6"},{"key":"?d","val":"VO_fbb07490_3681_4cf4_bb6b_7ff649e665a8_1503944409361_8"},{"key":"?originFullAddress","val":"2790 Truxton Road, Suite 130, San Diego, CA 92106"}]}]},{"query":"?- ?t:AE#Travelling, ?t[AE#hasOrigin->?d], ?d[AE#hasStreet->?s], ?s[label->?originStreetName], ?d[AE#hasCity->?c], ?c[label->?originCity], ?d[AE#hasState->?st], ?st[label->?originState], ?d[AE#hasZipcode->?originZipCode].","resultList":[{"result":[{"key":"?t","val":"VO_fbb07490_3681_4cf4_bb6b_7ff649e665a8_1503944409361_7"},{"key":"?d","val":"VO_fbb07490_3681_4cf4_bb6b_7ff649e665a8_1503944409361_3"},{"key":"?s","val":"NO_c8dc6c59_3942_40e8_b9cd_bd21d91ce426_1503944423545_id3"},{"key":"?originStreetName","val":"332 Birchwood Street"},{"key":"?c","val":"NO_c8dc6c59_3942_40e8_b9cd_bd21d91ce426_1503944423545_id9"},{"key":"?originCity","val":"San Diego"},{"key":"?st","val":"NO_c8dc6c59_3942_40e8_b9cd_bd21d91ce426_1503944423545_id11"},{"key":"?originState","val":"CA"},{"key":"?originZipCode","val":"92120"}]},{"result":[{"key":"?t","val":"VO_fbb07490_3681_4cf4_bb6b_7ff649e665a8_1503944409361_6"},{"key":"?d","val":"VO_fbb07490_3681_4cf4_bb6b_7ff649e665a8_1503944409361_8"},{"key":"?s","val":"NO_22f8a8bc_47ef_40f1_9439_9bea119d5d9b_1503944419369_id5"},{"key":"?originStreetName","val":"2790 Truxton Road"},{"key":"?c","val":"NO_22f8a8bc_47ef_40f1_9439_9bea119d5d9b_1503944419369_id11"},{"key":"?originCity","val":"San Diego"},{"key":"?st","val":"NO_22f8a8bc_47ef_40f1_9439_9bea119d5d9b_1503944419369_id13"},{"key":"?originState","val":"CA"},{"key":"?originZipCode","val":"92106"}]}]},{"query":"?- ?t:AE#Travelling, ?t[AE#hasPath->?p], ?p[AE#hasStartRegion->?s], ?s[AE#hasLatitude->?originLatitude], ?s[AE#hasLongitude->?originLongitude].","resultList":[{"result":[{"key":"?t","val":"VO_fbb07490_3681_4cf4_bb6b_7ff649e665a8_1503944409361_6"},{"key":"?p","val":"ES_9199f409_44a0_42ad_be2b_fe2ac8888050_1503944436985_4"},{"key":"?s","val":"ES_9199f409_44a0_42ad_be2b_fe2ac8888050_1503944436985_3"},{"key":"?originLatitude","val":"32.74051839275188058309140615165233612060546875"},{"key":"?originLongitude","val":"-117.2130215001728856805129908025264739990234375"}]}]},{"query":"?- ?t:AE#Travelling, ?t[AE#hasPath->?p], ?p[AE#hasEndRegion->?e], ?e[AE#hasLatitude->?destinationLatitude], ?e[AE#hasLongitude->?destinationLongitude].","resultList":[{"result":[{"key":"?t","val":"VO_fbb07490_3681_4cf4_bb6b_7ff649e665a8_1503944409361_6"},{"key":"?p","val":"ES_9199f409_44a0_42ad_be2b_fe2ac8888050_1503944436985_4"},{"key":"?e","val":"ES_9199f409_44a0_42ad_be2b_fe2ac8888050_1503944436985_1"},{"key":"?destinationLatitude","val":"32.7992888020174149232843774370849132537841796875"},{"key":"?destinationLongitude","val":"-117.072272141435206549431313760578632354736328125"}]}]}]}
